code_sha256,config_sha256,depth,dt,gram_error_depth_index,gram_error_time,gram_prefix_increment,group,horizon,l1_all_depth_gram_error,l1_output_error,max_loss_increase_per_sample,method,motion_normalized_gram_error,n,normalized_output_error,order,output_error_time,output_prefix_increment,run_id,seed,sup_adjoint_defect,sup_all_depth_gram_error,sup_diagonal_gram_error,sup_forward_defect,sup_kernel_identity_defect,sup_loss_error,sup_mid_gram_error,sup_offdiagonal_gram_error,sup_output_error,sup_terminal_constraint_defect,sup_terminal_gram_error,sup_theta_error,tail_sup_all_depth_gram_error,tail_sup_output_error,terminal_all_depth_gram_error,terminal_output_error
91223842b0e681fe8f896e359909d9fcca08d34d2d3bf7cc88c734a4658a1fd6,0215196437e28b99e7aebfc3c17f96f18155e8431c97d425121df65688930558,16,0.02,13,0.88,,central,4.0,0.07652336702548868,0.009161308796974233,0.0,K0,0.03223260346293525,64,0.00956978616927612,0,0.68,,central_n64_L16_s1_sw0p65_A1_g1_r0_dt0p02,1,0.012345749606201169,0.022126177263469382,0.015286391744209954,0.009080304381422535,0.03299728779364031,0.002604822396867844,0.02038163880165287,0.01599998038130573,0.009575932087228397,0.0,0.01692941889155132,0.04836813337927433,0.020471880408862685,0.0005797737420094446,0.020471880408862685,2.524447214541781e-06
91223842b0e681fe8f896e359909d9fcca08d34d2d3bf7cc88c734a4658a1fd6,0215196437e28b99e7aebfc3c17f96f18155e8431c97d425121df65688930558,16,0.02,13,0.88,0.0,central,8.0,0.15841337788394097,0.00916225521040251,0.0,K0,0.032232568653982684,64,0.009569778204452695,0,0.68,0.0,central_n64_L16_s1_sw0p65_A1_g1_r0_dt0p02,1,0.012345762801129092,0.022126177263469382,0.015286391744209954,0.009080321971433802,0.03299728779364031,0.002604822396867844,0.02038163880165287,0.01599998038130573,0.009575932087228397,0.0,0.01692941889155132,0.04836813337927433,0.020472566309207817,2.524447214541781e-06,0.020472566309207817,5.688297782566616e-11
91223842b0e681fe8f896e359909d9fcca08d34d2d3bf7cc88c734a4658a1fd6,0215196437e28b99e7aebfc3c17f96f18155e8431c97d425121df65688930558,16,0.02,13,0.88,0.0,central,16.0,0.3221939084356671,0.009162255231550474,0.0,K0,0.03223256865393793,64,0.009569778204427608,0,0.68,0.0,central_n64_L16_s1_sw0p65_A1_g1_r0_dt0p02,1,0.012345762801246113,0.022126177263469382,0.015286391744209954,0.009080321971601878,0.03299728779364031,0.002604822396867844,0.02038163880165287,0.01599998038130573,0.009575932087228397,0.0,0.01692941889155132,0.04836813337927433,0.020472566319421282,5.688297782566616e-11,0.02047256631942087,1.5700924586837752e-16
91223842b0e681fe8f896e359909d9fcca08d34d2d3bf7cc88c734a4658a1fd6,0215196437e28b99e7aebfc3c17f96f18155e8431c97d425121df65688930558,16,0.02,13,0.88,0.0,central,32.0,0.6497549695463993,0.00916225523155271,0.0,K0,0.03223256865393793,64,0.009569778204427608,0,0.68,0.0,central_n64_L16_s1_sw0p65_A1_g1_r0_dt0p02,1,0.012345762801246113,0.022126177263469382,0.015286391744209954,0.00908032197160188,0.03299728779364031,0.002604822396867844,0.02038163880165287,0.01599998038130573,0.009575932087228397,0.0,0.01692941889155132,0.04836813337927433,0.02047256631942087,3.3306690738754696e-16,0.020472566319420765,1.1102230246251565e-16
91223842b0e681fe8f896e359909d9fcca08d34d2d3bf7cc88c734a4658a1fd6,0215196437e28b99e7aebfc3c17f96f18155e8431c97d425121df65688930558,16,0.02,12,4.0,,central,4.0,0.0065335273096551304,0.0002827237196543996,0.0,K1,0.0026786256141862943,64,0.00027516687937056657,1,0.68,,central_n64_L16_s1_sw0p65_A1_g1_r0_dt0p02,1,0.0009421285501390621,0.0018387514129942484,0.0013522716242921795,0.0007857444360824694,0.0012286871966089297,7.589354609817411e-05,0.0006696445081649877,0.001461586966741539,0.00027534359732788366,0.0,0.0009055371630266978,0.002036730329835394,0.0018387514129942484,1.8195295750329704e-05,0.0018387514129942484,7.524843202016928e-08
91223842b0e681fe8f896e359909d9fcca08d34d2d3bf7cc88c734a4658a1fd6,0215196437e28b99e7aebfc3c17f96f18155e8431c97d425121df65688930558,16,0.02,12,8.0,4.857870199311519e-08,central,8.0,0.013888710606337031,0.00028275114490023366,0.0,K1,0.002678693489053178,64,0.0002751666503523244,1,0.68,0.0,central_n64_L16_s1_sw0p65_A1_g1_r0_dt0p02,1,0.0009421291194806614,0.0018387999916962415,0.0013523100426552253,0.0007857454285517564,0.0012286871966089297,7.589354609817411e-05,0.0006696741607578511,0.0014616103270247169,0.00027534359732788366,0.0,0.0009055700328743995,0.0020367860590498332,0.0018387999916962415,7.524843202016928e-08,0.0018387999916962415,1.1408962210364348e-12
91223842b0e681fe8f896e359909d9fcca08d34d2d3bf7cc88c734a4658a1fd6,0215196437e28b99e7aebfc3c17f96f18155e8431c97d425121df65688930558,16,0.02,12,10.88,4.689944179542271e-13,central,16.0,0.028599110543493657,0.00028275114530773376,0.0,K1,0.0026786934897326717,64,0.00027516665035160306,1,0.68,0.0,central_n64_L16_s1_sw0p65_A1_g1_r0_dt0p02,1,0.0009421291194831449,0.001838799992165236,0.0013523100432801041,0.0007857454285567652,0.0012286871966089297,7.589354609817411e-05,0.0006696741609679786,0.001461610327094571,0.00027534359732788366,0.0,0.0009055700332985916,0.0020367860591432455,0.001838799992165236,1.1408962210364348e-12,0.001838799992164853,1.9229626863835638e-16
91223842b0e681fe8f896e359909d9fcca08d34d2d3bf7cc88c734a4658a1fd6,0215196437e28b99e7aebfc3c17f96f18155e8431c97d425121df65688930558,16,0.02,12,10.88,0.0,central,32.0,0.05801991041813148,0.00028275114530987267,0.0,K1,0.0026786934897326717,64,0.00027516665035160306,1,0.68,0.0,central_n64_L16_s1_sw0p65_A1_g1_r0_dt0p02,1,0.0009421291194831497,0.001838799992165236,0.0013523100432801041,0.0007857454285567652,0.0012286871966089297,7.589354609817411e-05,0.0006696741609679786,0.001461610327094571,0.00027534359732788366,0.0,0.0009055700332985916,0.0020367860591432455,0.0018387999921648892,2.482534153247273e-16,0.0018387999921648712,1.1102230246251565e-16
91223842b0e681fe8f896e359909d9fcca08d34d2d3bf7cc88c734a4658a1fd6,0215196437e28b99e7aebfc3c17f96f18155e8431c97d425121df65688930558,16,0.02,16,3.56,,central,4.0,0.0004147580050575168,9.102025706407159e-06,0.0,K2,0.0001664469972569794,64,9.304956005733227e-06,2,0.28,,central_n64_L16_s1_sw0p65_A1_g1_r0_dt0p02,1,6.43785899219602e-05,0.00011425809182665234,6.949378293077411e-05,5.887417308476739e-05,9.2585134541475e-05,5.143102339677519e-06,3.79027322666852e-05,9.087835655935906e-05,9.310931844184495e-06,0.0,0.00011425809182665234,0.0002124047937148358,0.00011425809182665234,5.153836175935298e-07,0.00011425792200488397,2.8833513929688846e-09
91223842b0e681fe8f896e359909d9fcca08d34d2d3bf7cc88c734a4658a1fd6,0215196437e28b99e7aebfc3c17f96f18155e8431c97d425121df65688930558,16,0.02,16,3.56,0.0,central,8.0,0.000871788780234787,9.103091578327596e-06,0.0,K2,0.00016644681750588856,64,9.304948261324912e-06,2,0.28,0.0,central_n64_L16_s1_sw0p65_A1_g1_r0_dt0p02,1,6.437863962944587e-05,0.00011425809182665234,6.949378293077411e-05,5.887426035999376e-05,9.2585134541475e-05,5.143102339677519e-06,3.7903613851753946e-05,9.087946386309267e-05,9.310931844184495e-06,0.0,0.00011425809182665234,0.0002124057749579056,0.00011425792200488397,2.8833513929688846e-09,0.00011425766404371868,4.5527808340340576e-14
91223842b0e681fe8f896e359909d9fcca08d34d2d3bf7cc88c734a4658a1fd6,0215196437e28b99e7aebfc3c17f96f18155e8431c97d425121df65688930558,16,0.02,16,3.56,0.0,central,16.0,0.0017858500925204213,9.103091595985219e-06,0.0,K2,0.00016644681750565746,64,9.304948261300519e-06,2,0.28,0.0,central_n64_L16_s1_sw0p65_A1_g1_r0_dt0p02,1,6.437863962967565e-05,0.00011425809182665234,6.949378293077411e-05,5.887426036048726e-05,9.2585134541475e-05,5.143102339677519e-06,3.79036138651397e-05,9.087946387685533e-05,9.310931844184495e-06,0.0,0.00011425809182665234,0.0002124057749635362,0.00011425766404371868,4.5527808340340576e-14,0.0001142576640354269,2.0014830212433605e-16
91223842b0e681fe8f896e359909d9fcca08d34d2d3bf7cc88c734a4658a1fd6,0215196437e28b99e7aebfc3c17f96f18155e8431c97d425121df65688930558,16,0.02,16,3.56,0.0,central,32.0,0.003613972717086462,9.103091598196371e-06,0.0,K2,0.00016644681750565746,64,9.304948261300519e-06,2,0.28,0.0,central_n64_L16_s1_sw0p65_A1_g1_r0_dt0p02,1,6.437863962967954e-05,0.00011425809182665234,6.949378293077411e-05,5.887426036048726e-05,9.2585134541475e-05,5.143102339677519e-06,3.79036138651397e-05,9.087946387685533e-05,9.310931844184495e-06,0.0,0.00011425809182665234,0.0002124057749635362,0.00011425766403550149,2.7194799110210365e-16,0.00011425766403533533,1.1102230246251565e-16
91223842b0e681fe8f896e359909d9fcca08d34d2d3bf7cc88c734a4658a1fd6,0215196437e28b99e7aebfc3c17f96f18155e8431c97d425121df65688930558,16,0.02,16,4.0,,central,4.0,3.0408032410702222e-05,1.3058620498206074e-06,0.0,K3,1.2144726667754524e-05,64,1.4927325581175178e-06,3,0.44,,central_n64_L16_s1_sw0p65_A1_g1_r0_dt0p02,1,3.43106170770731e-06,8.33678779240161e-06,5.876719297209038e-06,3.208126454061769e-06,8.663885959903041e-06,6.914242152156191e-07,3.1626565884708066e-06,5.928359466138246e-06,1.4936912223619015e-06,0.0,8.33678779240161e-06,9.994089232742414e-06,8.33678779240161e-06,3.755780344006082e-08,8.33678779240161e-06,1.286443953264302e-10
91223842b0e681fe8f896e359909d9fcca08d34d2d3bf7cc88c734a4658a1fd6,0215196437e28b99e7aebfc3c17f96f18155e8431c97d425121df65688930558,16,0.02,16,7.96,9.354938614835045e-11,central,8.0,6.375552568076921e-05,1.3059080572304709e-06,0.0,K3,1.214484983146818e-05,64,1.4927313157333062e-06,3,0.44,0.0,central_n64_L16_s1_sw0p65_A1_g1_r0_dt0p02,1,3.431064966783216e-06,8.336881341787758e-06,5.876807970215756e-06,3.2081302828923545e-06,8.663885959903041e-06,6.914242152156191e-07,3.1627221965561418e-06,5.928397113392377e-06,1.4936912223619015e-06,0.0,8.336881341787758e-06,9.994235489855187e-06,8.336881341787758e-06,1.286443953264302e-10,8.336881341700744e-06,1.6250646570963809e-15
91223842b0e681fe8f896e359909d9fcca08d34d2d3bf7cc88c734a4658a1fd6,0215196437e28b99e7aebfc3c17f96f18155e8431c97d425121df65688930558,16,0.02,16,9.36,1.1338061159426108e-15,central,16.0,0.0001304505764213186,1.3059080597772164e-06,0.0,K3,1.2144849833103001e-05,64,1.4927313157293929e-06,3,0.44,0.0,central_n64_L16_s1_sw0p65_A1_g1_r0_dt0p02,1,3.4310649668000716e-06,8.336881342921564e-06,5.876807971851524e-06,3.2081302829093765e-06,8.663885959903041e-06,6.914242152156191e-07,3.1627221976107664e-06,5.928397113392377e-06,1.4936912223619015e-06,0.0,8.336881342921564e-06,9.99423549192064e-06,8.336881342921564e-06,1.7867348644430382e-15,8.336881342880246e-06,2.0014830212433605e-16
91223842b0e681fe8f896e359909d9fcca08d34d2d3bf7cc88c734a4658a1fd6,0215196437e28b99e7aebfc3c17f96f18155e8431c97d425121df65688930558,16,0.02,16,9.36,0.0,central,32.0,0.00026384067790574954,1.305908061956375e-06,0.0,K3,1.2144849833103001e-05,64,1.4927313157293929e-06,3,0.44,0.0,central_n64_L16_s1_sw0p65_A1_g1_r0_dt0p02,1,3.4310649668000716e-06,8.336881342921564e-06,5.876807971851524e-06,3.2081302829093765e-06,8.663885959903041e-06,6.914242152156191e-07,3.1627221976107664e-06,5.928397113392377e-06,1.4936912223619015e-06,0.0,8.336881342921564e-06,9.99423549192064e-06,8.336881342880246e-06,2.7194799110210365e-16,8.33688134273904e-06,1.1102230246251565e-16
91223842b0e681fe8f896e359909d9fcca08d34d2d3bf7cc88c734a4658a1fd6,86d01384192830290f2956b0d45f8f2866dc213f9d5dbc7abb78266aeeed9c10,16,0.02,8,4.0,,central,4.0,0.07563862593908631,0.006859134040318795,0.0,K0,0.03397697761604893,64,0.007926186274658086,0,0.52,,central_n64_L16_s2_sw0p65_A1_g1_r0_dt0p02,2,0.011545121503656997,0.021222080187227148,0.015460129656575148,0.008036901677547266,0.03287707077411628,0.0025556693614369186,0.021222080187227148,0.014538262567273459,0.007949899346242753,0.0,0.016397338753091757,0.031337262065159216,0.021222080187227148,0.00019706940460823376,0.021222080187227148,5.396810140070055e-07
91223842b0e681fe8f896e359909d9fcca08d34d2d3bf7cc88c734a4658a1fd6,86d01384192830290f2956b0d45f8f2866dc213f9d5dbc7abb78266aeeed9c10,16,0.02,8,8.0,1.20619553706236e-07,central,8.0,0.16052739257220855,0.0068593286399505245,0.0,K0,0.033977162554747004,64,0.007926184982538628,0,0.52,0.0,central_n64_L16_s2_sw0p65_A1_g1_r0_dt0p02,2,0.011545124363476236,0.021222200806780854,0.015460207942113812,0.008036904022169791,0.03287707077411628,0.0025556693614369186,0.021222200806780854,0.01453835539082502,0.007949899346242753,0.0,0.016397338753091757,0.031337262065159216,0.021222200806780854,5.396810140070055e-07,0.021222200806780854,7.966453501303435e-12
91223842b0e681fe8f896e359909d9fcca08d34d2d3bf7cc88c734a4658a1fd6,86d01384192830290f2956b0d45f8f2866dc213f9d5dbc7abb78266aeeed9c10,16,0.02,8,11.36,8.082319535862581e-13,central,16.0,0.33030499903263005,0.006859328642796503,1.0785207688568521e-32,K0,0.033977162556033905,64,0.007926184982537951,0,0.52,0.0,central_n64_L16_s2_sw0p65_A1_g1_r0_dt0p02,2,0.011545124363481157,0.021222200807589086,0.015460207942113812,0.008036904022180564,0.03287707077411628,0.0025556693614369186,0.021222200807589086,0.014538355392028747,0.007949899346242753,0.0,0.016397338753091757,0.031337262065159216,0.021222200807589086,7.966453501303435e-12,0.02122220080758886,1.9229626863835638e-16
91223842b0e681fe8f896e359909d9fcca08d34d2d3bf7cc88c734a4658a1fd6,86d01384192830290f2956b0d45f8f2866dc213f9d5dbc7abb78266aeeed9c10,16,0.02,8,11.36,0.0,central,32.0,0.6698602119540518,0.0068593286427984625,1.0785207688568521e-32,K0,0.033977162556033905,64,0.007926184982537951,0,0.52,0.0,central_n64_L16_s2_sw0p65_A1_g1_r0_dt0p02,2,0.011545124363481157,0.021222200807589086,0.015460207942113812,0.008036904022180564,0.03287707077411628,0.0025556693614369186,0.021222200807589086,0.014538355392028747,0.007949899346242753,0.0,0.016397338753091757,0.031337262065159216,0.021222200807588878,1.9229626863835638e-16,0.02122220080758886,0.0
91223842b0e681fe8f896e359909d9fcca08d34d2d3bf7cc88c734a4658a1fd6,86d01384192830290f2956b0d45f8f2866dc213f9d5dbc7abb78266aeeed9c10,16,0.02,16,0.72,,central,4.0,0.003560954527838604,0.00018593995902823772,0.0,K1,0.001642031743165033,64,0.00021055553497180207,1,0.56,,central_n64_L16_s2_sw0p65_A1_g1_r0_dt0p02,2,0.0008946938165972495,0.001025615924912658,0.0006497398415453396,0.0006308516953012314,0.0004823379932110202,5.431684043380458e-05,0.00028089916862768157,0.0008468596786015466,0.0002111854619379772,0.0,0.001025615924912658,0.0030315760508161965,0.0009076738567678377,6.5911948180477686e-06,0.0009033873610148847,1.9976291334616647e-08
91223842b0e681fe8f896e359909d9fcca08d34d2d3bf7cc88c734a4658a1fd6,86d01384192830290f2956b0d45f8f2866dc213f9d5dbc7abb78266aeeed9c10,16,0.02,16,0.72,0.0,central,8.0,0.00717449398870436,0.00018594692388680737,0.0,K1,0.0016420313480569936,64,0.00021055550064723612,1,0.56,0.0,central_n64_L16_s2_sw0p65_A1_g1_r0_dt0p02,2,0.000894693881320941,0.001025615924912658,0.0006497398415453396,0.000630851803830242,0.0004823379932110202,5.431684043380458e-05,0.00028089916862768157,0.0008468596786015466,0.0002111854619379772,0.0,0.001025615924912658,0.0030315760508161965,0.0009033873610148847,1.9976291334616647e-08,0.0009033846771639446,1.8344879256120903e-13
91223842b0e681fe8f896e359909d9fcca08d34d2d3bf7cc88c734a4658a1fd6,86d01384192830290f2956b0d45f8f2866dc213f9d5dbc7abb78266aeeed9c10,16,0.02,16,0.72,0.0,central,16.0,0.014401571405926461,0.00018594692395041836,1.3866695599588098e-32,K1,0.0016420313480566505,64,0.00021055550064721812,1,0.56,0.0,central_n64_L16_s2_sw0p65_A1_g1_r0_dt0p02,2,0.000894693881320941,0.001025615924912658,0.0006497398415453396,0.0006308518038305197,0.0004823379932110202,5.431684043380458e-05,0.00028089916862768157,0.0008468596786015466,0.0002111854619379772,0.0,0.001025615924912658,0.0030315760508161965,0.0009033846771639446,1.8344879256120903e-13,0.0009033846771523515,2.5438405243138006e-16
91223842b0e681fe8f896e359909d9fcca08d34d2d3bf7cc88c734a4658a1fd6,86d01384192830290f2956b0d45f8f2866dc213f9d5dbc7abb78266aeeed9c10,16,0.02,16,0.72,0.0,central,32.0,0.02885572624036273,0.0001859469239511226,1.3866695599588098e-32,K1,0.0016420313480566505,64,0.00021055550064721812,1,0.56,0.0,central_n64_L16_s2_sw0p65_A1_g1_r0_dt0p02,2,0.000894693881320941,0.001025615924912658,0.0006497398415453396,0.0006308518038305246,0.0004823379932110202,5.431684043380458e-05,0.00028089916862768157,0.0008468596786015466,0.0002111854619379772,0.0,0.001025615924912658,0.0030315760508161965,0.0009033846771524209,2.7194799110210365e-16,0.0009033846771521627,1.1102230246251565e-16
91223842b0e681fe8f896e359909d9fcca08d34d2d3bf7cc88c734a4658a1fd6,86d01384192830290f2956b0d45f8f2866dc213f9d5dbc7abb78266aeeed9c10,16,0.02,14,0.96,,central,4.0,0.00043898078154138847,1.3973744554571703e-05,0.0,K2,0.00019134554841246265,64,1.6550646305330095e-05,2,0.48,,central_n64_L16_s2_sw0p65_A1_g1_r0_dt0p02,2,5.6848160912379336e-05,0.00011951476725699559,8.4410923155564e-05,4.392556659527719e-05,3.359366195075995e-05,5.9840883699646685e-06,2.0666277177508456e-05,8.464258162480968e-05,1.6600161500533823e-05,0.0,8.01995001698942e-05,0.0001763195119997268,0.00011677706895157862,3.9158860818818087e-07,0.00011651189959740205,1.0569859382758493e-09
91223842b0e681fe8f896e359909d9fcca08d34d2d3bf7cc88c734a4658a1fd6,86d01384192830290f2956b0d45f8f2866dc213f9d5dbc7abb78266aeeed9c10,16,0.02,14,0.96,0.0,central,8.0,0.0009050264896511846,1.397410725146181e-05,0.0,K2,0.0001913455023706216,64,1.6550643607259246e-05,2,0.48,0.0,central_n64_L16_s2_sw0p65_A1_g1_r0_dt0p02,2,5.684816405068191e-05,0.00011951476725699559,8.4410923155564e-05,4.3925573880189426e-05,3.359366195075995e-05,5.9840883699646685e-06,2.066657621014667e-05,8.464258162480968e-05,1.6600161500533823e-05,0.0,8.01995001698942e-05,0.0001763195119997268,0.00011651189959740205,1.0569859382758493e-09,0.00011651138483533646,8.746133768880396e-15
91223842b0e681fe8f896e359909d9fcca08d34d2d3bf7cc88c734a4658a1fd6,86d01384192830290f2956b0d45f8f2866dc213f9d5dbc7abb78266aeeed9c10,16,0.02,14,0.96,0.0,central,16.0,0.001837117568307426,1.397410725637224e-05,0.0,K2,0.00019134550237058165,64,1.6550643607257833e-05,2,0.48,0.0,central_n64_L16_s2_sw0p65_A1_g1_r0_dt0p02,2,5.684816405068191e-05,0.00011951476725699559,8.4410923155564e-05,4.392557388020162e-05,3.359366195075995e-05,5.9840883699646685e-06,2.0666576212114415e-05,8.464258162480968e-05,1.6600161500533823e-05,0.0,8.01995001698942e-05,0.0001763195119997268,0.00011651138483533646,8.746133768880396e-15,0.00011651138483177308,2.5438405243138006e-16
91223842b0e681fe8f896e359909d9fcca08d34d2d3bf7cc88c734a4658a1fd6,86d01384192830290f2956b0d45f8f2866dc213f9d5dbc7abb78266aeeed9c10,16,0.02,14,0.96,0.0,central,32.0,0.00370129972561593,1.3974107258555362e-05,0.0,K2,0.00019134550237058165,64,1.6550643607257833e-05,2,0.48,0.0,central_n64_L16_s2_sw0p65_A1_g1_r0_dt0p02,2,5.684816405068191e-05,0.00011951476725699559,8.4410923155564e-05,4.392557388020162e-05,3.359366195075995e-05,5.9840883699646685e-06,2.0666576212114415e-05,8.464258162480968e-05,1.6600161500533823e-05,0.0,8.01995001698942e-05,0.0001763195119997268,0.00011651138483178436,2.5438405243138006e-16,0.00011651138483177564,1.6653345369377348e-16
91223842b0e681fe8f896e359909d9fcca08d34d2d3bf7cc88c734a4658a1fd6,86d01384192830290f2956b0d45f8f2866dc213f9d5dbc7abb78266aeeed9c10,16,0.02,16,0.92,,central,4.0,2.6345455322001795e-05,8.300012529415193e-07,0.0,K3,1.1500251324452489e-05,64,9.98607651932128e-07,3,0.48,,central_n64_L16_s2_sw0p65_A1_g1_r0_dt0p02,2,3.0004335319912254e-06,7.1830772748166755e-06,2.2606975758020923e-06,2.5167559260632553e-06,1.335804432246797e-06,3.145533668119649e-07,6.484826129410639e-07,6.87275172431907e-06,1.0015952242543902e-06,0.0,7.1830772748166755e-06,1.5186607737936724e-05,6.98503807316916e-06,2.51518367703961e-08,6.967453053733431e-06,6.166040890188107e-11
91223842b0e681fe8f896e359909d9fcca08d34d2d3bf7cc88c734a4658a1fd6,86d01384192830290f2956b0d45f8f2866dc213f9d5dbc7abb78266aeeed9c10,16,0.02,16,0.92,0.0,central,8.0,5.4215142188365616e-05,8.300221636712169e-07,0.0,K3,1.1500248557245476e-05,64,9.986074891400444e-07,3,0.48,0.0,central_n64_L16_s2_sw0p65_A1_g1_r0_dt0p02,2,3.0004337480222644e-06,7.1830772748166755e-06,2.2606975758020923e-06,2.5167562445276023e-06,1.335804432246797e-06,3.145533668119649e-07,6.484826129410639e-07,6.87275172431907e-06,1.0015952242543902e-06,0.0,7.1830772748166755e-06,1.5186607737936724e-05,6.967453053733431e-06,6.166040890188107e-11,6.9674189400461625e-06,4.335559509131367e-16
91223842b0e681fe8f896e359909d9fcca08d34d2d3bf7cc88c734a4658a1fd6,86d01384192830290f2956b0d45f8f2866dc213f9d5dbc7abb78266aeeed9c10,16,0.02,16,0.92,0.0,central,16.0,0.00010995449370425391,8.30022165725787e-07,3.0814879110195774e-32,K3,1.1500248557243074e-05,64,9.986074891399593e-07,3,0.48,0.0,central_n64_L16_s2_sw0p65_A1_g1_r0_dt0p02,2,3.0004337480222644e-06,7.1830772748166755e-06,2.2606975758020923e-06,2.5167562445327065e-06,1.335804432246797e-06,3.145533668119649e-07,6.484826129410639e-07,6.87275172431907e-06,1.0015952242543902e-06,0.0,7.1830772748166755e-06,1.5186607737936724e-05,6.967418940394791e-06,8.829589126839103e-16,6.967418939398502e-06,1.9229626863835638e-16
91223842b0e681fe8f896e359909d9fcca08d34d2d3bf7cc88c734a4658a1fd6,86d01384192830290f2956b0d45f8f2866dc213f9d5dbc7abb78266aeeed9c10,16,0.02,16,0.92,0.0,central,32.0,0.00022143319673274833,8.300221663608292e-07,3.0814879110195774e-32,K3,1.1500248557243074e-05,64,9.986074891399593e-07,3,0.48,0.0,central_n64_L16_s2_sw0p65_A1_g1_r0_dt0p02,2,3.0004337480222644e-06,7.1830772748166755e-06,2.2606975758020923e-06,2.5167562445327065e-06,1.335804432246797e-06,3.145533668119649e-07,6.484826129410639e-07,6.87275172431907e-06,1.0015952242543902e-06,0.0,7.1830772748166755e-06,1.5186607737936724e-05,6.967418939408616e-06,1.9229626863835638e-16,6.967418939228892e-06,1.1102230246251565e-16
91223842b0e681fe8f896e359909d9fcca08d34d2d3bf7cc88c734a4658a1fd6,bb3614edc1904aec5edaaa8ca3b1b0e28f5ea017f29cbb079c5ebdfcd74bf439,16,0.02,14,0.8,,central,4.0,0.09855585329681131,0.006867344657157214,0.0,K0,0.04388224291004327,64,0.006807157841080181,0,0.48,,central_n64_L16_s3_sw0p65_A1_g1_r0_dt0p02,3,0.01412583497666164,0.028582713943053728,0.02066310140724693,0.0073552933457250265,0.034287735553679435,0.0030634930716837983,0.014117753353598288,0.021149392662960002,0.008297925257127248,0.0,0.020851489450123294,0.04086147826123728,0.025867508981098106,0.0002154373143584451,0.025737634324977048,1.2024139731308055e-06
91223842b0e681fe8f896e359909d9fcca08d34d2d3bf7cc88c734a4658a1fd6,bb3614edc1904aec5edaaa8ca3b1b0e28f5ea017f29cbb079c5ebdfcd74bf439,16,0.02,14,0.8,0.0,central,8.0,0.201505143676611,0.006867792321681705,0.0,K0,0.04388222359209576,64,0.006807155472765993,0,0.48,0.0,central_n64_L16_s3_sw0p65_A1_g1_r0_dt0p02,3,0.014125840077803903,0.028582713943053728,0.02066310140724693,0.007355295595191203,0.034287735553679435,0.0030634930716837983,0.014117753353598288,0.021149392662960002,0.008297925257127248,0.0,0.020851489450123294,0.04086147826123728,0.025737634324977048,1.2024139731308055e-06,0.025737292124693008,2.002866005020278e-11
91223842b0e681fe8f896e359909d9fcca08d34d2d3bf7cc88c734a4658a1fd6,bb3614edc1904aec5edaaa8ca3b1b0e28f5ea017f29cbb079c5ebdfcd74bf439,16,0.02,14,0.8,0.0,central,16.0,0.4074034806420736,0.006867792328834913,1.8488927466117464e-32,K0,0.04388222359201487,64,0.0068071554727541506,0,0.48,0.0,central_n64_L16_s3_sw0p65_A1_g1_r0_dt0p02,3,0.014125840077852187,0.028582713943053728,0.02066310140724693,0.0073552955952069345,0.034287735553679435,0.0030634930716837983,0.014117753353598288,0.021149392662960002,0.008297925257127248,0.0,0.020851489450123294,0.04086147826123728,0.025737292124693008,2.002866005020278e-11,0.0257372921205005,3.3306690738754696e-16
91223842b0e681fe8f896e359909d9fcca08d34d2d3bf7cc88c734a4658a1fd6,bb3614edc1904aec5edaaa8ca3b1b0e28f5ea017f29cbb079c5ebdfcd74bf439,16,0.02,14,0.8,0.0,central,32.0,0.819200154570078,0.0068677923288385815,1.8488927466117464e-32,K0,0.04388222359201487,64,0.0068071554727541506,0,0.48,0.0,central_n64_L16_s3_sw0p65_A1_g1_r0_dt0p02,3,0.014125840077852196,0.028582713943053728,0.02066310140724693,0.007355295595206935,0.034287735553679435,0.0030634930716837983,0.014117753353598288,0.021149392662960002,0.008297925257127248,0.0,0.020851489450123294,0.04086147826123728,0.0257372921205005,3.3766115072321297e-16,0.025737292120500105,1.9229626863835638e-16
91223842b0e681fe8f896e359909d9fcca08d34d2d3bf7cc88c734a4658a1fd6,bb3614edc1904aec5edaaa8ca3b1b0e28f5ea017f29cbb079c5ebdfcd74bf439,16,0.02,14,0.92,,central,4.0,0.007875722069819615,0.00019313278399636695,0.0,K1,0.00326242920797409,64,0.000204308787933353,1,0.48,,central_n64_L16_s3_sw0p65_A1_g1_r0_dt0p02,3,0.0009818508758982494,0.002124984381544567,0.0010256569539206697,0.0005557390075211491,0.00098215383160972,8.493173755279304e-05,0.0006047676856362099,0.0019008445559675767,0.00024905240795418415,0.0,0.00106832856154885,0.001547139273298772,0.002090378617254489,4.665207250124454e-06,0.0020895972983191883,2.482563386539964e-08
91223842b0e681fe8f896e359909d9fcca08d34d2d3bf7cc88c734a4658a1fd6,bb3614edc1904aec5edaaa8ca3b1b0e28f5ea017f29cbb079c5ebdfcd74bf439,16,0.02,14,0.92,0.0,central,8.0,0.016234132259654352,0.00019314190878014182,0.0,K1,0.003262427771779584,64,0.00020430871685120502,1,0.48,0.0,central_n64_L16_s3_sw0p65_A1_g1_r0_dt0p02,3,0.0009818511718017325,0.002124984381544567,0.0010256569539206697,0.0005557390851727945,0.00098215383160972,8.493173755279304e-05,0.0006047676856362099,0.0019008445559675767,0.00024905240795418415,0.0,0.00106832856154885,0.001547139273298772,0.0020896030796583405,2.482563386539964e-08,0.0020896030796583405,3.3496268117487883e-13
91223842b0e681fe8f896e359909d9fcca08d34d2d3bf7cc88c734a4658a1fd6,bb3614edc1904aec5edaaa8ca3b1b0e28f5ea017f29cbb079c5ebdfcd74bf439,16,0.02,14,0.92,0.0,central,16.0,0.03295095689741442,0.00019314190889814734,1.3866695599588098e-32,K1,0.0032624277717735704,64,0.00020430871685084956,1,0.48,0.0,central_n64_L16_s3_sw0p65_A1_g1_r0_dt0p02,3,0.0009818511718034488,0.002124984381544567,0.0010256569539206697,0.0005557390851730458,0.00098215383160972,8.493173755279304e-05,0.0006047676856362099,0.0019008445559675767,0.00024905240795418415,0.0,0.00106832856154885,0.001547139273298772,0.002089603079723114,3.3496268117487883e-13,0.0020896030797227638,3.3306690738754696e-16
91223842b0e681fe8f896e359909d9fcca08d34d2d3bf7cc88c734a4658a1fd6,bb3614edc1904aec5edaaa8ca3b1b0e28f5ea017f29cbb079c5ebdfcd74bf439,16,0.02,14,0.92,0.0,central,32.0,0.06638460617297273,0.00019314190890187626,1.3866695599588098e-32,K1,0.0032624277717735704,64,0.00020430871685084956,1,0.48,0.0,central_n64_L16_s3_sw0p65_A1_g1_r0_dt0p02,3,0.0009818511718034488,0.002124984381544567,0.0010256569539206697,0.0005557390851730458,0.00098215383160972,8.493173755279304e-05,0.0006047676856362099,0.0019008445559675767,0.00024905240795418415,0.0,0.00106832856154885,0.001547139273298772,0.0020896030797227672,3.554447978966673e-16,0.002089603079722086,1.2412670766236366e-16
91223842b0e681fe8f896e359909d9fcca08d34d2d3bf7cc88c734a4658a1fd6,bb3614edc1904aec5edaaa8ca3b1b0e28f5ea017f29cbb079c5ebdfcd74bf439,16,0.02,13,4.0,,central,4.0,0.0003151270561656076,7.353468377544919e-06,0.0,K2,0.00013067559368681186,64,8.116611388508176e-06,2,0.4,,central_n64_L16_s3_sw0p65_A1_g1_r0_dt0p02,3,5.8283183543733446e-05,8.511559268621665e-05,6.416037334124144e-05,3.6411397361470626e-05,6.949384802843584e-05,3.5749645556915066e-06,5.073251532331728e-05,6.841399745051777e-05,9.894149102366222e-06,0.0,6.262184917819343e-05,0.00010624244436903045,8.511559268621665e-05,1.3366641058031506e-07,8.511559268621665e-05,1.1006886473875221e-09
91223842b0e681fe8f896e359909d9fcca08d34d2d3bf7cc88c734a4658a1fd6,bb3614edc1904aec5edaaa8ca3b1b0e28f5ea017f29cbb079c5ebdfcd74bf439,16,0.02,13,8.0,1.4206453216234188e-10,central,8.0,0.0006555899346471418,7.3538768678429994e-06,0.0,K2,0.00013067575426809963,64,8.116608564615098e-06,2,0.4,0.0,central_n64_L16_s3_sw0p65_A1_g1_r0_dt0p02,3,5.828320053035711e-05,8.511573475074881e-05,6.41608990613819e-05,3.641140051866858e-05,6.949384802843584e-05,3.5749645556915066e-06,5.073251532331728e-05,6.841399745051777e-05,9.894149102366222e-06,0.0,6.262224640115528e-05,0.00010624265308061933,8.511573475074881e-05,1.1006886473875221e-09,8.511573475074881e-05,1.5055295572753e-14
91223842b0e681fe8f896e359909d9fcca08d34d2d3bf7cc88c734a4658a1fd6,bb3614edc1904aec5edaaa8ca3b1b0e28f5ea017f29cbb079c5ebdfcd74bf439,16,0.02,13,10.52,5.8146033560940724e-15,central,16.0,0.0013365158126908549,7.3538768749095565e-06,0.0,K2,0.00013067575427678577,64,8.116608564600978e-06,2,0.4,0.0,central_n64_L16_s3_sw0p65_A1_g1_r0_dt0p02,3,5.828320053045633e-05,8.511573475656341e-05,6.41608990697078e-05,3.6411400518681406e-05,6.949384802843584e-05,3.5749645556915066e-06,5.073251532331728e-05,6.841399745051777e-05,9.894149102366222e-06,0.0,6.262224640776191e-05,0.00010624265308683285,8.511573475656341e-05,1.5055295572753e-14,8.511573475555328e-05,2.482534153247273e-16
91223842b0e681fe8f896e359909d9fcca08d34d2d3bf7cc88c734a4658a1fd6,bb3614edc1904aec5edaaa8ca3b1b0e28f5ea017f29cbb079c5ebdfcd74bf439,16,0.02,13,10.52,0.0,central,32.0,0.0026983675687835616,7.353876877940314e-06,0.0,K2,0.00013067575427678577,64,8.116608564600978e-06,2,0.4,0.0,central_n64_L16_s3_sw0p65_A1_g1_r0_dt0p02,3,5.828320053045633e-05,8.511573475656341e-05,6.41608990697078e-05,3.6411400518681406e-05,6.949384802843584e-05,3.5749645556915066e-06,5.073251532331728e-05,6.841399745051777e-05,9.894149102366222e-06,0.0,6.262224640776191e-05,0.00010624265308683285,8.51157347559094e-05,2.7755575615628914e-16,8.511573475579638e-05,0.0
91223842b0e681fe8f896e359909d9fcca08d34d2d3bf7cc88c734a4658a1fd6,bb3614edc1904aec5edaaa8ca3b1b0e28f5ea017f29cbb079c5ebdfcd74bf439,16,0.02,11,3.84,,central,4.0,1.9286833367312087e-05,3.839504846207545e-07,0.0,K3,7.94133154969867e-06,64,4.389531694433255e-07,3,0.32,,central_n64_L16_s3_sw0p65_A1_g1_r0_dt0p02,3,3.2442419805200456e-06,5.172589023703593e-06,4.1943718254106236e-06,1.9941331396256458e-06,4.847826477188963e-06,1.8865671863599331e-07,2.4618471626704622e-06,3.066348728769437e-06,5.35083903804681e-07,0.0,2.4473436126315178e-06,5.919785980498638e-06,5.172589023703593e-06,2.1065665237500038e-09,5.172588858794315e-06,2.4203071995715153e-11
91223842b0e681fe8f896e359909d9fcca08d34d2d3bf7cc88c734a4658a1fd6,bb3614edc1904aec5edaaa8ca3b1b0e28f5ea017f29cbb079c5ebdfcd74bf439,16,0.02,11,3.84,0.0,central,8.0,3.9977181159633966e-05,3.839598615912398e-07,0.0,K3,7.941328053746414e-06,64,4.3895301672481317e-07,3,0.32,0.0,central_n64_L16_s3_sw0p65_A1_g1_r0_dt0p02,3,3.244243549050644e-06,5.172589023703593e-06,4.1943718254106236e-06,1.994133157243545e-06,4.847826477188963e-06,1.8865671863599331e-07,2.4618471626704622e-06,3.066348728769437e-06,5.35083903804681e-07,0.0,2.4473436126315178e-06,5.919797612433829e-06,5.172588858794315e-06,2.4203071995715153e-11,5.172586627882865e-06,5.578801654593729e-16
91223842b0e681fe8f896e359909d9fcca08d34d2d3bf7cc88c734a4658a1fd6,bb3614edc1904aec5edaaa8ca3b1b0e28f5ea017f29cbb079c5ebdfcd74bf439,16,0.02,11,3.84,0.0,central,16.0,8.135787419002165e-05,3.8395986382809423e-07,9.706686919711669e-32,K3,7.941328053731777e-06,64,4.389530167240495e-07,3,0.32,0.0,central_n64_L16_s3_sw0p65_A1_g1_r0_dt0p02,3,3.244243549054557e-06,5.172589023703593e-06,4.1943718254106236e-06,1.994133157243545e-06,4.847826477188963e-06,1.8865671863599331e-07,2.4618471626704622e-06,3.066348728769437e-06,5.35083903804681e-07,0.0,2.4473436126315178e-06,5.919797613490153e-06,5.172586629943846e-06,8.1773032027145e-16,5.17258662882046e-06,2.220446049250313e-16
91223842b0e681fe8f896e359909d9fcca08d34d2d3bf7cc88c734a4658a1fd6,bb3614edc1904aec5edaaa8ca3b1b0e28f5ea017f29cbb079c5ebdfcd74bf439,16,0.02,11,3.84,0.0,central,32.0,0.0001641192602498069,3.8395986615646466e-07,9.706686919711669e-32,K3,7.941328053731777e-06,64,4.389530167240495e-07,3,0.32,0.0,central_n64_L16_s3_sw0p65_A1_g1_r0_dt0p02,3,3.244243549054557e-06,5.172589023703593e-06,4.1943718254106236e-06,1.994133157243545e-06,4.847826477188963e-06,1.8865671863599331e-07,2.4618471626704622e-06,3.066348728769437e-06,5.35083903804681e-07,0.0,2.4473436126315178e-06,5.919797613490153e-06,5.172586628821085e-06,2.5438405243138006e-16,5.172586628694834e-06,5.551115123125783e-17
91223842b0e681fe8f896e359909d9fcca08d34d2d3bf7cc88c734a4658a1fd6,e4d4fc49131cf3f54f329ba6b1540a75bdecbc874202d642ed7ec06b31d53442,16,0.02,13,1.4000000000000001,,central,4.0,0.0384526873462204,0.005779212560906945,0.0,K0,0.017617161660276257,64,0.005070183197073929,0,0.48,,central_n64_L16_s4_sw0p65_A1_g1_r0_dt0p02,4,0.013071496242112773,0.010182416395675856,0.00702375638892975,0.008164368110074646,0.03676552110298317,0.002005053187473821,0.0034768586855083604,0.008859336830064317,0.0060874899929332215,0.0,0.009669990799375751,0.02671890270499182,0.01007187671640565,0.0005162999065464151,0.009968613020190443,8.173091880746981e-06
91223842b0e681fe8f896e359909d9fcca08d34d2d3bf7cc88c734a4658a1fd6,e4d4fc49131cf3f54f329ba6b1540a75bdecbc874202d642ed7ec06b31d53442,16,0.02,13,1.4000000000000001,0.0,central,8.0,0.07832236747798449,0.0057828242116200555,0.0,K0,0.017617067985483674,64,0.005070167318082131,0,0.48,0.0,central_n64_L16_s4_sw0p65_A1_g1_r0_dt0p02,4,0.013071557803598999,0.010182416395675856,0.00702375638892975,0.008164408430189472,0.03676552110298317,0.002005053187473821,0.0034768586855083604,0.008859336830064317,0.0060874899929332215,0.0,0.009669990799375751,0.02671890270499182,0.009968613020190443,8.173091880746981e-06,0.009967275101617455,7.17831202864008e-10
91223842b0e681fe8f896e359909d9fcca08d34d2d3bf7cc88c734a4658a1fd6,e4d4fc49131cf3f54f329ba6b1540a75bdecbc874202d642ed7ec06b31d53442,16,0.02,13,1.4000000000000001,0.0,central,16.0,0.15806056745168273,0.005782824510890518,0.0,K0,0.017617067982844264,64,0.005070167317636931,0,0.48,0.0,central_n64_L16_s4_sw0p65_A1_g1_r0_dt0p02,4,0.01307155780669623,0.010182416395675856,0.00702375638892975,0.008164408432217213,0.03676552110298317,0.002005053187473821,0.0034768586855083604,0.008859336830064317,0.0060874899929332215,0.0,0.009669990799375751,0.02671890270499182,0.009967275101617455,7.17831202864008e-10,0.009967274990944252,1.1102230246251565e-16
91223842b0e681fe8f896e359909d9fcca08d34d2d3bf7cc88c734a4658a1fd6,e4d4fc49131cf3f54f329ba6b1540a75bdecbc874202d642ed7ec06b31d53442,16,0.02,13,1.4000000000000001,0.0,central,32.0,0.3175369673067928,0.005782824510891192,0.0,K0,0.017617067982844264,64,0.00507016731763693,0,0.48,0.0,central_n64_L16_s4_sw0p65_A1_g1_r0_dt0p02,4,0.013071557806696249,0.010182416395675856,0.00702375638892975,0.008164408432217213,0.03676552110298317,0.002005053187473821,0.0034768586855083604,0.008859336830064317,0.0060874899929332215,0.0,0.009669990799375751,0.02671890270499182,0.009967274990944455,1.5700924586837752e-16,0.009967274990944398,5.551115123125783e-17
91223842b0e681fe8f896e359909d9fcca08d34d2d3bf7cc88c734a4658a1fd6,e4d4fc49131cf3f54f329ba6b1540a75bdecbc874202d642ed7ec06b31d53442,16,0.02,12,4.0,,central,4.0,0.005609297089592401,0.00017755227558617452,0.0,K1,0.0025617588670161424,64,0.00027253668696736183,1,0.24,,central_n64_L16_s4_sw0p65_A1_g1_r0_dt0p02,4,0.0011748303538083322,0.001480652558697366,0.001044647640504753,0.0006259789961511512,0.0019815724686079827,0.00019976788109571375,0.0007936096754450697,0.0011415355802607396,0.0003272198045187908,0.0,0.0008318762688761363,0.002243065002997196,0.001480652558697366,4.524487631814102e-06,0.001480652558697366,9.004716543809812e-08
91223842b0e681fe8f896e359909d9fcca08d34d2d3bf7cc88c734a4658a1fd6,e4d4fc49131cf3f54f329ba6b1540a75bdecbc874202d642ed7ec06b31d53442,16,0.02,12,8.0,1.5114458587267218e-08,central,8.0,0.011531961059234711,0.00017759167650802872,0.0,K1,0.002561771395734102,64,0.0002725358334266417,1,0.24,0.0,central_n64_L16_s4_sw0p65_A1_g1_r0_dt0p02,4,0.0011748338494972027,0.0014806676731559533,0.001044703394267283,0.0006259809973959179,0.0019815724686079827,0.00019976788109571375,0.0007936219250306491,0.0011415355802607396,0.0003272198045187908,0.0,0.0008318767080480994,0.002243065002997196,0.0014806676731559533,9.004716543809812e-08,0.0014806676731559533,6.4557510499499475e-12
91223842b0e681fe8f896e359909d9fcca08d34d2d3bf7cc88c734a4658a1fd6,e4d4fc49131cf3f54f329ba6b1540a75bdecbc874202d642ed7ec06b31d53442,16,0.02,12,11.88,1.2265017560603164e-12,central,16.0,0.023377302453790216,0.000177591679120837,1.8488927466117464e-32,K1,0.002561771397472322,64,0.00027253583340271096,1,0.24,0.0,central_n64_L16_s4_sw0p65_A1_g1_r0_dt0p02,4,0.001174833849596405,0.001480667674382455,0.0010447033982198424,0.0006259809974525916,0.0019815724686079827,0.00019976788109571375,0.0007936219259796144,0.0011415355802607396,0.0003272198045187908,0.0,0.0008318767080480994,0.002243065002997196,0.001480667674382455,6.4557510499499475e-12,0.001480667674381447,1.6653345369377348e-16
91223842b0e681fe8f896e359909d9fcca08d34d2d3bf7cc88c734a4658a1fd6,e4d4fc49131cf3f54f329ba6b1540a75bdecbc874202d642ed7ec06b31d53442,16,0.02,12,11.88,0.0,central,32.0,0.04706798524389409,0.00017759167912194252,1.8488927466117464e-32,K1,0.002561771397472322,64,0.0002725358334027109,1,0.24,0.0,central_n64_L16_s4_sw0p65_A1_g1_r0_dt0p02,4,0.0011748338495964096,0.001480667674382455,0.0010447033982198424,0.0006259809974525916,0.0019815724686079827,0.00019976788109571375,0.0007936219259796144,0.0011415355802607396,0.0003272198045187908,0.0,0.0008318767080480994,0.002243065002997196,0.001480667674381595,1.6653345369377348e-16,0.0014806676743813825,5.551115123125783e-17
91223842b0e681fe8f896e359909d9fcca08d34d2d3bf7cc88c734a4658a1fd6,e4d4fc49131cf3f54f329ba6b1540a75bdecbc874202d642ed7ec06b31d53442,16,0.02,14,4.0,,central,4.0,0.0006088863770838834,8.30384992661326e-06,0.0,K2,0.0002837370221178272,64,9.54693799302066e-06,2,0.2,,central_n64_L16_s4_sw0p65_A1_g1_r0_dt0p02,4,7.257518355040222e-05,0.0001639951180437486,0.00011013337785428613,3.343777668829682e-05,0.00014537898123442023,8.133920513575532e-06,5.344010191230057e-05,0.0001218817316574814,1.1462483156270817e-05,0.0,0.00012662181904429082,0.0002810659256051248,0.0001639951180437486,3.611142716322562e-07,0.0001639951180437486,2.3344749108160226e-09
91223842b0e681fe8f896e359909d9fcca08d34d2d3bf7cc88c734a4658a1fd6,e4d4fc49131cf3f54f329ba6b1540a75bdecbc874202d642ed7ec06b31d53442,16,0.02,14,4.28,9.517303449241982e-12,central,8.0,0.0012648668278979858,8.304771755811877e-06,0.0,K2,0.0002837355298844422,64,9.54690809355861e-06,2,0.2,0.0,central_n64_L16_s4_sw0p65_A1_g1_r0_dt0p02,4,7.257539480258941e-05,0.00016399512756105206,0.00011013337785428613,3.343789927284834e-05,0.00014537898123442023,8.133920513575532e-06,5.344010191230057e-05,0.00012188269170919286,1.1462483156270817e-05,0.0,0.00012662181904429082,0.0002810659256051248,0.00016399512756105206,2.3344749108160226e-09,0.00016399510770749177,8.948936488750273e-14
91223842b0e681fe8f896e359909d9fcca08d34d2d3bf7cc88c734a4658a1fd6,e4d4fc49131cf3f54f329ba6b1540a75bdecbc874202d642ed7ec06b31d53442,16,0.02,14,4.28,0.0,central,16.0,0.002576827689468792,8.304771792471624e-06,4.3140830754274083e-32,K2,0.0002837355298419326,64,9.546908092720316e-06,2,0.2,0.0,central_n64_L16_s4_sw0p65_A1_g1_r0_dt0p02,4,7.257539480855323e-05,0.00016399512756105206,0.00011013337785428613,3.343789927630433e-05,0.00014537898123442023,8.133920513575532e-06,5.344010191230057e-05,0.00012188269173614883,1.1462483156270817e-05,0.0,0.00012662181904429082,0.0002810659256051248,0.00016399510770749177,8.948936488750273e-14,0.00016399510769673782,2.2887833992611187e-16
91223842b0e681fe8f896e359909d9fcca08d34d2d3bf7cc88c734a4658a1fd6,e4d4fc49131cf3f54f329ba6b1540a75bdecbc874202d642ed7ec06b31d53442,16,0.02,14,4.28,0.0,central,32.0,0.005200749412617514,8.304771794464078e-06,4.3140830754274083e-32,K2,0.0002837355298419326,64,9.546908092720314e-06,2,0.2,0.0,central_n64_L16_s4_sw0p65_A1_g1_r0_dt0p02,4,7.257539480855444e-05,0.00016399512756105206,0.00011013337785428613,3.343789927630434e-05,0.00014537898123442023,8.133920513575532e-06,5.344010191230057e-05,0.00012188269173614883,1.1462483156270817e-05,0.0,0.00012662181904429082,0.0002810659256051248,0.00016399510769693742,2.5438405243138006e-16,0.00016399510769676628,1.2412670766236366e-16
91223842b0e681fe8f896e359909d9fcca08d34d2d3bf7cc88c734a4658a1fd6,e4d4fc49131cf3f54f329ba6b1540a75bdecbc874202d642ed7ec06b31d53442,16,0.02,16,1.28,,central,4.0,2.916875284873395e-05,7.649803254199248e-07,0.0,K3,1.343618195938758e-05,64,8.427621261427029e-07,3,0.28,,central_n64_L16_s4_sw0p65_A1_g1_r0_dt0p02,4,3.753860729967208e-06,7.765882048244024e-06,6.080939325001105e-06,2.154726134520475e-06,9.5916847479218e-06,5.874174304754121e-07,9.22296208643155e-07,4.965478924558854e-06,1.011858114372987e-06,0.0,7.765882048244024e-06,1.3955327764787394e-05,7.7402802671376e-06,3.62414696412375e-08,7.724937566013552e-06,4.4009383924252726e-10
91223842b0e681fe8f896e359909d9fcca08d34d2d3bf7cc88c734a4658a1fd6,e4d4fc49131cf3f54f329ba6b1540a75bdecbc874202d642ed7ec06b31d53442,16,0.02,16,1.28,0.0,central,8.0,6.006784662178413e-05,7.651666743168815e-07,0.0,K3,1.3436110515895012e-05,64,8.427594867483519e-07,3,0.28,0.0,central_n64_L16_s4_sw0p65_A1_g1_r0_dt0p02,4,3.7538716412417336e-06,7.765882048244024e-06,6.080939325001105e-06,2.154734891570843e-06,9.5916847479218e-06,5.874174304754121e-07,9.22296208643155e-07,4.965567768456647e-06,1.011858114372987e-06,0.0,7.765882048244024e-06,1.3955327764787394e-05,7.724937566013552e-06,4.4009383924252726e-10,7.724754172660882e-06,2.6586596331031653e-14
91223842b0e681fe8f896e359909d9fcca08d34d2d3bf7cc88c734a4658a1fd6,e4d4fc49131cf3f54f329ba6b1540a75bdecbc874202d642ed7ec06b31d53442,16,0.02,16,1.28,0.0,central,16.0,0.00012186587991310634,7.651666864531395e-07,4.930380657631324e-32,K3,1.3436110513882e-05,64,8.42759486674351e-07,3,0.28,0.0,central_n64_L16_s4_sw0p65_A1_g1_r0_dt0p02,4,3.7538716415543806e-06,7.765882048244024e-06,6.080939325001105e-06,2.1547348918144446e-06,9.5916847479218e-06,5.874174304754121e-07,9.22296208643155e-07,4.965567774651032e-06,1.011858114372987e-06,0.0,7.765882048244024e-06,1.3955327764787394e-05,7.724754172660882e-06,2.6586596331031653e-14,7.724754159949919e-06,2.2887833992611187e-16
91223842b0e681fe8f896e359909d9fcca08d34d2d3bf7cc88c734a4658a1fd6,e4d4fc49131cf3f54f329ba6b1540a75bdecbc874202d642ed7ec06b31d53442,16,0.02,16,1.28,0.0,central,32.0,0.00024546194647245807,7.651666878794661e-07,4.930380657631324e-32,K3,1.3436110513882e-05,64,8.427594866743509e-07,3,0.28,0.0,central_n64_L16_s4_sw0p65_A1_g1_r0_dt0p02,4,3.7538716415640965e-06,7.765882048244024e-06,6.080939325001105e-06,2.1547348918144446e-06,9.5916847479218e-06,5.874174304754121e-07,9.22296208643155e-07,4.965567774651032e-06,1.011858114372987e-06,0.0,7.765882048244024e-06,1.3955327764787394e-05,7.724754160061397e-06,2.5438405243138006e-16,7.724754159952004e-06,5.551115123125783e-17
91223842b0e681fe8f896e359909d9fcca08d34d2d3bf7cc88c734a4658a1fd6,6da0ada455039df8420e0e657fb3ff9f34c16118ea205960c798fbf6390bd4a4,16,0.02,16,0.88,,central,4.0,0.09272286413122612,0.007465091580271591,0.0,K0,0.043444904196477126,64,0.00833578683243068,0,0.6,,central_n64_L16_s5_sw0p65_A1_g1_r0_dt0p02,5,0.01175771615424541,0.027594290580428494,0.009042463384268618,0.008428048924687764,0.028736222854382307,0.0024237568360505612,0.008870108349354087,0.026288484355057394,0.0087221161118852,0.0,0.027594290580428494,0.07423988466875268,0.02468565097122925,0.0002482227730512647,0.024503817256872878,3.3158794715386865e-07
91223842b0e681fe8f896e359909d9fcca08d34d2d3bf7cc88c734a4658a1fd6,6da0ada455039df8420e0e657fb3ff9f34c16118ea205960c798fbf6390bd4a4,16,0.02,16,0.88,0.0,central,8.0,0.1907375698543478,0.007465196104748462,0.0,K0,0.043444894077706304,64,0.008335785657259162,0,0.6,0.0,central_n64_L16_s5_sw0p65_A1_g1_r0_dt0p02,5,0.01175771854742254,0.027594290580428494,0.009042463384268618,0.008428051336480648,0.028736222854382307,0.0024237568360505612,0.008870184438934054,0.026288484355057394,0.0087221161118852,0.0,0.027594290580428494,0.07423988466875268,0.024503817256872878,3.3158794715386865e-07,0.024503666061800846,1.2043907037235558e-12
91223842b0e681fe8f896e359909d9fcca08d34d2d3bf7cc88c734a4658a1fd6,6da0ada455039df8420e0e657fb3ff9f34c16118ea205960c798fbf6390bd4a4,16,0.02,16,0.88,0.0,central,16.0,0.3867668983479485,0.007465196105134136,0.0,K0,0.043444894077704584,64,0.008335785657258869,0,0.6,0.0,central_n64_L16_s5_sw0p65_A1_g1_r0_dt0p02,5,0.011757718547424446,0.027594290580428494,0.009042463384268618,0.008428051336483423,0.028736222854382307,0.0024237568360505612,0.008870184438934054,0.026288484355057394,0.0087221161118852,0.0,0.027594290580428494,0.07423988466875268,0.024503666061800846,1.2043907037235558e-12,0.024503666061696273,2.0014830212433605e-16
91223842b0e681fe8f896e359909d9fcca08d34d2d3bf7cc88c734a4658a1fd6,6da0ada455039df8420e0e657fb3ff9f34c16118ea205960c798fbf6390bd4a4,16,0.02,16,0.88,0.0,central,32.0,0.778825555335089,0.007465196105136474,6.162975822039155e-33,K0,0.043444894077704584,64,0.008335785657258869,0,0.6,0.0,central_n64_L16_s5_sw0p65_A1_g1_r0_dt0p02,5,0.011757718547424446,0.027594290580428494,0.009042463384268618,0.008428051336483429,0.028736222854382307,0.0024237568360505612,0.008870184438934054,0.026288484355057394,0.0087221161118852,0.0,0.027594290580428494,0.07423988466875268,0.02450366606169636,2.5438405243138006e-16,0.024503666061696336,1.2412670766236366e-16
91223842b0e681fe8f896e359909d9fcca08d34d2d3bf7cc88c734a4658a1fd6,6da0ada455039df8420e0e657fb3ff9f34c16118ea205960c798fbf6390bd4a4,16,0.02,16,1.28,,central,4.0,0.008104934307437103,0.0001806860406780378,0.0,K1,0.0035200572778640847,64,0.00021559708993753918,1,0.2,,central_n64_L16_s5_sw0p65_A1_g1_r0_dt0p02,5,0.0009937885219264728,0.002235785420215291,0.0009508026621077789,0.0006423640669873633,0.0024130661347619427,0.00014796615029624705,0.0006595633231278762,0.0022107237566810034,0.00022558912429283392,0.0,0.002235785420215291,0.004204174314923237,0.002222583768143111,6.891008206545765e-06,0.002219095140469624,5.901561201252569e-09
91223842b0e681fe8f896e359909d9fcca08d34d2d3bf7cc88c734a4658a1fd6,6da0ada455039df8420e0e657fb3ff9f34c16118ea205960c798fbf6390bd4a4,16,0.02,16,1.28,0.0,central,8.0,0.016981303294444743,0.0001806877459590312,0.0,K1,0.0035200564580060703,64,0.00021559705954286087,1,0.2,0.0,central_n64_L16_s5_sw0p65_A1_g1_r0_dt0p02,5,0.0009937886149780732,0.002235785420215291,0.0009508026621077789,0.0006423641662848559,0.0024130661347619427,0.00014796615029624705,0.0006595633231278762,0.0022107237566810034,0.00022558912429283392,0.0,0.002235785420215291,0.004204174314923237,0.002219095140469624,5.901561201252569e-09,0.002219092034562499,1.0971705667031895e-14
91223842b0e681fe8f896e359909d9fcca08d34d2d3bf7cc88c734a4658a1fd6,6da0ada455039df8420e0e657fb3ff9f34c16118ea205960c798fbf6390bd4a4,16,0.02,16,1.28,0.0,central,16.0,0.03473403957092486,0.0001806877459635742,2.0029671421627253e-32,K1,0.0035200564580059315,64,0.00021559705954285328,1,0.2,0.0,central_n64_L16_s5_sw0p65_A1_g1_r0_dt0p02,5,0.000993788614978095,0.002235785420215291,0.0009508026621077789,0.0006423641662849311,0.0024130661347619427,0.00014796615029624705,0.0006595633231278762,0.0022107237566810034,0.00022558912429283392,0.0,0.002235785420215291,0.004204174314923237,0.002219092034562499,1.0971705667031895e-14,0.0022190920345598096,1.1102230246251565e-16
91223842b0e681fe8f896e359909d9fcca08d34d2d3bf7cc88c734a4658a1fd6,6da0ada455039df8420e0e657fb3ff9f34c16118ea205960c798fbf6390bd4a4,16,0.02,16,1.28,0.0,central,32.0,0.07023951212388206,0.00018068774596611848,2.0029671421627253e-32,K1,0.0035200564580059315,64,0.00021559705954285328,1,0.2,0.0,central_n64_L16_s5_sw0p65_A1_g1_r0_dt0p02,5,0.000993788614978095,0.002235785420215291,0.0009508026621077789,0.0006423641662849311,0.0024130661347619427,0.00014796615029624705,0.0006595633231278762,0.0022107237566810034,0.00022558912429283392,0.0,0.002235785420215291,0.004204174314923237,0.0022190920345599332,2.482534153247273e-16,0.002219092034559865,1.5700924586837752e-16
91223842b0e681fe8f896e359909d9fcca08d34d2d3bf7cc88c734a4658a1fd6,6da0ada455039df8420e0e657fb3ff9f34c16118ea205960c798fbf6390bd4a4,16,0.02,15,0.96,,central,4.0,0.0005670331712296686,1.980319028113524e-05,0.0,K2,0.0002430070879156066,64,2.2333700883752303e-05,2,0.48,,central_n64_L16_s5_sw0p65_A1_g1_r0_dt0p02,5,6.923594406595834e-05,0.00015434740439802209,7.375742529202088e-05,4.1413114913752957e-05,3.886348564757587e-05,7.616999074311348e-06,4.7380975411049644e-05,0.00013637219572388992,2.336877564554979e-05,0.0,0.00014732074962438884,0.0003430052162502372,0.00015066769477896532,4.7419581677632614e-07,0.00015039847677972553,4.641744407690281e-10
91223842b0e681fe8f896e359909d9fcca08d34d2d3bf7cc88c734a4658a1fd6,6da0ada455039df8420e0e657fb3ff9f34c16118ea205960c798fbf6390bd4a4,16,0.02,15,0.96,0.0,central,8.0,0.0011686264710523355,1.9803325843136046e-05,0.0,K2,0.000243007031316724,64,2.233369773516781e-05,2,0.48,0.0,central_n64_L16_s5_sw0p65_A1_g1_r0_dt0p02,5,6.923594887110282e-05,0.00015434740439802209,7.375742529202088e-05,4.1413120513313546e-05,3.886348564757587e-05,7.616999074311348e-06,4.738103884934399e-05,0.00013637219572388992,2.336877564554979e-05,0.0,0.00014732074962438884,0.0003430052162502372,0.00015039847677972553,4.641744407690281e-10,0.0001503983145545795,5.551115123125783e-16
91223842b0e681fe8f896e359909d9fcca08d34d2d3bf7cc88c734a4658a1fd6,6da0ada455039df8420e0e657fb3ff9f34c16118ea205960c798fbf6390bd4a4,16,0.02,15,0.96,0.0,central,16.0,0.0023718129874866155,1.9803325845111747e-05,1.8488927466117464e-32,K2,0.0002430070313167144,64,2.2333697735167025e-05,2,0.48,0.0,central_n64_L16_s5_sw0p65_A1_g1_r0_dt0p02,5,6.923594887110282e-05,0.00015434740439802209,7.375742529202088e-05,4.14131205133301e-05,3.886348564757587e-05,7.616999074311348e-06,4.738103884957974e-05,0.00013637219572388992,2.336877564554979e-05,0.0,0.00014732074962438884,0.0003430052162502372,0.0001503983145547254,8.005932084973442e-16,0.00015039831455427604,1.6653345369377348e-16
91223842b0e681fe8f896e359909d9fcca08d34d2d3bf7cc88c734a4658a1fd6,6da0ada455039df8420e0e657fb3ff9f34c16118ea205960c798fbf6390bd4a4,16,0.02,15,0.96,0.0,central,32.0,0.004778186020354489,1.980332584828357e-05,1.8488927466117464e-32,K2,0.0002430070313167144,64,2.2333697735167025e-05,2,0.48,0.0,central_n64_L16_s5_sw0p65_A1_g1_r0_dt0p02,5,6.923594887110282e-05,0.00015434740439802209,7.375742529202088e-05,4.14131205133301e-05,3.886348564757587e-05,7.616999074311348e-06,4.738103884957974e-05,0.00013637219572388992,2.336877564554979e-05,0.0,0.00014732074962438884,0.0003430052162502372,0.0001503983145543727,3.188872858294072e-16,0.00015039831455416006,1.6653345369377348e-16
91223842b0e681fe8f896e359909d9fcca08d34d2d3bf7cc88c734a4658a1fd6,6da0ada455039df8420e0e657fb3ff9f34c16118ea205960c798fbf6390bd4a4,16,0.02,16,1.8,,central,4.0,1.8884655826244268e-05,6.51426642191105e-07,0.0,K3,7.990310527287918e-06,64,7.500926813192607e-07,3,0.4,,central_n64_L16_s5_sw0p65_A1_g1_r0_dt0p02,5,3.3763243426785134e-06,5.075093491303373e-06,4.1692569379806795e-06,2.274831521007735e-06,4.644982300987398e-06,3.4113084540488003e-07,1.4336449643589605e-06,3.310842589647913e-06,7.848563780072289e-07,0.0,5.075093491303373e-06,1.0141155016480917e-05,5.074730778195309e-06,1.3740779997001247e-08,5.072630722568417e-06,1.6259462086096677e-11
91223842b0e681fe8f896e359909d9fcca08d34d2d3bf7cc88c734a4658a1fd6,6da0ada455039df8420e0e657fb3ff9f34c16118ea205960c798fbf6390bd4a4,16,0.02,16,1.8,0.0,central,8.0,3.9175145904901066e-05,6.514314392319379e-07,0.0,K3,7.990308666261348e-06,64,7.500925755718884e-07,3,0.4,0.0,central_n64_L16_s5_sw0p65_A1_g1_r0_dt0p02,5,3.376324508860981e-06,5.075093491303373e-06,4.1692569379806795e-06,2.2748318093514686e-06,4.644982300987398e-06,3.4113084540488003e-07,1.4336449643589605e-06,3.310842589647913e-06,7.848563780072289e-07,0.0,5.075093491303373e-06,1.0141155016480917e-05,5.072630722568417e-06,1.6259462086096677e-11,5.072621824064532e-06,3.6821932062951477e-16
91223842b0e681fe8f896e359909d9fcca08d34d2d3bf7cc88c734a4658a1fd6,6da0ada455039df8420e0e657fb3ff9f34c16118ea205960c798fbf6390bd4a4,16,0.02,16,1.8,0.0,central,16.0,7.975612049443123e-05,6.514314411523578e-07,0.0,K3,7.990308666261033e-06,64,7.50092575571862e-07,3,0.4,0.0,central_n64_L16_s5_sw0p65_A1_g1_r0_dt0p02,5,3.376324508860981e-06,5.075093491303373e-06,4.1692569379806795e-06,2.2748318093514686e-06,4.644982300987398e-06,3.4113084540488003e-07,1.4336449643589605e-06,3.310842589647913e-06,7.848563780072289e-07,0.0,5.075093491303373e-06,1.0141155016480917e-05,5.072621824156103e-06,8.08254562088053e-16,5.072621823690611e-06,1.6653345369377348e-16
91223842b0e681fe8f896e359909d9fcca08d34d2d3bf7cc88c734a4658a1fd6,6da0ada455039df8420e0e657fb3ff9f34c16118ea205960c798fbf6390bd4a4,16,0.02,16,1.8,0.0,central,32.0,0.00016091806967443567,6.514314445489561e-07,0.0,K3,7.990308666261033e-06,64,7.50092575571862e-07,3,0.4,0.0,central_n64_L16_s5_sw0p65_A1_g1_r0_dt0p02,5,3.376324508860981e-06,5.075093491303373e-06,4.1692569379806795e-06,2.2748318093514686e-06,4.644982300987398e-06,3.4113084540488003e-07,1.4336449643589605e-06,3.310842589647913e-06,7.848563780072289e-07,0.0,5.075093491303373e-06,1.0141155016480917e-05,5.072621823786117e-06,3.554447978966673e-16,5.072621823756954e-06,1.6653345369377348e-16
91223842b0e681fe8f896e359909d9fcca08d34d2d3bf7cc88c734a4658a1fd6,958f3fb2131acf8fe89abd59e75d47c2c8d54150dc45bb4b7ec82676c05f31ed,16,0.02,15,0.84,,central,4.0,0.10794979130158473,0.008491682420228755,0.0,K0,0.04779043874099189,64,0.009618800868529101,0,0.52,,central_n64_L16_s6_sw0p65_A1_g1_r0_dt0p02,6,0.011484173347151568,0.03151777489430691,0.023784588847000795,0.006410806036878545,0.03336865350649507,0.002864174625542573,0.019384044912122148,0.02070368447958338,0.009618800868529101,0.0,0.028522046516082422,0.06856000867541488,0.02827856764117867,0.00032887824563464734,0.028003311249490292,1.044217281380693e-06
91223842b0e681fe8f896e359909d9fcca08d34d2d3bf7cc88c734a4658a1fd6,958f3fb2131acf8fe89abd59e75d47c2c8d54150dc45bb4b7ec82676c05f31ed,16,0.02,15,0.84,0.0,central,8.0,0.2199601119737765,0.008492037832150816,0.0,K0,0.04779040250525315,64,0.009618800868529101,0,0.52,0.0,central_n64_L16_s6_sw0p65_A1_g1_r0_dt0p02,6,0.011484177430713406,0.03151777489430691,0.023784588847000795,0.006410810335620857,0.03336865350649507,0.002864174625542573,0.019384044912122148,0.02070368447958338,0.009618800868529101,0.0,0.028522046516082422,0.06856000867541488,0.028003311249490292,1.044217281380693e-06,0.028002513657687567,8.659354054990335e-12
91223842b0e681fe8f896e359909d9fcca08d34d2d3bf7cc88c734a4658a1fd6,958f3fb2131acf8fe89abd59e75d47c2c8d54150dc45bb4b7ec82676c05f31ed,16,0.02,15,0.84,0.0,central,16.0,0.4439802212033822,0.008492037835193963,0.0,K0,0.047790402505204,64,0.009618800868529101,0,0.52,0.0,central_n64_L16_s6_sw0p65_A1_g1_r0_dt0p02,6,0.011484177430719288,0.03151777489430691,0.023784588847000795,0.0064108103356364625,0.03336865350649507,0.002864174625542573,0.019384044912122148,0.02070368447958338,0.009618800868529101,0.0,0.028522046516082422,0.06856000867541488,0.028002513657687567,8.659354054990335e-12,0.02800251365353055,5.23691153334427e-16
91223842b0e681fe8f896e359909d9fcca08d34d2d3bf7cc88c734a4658a1fd6,958f3fb2131acf8fe89abd59e75d47c2c8d54150dc45bb4b7ec82676c05f31ed,16,0.02,15,0.84,0.0,central,32.0,0.8920204396598721,0.008492037835197351,0.0,K0,0.047790402505204,64,0.009618800868529101,0,0.52,0.0,central_n64_L16_s6_sw0p65_A1_g1_r0_dt0p02,6,0.011484177430719288,0.03151777489430691,0.023784588847000795,0.0064108103356364625,0.03336865350649507,0.002864174625542573,0.019384044912122148,0.02070368447958338,0.009618800868529101,0.0,0.028522046516082422,0.06856000867541488,0.02800251365353068,5.23691153334427e-16,0.02800251365353056,1.2412670766236366e-16
91223842b0e681fe8f896e359909d9fcca08d34d2d3bf7cc88c734a4658a1fd6,958f3fb2131acf8fe89abd59e75d47c2c8d54150dc45bb4b7ec82676c05f31ed,16,0.02,14,0.88,,central,4.0,0.0068186960753734305,0.00028673022666172445,0.0,K1,0.0028974812073450248,64,0.0003181695313111954,1,0.56,,central_n64_L16_s6_sw0p65_A1_g1_r0_dt0p02,6,0.0008292071642992262,0.0019108876766861362,0.0014827016987374354,0.0005019699277667186,0.0013994081851550512,6.401843084446329e-05,0.00036440243933862836,0.0013247688444453097,0.0003181695313111954,0.0,0.001794231307978433,0.004396823363220233,0.001806988654002275,1.1465758795256826e-05,0.0017993189140883595,2.70292347968551e-08
91223842b0e681fe8f896e359909d9fcca08d34d2d3bf7cc88c734a4658a1fd6,958f3fb2131acf8fe89abd59e75d47c2c8d54150dc45bb4b7ec82676c05f31ed,16,0.02,14,0.88,0.0,central,8.0,0.0140159226386713,0.0002867389341804252,0.0,K1,0.0028974790104124414,64,0.0003181695313111954,1,0.56,0.0,central_n64_L16_s6_sw0p65_A1_g1_r0_dt0p02,6,0.0008292074116733447,0.0019108876766861362,0.0014827016987374354,0.000501970104413075,0.0013994081851550512,6.401843084446329e-05,0.0003644049016558974,0.0013247688444453097,0.0003181695313111954,0.0,0.001794231307978433,0.004396823363220233,0.0017993189140883595,2.70292347968551e-08,0.001799305589262283,8.984839518805753e-14
91223842b0e681fe8f896e359909d9fcca08d34d2d3bf7cc88c734a4658a1fd6,958f3fb2131acf8fe89abd59e75d47c2c8d54150dc45bb4b7ec82676c05f31ed,16,0.02,14,0.88,0.0,central,16.0,0.02841036735246016,0.0002867389342099185,6.77927340424307e-32,K1,0.002897479010409462,64,0.0003181695313111954,1,0.56,0.0,central_n64_L16_s6_sw0p65_A1_g1_r0_dt0p02,6,0.000829207411673625,0.0019108876766861362,0.0014827016987374354,0.000501970104413322,0.0013994081851550512,6.401843084446329e-05,0.0003644049016651486,0.0013247688444453097,0.0003181695313111954,0.0,0.001794231307978433,0.004396823363220233,0.001799305589262283,8.984839518805753e-14,0.0017993055892221554,1.6653345369377348e-16
91223842b0e681fe8f896e359909d9fcca08d34d2d3bf7cc88c734a4658a1fd6,958f3fb2131acf8fe89abd59e75d47c2c8d54150dc45bb4b7ec82676c05f31ed,16,0.02,14,0.88,0.0,central,32.0,0.057199256780015334,0.0002867389342116338,6.77927340424307e-32,K1,0.002897479010409462,64,0.0003181695313111954,1,0.56,0.0,central_n64_L16_s6_sw0p65_A1_g1_r0_dt0p02,6,0.000829207411673625,0.0019108876766861362,0.0014827016987374354,0.0005019701044133293,0.0013994081851550512,6.401843084446329e-05,0.0003644049016651486,0.0013247688444453097,0.0003181695313111954,0.0,0.001794231307978433,0.004396823363220233,0.00179930558922225,2.2887833992611187e-16,0.0017993055892222274,1.2412670766236366e-16
91223842b0e681fe8f896e359909d9fcca08d34d2d3bf7cc88c734a4658a1fd6,958f3fb2131acf8fe89abd59e75d47c2c8d54150dc45bb4b7ec82676c05f31ed,16,0.02,16,1.24,,central,4.0,0.0005126971338778313,9.374375309238352e-06,0.0,K2,0.00021055825683753674,64,1.1623491983180944e-05,2,0.2,,central_n64_L16_s6_sw0p65_A1_g1_r0_dt0p02,6,5.245850469720579e-05,0.0001388630846665754,0.00010681427034822117,3.6692723007877737e-05,0.00014921501482398876,6.157025442099506e-06,1.943723710958001e-05,8.877959053415012e-05,1.1623491983180944e-05,0.0,0.0001388630846665754,0.00034593065597902624,0.0001382055532938463,3.313726171125827e-07,0.0001380594906650961,8.904646265385326e-10
91223842b0e681fe8f896e359909d9fcca08d34d2d3bf7cc88c734a4658a1fd6,958f3fb2131acf8fe89abd59e75d47c2c8d54150dc45bb4b7ec82676c05f31ed,16,0.02,16,1.24,0.0,central,8.0,0.0010649343827760552,9.374670671062889e-06,0.0,K2,0.00021055809718773677,64,1.1623491983180944e-05,2,0.2,0.0,central_n64_L16_s6_sw0p65_A1_g1_r0_dt0p02,6,5.245851525672432e-05,0.0001388630846665754,0.00010681427034822117,3.669273575506947e-05,0.00014921501482398876,6.157025442099506e-06,1.943723710958001e-05,8.877959053415012e-05,1.1623491983180944e-05,0.0,0.0001388630846665754,0.00034593065597902624,0.0001380594906650961,8.904646265385326e-10,0.0001380592975821367,4.998778397814585e-15
91223842b0e681fe8f896e359909d9fcca08d34d2d3bf7cc88c734a4658a1fd6,958f3fb2131acf8fe89abd59e75d47c2c8d54150dc45bb4b7ec82676c05f31ed,16,0.02,16,1.24,0.0,central,16.0,0.0021694087634317565,9.37467067436285e-06,0.0,K2,0.00021055809718752025,64,1.1623491983180944e-05,2,0.2,0.0,central_n64_L16_s6_sw0p65_A1_g1_r0_dt0p02,6,5.245851525673842e-05,0.0001388630846665754,0.00010681427034822117,3.6692735755087925e-05,0.00014921501482398876,6.157025442099506e-06,1.943723710958001e-05,8.877959053415012e-05,1.1623491983180944e-05,0.0,0.0001388630846665754,0.00034593065597902624,0.00013805929758267627,4.998778397814585e-15,0.00013805929758188237,2.220446049250313e-16
91223842b0e681fe8f896e359909d9fcca08d34d2d3bf7cc88c734a4658a1fd6,958f3fb2131acf8fe89abd59e75d47c2c8d54150dc45bb4b7ec82676c05f31ed,16,0.02,16,1.24,0.0,central,32.0,0.004378357524744937,9.37467067585142e-06,0.0,K2,0.00021055809718752025,64,1.1623491983180944e-05,2,0.2,0.0,central_n64_L16_s6_sw0p65_A1_g1_r0_dt0p02,6,5.245851525673912e-05,0.0001388630846665754,0.00010681427034822117,3.6692735755087925e-05,0.00014921501482398876,6.157025442099506e-06,1.943723710958001e-05,8.877959053415012e-05,1.1623491983180944e-05,0.0,0.0001388630846665754,0.00034593065597902624,0.00013805929758212276,2.220446049250313e-16,0.0001380592975820881,1.1102230246251565e-16
91223842b0e681fe8f896e359909d9fcca08d34d2d3bf7cc88c734a4658a1fd6,958f3fb2131acf8fe89abd59e75d47c2c8d54150dc45bb4b7ec82676c05f31ed,16,0.02,15,4.0,,central,4.0,2.4311254442821594e-05,1.2014677445957085e-06,0.0,K3,1.0353923901917522e-05,64,1.7430625276955652e-06,3,0.32,,central_n64_L16_s6_sw0p65_A1_g1_r0_dt0p02,6,3.0405118327713485e-06,6.828408598256098e-06,4.1379159996142005e-06,2.030325749792321e-06,1.2512636876025763e-05,8.220053862029175e-07,4.345767214624673e-06,5.431833552135399e-06,1.7430625276955652e-06,0.0,4.186779407997695e-06,1.3837382339611284e-05,6.828408598256098e-06,1.621592873962738e-08,6.828408598256098e-06,4.472606454143622e-11
91223842b0e681fe8f896e359909d9fcca08d34d2d3bf7cc88c734a4658a1fd6,958f3fb2131acf8fe89abd59e75d47c2c8d54150dc45bb4b7ec82676c05f31ed,16,0.02,15,4.2,1.5821203176632484e-13,central,8.0,5.162488766006632e-05,1.2014825701573723e-06,0.0,K3,1.0353916291246587e-05,64,1.7430625276955652e-06,3,0.32,0.0,central_n64_L16_s6_sw0p65_A1_g1_r0_dt0p02,6,3.0405121871256114e-06,6.828408756468129e-06,4.1379159996142005e-06,2.030326416447616e-06,1.2512636876025763e-05,8.220053862029175e-07,4.345781575785122e-06,5.431833888536719e-06,1.7430625276955652e-06,0.0,4.186780855414951e-06,1.3837414192409432e-05,6.828408756468129e-06,4.472606454143622e-11,6.8284081942613465e-06,1.1102230246251565e-16
91223842b0e681fe8f896e359909d9fcca08d34d2d3bf7cc88c734a4658a1fd6,958f3fb2131acf8fe89abd59e75d47c2c8d54150dc45bb4b7ec82676c05f31ed,16,0.02,15,4.2,0.0,central,16.0,0.00010625215321530107,1.2014825719940502e-06,0.0,K3,1.035391629123594e-05,64,1.7430625276955652e-06,3,0.32,0.0,central_n64_L16_s6_sw0p65_A1_g1_r0_dt0p02,6,3.0405121871256114e-06,6.828408756468129e-06,4.1379159996142005e-06,2.0303264164608515e-06,1.2512636876025763e-05,8.220053862029175e-07,4.34578157608658e-06,5.431833888536719e-06,1.7430625276955652e-06,0.0,4.186780855592926e-06,1.3837414192871725e-05,6.8284081951870426e-06,8.025154038416283e-16,6.828408194429226e-06,2.220446049250313e-16
91223842b0e681fe8f896e359909d9fcca08d34d2d3bf7cc88c734a4658a1fd6,958f3fb2131acf8fe89abd59e75d47c2c8d54150dc45bb4b7ec82676c05f31ed,16,0.02,15,4.2,0.0,central,32.0,0.00021550668432503926,1.2014825741514151e-06,0.0,K3,1.035391629123594e-05,64,1.7430625276955652e-06,3,0.32,0.0,central_n64_L16_s6_sw0p65_A1_g1_r0_dt0p02,6,3.0405121871256114e-06,6.828408756468129e-06,4.1379159996142005e-06,2.0303264164608515e-06,1.2512636876025763e-05,8.220053862029175e-07,4.34578157608658e-06,5.431833888536719e-06,1.7430625276955652e-06,0.0,4.186780855592926e-06,1.3837414192917789e-05,6.828408194491425e-06,2.220446049250313e-16,6.828408194491425e-06,1.5700924586837752e-16
91223842b0e681fe8f896e359909d9fcca08d34d2d3bf7cc88c734a4658a1fd6,13ce51e28b4add4cc049e4dca90ba74230bef6ad4fd8cf879527daafdc8fc381,8,0.01,7,1.0,,control,4.0,0.2857570223418701,0.017953491983430218,0.0,K0,0.11176699046021947,32,0.016754748570915426,0,0.6,,control_n32_L8_s15_sw0p65_A1_g1_r0_dt0p01,15,0.02856970490416315,0.08165298457518802,0.045534680950926824,0.015424895821970753,0.04815812887290775,0.006422632550874302,0.04468149399574521,0.06777759748422184,0.018041784474242567,0.0,0.058575418402848876,0.1622437591598335,0.07732158885956038,0.0010964636064640539,0.0765873598611521,4.061997267892783e-06
91223842b0e681fe8f896e359909d9fcca08d34d2d3bf7cc88c734a4658a1fd6,13ce51e28b4add4cc049e4dca90ba74230bef6ad4fd8cf879527daafdc8fc381,8,0.01,8,1.8,,control,4.0,0.022627871893176218,0.00041058609421058964,0.0,K1,0.008419879019051201,32,0.00039196155658982,1,0.68,,control_n32_L8_s15_sw0p65_A1_g1_r0_dt0p01,15,0.0034043064932442755,0.006151263882445126,0.003258399909763211,0.0015682056572781137,0.0011713736240779049,8.756403664397089e-05,0.0032065058666067526,0.00523073212072277,0.0004220705489104089,0.0,0.006151263882445126,0.006108921590790921,0.006151068116069425,2.7102816757889422e-05,0.006150434010858102,7.916711825522935e-08
91223842b0e681fe8f896e359909d9fcca08d34d2d3bf7cc88c734a4658a1fd6,13ce51e28b4add4cc049e4dca90ba74230bef6ad4fd8cf879527daafdc8fc381,8,0.01,4,4.0,,control,4.0,0.0010536295377079322,4.4340889961315335e-05,0.0,K2,0.0003885281016754861,32,4.887640962111101e-05,2,0.48,,control_n32_L8_s15_sw0p65_A1_g1_r0_dt0p01,15,0.00027149798432958447,0.0002838448003520954,0.0002461626146309441,0.00013110099055653246,0.000148586877994007,8.890692728025229e-06,0.0002838448003520954,0.00014132175290795899,5.2630909054023534e-05,0.0,0.0002756457421595646,0.0007540798066231631,0.0002838448003520954,1.2863596313517633e-06,0.0002838448003520954,3.1891482400450705e-09
91223842b0e681fe8f896e359909d9fcca08d34d2d3bf7cc88c734a4658a1fd6,13ce51e28b4add4cc049e4dca90ba74230bef6ad4fd8cf879527daafdc8fc381,8,0.01,8,0.52,,control,4.0,1.1664173423163927e-09,2.45387010351829e-10,0.0,K8,5.225095871126565e-10,32,2.795241121377403e-10,8,0.44,,control_n32_L8_s15_sw0p65_A1_g1_r0_dt0p01,15,1.5914971879355093e-10,3.8172690417107455e-10,2.423160390346217e-10,4.694620508014273e-11,2.2364469605934864e-10,1.4059831077162244e-10,2.8256629006074117e-10,2.9661908396119346e-10,3.0099608867288306e-10,0.0,3.8172690417107455e-10,3.211592564614101e-09,2.9722024083103995e-10,5.599342218123415e-12,2.9722024083103995e-10,1.3716984065269428e-14
91223842b0e681fe8f896e359909d9fcca08d34d2d3bf7cc88c734a4658a1fd6,01c26138bcd55a05d19f22a487c4f3676a9ce0d22b0203710d72b7aff3f4fb5f,32,0.02,21,4.0,,depth,4.0,0.035836116148949985,0.003697628102122111,0.0,K0,0.01877768426791015,64,0.004820999065516677,0,0.44,,depth_n64_L32_s8_sw0p65_A1_g1_r0_dt0p02,8,0.0042790880540631146,0.010005596684672165,0.00840495809541705,0.003014606140937106,0.03024370199161266,0.001274071971644114,0.005820791779680035,0.006095457581873065,0.004820999065516677,0.0,0.005024814313949862,0.0125733345484194,0.010005596684672165,7.496896416765306e-05,0.010005596684672165,2.0369005027314853e-07
91223842b0e681fe8f896e359909d9fcca08d34d2d3bf7cc88c734a4658a1fd6,01c26138bcd55a05d19f22a487c4f3676a9ce0d22b0203710d72b7aff3f4fb5f,32,0.02,21,8.0,4.25087210154107e-08,depth,8.0,0.0758586597136736,0.003697695436342603,0.0,K0,0.018777760349860097,64,0.004820999065516677,0,0.44,0.0,depth_n64_L32_s8_sw0p65_A1_g1_r0_dt0p02,8,0.004279088446325566,0.01000563919339318,0.008405026329341618,0.0030146064148136222,0.03024370199161266,0.001274071971644114,0.005820819092853904,0.006095457581873065,0.004820999065516677,0.0,0.0050249167422464465,0.012573426812948594,0.01000563919339318,2.0369005027314853e-07,0.01000563919339318,8.236942748499227e-13
91223842b0e681fe8f896e359909d9fcca08d34d2d3bf7cc88c734a4658a1fd6,01c26138bcd55a05d19f22a487c4f3676a9ce0d22b0203710d72b7aff3f4fb5f,32,0.02,21,9.68,1.3286420574853963e-13,depth,16.0,0.15590377326183516,0.0036976954366027327,4.1600086798764294e-32,K0,0.01877776035010575,64,0.004820999065516677,0,0.44,0.0,depth_n64_L32_s8_sw0p65_A1_g1_r0_dt0p02,8,0.0042790884463261274,0.010005639193526044,0.008405026329579542,0.003014606414814001,0.03024370199161266,0.001274071971644114,0.0058208190929287034,0.006095457581873065,0.004820999065516677,0.0,0.005024916742651241,0.012573426813282818,0.010005639193526044,8.236942748499227e-13,0.010005639193525004,0.0
91223842b0e681fe8f896e359909d9fcca08d34d2d3bf7cc88c734a4658a1fd6,01c26138bcd55a05d19f22a487c4f3676a9ce0d22b0203710d72b7aff3f4fb5f,32,0.02,21,9.68,0.0,depth,32.0,0.31599400035823605,0.0036976954366039773,4.1600086798764294e-32,K0,0.01877776035010575,64,0.004820999065516677,0,0.44,0.0,depth_n64_L32_s8_sw0p65_A1_g1_r0_dt0p02,8,0.004279088446326131,0.010005639193526044,0.008405026329579542,0.003014606414814001,0.03024370199161266,0.001274071971644114,0.0058208190929287034,0.006095457581873065,0.004820999065516677,0.0,0.005024916742651241,0.012573426813282818,0.010005639193525123,2.5438405243138006e-16,0.010005639193525049,5.551115123125783e-17
91223842b0e681fe8f896e359909d9fcca08d34d2d3bf7cc88c734a4658a1fd6,01c26138bcd55a05d19f22a487c4f3676a9ce0d22b0203710d72b7aff3f4fb5f,32,0.02,27,3.96,,depth,4.0,0.002769359963996992,0.00020149191329481625,0.0,K1,0.0013641790377356354,64,0.0003380674841423026,1,0.28,,depth_n64_L32_s8_sw0p65_A1_g1_r0_dt0p02,8,0.0002728543525808462,0.0007268960891302729,0.0005013626259655694,0.0001892017882083478,0.0025708322167431615,0.0001483539255523192,0.0003032180147425326,0.0006567119583350654,0.0003380674841423026,0.0,0.00067165518861404,0.0015018873399953805,0.0007268960891302729,1.2432910025659415e-06,0.0007268960889370581,7.364984610637446e-10
91223842b0e681fe8f896e359909d9fcca08d34d2d3bf7cc88c734a4658a1fd6,01c26138bcd55a05d19f22a487c4f3676a9ce0d22b0203710d72b7aff3f4fb5f,32,0.02,27,3.96,0.0,depth,8.0,0.0056769440660818845,0.0002014921303440132,0.0,K1,0.0013641787693035835,64,0.0003380674841423026,1,0.28,0.0,depth_n64_L32_s8_sw0p65_A1_g1_r0_dt0p02,8,0.00027285437405255195,0.0007268960891302729,0.0005013626259655694,0.0001892017978444329,0.0025708322167431615,0.0001483539255523192,0.00030321822533799117,0.0006567119988535287,0.0003380674841423026,0.0,0.00067165518861404,0.0015018873399953805,0.0007268960889370581,7.364984610637446e-10,0.0007268960148693715,2.5733475320642316e-15
91223842b0e681fe8f896e359909d9fcca08d34d2d3bf7cc88c734a4658a1fd6,01c26138bcd55a05d19f22a487c4f3676a9ce0d22b0203710d72b7aff3f4fb5f,32,0.02,27,3.96,0.0,depth,16.0,0.011492112185027416,0.000201492130346588,3.0814879110195774e-32,K1,0.0013641787693033152,64,0.0003380674841423026,1,0.28,0.0,depth_n64_L32_s8_sw0p65_A1_g1_r0_dt0p02,8,0.0002728543740525694,0.0007268960891302729,0.0005013626259655694,0.00018920179784443636,0.0025708322167431615,0.0001483539255523192,0.00030321822533799117,0.0006567119988535287,0.0003380674841423026,0.0,0.00067165518861404,0.0015018873399953805,0.0007268960148693715,2.5733475320642316e-15,0.0007268960148683759,0.0
91223842b0e681fe8f896e359909d9fcca08d34d2d3bf7cc88c734a4658a1fd6,01c26138bcd55a05d19f22a487c4f3676a9ce0d22b0203710d72b7aff3f4fb5f,32,0.02,27,3.96,0.0,depth,32.0,0.023122448422921608,0.00020149213034772667,3.0814879110195774e-32,K1,0.0013641787693033152,64,0.0003380674841423026,1,0.28,0.0,depth_n64_L32_s8_sw0p65_A1_g1_r0_dt0p02,8,0.0002728543740525694,0.0007268960891302729,0.0005013626259655694,0.00018920179784443636,0.0025708322167431615,0.0001483539255523192,0.00030321822533799117,0.0006567119988535287,0.0003380674841423026,0.0,0.00067165518861404,0.0015018873399953805,0.0007268960148684475,2.5438405243138006e-16,0.000726896014868398,5.551115123125783e-17
91223842b0e681fe8f896e359909d9fcca08d34d2d3bf7cc88c734a4658a1fd6,01c26138bcd55a05d19f22a487c4f3676a9ce0d22b0203710d72b7aff3f4fb5f,32,0.02,23,4.0,,depth,4.0,0.0002338575475812712,1.0967041651071788e-05,0.0,K2,0.0001227191620998497,64,1.5929955492290723e-05,2,0.32,,depth_n64_L32_s8_sw0p65_A1_g1_r0_dt0p02,8,1.2341170284872114e-05,6.53903018036344e-05,5.5530518360331125e-05,9.573203090314563e-06,9.945238020390275e-05,5.91764638058212e-06,4.4307586489682795e-05,4.003551087152363e-05,1.5929955492290723e-05,0.0,1.9508818265288454e-05,7.191742169416189e-05,6.53903018036344e-05,1.3090163978547658e-07,6.53903018036344e-05,2.4190185934261173e-10
91223842b0e681fe8f896e359909d9fcca08d34d2d3bf7cc88c734a4658a1fd6,01c26138bcd55a05d19f22a487c4f3676a9ce0d22b0203710d72b7aff3f4fb5f,32,0.02,23,7.92,7.912178883265081e-11,depth,8.0,0.0004954190478951657,1.096711792545915e-05,0.0,K2,0.00012271928644143438,64,1.5929955492290723e-05,2,0.32,0.0,depth_n64_L32_s8_sw0p65_A1_g1_r0_dt0p02,8,1.2341171263398526e-05,6.539038092542323e-05,5.5530644997929394e-05,9.573203509923457e-06,9.945238020390275e-05,5.91764638058212e-06,4.4307616415957815e-05,4.003551087152363e-05,1.5929955492290723e-05,0.0,1.9508956217789374e-05,7.191775092730594e-05,6.539038092542323e-05,2.4190185934261173e-10,6.539038092436755e-05,7.108895957933346e-16
91223842b0e681fe8f896e359909d9fcca08d34d2d3bf7cc88c734a4658a1fd6,01c26138bcd55a05d19f22a487c4f3676a9ce0d22b0203710d72b7aff3f4fb5f,32,0.02,23,7.92,0.0,depth,16.0,0.001018542095287928,1.0967117927527078e-05,0.0,K2,0.00012271928644141025,64,1.5929955492290723e-05,2,0.32,0.0,depth_n64_L32_s8_sw0p65_A1_g1_r0_dt0p02,8,1.234117126340231e-05,6.539038092542323e-05,5.553064499887152e-05,9.573203509923457e-06,9.945238020390275e-05,5.91764638058212e-06,4.430761641632463e-05,4.003551087152363e-05,1.5929955492290723e-05,0.0,1.9508956219060588e-05,7.191775092866368e-05,6.53903809253313e-05,8.025154038416283e-16,6.539038092414038e-05,1.5700924586837752e-16
91223842b0e681fe8f896e359909d9fcca08d34d2d3bf7cc88c734a4658a1fd6,01c26138bcd55a05d19f22a487c4f3676a9ce0d22b0203710d72b7aff3f4fb5f,32,0.02,23,7.92,0.0,depth,32.0,0.0020647881900753597,1.0967117929411935e-05,0.0,K2,0.00012271928644141025,64,1.5929955492290723e-05,2,0.32,0.0,depth_n64_L32_s8_sw0p65_A1_g1_r0_dt0p02,8,1.234117126340231e-05,6.539038092542323e-05,5.553064499887152e-05,9.573203509923457e-06,9.945238020390275e-05,5.91764638058212e-06,4.430761641632463e-05,4.003551087152363e-05,1.5929955492290723e-05,0.0,1.9508956219060588e-05,7.191775092866368e-05,6.53903809242891e-05,2.0014830212433605e-16,6.53903809242891e-05,1.2412670766236366e-16
91223842b0e681fe8f896e359909d9fcca08d34d2d3bf7cc88c734a4658a1fd6,01c26138bcd55a05d19f22a487c4f3676a9ce0d22b0203710d72b7aff3f4fb5f,32,0.02,31,0.88,,depth,4.0,6.181299798222061e-06,2.3507951488735862e-07,0.0,K3,3.0743048833033458e-06,64,3.6535684073527855e-07,3,0.28,,depth_n64_L32_s8_sw0p65_A1_g1_r0_dt0p02,8,5.012839963924858e-07,1.6381282329162757e-06,1.4131143677073561e-06,3.934939655508483e-07,2.4310573193528063e-06,1.4359515604356332e-07,2.5636805454561156e-07,9.273792943452168e-07,3.6535684073527855e-07,0.0,1.4355021016753755e-06,2.7862785353272305e-06,1.6226577864313813e-06,2.31316238515239e-09,1.6215986290984588e-06,2.608982337755626e-12
91223842b0e681fe8f896e359909d9fcca08d34d2d3bf7cc88c734a4658a1fd6,01c26138bcd55a05d19f22a487c4f3676a9ce0d22b0203710d72b7aff3f4fb5f,32,0.02,31,0.88,0.0,depth,8.0,1.2667689378651277e-05,2.350802820343986e-07,0.0,K3,3.0743042783666433e-06,64,3.6535684073527855e-07,3,0.28,0.0,depth_n64_L32_s8_sw0p65_A1_g1_r0_dt0p02,8,5.012840593474812e-07,1.6381282329162757e-06,1.4131143677073561e-06,3.934939882196794e-07,2.4310573193528063e-06,1.4359515604356332e-07,2.5636805454561156e-07,9.273792943452168e-07,3.6535684073527855e-07,0.0,1.4355021016753755e-06,2.7862785353272305e-06,1.6215986290984588e-06,2.608982337755626e-12,1.6215972977247865e-06,1.9229626863835638e-16
91223842b0e681fe8f896e359909d9fcca08d34d2d3bf7cc88c734a4658a1fd6,01c26138bcd55a05d19f22a487c4f3676a9ce0d22b0203710d72b7aff3f4fb5f,32,0.02,31,0.88,0.0,depth,16.0,2.5640467757945623e-05,2.3508028414600467e-07,0.0,K3,3.074304278366039e-06,64,3.6535684073527855e-07,3,0.28,0.0,depth_n64_L32_s8_sw0p65_A1_g1_r0_dt0p02,8,5.012840593474812e-07,1.6381282329162757e-06,1.4131143677073561e-06,3.9349398822182297e-07,2.4310573193528063e-06,1.4359515604356332e-07,2.5636805454561156e-07,9.273792943452168e-07,3.6535684073527855e-07,0.0,1.4355021016753755e-06,2.7862785353272305e-06,1.62159729843994e-06,8.473409486550036e-16,1.621597297445837e-06,1.2412670766236366e-16
91223842b0e681fe8f896e359909d9fcca08d34d2d3bf7cc88c734a4658a1fd6,01c26138bcd55a05d19f22a487c4f3676a9ce0d22b0203710d72b7aff3f4fb5f,32,0.02,31,0.88,0.0,depth,32.0,5.158602451820718e-05,2.3508028515931357e-07,0.0,K3,3.074304278366039e-06,64,3.6535684073527855e-07,3,0.28,0.0,depth_n64_L32_s8_sw0p65_A1_g1_r0_dt0p02,8,5.012840593474812e-07,1.6381282329162757e-06,1.4131143677073561e-06,3.9349398822182297e-07,2.4310573193528063e-06,1.4359515604356332e-07,2.5636805454561156e-07,9.273792943452168e-07,3.6535684073527855e-07,0.0,1.4355021016753755e-06,2.7862785353272305e-06,1.6215972975414265e-06,2.7194799110210365e-16,1.621597297530429e-06,0.0
91223842b0e681fe8f896e359909d9fcca08d34d2d3bf7cc88c734a4658a1fd6,5b93eaf9105aad99413121bf1072b58b2653e44970ae141bceaf5c1b417ab7c9,8,0.02,8,0.84,,depth,4.0,0.18521020681176112,0.012173372614021722,0.0,K0,0.07551312853363283,64,0.012139142090163592,0,0.52,,depth_n64_L8_s8_sw0p65_A1_g1_r0_dt0p02,8,0.0237500490241066,0.05189323104067051,0.03424662600054492,0.015023805772582444,0.03875155981854957,0.004722518156599964,0.019183069088280994,0.039032618754746354,0.013091252227425887,0.0,0.05189323104067051,0.12390129612801065,0.049069480442430605,0.0006724972516563238,0.04894226816973316,4.319874131899047e-06
91223842b0e681fe8f896e359909d9fcca08d34d2d3bf7cc88c734a4658a1fd6,5b93eaf9105aad99413121bf1072b58b2653e44970ae141bceaf5c1b417ab7c9,8,0.02,8,0.84,0.0,depth,8.0,0.38098034059209407,0.012175008426403103,0.0,K0,0.0755129468401693,64,0.012139120762633447,0,0.52,0.0,depth_n64_L8_s8_sw0p65_A1_g1_r0_dt0p02,8,0.02375011750376617,0.05189323104067051,0.03424662600054492,0.015023853413149631,0.03875155981854957,0.004722518156599964,0.019184317414283083,0.039032618754746354,0.013091252227425887,0.0,0.05189323104067051,0.12390129612801065,0.04894256738698523,4.319874131899047e-06,0.04894256738698523,8.603393315204181e-11
91223842b0e681fe8f896e359909d9fcca08d34d2d3bf7cc88c734a4658a1fd6,5b93eaf9105aad99413121bf1072b58b2653e44970ae141bceaf5c1b417ab7c9,8,0.02,8,0.84,0.0,depth,16.0,0.7725208797713511,0.012175008457584572,5.546678239835239e-32,K0,0.07551294683926085,64,0.012139120762525706,0,0.52,0.0,depth_n64_L8_s8_sw0p65_A1_g1_r0_dt0p02,8,0.0237501175045721,0.05189323104067051,0.03424662600054492,0.015023853413708587,0.03875155981854957,0.004722518156599964,0.019184317440270406,0.039032618754746354,0.013091252227425887,0.0,0.05189323104067051,0.12390129612801065,0.04894256739790361,8.603393315204181e-11,0.0489425673979036,2.5438405243138006e-16
91223842b0e681fe8f896e359909d9fcca08d34d2d3bf7cc88c734a4658a1fd6,5b93eaf9105aad99413121bf1072b58b2653e44970ae141bceaf5c1b417ab7c9,8,0.02,8,0.84,0.0,depth,32.0,1.555601958137812,0.012175008457586638,5.546678239835239e-32,K0,0.07551294683926082,64,0.012139120762525704,0,0.52,0.0,depth_n64_L8_s8_sw0p65_A1_g1_r0_dt0p02,8,0.023750117504572125,0.05189323104067051,0.03424662600054492,0.015023853413708594,0.03875155981854957,0.004722518156599964,0.019184317440270406,0.039032618754746354,0.013091252227425887,0.0,0.05189323104067051,0.12390129612801065,0.04894256739790391,2.5438405243138006e-16,0.04894256739790391,1.1102230246251565e-16
91223842b0e681fe8f896e359909d9fcca08d34d2d3bf7cc88c734a4658a1fd6,5b93eaf9105aad99413121bf1072b58b2653e44970ae141bceaf5c1b417ab7c9,8,0.02,6,3.16,,depth,4.0,0.011458515309195845,0.00018679949575003198,0.0,K1,0.004667706613230119,64,0.00020416253789870155,1,0.36,,depth_n64_L8_s8_sw0p65_A1_g1_r0_dt0p02,8,0.00258481759163548,0.0032076856357836202,0.0030948762684104036,0.0015197872468322654,0.0009155967723863086,0.00010254482123686626,0.001856616848200631,0.0009539051607105498,0.00022017563178447643,0.0,0.0011662078607015843,0.004322406291753131,0.0032076856357836202,1.1386467642961145e-05,0.0032076392374766304,8.867674194243944e-08
91223842b0e681fe8f896e359909d9fcca08d34d2d3bf7cc88c734a4658a1fd6,5b93eaf9105aad99413121bf1072b58b2653e44970ae141bceaf5c1b417ab7c9,8,0.02,6,3.16,0.0,depth,8.0,0.024289007210678976,0.00018683256947809535,0.0,K1,0.004667695382179338,64,0.00020416217920097405,1,0.36,0.0,depth_n64_L8_s8_sw0p65_A1_g1_r0_dt0p02,8,0.002584820352113549,0.0032076856357836202,0.0030948762684104036,0.0015197898191079155,0.0009155967723863086,0.00010254482123686626,0.001856616848200631,0.0009539555046008777,0.00022017563178447643,0.0,0.0011662086782468978,0.004322406623550505,0.0032076392374766304,8.867674194243944e-08,0.00320762101667039,1.2872398641733286e-12
91223842b0e681fe8f896e359909d9fcca08d34d2d3bf7cc88c734a4658a1fd6,5b93eaf9105aad99413121bf1072b58b2653e44970ae141bceaf5c1b417ab7c9,8,0.02,6,3.16,0.0,depth,16.0,0.04994997534025431,0.00018683256992762154,5.546678239835239e-32,K1,0.004667695382123183,64,0.00020416217919916202,1,0.36,0.0,depth_n64_L8_s8_sw0p65_A1_g1_r0_dt0p02,8,0.0025848203521277465,0.0032076856357836202,0.0030948762684104036,0.001519789819121961,0.0009155967723863086,0.00010254482123686626,0.001856616848200631,0.0009539555053628527,0.00022017563178447643,0.0,0.0011662086782468978,0.004322406623550505,0.00320762101667039,1.2872398641733286e-12,0.0032076210161751423,1.6653345369377348e-16
91223842b0e681fe8f896e359909d9fcca08d34d2d3bf7cc88c734a4658a1fd6,5b93eaf9105aad99413121bf1072b58b2653e44970ae141bceaf5c1b417ab7c9,8,0.02,6,3.16,0.0,depth,32.0,0.10127191159905996,0.00018683256992930061,5.546678239835239e-32,K1,0.0046676953821231815,64,0.00020416217919916197,1,0.36,0.0,depth_n64_L8_s8_sw0p65_A1_g1_r0_dt0p02,8,0.0025848203521277465,0.0032076856357836202,0.0030948762684104036,0.001519789819121961,0.0009155967723863086,0.00010254482123686626,0.001856616848200631,0.0009539555053631351,0.00022017563178447643,0.0,0.0011662086782468978,0.004322406623550505,0.0032076210161753886,2.5438405243138006e-16,0.0032076210161753336,1.1102230246251565e-16
91223842b0e681fe8f896e359909d9fcca08d34d2d3bf7cc88c734a4658a1fd6,5b93eaf9105aad99413121bf1072b58b2653e44970ae141bceaf5c1b417ab7c9,8,0.02,8,1.2,,depth,4.0,0.0017159777162955412,4.915730718647688e-05,0.0,K2,0.0006701974829489236,64,4.9365369779387e-05,2,0.48,,depth_n64_L8_s8_sw0p65_A1_g1_r0_dt0p02,8,0.00021936013985071468,0.00046056511630364,0.0004140227526721766,0.00012792133182387537,0.00012421290728528768,1.777850386988633e-05,7.203287095627943e-05,0.00021728052252895452,5.323724710379376e-05,0.0,0.00046056511630364,0.000786621538631665,0.0004578762239692638,2.4666915212364176e-06,0.00045691709851820427,1.1263592163505461e-08
91223842b0e681fe8f896e359909d9fcca08d34d2d3bf7cc88c734a4658a1fd6,5b93eaf9105aad99413121bf1072b58b2653e44970ae141bceaf5c1b417ab7c9,8,0.02,8,1.2,0.0,depth,8.0,0.003543628396589761,4.916133939559778e-05,0.0,K2,0.0006701958703750005,64,4.936528304826512e-05,2,0.48,0.0,depth_n64_L8_s8_sw0p65_A1_g1_r0_dt0p02,8,0.00021936030129157382,0.00046056511630364,0.0004140227526721766,0.000127921546419167,0.00012421290728528768,1.777850386988633e-05,7.203807162903005e-05,0.00021728238369910237,5.323724710379376e-05,0.0,0.00046056511630364,0.000786621538631665,0.00045691709851820427,1.1263592163505461e-08,0.0004569122363266658,1.25260565270019e-13
91223842b0e681fe8f896e359909d9fcca08d34d2d3bf7cc88c734a4658a1fd6,5b93eaf9105aad99413121bf1072b58b2653e44970ae141bceaf5c1b417ab7c9,8,0.02,8,1.2,0.0,depth,16.0,0.007198926286789123,4.916133944029926e-05,4.3140830754274083e-32,K2,0.0006701958703669378,64,4.9365283047826984e-05,2,0.48,0.0,depth_n64_L8_s8_sw0p65_A1_g1_r0_dt0p02,8,0.00021936030129241887,0.00046056511630364,0.0004140227526721766,0.00012792154642029375,0.00012421290728528768,1.777850386988633e-05,7.203807168403836e-05,0.00021728238371367863,5.323724710379376e-05,0.0,0.00046056511630364,0.000786621538631665,0.0004569122363266658,1.25260565270019e-13,0.0004569122362727573,2.482534153247273e-16
91223842b0e681fe8f896e359909d9fcca08d34d2d3bf7cc88c734a4658a1fd6,5b93eaf9105aad99413121bf1072b58b2653e44970ae141bceaf5c1b417ab7c9,8,0.02,8,1.2,0.0,depth,32.0,0.014509522067153086,4.916133944268651e-05,4.3140830754274083e-32,K2,0.0006701958703669375,64,4.936528304782697e-05,2,0.48,0.0,depth_n64_L8_s8_sw0p65_A1_g1_r0_dt0p02,8,0.000219360301292449,0.00046056511630364,0.0004140227526721766,0.00012792154642029375,0.00012421290728528768,1.777850386988633e-05,7.203807168403836e-05,0.00021728238371367863,5.323724710379376e-05,0.0,0.00046056511630364,0.000786621538631665,0.0004569122362728215,2.5438405243138006e-16,0.0004569122362727743,1.2412670766236366e-16
91223842b0e681fe8f896e359909d9fcca08d34d2d3bf7cc88c734a4658a1fd6,5b93eaf9105aad99413121bf1072b58b2653e44970ae141bceaf5c1b417ab7c9,8,0.02,7,4.0,,depth,4.0,5.155046642333606e-05,5.382989750952239e-06,0.0,K3,2.0305844626279412e-05,64,5.795563166041207e-06,3,0.4,,depth_n64_L8_s8_sw0p65_A1_g1_r0_dt0p02,8,1.628275576826947e-05,1.3954340220431355e-05,1.089945925773858e-05,8.73928696829971e-06,3.0248254113281377e-05,2.9486216191754178e-06,1.2184641320258488e-05,9.42897479636393e-06,6.250126956508992e-06,0.0,1.0199712009679294e-05,2.2186835225178584e-05,1.3954340220431355e-05,2.096782643100606e-07,1.3954340220431355e-05,1.0004213878561221e-09
91223842b0e681fe8f896e359909d9fcca08d34d2d3bf7cc88c734a4658a1fd6,5b93eaf9105aad99413121bf1072b58b2653e44970ae141bceaf5c1b417ab7c9,8,0.02,7,8.0,3.653932953986771e-10,depth,8.0,0.00010736915528580476,5.3833496798557016e-06,0.0,K3,2.030632747368712e-05,64,5.7955529836867034e-06,3,0.4,0.0,depth_n64_L8_s8_sw0p65_A1_g1_r0_dt0p02,8,1.6282775017145124e-05,1.3954705613726754e-05,1.089945925773858e-05,8.739298183135092e-06,3.0248254113281377e-05,2.9486216191754178e-06,1.2185218438558087e-05,9.42924784088115e-06,6.250126956508992e-06,0.0,1.0199712009679294e-05,2.2186835225178584e-05,1.3954705613726754e-05,1.0004213878561221e-09,1.3954705613726754e-05,1.1410613861852929e-14
91223842b0e681fe8f896e359909d9fcca08d34d2d3bf7cc88c734a4658a1fd6,5b93eaf9105aad99413121bf1072b58b2653e44970ae141bceaf5c1b417ab7c9,8,0.02,7,10.48,6.403833355522054e-15,depth,16.0,0.0002190068002373648,5.383349685585377e-06,1.0477058897466563e-31,K3,2.0306327482761424e-05,64,5.795552983635265e-06,3,0.4,0.0,depth_n64_L8_s8_sw0p65_A1_g1_r0_dt0p02,8,1.6282775017292514e-05,1.3954705620130587e-05,1.089945925773858e-05,8.739298183196622e-06,3.0248254113281377e-05,2.9486216191754178e-06,1.2185218444867837e-05,9.429247844283151e-06,6.250126956508992e-06,0.0,1.0199712009679294e-05,2.2186835225178584e-05,1.3954705620130587e-05,1.1410613861852929e-14,1.3954705619205927e-05,1.5700924586837752e-16
91223842b0e681fe8f896e359909d9fcca08d34d2d3bf7cc88c734a4658a1fd6,5b93eaf9105aad99413121bf1072b58b2653e44970ae141bceaf5c1b417ab7c9,8,0.02,7,10.48,0.0,depth,32.0,0.00044228209014460186,5.38334968867614e-06,1.0477058897466563e-31,K3,2.0306327482761417e-05,64,5.795552983635264e-06,3,0.4,0.0,depth_n64_L8_s8_sw0p65_A1_g1_r0_dt0p02,8,1.6282775017292514e-05,1.3954705620130587e-05,1.089945925773858e-05,8.739298183196622e-06,3.0248254113281377e-05,2.9486216191754178e-06,1.2185218444867837e-05,9.429247844283151e-06,6.250126956508992e-06,0.0,1.0199712009679294e-05,2.2186835225178584e-05,1.3954705619414272e-05,2.5438405243138006e-16,1.3954705619414272e-05,2.220446049250313e-16
91223842b0e681fe8f896e359909d9fcca08d34d2d3bf7cc88c734a4658a1fd6,954799321254672619e6d51fc1196d5bc227b7950a142515d8c5d0e5d8546423,16,0.02,16,0.76,,neighborhood,4.0,0.07899727872049764,0.014483405216270567,0.0,K0,0.028491796852699022,64,0.012891164291025277,0,0.6,,neighborhood_n64_L16_s11_sw0p6_A0p95_g1p05_r0_dt0p02,11,0.013817520914700676,0.02241924682927879,0.013981817420736103,0.010120216638560978,0.05740863491324804,0.004993619270378183,0.015659896115071615,0.01856445167535669,0.014747560396691917,0.0,0.02241924682927879,0.05007810918673649,0.022035450793021966,0.0009496045424637916,0.022035450793021966,4.344147785150632e-06
91223842b0e681fe8f896e359909d9fcca08d34d2d3bf7cc88c734a4658a1fd6,954799321254672619e6d51fc1196d5bc227b7950a142515d8c5d0e5d8546423,16,0.02,16,0.76,0.0,neighborhood,8.0,0.1671475466526381,0.014484944224599993,0.0,K0,0.028491748382103492,64,0.012891149393226041,0,0.6,0.0,neighborhood_n64_L16_s11_sw0p6_A0p95_g1p05_r0_dt0p02,11,0.01381753922610389,0.02241924682927879,0.013983487431512103,0.010120245578917336,0.05740863491324804,0.004993619270378183,0.015662398602613477,0.01856445167535669,0.014747560396691917,0.0,0.02241924682927879,0.05007810918673649,0.022037770267705637,4.344147785150632e-06,0.022037770267705637,4.279082988977254e-11
91223842b0e681fe8f896e359909d9fcca08d34d2d3bf7cc88c734a4658a1fd6,954799321254672619e6d51fc1196d5bc227b7950a142515d8c5d0e5d8546423,16,0.02,16,0.76,0.0,neighborhood,16.0,0.3434497089569558,0.01448494423926424,0.0,K0,0.028491748381956273,64,0.012891149393177006,0,0.6,0.0,neighborhood_n64_L16_s11_sw0p6_A0p95_g1p05_r0_dt0p02,11,0.013817539226234835,0.02241924682927879,0.013983487451027758,0.010120245579112445,0.05740863491324804,0.004993619270378183,0.015662398628743326,0.01856445167535669,0.014747560396691917,0.0,0.02241924682927879,0.05007810918673649,0.022037770288941664,4.279082988977254e-11,0.022037770288941595,3.554447978966673e-16
91223842b0e681fe8f896e359909d9fcca08d34d2d3bf7cc88c734a4658a1fd6,954799321254672619e6d51fc1196d5bc227b7950a142515d8c5d0e5d8546423,16,0.02,16,0.76,0.0,neighborhood,32.0,0.6960540335800238,0.014484944239265904,7.703719777548943e-33,K0,0.028491748381956273,64,0.012891149393177006,0,0.6,0.0,neighborhood_n64_L16_s11_sw0p6_A0p95_g1p05_r0_dt0p02,11,0.013817539226234837,0.02241924682927879,0.013983487451027758,0.010120245579112445,0.05740863491324804,0.004993619270378183,0.01566239862874335,0.01856445167535669,0.014747560396691917,0.0,0.02241924682927879,0.05007810918673649,0.022037770288941837,3.7238012298709097e-16,0.022037770288941837,5.551115123125783e-17
91223842b0e681fe8f896e359909d9fcca08d34d2d3bf7cc88c734a4658a1fd6,954799321254672619e6d51fc1196d5bc227b7950a142515d8c5d0e5d8546423,16,0.02,10,4.0,,neighborhood,4.0,0.0075177629647216315,0.000583644741852949,0.0,K1,0.0028428785966929195,64,0.0005039416408898162,1,0.64,,neighborhood_n64_L16_s11_sw0p6_A0p95_g1p05_r0_dt0p02,11,0.0011665552032259345,0.002236966566006336,0.0015055084684251314,0.0007689359243612723,0.0023905358544008765,0.00019550808588414403,0.0020117814794615605,0.001654528231530183,0.000576511912939053,0.0,0.000508910435271097,0.001646953671116577,0.002236966566006336,3.8800982717661384e-05,0.002236966566006336,1.4032833572033403e-07
91223842b0e681fe8f896e359909d9fcca08d34d2d3bf7cc88c734a4658a1fd6,954799321254672619e6d51fc1196d5bc227b7950a142515d8c5d0e5d8546423,16,0.02,10,8.0,6.147029768662979e-08,neighborhood,8.0,0.016465854483347316,0.000583692468996729,0.0,K1,0.002842951880562156,64,0.0005039410585047637,1,0.64,0.0,neighborhood_n64_L16_s11_sw0p6_A0p95_g1p05_r0_dt0p02,11,0.0011665559783397355,0.0022370280363040226,0.001505569855303761,0.0007689368781453642,0.0023905358544008765,0.00019550808588414403,0.0020118367564712102,0.0016545554829540852,0.000576511912939053,0.0,0.000508910435271097,0.0016470629199502825,0.0022370280363040226,1.4032833572033403e-07,0.0022370280363040226,1.0804558313584578e-12
91223842b0e681fe8f896e359909d9fcca08d34d2d3bf7cc88c734a4658a1fd6,954799321254672619e6d51fc1196d5bc227b7950a142515d8c5d0e5d8546423,16,0.02,10,10.4,3.664156651705941e-13,neighborhood,16.0,0.03436207877658631,0.0005836924693712133,3.0814879110195774e-32,K1,0.00284295188101313,64,0.0005039410585028467,1,0.64,0.0,neighborhood_n64_L16_s11_sw0p6_A0p95_g1p05_r0_dt0p02,11,0.0011665559783432347,0.0022370280366704382,0.0015055698559105033,0.000768936878146295,0.0023905358544008765,0.00019550808588414403,0.002011836756842171,0.0016545554829540852,0.000576511912939053,0.0,0.000508910435271097,0.0016470629203167526,0.0022370280366704382,1.0804558313584578e-12,0.002237028036669759,1.1102230246251565e-16
91223842b0e681fe8f896e359909d9fcca08d34d2d3bf7cc88c734a4658a1fd6,954799321254672619e6d51fc1196d5bc227b7950a142515d8c5d0e5d8546423,16,0.02,10,10.4,0.0,neighborhood,32.0,0.07015452736330237,0.0005836924693720578,3.0814879110195774e-32,K1,0.00284295188101313,64,0.0005039410585028467,1,0.64,0.0,neighborhood_n64_L16_s11_sw0p6_A0p95_g1p05_r0_dt0p02,11,0.0011665559783432347,0.0022370280366704382,0.0015055698559105033,0.0007689368781462958,0.0023905358544008765,0.00019550808588414403,0.002011836756842171,0.0016545554829540852,0.000576511912939053,0.0,0.000508910435271097,0.0016470629203167526,0.0022370280366698506,1.5700924586837752e-16,0.0022370280366696997,5.551115123125783e-17
91223842b0e681fe8f896e359909d9fcca08d34d2d3bf7cc88c734a4658a1fd6,954799321254672619e6d51fc1196d5bc227b7950a142515d8c5d0e5d8546423,16,0.02,16,0.76,,neighborhood,4.0,0.00028590403062701933,1.0529302153573888e-05,0.0,K2,9.6611465322938e-05,64,8.10027786437568e-06,2,0.44,,neighborhood_n64_L16_s11_sw0p6_A0p95_g1p05_r0_dt0p02,11,6.588983465427658e-05,7.602034714802744e-05,7.014737127693635e-05,5.1384811824384465e-05,7.468180822371813e-05,2.8162998764735825e-06,2.1311816143804024e-05,4.6405442846151094e-05,9.2667608866046e-06,0.0,7.602034714802744e-05,0.00011002019768911568,7.482265973863183e-05,6.992664845571774e-07,7.481099577531587e-05,2.5131250348825034e-09
91223842b0e681fe8f896e359909d9fcca08d34d2d3bf7cc88c734a4658a1fd6,954799321254672619e6d51fc1196d5bc227b7950a142515d8c5d0e5d8546423,16,0.02,16,0.76,0.0,neighborhood,8.0,0.0005851494035811599,1.0530142349696516e-05,0.0,K2,9.661130096632394e-05,64,8.100268503210882e-06,2,0.44,0.0,neighborhood_n64_L16_s11_sw0p6_A0p95_g1p05_r0_dt0p02,11,6.588988608333574e-05,7.602034714802744e-05,7.014737127693635e-05,5.138487894815233e-05,7.468180822371813e-05,2.8162998764735825e-06,2.131230394086616e-05,4.6405442846151094e-05,9.2667608866046e-06,0.0,7.602034714802744e-05,0.00011002104524586146,7.48113811172572e-05,2.5131250348825034e-09,7.48113811172572e-05,1.3466803927704419e-14
91223842b0e681fe8f896e359909d9fcca08d34d2d3bf7cc88c734a4658a1fd6,954799321254672619e6d51fc1196d5bc227b7950a142515d8c5d0e5d8546423,16,0.02,16,0.76,0.0,neighborhood,16.0,0.0011836404525784575,1.0530142356238265e-05,1.6948183510607676e-32,K2,9.661130096582475e-05,64,8.10026850318007e-06,2,0.44,0.0,neighborhood_n64_L16_s11_sw0p6_A0p95_g1p05_r0_dt0p02,11,6.588988608356713e-05,7.602034714802744e-05,7.014737127693635e-05,5.13848789482406e-05,7.468180822371813e-05,2.8162998764735825e-06,2.131230394293659e-05,4.6405442846151094e-05,9.2667608866046e-06,0.0,7.602034714802744e-05,0.00011002104526126457,7.481138112615413e-05,1.3466803927704419e-14,7.481138112495012e-05,2.2887833992611187e-16
91223842b0e681fe8f896e359909d9fcca08d34d2d3bf7cc88c734a4658a1fd6,954799321254672619e6d51fc1196d5bc227b7950a142515d8c5d0e5d8546423,16,0.02,16,0.76,0.0,neighborhood,32.0,0.002380622550578092,1.0530142356927152e-05,4.930380657631324e-32,K2,9.661130096582475e-05,64,8.10026850318007e-06,2,0.44,0.0,neighborhood_n64_L16_s11_sw0p6_A0p95_g1p05_r0_dt0p02,11,6.588988608356713e-05,7.602034714802744e-05,7.014737127693635e-05,5.13848789482406e-05,7.468180822371813e-05,2.8162998764735825e-06,2.131230394293659e-05,4.6405442846151094e-05,9.2667608866046e-06,0.0,7.602034714802744e-05,0.00011002104526126457,7.481138112507165e-05,2.2887833992611187e-16,7.481138112503061e-05,0.0
91223842b0e681fe8f896e359909d9fcca08d34d2d3bf7cc88c734a4658a1fd6,954799321254672619e6d51fc1196d5bc227b7950a142515d8c5d0e5d8546423,16,0.02,15,4.0,,neighborhood,4.0,2.351682739134994e-05,5.822628827901613e-07,0.0,K3,7.996962834705898e-06,64,7.627640097422835e-07,3,0.24,,neighborhood_n64_L16_s11_sw0p6_A0p95_g1p05_r0_dt0p02,11,3.5046293633473434e-06,6.292543941778695e-06,3.88727939466004e-06,2.703139745349891e-06,1.0418803406378396e-05,6.27488159932188e-07,2.2060234187943223e-06,4.953386678032654e-06,8.726060771662513e-07,0.0,6.1521881297996836e-06,1.4505174356901076e-05,6.292543941778695e-06,1.617708093448515e-08,6.292543941778695e-06,5.3205002604402055e-11
91223842b0e681fe8f896e359909d9fcca08d34d2d3bf7cc88c734a4658a1fd6,954799321254672619e6d51fc1196d5bc227b7950a142515d8c5d0e5d8546423,16,0.02,15,7.4,5.67659011075104e-12,neighborhood,8.0,4.868702371964936e-05,5.822807057034816e-07,0.0,K3,7.996956444331759e-06,64,7.627631282466463e-07,3,0.24,0.0,neighborhood_n64_L16_s11_sw0p6_A0p95_g1p05_r0_dt0p02,11,3.504630769303681e-06,6.2925496183688054e-06,3.88727939466004e-06,2.7031432365362457e-06,1.0418803406378396e-05,6.27488159932188e-07,2.206051305723957e-06,4.953394946671216e-06,8.726060771662513e-07,0.0,6.1521881297996836e-06,1.4505174356901076e-05,6.2925496183688054e-06,5.3205002604402055e-11,6.2925496173464155e-06,3.554447978966673e-16
91223842b0e681fe8f896e359909d9fcca08d34d2d3bf7cc88c734a4658a1fd6,954799321254672619e6d51fc1196d5bc227b7950a142515d8c5d0e5d8546423,16,0.02,15,9.68,7.964566099737461e-17,neighborhood,16.0,9.902742065810741e-05,5.822807079477655e-07,0.0,K3,7.996956444391658e-06,64,7.627631282437447e-07,3,0.24,0.0,neighborhood_n64_L16_s11_sw0p6_A0p95_g1p05_r0_dt0p02,11,3.5046307693054464e-06,6.292549618448451e-06,3.88727939466004e-06,2.703143236545164e-06,1.0418803406378396e-05,6.27488159932188e-07,2.206051306048981e-06,4.953394946882855e-06,8.726060771662513e-07,0.0,6.1521881297996836e-06,1.4505174356901076e-05,6.292549618448451e-06,8.54583310691029e-16,6.292549616936567e-06,1.6653345369377348e-16
91223842b0e681fe8f896e359909d9fcca08d34d2d3bf7cc88c734a4658a1fd6,954799321254672619e6d51fc1196d5bc227b7950a142515d8c5d0e5d8546423,16,0.02,15,9.68,0.0,neighborhood,32.0,0.00019970821453300523,5.822807099910351e-07,0.0,K3,7.996956444391658e-06,64,7.627631282437447e-07,3,0.24,0.0,neighborhood_n64_L16_s11_sw0p6_A0p95_g1p05_r0_dt0p02,11,3.5046307693054464e-06,6.292549618448451e-06,3.88727939466004e-06,2.703143236548685e-06,1.0418803406378396e-05,6.27488159932188e-07,2.206051306048981e-06,4.953394946882855e-06,8.726060771662513e-07,0.0,6.1521881297996836e-06,1.4505174356901076e-05,6.292549617371825e-06,2.2887833992611187e-16,6.2925496173648054e-06,1.1102230246251565e-16
91223842b0e681fe8f896e359909d9fcca08d34d2d3bf7cc88c734a4658a1fd6,8c3aa0cbc24e9293fc557dcef281c3ce7afc0d96aa7a505721a187ebba6cb147,16,0.02,13,0.88,,neighborhood,4.0,0.1428807385397391,0.011228539925213053,0.0,K0,0.0696463157156796,64,0.010442617457293267,0,0.68,,neighborhood_n64_L16_s12_sw0p7_A1p05_g0p95_r0_dt0p02,12,0.011867460329233517,0.042216884894859634,0.02679896138312302,0.009742591582700758,0.023779348841182137,0.003228117482251866,0.025562158708859885,0.03386041729769379,0.011780264647586653,0.0,0.03981291440270582,0.12447534100931791,0.03741424696014067,0.0008337373813941578,0.036909232646732085,2.9064506152974104e-06
91223842b0e681fe8f896e359909d9fcca08d34d2d3bf7cc88c734a4658a1fd6,8c3aa0cbc24e9293fc557dcef281c3ce7afc0d96aa7a505721a187ebba6cb147,16,0.02,13,0.88,0.0,neighborhood,8.0,0.29051250017229335,0.011229534241090081,0.0,K0,0.06964617204261404,64,0.010442607328624655,0,0.68,0.0,neighborhood_n64_L16_s12_sw0p7_A1p05_g0p95_r0_dt0p02,12,0.011867476895110779,0.042216884894859634,0.02679896138312302,0.009742613893171008,0.023779348841182137,0.003228117482251866,0.025562158708859885,0.03386041729769379,0.011780264647586653,0.0,0.03981291440270582,0.12447534100931791,0.036909232646732085,2.9064506152974104e-06,0.03690782270141376,2.03798120303266e-11
91223842b0e681fe8f896e359909d9fcca08d34d2d3bf7cc88c734a4658a1fd6,8c3aa0cbc24e9293fc557dcef281c3ce7afc0d96aa7a505721a187ebba6cb147,16,0.02,13,0.88,0.0,neighborhood,16.0,0.5857750817200977,0.011229534247888699,1.0785207688568521e-32,K0,0.06964617204239194,64,0.010442607328610071,0,0.68,0.0,neighborhood_n64_L16_s12_sw0p7_A1p05_g0p95_r0_dt0p02,12,0.0118674768951742,0.042216884894859634,0.02679896138312302,0.009742613893263813,0.023779348841182137,0.003228117482251866,0.025562158708859885,0.03386041729769379,0.011780264647586653,0.0,0.03981291440270582,0.12447534100931791,0.03690782270141376,2.03798120303266e-11,0.036907822693133065,1.5700924586837752e-16
91223842b0e681fe8f896e359909d9fcca08d34d2d3bf7cc88c734a4658a1fd6,8c3aa0cbc24e9293fc557dcef281c3ce7afc0d96aa7a505721a187ebba6cb147,16,0.02,13,0.88,0.0,neighborhood,32.0,1.176300244810227,0.011229534247889215,1.232595164407831e-32,K0,0.06964617204239194,64,0.010442607328610071,0,0.68,0.0,neighborhood_n64_L16_s12_sw0p7_A1p05_g0p95_r0_dt0p02,12,0.0118674768951742,0.042216884894859634,0.02679896138312302,0.009742613893263813,0.023779348841182137,0.003228117482251866,0.025562158708859885,0.03386041729769379,0.011780264647586653,0.0,0.03981291440270582,0.12447534100931791,0.03690782269313309,1.6653345369377348e-16,0.03690782269313308,1.1102230246251565e-16
91223842b0e681fe8f896e359909d9fcca08d34d2d3bf7cc88c734a4658a1fd6,8c3aa0cbc24e9293fc557dcef281c3ce7afc0d96aa7a505721a187ebba6cb147,16,0.02,11,1.04,,neighborhood,4.0,0.007377063264548523,0.0004129627080462241,0.0,K1,0.003394808798843588,64,0.0003577338332428805,1,0.76,,neighborhood_n64_L16_s12_sw0p7_A1p05_g0p95_r0_dt0p02,12,0.0008802828210945447,0.002057800916360188,0.001755285307939126,0.0006777939416506693,0.0031776398710928674,0.00013488447504317325,0.000725468535281747,0.0012862000903403582,0.0004035577522811113,0.0,0.0016655808625663556,0.005333593073796339,0.0019899155971303505,3.2909770229418575e-05,0.001980553916694125,9.528127928405101e-08
91223842b0e681fe8f896e359909d9fcca08d34d2d3bf7cc88c734a4658a1fd6,8c3aa0cbc24e9293fc557dcef281c3ce7afc0d96aa7a505721a187ebba6cb147,16,0.02,11,1.04,0.0,neighborhood,8.0,0.015299215065788347,0.00041299403527818215,0.0,K1,0.0033948017957080726,64,0.0003577334862640255,1,0.76,0.0,neighborhood_n64_L16_s12_sw0p7_A1p05_g0p95_r0_dt0p02,12,0.0008802833152224758,0.002057800916360188,0.001755285307939126,0.0006777947273445135,0.0031776398710928674,0.00013488447504317325,0.000725468535281747,0.0012862000903403582,0.0004035577522811113,0.0,0.0016655808625663556,0.005333593073796339,0.001980553916694125,9.528127928405101e-08,0.001980536610903438,3.967211682134153e-13
91223842b0e681fe8f896e359909d9fcca08d34d2d3bf7cc88c734a4658a1fd6,8c3aa0cbc24e9293fc557dcef281c3ce7afc0d96aa7a505721a187ebba6cb147,16,0.02,11,1.04,0.0,neighborhood,16.0,0.031143507952699906,0.0004129940354053536,1.6948183510607676e-32,K1,0.0033948017956972466,64,0.00035773348626352597,1,0.76,0.0,neighborhood_n64_L16_s12_sw0p7_A1p05_g0p95_r0_dt0p02,12,0.0008802833152232394,0.002057800916360188,0.001755285307939126,0.0006777947273459202,0.0031776398710928674,0.00013488447504317325,0.000725468535281747,0.0012862000903403582,0.0004035577522811113,0.0,0.0016655808625663556,0.005333593073796339,0.001980536610903438,3.967211682134153e-13,0.0019805366108625127,5.551115123125783e-17
91223842b0e681fe8f896e359909d9fcca08d34d2d3bf7cc88c734a4658a1fd6,8c3aa0cbc24e9293fc557dcef281c3ce7afc0d96aa7a505721a187ebba6cb147,16,0.02,11,1.04,0.0,neighborhood,32.0,0.06283209372650023,0.00041299403540572113,1.6948183510607676e-32,K1,0.0033948017956972466,64,0.00035773348626352597,1,0.76,0.0,neighborhood_n64_L16_s12_sw0p7_A1p05_g0p95_r0_dt0p02,12,0.0008802833152232394,0.002057800916360188,0.001755285307939126,0.0006777947273459202,0.0031776398710928674,0.00013488447504317325,0.000725468535281747,0.0012862000903403582,0.0004035577522811113,0.0,0.0016655808625663556,0.005333593073796339,0.001980536610862531,1.2412670766236366e-16,0.001980536610862531,0.0
91223842b0e681fe8f896e359909d9fcca08d34d2d3bf7cc88c734a4658a1fd6,8c3aa0cbc24e9293fc557dcef281c3ce7afc0d96aa7a505721a187ebba6cb147,16,0.02,16,4.0,,neighborhood,4.0,0.000430542848419268,1.3488848040079873e-05,0.0,K2,0.00019323226967762536,64,1.102349086519157e-05,2,0.68,,neighborhood_n64_L16_s12_sw0p7_A1p05_g0p95_r0_dt0p02,12,6.085663961534786e-05,0.00011712987834496802,9.674552590198546e-05,4.28329621379951e-05,5.333524224995389e-05,4.0621866235768245e-06,5.5562785585898925e-05,8.60148710538106e-05,1.2435545040627234e-05,0.0,0.00011712987834496802,0.00013318604831977064,0.00011712987834496802,1.0254781470960552e-06,0.00011712987834496802,3.1794808840116705e-09
91223842b0e681fe8f896e359909d9fcca08d34d2d3bf7cc88c734a4658a1fd6,8c3aa0cbc24e9293fc557dcef281c3ce7afc0d96aa7a505721a187ebba6cb147,16,0.02,16,8.0,1.057288824673759e-09,neighborhood,8.0,0.0008990662467431773,1.3489898225068581e-05,0.0,K2,0.00019323361529350472,64,1.1023480173113039e-05,2,0.68,0.0,neighborhood_n64_L16_s12_sw0p7_A1p05_g0p95_r0_dt0p02,12,6.08566731405372e-05,0.00011713093563379269,9.674627921732801e-05,4.283300747037829e-05,5.333524224995389e-05,4.0621866235768245e-06,5.5564603056380845e-05,8.601624561177161e-05,1.2435545040627234e-05,0.0,0.00011713093563379269,0.00013318668622510884,0.00011713093563379269,3.1794808840116705e-09,0.00011713093563379269,1.3356864306280477e-14
91223842b0e681fe8f896e359909d9fcca08d34d2d3bf7cc88c734a4658a1fd6,8c3aa0cbc24e9293fc557dcef281c3ce7afc0d96aa7a505721a187ebba6cb147,16,0.02,16,11.24,4.434563068318742e-15,neighborhood,16.0,0.0018361137318456627,1.3489898231098783e-05,0.0,K2,0.00019323361530020433,64,1.1023480173097645e-05,2,0.68,0.0,neighborhood_n64_L16_s12_sw0p7_A1p05_g0p95_r0_dt0p02,12,6.0856673140575745e-05,0.00011713093563822725,9.674627922067642e-05,4.283300747045652e-05,5.333524224995389e-05,4.0621866235768245e-06,5.55646030631142e-05,8.601624561673923e-05,1.2435545040627234e-05,0.0,0.00011713093563822725,0.00013318668622832927,0.00011713093563822725,1.3356864306280477e-14,0.00011713093563797232,1.5700924586837752e-16
91223842b0e681fe8f896e359909d9fcca08d34d2d3bf7cc88c734a4658a1fd6,8c3aa0cbc24e9293fc557dcef281c3ce7afc0d96aa7a505721a187ebba6cb147,16,0.02,16,11.24,0.0,neighborhood,32.0,0.0037102087020526447,1.3489898231422404e-05,0.0,K2,0.00019323361530020433,64,1.1023480173097645e-05,2,0.68,0.0,neighborhood_n64_L16_s12_sw0p7_A1p05_g0p95_r0_dt0p02,12,6.0856673140575745e-05,0.00011713093563822725,9.674627922067642e-05,4.283300747045652e-05,5.333524224995389e-05,4.0621866235768245e-06,5.55646030631142e-05,8.601624561673923e-05,1.2435545040627234e-05,0.0,0.00011713093563822725,0.00013318668622832927,0.00011713093563797232,1.5700924586837752e-16,0.0001171309356378958,0.0
91223842b0e681fe8f896e359909d9fcca08d34d2d3bf7cc88c734a4658a1fd6,8c3aa0cbc24e9293fc557dcef281c3ce7afc0d96aa7a505721a187ebba6cb147,16,0.02,16,0.76,,neighborhood,4.0,1.764400093385577e-05,1.1579106292432705e-06,0.0,K3,8.040467264028964e-06,64,1.2553428242107018e-06,3,0.4,,neighborhood_n64_L16_s12_sw0p7_A1p05_g0p95_r0_dt0p02,12,3.445772684350097e-06,4.873818198397223e-06,4.528498734112832e-06,2.2648450445818094e-06,7.090328970746525e-06,3.5105554513359394e-07,2.1155824603139515e-06,2.951282682827014e-06,1.4161459761529985e-06,0.0,4.873818198397223e-06,1.0450129277129808e-05,4.599297448470216e-06,2.523822138645933e-08,4.591187926044059e-06,4.8945171880608474e-11
91223842b0e681fe8f896e359909d9fcca08d34d2d3bf7cc88c734a4658a1fd6,8c3aa0cbc24e9293fc557dcef281c3ce7afc0d96aa7a505721a187ebba6cb147,16,0.02,16,0.76,0.0,neighborhood,8.0,3.6008772844835896e-05,1.1579264564983321e-06,0.0,K3,8.040450677385887e-06,64,1.255341606608744e-06,3,0.4,0.0,neighborhood_n64_L16_s12_sw0p7_A1p05_g0p95_r0_dt0p02,12,3.445774855952409e-06,4.873818198397223e-06,4.528498734112832e-06,2.2648477252677883e-06,7.090328970746525e-06,3.5105554513359394e-07,2.1156044201404136e-06,2.951304885120406e-06,1.4161459761529985e-06,0.0,4.873818198397223e-06,1.0450140392204355e-05,4.591193627955585e-06,4.8945171880608474e-11,4.5911936272280095e-06,2.9893669801409083e-16
91223842b0e681fe8f896e359909d9fcca08d34d2d3bf7cc88c734a4658a1fd6,8c3aa0cbc24e9293fc557dcef281c3ce7afc0d96aa7a505721a187ebba6cb147,16,0.02,16,0.76,0.0,neighborhood,16.0,7.273832186600139e-05,1.1579264583492779e-06,0.0,K3,8.040450677360247e-06,64,1.2553416066069908e-06,3,0.4,0.0,neighborhood_n64_L16_s12_sw0p7_A1p05_g0p95_r0_dt0p02,12,3.4457748559705677e-06,4.873818198397223e-06,4.528498734112832e-06,2.2648477252725597e-06,7.090328970746525e-06,3.5105554513359394e-07,2.1156044202600807e-06,2.951304885227753e-06,1.4161459761529985e-06,0.0,4.873818198397223e-06,1.0450140393240981e-05,4.591193628146598e-06,7.791361360319881e-16,4.591193627480167e-06,5.551115123125783e-17
91223842b0e681fe8f896e359909d9fcca08d34d2d3bf7cc88c734a4658a1fd6,8c3aa0cbc24e9293fc557dcef281c3ce7afc0d96aa7a505721a187ebba6cb147,16,0.02,16,0.76,0.0,neighborhood,32.0,0.00014619741990550401,1.15792645851797e-06,4.622231866529366e-33,K3,8.040450677360247e-06,64,1.2553416066069908e-06,3,0.4,0.0,neighborhood_n64_L16_s12_sw0p7_A1p05_g0p95_r0_dt0p02,12,3.4457748559705677e-06,4.873818198397223e-06,4.528498734112832e-06,2.2648477252731725e-06,7.090328970746525e-06,3.5105554513359394e-07,2.1156044202600807e-06,2.951304885227753e-06,1.4161459761529985e-06,0.0,4.873818198397223e-06,1.0450140393240981e-05,4.591193627489078e-06,1.2412670766236366e-16,4.591193627471779e-06,0.0
91223842b0e681fe8f896e359909d9fcca08d34d2d3bf7cc88c734a4658a1fd6,2cd2c0a22c7eb3f70ecf36ae441265d764b18f17927730ed343f40ed76ddb65b,16,0.005,12,4.0,,refinement,4.0,0.005609311749239077,0.00017754454023029975,0.0,K1,0.002561767316820202,64,0.00027252831869804323,1,0.24,,refinement_n64_L16_s4_sw0p65_A1_g1_r0_dt0p005,4,0.001174829771014743,0.0014806578414076847,0.001044653097809406,0.0006259787521775385,0.00198159922107261,0.00019976289899120703,0.0007936042848710902,0.0011415378503164563,0.00032720975719960664,0.0,0.0008318729468987717,0.0022428964241329925,0.0014806578414076847,4.524862837584099e-06,0.0014806578414076847,9.005154870060483e-08
91223842b0e681fe8f896e359909d9fcca08d34d2d3bf7cc88c734a4658a1fd6,2cd2c0a22c7eb3f70ecf36ae441265d764b18f17927730ed343f40ed76ddb65b,16,0.005,12,8.0,1.511578714258853e-08,refinement,8.0,0.011531996854486363,0.00017758394297432965,0.0,K1,0.0025617798478118404,64,0.00027252746518465344,1,0.24,0.0,refinement_n64_L16_s4_sw0p65_A1_g1_r0_dt0p005,4,0.0011748332666999893,0.0014806729571948272,0.0010447088545429213,0.0006259807534199442,0.00198159922107261,0.00019976289899120703,0.0007936165355237079,0.0011415378503164563,0.00032720975719960664,0.0,0.000831873386084906,0.0022428964241329925,0.0014806729571948272,9.005154870060483e-08,0.0014806729571948272,6.456056014893464e-12
91223842b0e681fe8f896e359909d9fcca08d34d2d3bf7cc88c734a4658a1fd6,2cd2c0a22c7eb3f70ecf36ae441265d764b18f17927730ed343f40ed76ddb65b,16,0.005,14,4.0,,refinement,4.0,0.0006088481896152486,8.304446925957918e-06,0.0,K2,0.0002837161424184362,64,9.539763011512628e-06,2,0.2,,refinement_n64_L16_s4_sw0p65_A1_g1_r0_dt0p005,4,7.257517278513016e-05,0.0001639830941114629,0.0001101276134087085,3.3437730837311796e-05,0.00014537898123442023,8.129676657198104e-06,5.34277949772251e-05,0.00012187233825798143,1.1453868550803369e-05,0.0,0.00012661451370610754,0.0002812286069992321,0.0001639830941114629,3.615372423456106e-07,0.0001639830941114629,2.3386844294900917e-09
91223842b0e681fe8f896e359909d9fcca08d34d2d3bf7cc88c734a4658a1fd6,2cd2c0a22c7eb3f70ecf36ae441265d764b18f17927730ed343f40ed76ddb65b,16,0.005,14,4.28,8.3024868176209e-12,refinement,8.0,0.0012647805358369532,8.305370511650894e-06,0.0,K2,0.0002837146481972563,64,9.539733134560741e-06,2,0.2,0.0,refinement_n64_L16_s4_sw0p65_A1_g1_r0_dt0p005,4,7.257538403629059e-05,0.00016398310241394972,0.0001101276134087085,3.343785342140516e-05,0.00014537898123442023,8.129676657198104e-06,5.34277949772251e-05,0.00012187329791820392,1.1453868550803369e-05,0.0,0.00012661451370610754,0.0002812286069992321,0.00016398310241394972,2.3386844294900917e-09,0.00016398308130530204,8.992719120375281e-14
91223842b0e681fe8f896e359909d9fcca08d34d2d3bf7cc88c734a4658a1fd6,2cd2c0a22c7eb3f70ecf36ae441265d764b18f17927730ed343f40ed76ddb65b,16,0.005,16,1.28,,refinement,4.0,2.915918755491723e-05,7.552728716324924e-07,0.0,K3,1.3431605975546076e-05,64,8.334536448771065e-07,3,0.28,,refinement_n64_L16_s4_sw0p65_A1_g1_r0_dt0p005,4,3.7532802297307657e-06,7.763239299608266e-06,6.080295593727372e-06,2.1548664234237254e-06,9.5916847479218e-06,5.82045155628208e-07,9.233975298528189e-07,4.958256443878718e-06,1.000681933093081e-06,0.0,7.763239299608266e-06,1.3765740674425434e-05,7.738538056910917e-06,3.577409983846498e-08,7.72339919673244e-06,4.3553273387938443e-10
91223842b0e681fe8f896e359909d9fcca08d34d2d3bf7cc88c734a4658a1fd6,2cd2c0a22c7eb3f70ecf36ae441265d764b18f17927730ed343f40ed76ddb65b,16,0.005,16,1.28,0.0,refinement,8.0,6.00521337318813e-05,7.55457326924755e-07,0.0,K3,1.343153455652701e-05,64,8.334510346388419e-07,3,0.28,0.0,refinement_n64_L16_s4_sw0p65_A1_g1_r0_dt0p005,4,3.753291143268062e-06,7.763239299608266e-06,6.080295593727372e-06,2.1548751812320353e-06,9.5916847479218e-06,5.82045155628208e-07,9.233975298528189e-07,4.958344358375606e-06,1.000681933093081e-06,0.0,7.763239299608266e-06,1.3765740674425434e-05,7.72339919673244e-06,4.3553273387938443e-10,7.723217441123316e-06,2.624456628254708e-14
91223842b0e681fe8f896e359909d9fcca08d34d2d3bf7cc88c734a4658a1fd6,ff26e856757e5cc7d02c694878ace0a6f77dfb64b24bef2dfc76e78cbc482f24,16,0.01,12,4.0,,refinement,4.0,0.005609310813617154,0.0001775449901055168,0.0,K1,0.0025617667867911414,64,0.0002725288106438994,1,0.24,,refinement_n64_L16_s4_sw0p65_A1_g1_r0_dt0p01,4,0.00117482980488264,0.0014806575121919057,0.001044652760316086,0.0006259787663096542,0.001981597680267185,0.00019976319452130742,0.0007936045974022059,0.001141537705567374,0.000327210347851851,0.0,0.0008318731339610675,0.0022429061534749548,0.0014806575121919057,4.524841164140021e-06,0.0014806575121919057,9.005129486079019e-08
91223842b0e681fe8f896e359909d9fcca08d34d2d3bf7cc88c734a4658a1fd6,ff26e856757e5cc7d02c694878ace0a6f77dfb64b24bef2dfc76e78cbc482f24,16,0.01,12,8.0,1.5115709322459717e-08,refinement,8.0,0.01153199460172509,0.00017758439274379972,0.0,K1,0.0025617793176498154,64,0.0002725279571289046,1,0.24,0.0,refinement_n64_L16_s4_sw0p65_A1_g1_r0_dt0p01,4,0.0011748333005680827,0.0014806726279012281,0.0010447085168776697,0.0006259807675520981,0.001981597680267185,0.00019976319452130742,0.0007936168479916007,0.001141537705567374,0.000327210347851851,0.0,0.0008318735731461189,0.0022429061534749548,0.0014806726279012281,9.005129486079019e-08,0.0014806726279012281,6.455466871200763e-12
91223842b0e681fe8f896e359909d9fcca08d34d2d3bf7cc88c734a4658a1fd6,ff26e856757e5cc7d02c694878ace0a6f77dfb64b24bef2dfc76e78cbc482f24,16,0.01,14,4.0,,refinement,4.0,0.0006088505066622639,8.304416381446031e-06,0.0,K2,0.0002837174005200805,64,9.540186348059367e-06,2,0.2,,refinement_n64_L16_s4_sw0p65_A1_g1_r0_dt0p01,4,7.257517368443541e-05,0.0001639838187401195,0.00011012796994893908,3.343773316953867e-05,0.00014537898123442023,8.12992936238821e-06,5.342852133839592e-05,0.00012187289992009233,1.14543768276995e-05,0.0,0.0001266149709572934,0.0002812193033298979,0.0001639838187401195,3.615128359719978e-07,0.0001639838187401195,2.3384408451884127e-09
91223842b0e681fe8f896e359909d9fcca08d34d2d3bf7cc88c734a4658a1fd6,ff26e856757e5cc7d02c694878ace0a6f77dfb64b24bef2dfc76e78cbc482f24,16,0.01,14,4.28,8.372676168913809e-12,refinement,8.0,0.0012647857519134157,8.305339865599117e-06,0.0,K2,0.0002837159064134777,64,9.540156469779411e-06,2,0.2,0.0,refinement_n64_L16_s4_sw0p65_A1_g1_r0_dt0p01,4,7.25753849356773e-05,0.00016398382711279566,0.00011012796994893908,3.343785575363095e-05,0.00014537898123442023,8.12992936238821e-06,5.342852133839592e-05,0.00012187385960338589,1.14543768276995e-05,0.0,0.0001266149709572934,0.0002812193033298979,0.00016398382711279566,2.3384408451884127e-09,0.00016398380607680646,8.967738429398948e-14
91223842b0e681fe8f896e359909d9fcca08d34d2d3bf7cc88c734a4658a1fd6,ff26e856757e5cc7d02c694878ace0a6f77dfb64b24bef2dfc76e78cbc482f24,16,0.01,16,1.28,,refinement,4.0,2.9159694469978045e-05,7.558360058828353e-07,0.0,K3,1.343184837579434e-05,64,8.33998412624302e-07,3,0.28,,refinement_n64_L16_s4_sw0p65_A1_g1_r0_dt0p01,4,3.7533129705932872e-06,7.763379282918303e-06,6.080292481509365e-06,2.1548583147668944e-06,9.5916847479218e-06,5.823629555812282e-07,9.233213890086847e-07,4.958681940166891e-06,1.0013360057526753e-06,0.0,7.763379282918303e-06,1.377662247400222e-05,7.738626022302034e-06,3.580107486409518e-08,7.723475374762538e-06,4.357965631978039e-10
91223842b0e681fe8f896e359909d9fcca08d34d2d3bf7cc88c734a4658a1fd6,ff26e856757e5cc7d02c694878ace0a6f77dfb64b24bef2dfc76e78cbc482f24,16,0.01,16,1.28,0.0,refinement,8.0,6.005294502425996e-05,7.560205708661399e-07,0.0,K3,1.3431776955478267e-05,64,8.339958006797185e-07,3,0.28,0.0,refinement_n64_L16_s4_sw0p65_A1_g1_r0_dt0p01,4,3.753323884097002e-06,7.763379282918303e-06,6.080292481509365e-06,2.1548670725111165e-06,9.5916847479218e-06,5.823629555812282e-07,9.233213890086847e-07,4.958769907464711e-06,1.0013360057526753e-06,0.0,7.763379282918303e-06,1.377662247400222e-05,7.723475374762538e-06,4.357965631978039e-10,7.723293526047872e-06,2.684772023338895e-14
91223842b0e681fe8f896e359909d9fcca08d34d2d3bf7cc88c734a4658a1fd6,05ec07ee376af5fdefdec9bcd58bb5f5d8d0f79830993eb76114ea03cbbda72c,16,0.02,16,0.43999999999999995,,restart,4.0,0.003820536505916468,0.00034958867956602104,0.0,K0,0.0409904016370824,64,0.0004431392147467187,0,0.28,,restart_n64_L16_s13_sw0p65_A1_g1_r1_dt0p02,13,0.00024892107728033045,0.0011296558149297177,0.0005966265569903238,0.00016106448988239828,0.004522341063809189,5.533732575198992e-06,0.0003209990144826113,0.0009599368825508916,0.0004431392147467187,0.0,0.0011296558149297177,0.002582787775070682,0.0009455338060681541,1.1401539515997543e-05,0.0009419559517707104,5.247667216936064e-08
91223842b0e681fe8f896e359909d9fcca08d34d2d3bf7cc88c734a4658a1fd6,05ec07ee376af5fdefdec9bcd58bb5f5d8d0f79830993eb76114ea03cbbda72c,16,0.02,16,0.43999999999999995,0.0,restart,8.0,0.007588318417991413,0.00034960746169384374,0.0,K0,0.040990362699510015,64,0.0004431392147467187,0,0.28,0.0,restart_n64_L16_s13_sw0p65_A1_g1_r1_dt0p02,13,0.0002489216408705776,0.0011296558149297177,0.0005966265569903238,0.00016106505386956414,0.004522341063809189,5.533732575198992e-06,0.0003209990144826113,0.0009599368825508916,0.0004431392147467187,0.0,0.0011296558149297177,0.002582787775070682,0.0009419559517707104,5.247667216936064e-08,0.0009419444605270134,5.886544236641281e-13
91223842b0e681fe8f896e359909d9fcca08d34d2d3bf7cc88c734a4658a1fd6,05ec07ee376af5fdefdec9bcd58bb5f5d8d0f79830993eb76114ea03cbbda72c,16,0.02,16,0.43999999999999995,0.0,restart,16.0,0.015123874101241644,0.0003496074618971675,0.0,K0,0.04099036269937105,64,0.0004431392147467187,0,0.28,0.0,restart_n64_L16_s13_sw0p65_A1_g1_r1_dt0p02,13,0.00024892164087479,0.0011296558149297177,0.0005966265569903238,0.00016106505387380882,0.004522341063809189,5.533732575198992e-06,0.0003209990144826113,0.0009599368825508916,0.0004431392147467187,0.0,0.0011296558149297177,0.002582787775070682,0.0009419444605270134,5.886544236641281e-13,0.0009419444604007588,1.5700924586837752e-16
91223842b0e681fe8f896e359909d9fcca08d34d2d3bf7cc88c734a4658a1fd6,05ec07ee376af5fdefdec9bcd58bb5f5d8d0f79830993eb76114ea03cbbda72c,16,0.02,16,0.43999999999999995,0.0,restart,32.0,0.03019498546765645,0.00034960746189906586,0.0,K0,0.04099036269937057,64,0.0004431392147467187,0,0.28,0.0,restart_n64_L16_s13_sw0p65_A1_g1_r1_dt0p02,13,0.00024892164087479,0.0011296558149297177,0.0005966265569903238,0.0001610650538738285,0.004522341063809189,5.533732575198992e-06,0.0003209990144826113,0.0009599368825508916,0.0004431392147467187,0.0,0.0011296558149297177,0.002582787775070682,0.0009419444604009772,1.5700924586837752e-16,0.0009419444604009772,1.1102230246251565e-16
91223842b0e681fe8f896e359909d9fcca08d34d2d3bf7cc88c734a4658a1fd6,05ec07ee376af5fdefdec9bcd58bb5f5d8d0f79830993eb76114ea03cbbda72c,16,0.02,12,4.0,,restart,4.0,0.00018763876852261773,6.464179329275559e-06,0.0,K1,0.0018498675272212905,64,9.146303373954183e-06,1,0.24,,restart_n64_L16_s13_sw0p65_A1_g1_r1_dt0p02,13,2.187347836239337e-05,5.098055948504557e-05,3.51547438812398e-05,1.3109781980395199e-05,0.00010101978857415827,1.1404647149779851e-07,2.0131907997126595e-05,3.692101607557276e-05,9.146303373954183e-06,0.0,4.5971997494182445e-05,0.00010520534635898584,5.098055948504557e-05,1.5114508798034256e-07,5.098055948504557e-05,5.905393308883297e-10
91223842b0e681fe8f896e359909d9fcca08d34d2d3bf7cc88c734a4658a1fd6,05ec07ee376af5fdefdec9bcd58bb5f5d8d0f79830993eb76114ea03cbbda72c,16,0.02,12,8.0,5.221921010631716e-10,restart,8.0,0.00039156291773244367,6.464384037053355e-06,0.0,K1,0.001849884718107346,64,9.146303373954183e-06,1,0.24,0.0,restart_n64_L16_s13_sw0p65_A1_g1_r1_dt0p02,13,2.187350071257399e-05,5.098108167714663e-05,3.515500470385254e-05,1.3109806742887018e-05,0.00010101978857415827,1.1404647149779851e-07,2.0132216389129766e-05,3.6921488773411746e-05,9.146303373954183e-06,0.0,4.5972425341394124e-05,0.00010520591728713178,5.098108167714663e-05,5.905393308883297e-10,5.098108167714663e-05,4.449557262054371e-15
91223842b0e681fe8f896e359909d9fcca08d34d2d3bf7cc88c734a4658a1fd6,05ec07ee376af5fdefdec9bcd58bb5f5d8d0f79830993eb76114ea03cbbda72c,16,0.02,12,9.120000000000001,4.406583876005038e-15,restart,16.0,0.0007994115711817195,6.464384040240226e-06,0.0,K1,0.0018498847182609702,64,9.146303373954183e-06,1,0.24,0.0,restart_n64_L16_s13_sw0p65_A1_g1_r1_dt0p02,13,2.1873500712659894e-05,5.0981081681553216e-05,3.5155004706312906e-05,1.3109806742987473e-05,0.00010101978857415827,1.1404647149779851e-07,2.0132216392340888e-05,3.692148877753538e-05,9.146303373954183e-06,0.0,4.5972425345221514e-05,0.000105205917291115,5.0981081681553216e-05,4.449557262054371e-15,5.0981081681308674e-05,1.1102230246251565e-16
91223842b0e681fe8f896e359909d9fcca08d34d2d3bf7cc88c734a4658a1fd6,05ec07ee376af5fdefdec9bcd58bb5f5d8d0f79830993eb76114ea03cbbda72c,16,0.02,12,9.120000000000001,0.0,restart,32.0,0.0016151088780810919,6.4643840416024695e-06,0.0,K1,0.0018498847182609488,64,9.146303373954183e-06,1,0.24,0.0,restart_n64_L16_s13_sw0p65_A1_g1_r1_dt0p02,13,2.1873500712659894e-05,5.0981081681553216e-05,3.5155004706312906e-05,1.3109806742987473e-05,0.00010101978857415827,1.1404647149779851e-07,2.0132216392340888e-05,3.692148877753538e-05,9.146303373954183e-06,0.0,4.5972425345221514e-05,0.000105205917291115,5.0981081681308674e-05,1.1102230246251565e-16,5.098108168122004e-05,5.551115123125783e-17
91223842b0e681fe8f896e359909d9fcca08d34d2d3bf7cc88c734a4658a1fd6,05ec07ee376af5fdefdec9bcd58bb5f5d8d0f79830993eb76114ea03cbbda72c,16,0.02,15,4.0,,restart,4.0,1.3020586676384344e-05,6.179654075035909e-07,0.0,K2,0.0001284182615298155,64,7.488490356205241e-07,2,0.28,,restart_n64_L16_s13_sw0p65_A1_g1_r1_dt0p02,13,1.2426972542953479e-06,3.539083055704525e-06,1.5239496491769606e-06,8.179601501652632e-07,6.843134944064433e-06,3.772747421437218e-09,1.4184552548569432e-06,3.3121829729988097e-06,7.488490356205241e-07,0.0,2.920307853944616e-06,7.561170859468292e-06,3.539083055704525e-06,1.9518102715314956e-08,3.539083055704525e-06,6.781167620223773e-11
91223842b0e681fe8f896e359909d9fcca08d34d2d3bf7cc88c734a4658a1fd6,05ec07ee376af5fdefdec9bcd58bb5f5d8d0f79830993eb76114ea03cbbda72c,16,0.02,15,7.960000000000001,3.6014553310705994e-11,restart,8.0,2.7177050817048988e-05,6.179886317854149e-07,0.0,K2,0.00012841944635645237,64,7.488490356205241e-07,2,0.28,0.0,restart_n64_L16_s13_sw0p65_A1_g1_r1_dt0p02,13,1.2426982030805828e-06,3.5391190702578356e-06,1.5239496491769606e-06,8.17961790726343e-07,6.843134944064433e-06,3.772747421437218e-09,1.4185006778834118e-06,3.312224241322738e-06,7.488490356205241e-07,0.0,2.9203244189104085e-06,7.561213540560799e-06,3.5391190702578356e-06,6.781167620223773e-11,3.5391190700964682e-06,4.965068306494546e-16
91223842b0e681fe8f896e359909d9fcca08d34d2d3bf7cc88c734a4658a1fd6,05ec07ee376af5fdefdec9bcd58bb5f5d8d0f79830993eb76114ea03cbbda72c,16,0.02,15,8.36,3.69513041042005e-16,restart,16.0,5.549000337436603e-05,6.179886340590023e-07,0.0,K2,0.00012841944636942502,64,7.488490356205241e-07,2,0.28,0.0,restart_n64_L16_s13_sw0p65_A1_g1_r1_dt0p02,13,1.2426982030921668e-06,3.5391190706273487e-06,1.5239496491769606e-06,8.179617907370582e-07,6.843134944064433e-06,3.772747421437218e-09,1.4185006783324596e-06,3.3122242417649114e-06,7.488490356205241e-07,0.0,2.9203244189104085e-06,7.561213541506134e-06,3.5391190706273487e-06,7.850462293418876e-16,3.539119069514391e-06,1.6653345369377348e-16
91223842b0e681fe8f896e359909d9fcca08d34d2d3bf7cc88c734a4658a1fd6,05ec07ee376af5fdefdec9bcd58bb5f5d8d0f79830993eb76114ea03cbbda72c,16,0.02,15,8.36,0.0,restart,32.0,0.00011211590848973448,6.179886354423402e-07,0.0,K2,0.00012841944636942352,64,7.488490356205241e-07,2,0.28,0.0,restart_n64_L16_s13_sw0p65_A1_g1_r1_dt0p02,13,1.2426982030921668e-06,3.5391190706273487e-06,1.5239496491769606e-06,8.179617907370582e-07,6.843134944064433e-06,3.772747421437218e-09,1.4185006783324596e-06,3.3122242417649114e-06,7.488490356205241e-07,0.0,2.9203244189104085e-06,7.561213541506134e-06,3.5391190698039975e-06,1.6653345369377348e-16,3.539119069778316e-06,5.551115123125783e-17
91223842b0e681fe8f896e359909d9fcca08d34d2d3bf7cc88c734a4658a1fd6,05ec07ee376af5fdefdec9bcd58bb5f5d8d0f79830993eb76114ea03cbbda72c,16,0.02,15,4.0,,restart,4.0,8.125230512731525e-07,2.1640730201889848e-08,0.0,K3,7.95833844831717e-06,64,2.6086144918419874e-08,3,0.32000000000000006,,restart_n64_L16_s13_sw0p65_A1_g1_r1_dt0p02,13,5.8247280706405045e-08,2.193241087246916e-07,9.974687636663836e-08,4.122216297410454e-08,2.3475564835609946e-07,1.3929691033726533e-10,5.3214865988057074e-08,1.9886714047111304e-07,2.6086144918419874e-08,0.0,1.3665986564990498e-07,2.6219407055349367e-07,2.193241087246916e-07,6.957001761879722e-10,2.193241087246916e-07,2.4499245248126427e-12
91223842b0e681fe8f896e359909d9fcca08d34d2d3bf7cc88c734a4658a1fd6,05ec07ee376af5fdefdec9bcd58bb5f5d8d0f79830993eb76114ea03cbbda72c,16,0.02,15,7.0,9.161639962864412e-13,restart,8.0,1.6898228485823785e-06,2.1641570875447473e-08,0.0,K3,7.958364132198717e-06,64,2.6086144918419874e-08,3,0.32000000000000006,0.0,restart_n64_L16_s13_sw0p65_A1_g1_r1_dt0p02,13,5.824734257292261e-08,2.1932502488868788e-07,9.974687636663836e-08,4.1222247648893636e-08,2.3475564835609946e-07,1.3929691033726533e-10,5.3216460531742415e-08,1.9886852915851466e-07,2.6086144918419874e-08,0.0,1.3666026236546484e-07,2.6219520801926665e-07,2.1932502488868788e-07,2.4499245248126427e-12,2.1932502476939345e-07,1.2412670766236366e-16
91223842b0e681fe8f896e359909d9fcca08d34d2d3bf7cc88c734a4658a1fd6,05ec07ee376af5fdefdec9bcd58bb5f5d8d0f79830993eb76114ea03cbbda72c,16,0.02,15,7.0,0.0,restart,16.0,3.4444230417797316e-06,2.164157319115282e-08,0.0,K3,7.958364132171737e-06,64,2.6086144918419874e-08,3,0.32000000000000006,0.0,restart_n64_L16_s13_sw0p65_A1_g1_r1_dt0p02,13,5.824734258421155e-08,2.1932502488868788e-07,9.974687636663836e-08,4.122224764983649e-08,2.3475564835609946e-07,1.3929691033726533e-10,5.321646078532016e-08,1.988685291811625e-07,2.6086144918419874e-08,0.0,1.3666026265568247e-07,2.6219520801926665e-07,2.1932502476939345e-07,8.025154038416283e-16,2.193250240436352e-07,2.0014830212433605e-16
91223842b0e681fe8f896e359909d9fcca08d34d2d3bf7cc88c734a4658a1fd6,05ec07ee376af5fdefdec9bcd58bb5f5d8d0f79830993eb76114ea03cbbda72c,16,0.02,15,7.0,0.0,restart,32.0,6.953623427696565e-06,2.1641575473159076e-08,0.0,K3,7.958364132171644e-06,64,2.6086144918419874e-08,3,0.32000000000000006,0.0,restart_n64_L16_s13_sw0p65_A1_g1_r1_dt0p02,13,5.824734258421155e-08,2.1932502488868788e-07,9.974687636663836e-08,4.122224764983649e-08,2.3475564835609946e-07,1.3929691033726533e-10,5.321646078532016e-08,1.988685291811625e-07,2.6086144918419874e-08,0.0,1.3666026265568247e-07,2.6219520801926665e-07,2.1932502416763888e-07,2.0014830212433605e-16,2.1932502415280686e-07,1.2412670766236366e-16
91223842b0e681fe8f896e359909d9fcca08d34d2d3bf7cc88c734a4658a1fd6,8cf81fb9655788d89b3efeb3dabb4688161e4431d67390f19a938297e02f497e,16,0.02,16,0.48,,restart,4.0,0.008086748175766389,0.0011520013914095414,0.0,K0,0.04173168782941284,64,0.0011979092532148684,0,0.32000000000000006,,restart_n64_L16_s14_sw0p65_A1_g1_r1_dt0p02,14,0.0006469767327954785,0.0026726879200908485,0.0019368329477344052,0.00039661862242974284,0.010203704546987923,3.1960910787813264e-05,0.0007066473856255643,0.0018534888955777467,0.0011979092532148684,0.0,0.0026726879200908485,0.007792252772812018,0.0019266941464438805,7.34246446405108e-05,0.001876677189536435,7.575845810058529e-07
91223842b0e681fe8f896e359909d9fcca08d34d2d3bf7cc88c734a4658a1fd6,8cf81fb9655788d89b3efeb3dabb4688161e4431d67390f19a938297e02f497e,16,0.02,16,0.48,0.0,restart,8.0,0.015591711934594191,0.001152316911860761,0.0,K0,0.04173145055202944,64,0.0011979092532148684,0,0.32000000000000006,0.0,restart_n64_L16_s14_sw0p65_A1_g1_r1_dt0p02,14,0.0006469864670913809,0.0026726879200908485,0.0019368329477344052,0.00039662757112902264,0.010203704546987923,3.1960910787813264e-05,0.0007066473856255643,0.0018534888955777467,0.0011979092532148684,0.0,0.0026726879200908485,0.007792252772812018,0.001876677189536435,7.575845810058529e-07,0.001876190261921387,4.13911828612272e-11
91223842b0e681fe8f896e359909d9fcca08d34d2d3bf7cc88c734a4658a1fd6,8cf81fb9655788d89b3efeb3dabb4688161e4431d67390f19a938297e02f497e,16,0.02,16,0.48,0.0,restart,16.0,0.03060123382622059,0.0011523169284255628,0.0,K0,0.04173145054843423,64,0.0011979092532148684,0,0.32000000000000006,0.0,restart_n64_L16_s14_sw0p65_A1_g1_r1_dt0p02,14,0.0006469864674525712,0.0026726879200908485,0.0019368329477344052,0.0003966275714706844,0.010203704546987923,3.1960910787813264e-05,0.0007066473856255643,0.0018534888955777467,0.0011979092532148684,0.0,0.0026726879200908485,0.007792252772812018,0.001876190261921387,4.13911828612272e-11,0.0018761902351116205,1.2412670766236366e-16
91223842b0e681fe8f896e359909d9fcca08d34d2d3bf7cc88c734a4658a1fd6,8cf81fb9655788d89b3efeb3dabb4688161e4431d67390f19a938297e02f497e,16,0.02,16,0.48,0.0,restart,32.0,0.060620277588004146,0.001152316928427923,0.0,K0,0.04173145054843423,64,0.0011979092532148684,0,0.32000000000000006,0.0,restart_n64_L16_s14_sw0p65_A1_g1_r1_dt0p02,14,0.0006469864674525881,0.0026726879200908485,0.0019368329477344052,0.00039662757147068933,0.010203704546987923,3.1960910787813264e-05,0.0007066473856255643,0.0018534888955777467,0.0011979092532148684,0.0,0.0026726879200908485,0.007792252772812018,0.0018761902351116205,2.5438405243138006e-16,0.001876190235111438,1.1102230246251565e-16
91223842b0e681fe8f896e359909d9fcca08d34d2d3bf7cc88c734a4658a1fd6,8cf81fb9655788d89b3efeb3dabb4688161e4431d67390f19a938297e02f497e,16,0.02,16,0.6000000000000001,,restart,4.0,0.00042235109772522777,4.335996664631541e-05,0.0,K1,0.001900721979910157,64,4.560396817268485e-05,1,0.32000000000000006,,restart_n64_L16_s14_sw0p65_A1_g1_r1_dt0p02,14,6.31788086594552e-05,0.00012173091814361234,7.850542299018259e-05,3.4799550977319016e-05,0.0003780999965219791,1.1255744639391326e-06,5.075378707017184e-05,9.307333315822876e-05,4.560396817268485e-05,0.0,0.00012173091814361234,0.0003958966935231664,0.00010607245990518053,2.5374471938297904e-06,0.00010442431053994414,2.085669793754344e-08
91223842b0e681fe8f896e359909d9fcca08d34d2d3bf7cc88c734a4658a1fd6,8cf81fb9655788d89b3efeb3dabb4688161e4431d67390f19a938297e02f497e,16,0.02,16,0.6000000000000001,0.0,restart,8.0,0.0008399960072567681,4.336823676073537e-05,0.0,K1,0.001900711172814604,64,4.560396817268485e-05,1,0.32000000000000006,0.0,restart_n64_L16_s14_sw0p65_A1_g1_r1_dt0p02,14,6.317912736915567e-05,0.00012173091814361234,7.850542299018259e-05,3.4799930144881015e-05,0.0003780999965219791,1.1255744639391326e-06,5.0766314357700354e-05,9.307333315822876e-05,4.560396817268485e-05,0.0,0.00012173091814361234,0.0003958966935231664,0.00010442431053994414,2.085669793754344e-08,0.00010440977718899627,6.794299867000739e-13
91223842b0e681fe8f896e359909d9fcca08d34d2d3bf7cc88c734a4658a1fd6,8cf81fb9655788d89b3efeb3dabb4688161e4431d67390f19a938297e02f497e,16,0.02,16,0.6000000000000001,0.0,restart,16.0,0.001675274220990936,4.3368237019171687e-05,0.0,K1,0.0019007111726508559,64,4.560396817268485e-05,1,0.32000000000000006,0.0,restart_n64_L16_s14_sw0p65_A1_g1_r1_dt0p02,14,6.317912737409762e-05,0.00012173091814361234,7.850542299018259e-05,3.479993015108958e-05,0.0003780999965219791,1.1255744639391326e-06,5.0766314754100796e-05,9.307333315822876e-05,4.560396817268485e-05,0.0,0.00012173091814361234,0.0003958966935231664,0.00010440977718899627,6.794299867000739e-13,0.00010440977669339133,2.482534153247273e-16
91223842b0e681fe8f896e359909d9fcca08d34d2d3bf7cc88c734a4658a1fd6,8cf81fb9655788d89b3efeb3dabb4688161e4431d67390f19a938297e02f497e,16,0.02,16,0.6000000000000001,0.0,restart,32.0,0.0033458306480820014,4.3368237021398665e-05,0.0,K1,0.0019007111726508559,64,4.560396817268485e-05,1,0.32000000000000006,0.0,restart_n64_L16_s14_sw0p65_A1_g1_r1_dt0p02,14,6.317912737410024e-05,0.00012173091814361234,7.850542299018259e-05,3.479993015108958e-05,0.0003780999965219791,1.1255744639391326e-06,5.0766314754100796e-05,9.307333315822876e-05,4.560396817268485e-05,0.0,0.00012173091814361234,0.0003958966935231664,0.00010440977669339133,3.1401849173675503e-16,0.00010440977669316231,0.0
91223842b0e681fe8f896e359909d9fcca08d34d2d3bf7cc88c734a4658a1fd6,8cf81fb9655788d89b3efeb3dabb4688161e4431d67390f19a938297e02f497e,16,0.02,16,1.6799999999999997,,restart,4.0,2.6295350764522064e-05,1.2696692595332912e-06,0.0,K2,0.00010973951838835268,64,1.2798145508305108e-06,2,0.3599999999999999,,restart_n64_L16_s14_sw0p65_A1_g1_r1_dt0p02,14,4.044339120301347e-06,7.028220050721694e-06,2.9706416549936002e-06,2.22313037534488e-06,1.0000820638413187e-05,2.5367591985347993e-08,2.6074464534275175e-06,6.37366280491119e-06,1.2798145508305108e-06,0.0,7.028220050721694e-06,1.8325773532030247e-05,7.024166968307719e-06,8.189187820811851e-08,7.010829937769758e-06,6.904284547862149e-10
91223842b0e681fe8f896e359909d9fcca08d34d2d3bf7cc88c734a4658a1fd6,8cf81fb9655788d89b3efeb3dabb4688161e4431d67390f19a938297e02f497e,16,0.02,16,1.6799999999999997,0.0,restart,8.0,5.43379016079718e-05,1.269943376636226e-06,0.0,K2,0.0001097388944331011,64,1.2798145508305108e-06,2,0.3599999999999999,0.0,restart_n64_L16_s14_sw0p65_A1_g1_r1_dt0p02,14,4.0443567250535564e-06,7.028220050721694e-06,2.9706416549936002e-06,2.223156334023053e-06,1.0000820638413187e-05,2.5367591985347993e-08,2.607853175536278e-06,6.37366280491119e-06,1.2798145508305108e-06,0.0,7.028220050721694e-06,1.8325773532030247e-05,7.010829937769758e-06,6.904284547862149e-10,7.010615695742848e-06,2.254907786934502e-14
91223842b0e681fe8f896e359909d9fcca08d34d2d3bf7cc88c734a4658a1fd6,8cf81fb9655788d89b3efeb3dabb4688161e4431d67390f19a938297e02f497e,16,0.02,16,1.6799999999999997,0.0,restart,16.0,0.00011042282710482961,1.2699433870412599e-06,0.0,K2,0.00010973889442364699,64,1.2798145508305108e-06,2,0.3599999999999999,0.0,restart_n64_L16_s14_sw0p65_A1_g1_r1_dt0p02,14,4.044356725322797e-06,7.028220050721694e-06,2.9706416549936002e-06,2.2231563344460013e-06,1.0000820638413187e-05,2.5367591985347993e-08,2.6078531889059027e-06,6.37366280491119e-06,1.2798145508305108e-06,0.0,7.028220050721694e-06,1.8325773532030247e-05,7.010615695742848e-06,2.254907786934502e-14,7.010615686583896e-06,2.220446049250313e-16
91223842b0e681fe8f896e359909d9fcca08d34d2d3bf7cc88c734a4658a1fd6,8cf81fb9655788d89b3efeb3dabb4688161e4431d67390f19a938297e02f497e,16,0.02,16,1.6799999999999997,0.0,restart,32.0,0.00022259267808899774,1.2699433896933173e-06,0.0,K2,0.00010973889442364699,64,1.2798145508305108e-06,2,0.3599999999999999,0.0,restart_n64_L16_s14_sw0p65_A1_g1_r1_dt0p02,14,4.044356725322797e-06,7.028220050721694e-06,2.9706416549936002e-06,2.223156334447068e-06,1.0000820638413187e-05,2.5367591985347993e-08,2.6078531889059027e-06,6.37366280491119e-06,1.2798145508305108e-06,0.0,7.028220050721694e-06,1.8325773532030247e-05,7.010615686613433e-06,2.5438405243138006e-16,7.010615686484601e-06,1.2412670766236366e-16
91223842b0e681fe8f896e359909d9fcca08d34d2d3bf7cc88c734a4658a1fd6,8cf81fb9655788d89b3efeb3dabb4688161e4431d67390f19a938297e02f497e,16,0.02,16,4.0,,restart,4.0,8.739398348930671e-07,3.734289350005944e-08,0.0,K3,3.6158209482994274e-06,64,4.5360528111389405e-08,3,0.28,,restart_n64_L16_s14_sw0p65_A1_g1_r1_dt0p02,14,2.1939979691305582e-07,2.315736906984164e-07,2.0727961012384972e-07,1.1791540069475889e-07,4.2223273300696314e-07,1.2682545704823314e-09,1.016924867893884e-07,1.5478753192729934e-07,4.5360528111389405e-08,0.0,2.315736906984164e-07,4.040568810663524e-07,2.315736906984164e-07,1.3137802111877723e-09,2.315736906984164e-07,7.832517719173617e-12
91223842b0e681fe8f896e359909d9fcca08d34d2d3bf7cc88c734a4658a1fd6,8cf81fb9655788d89b3efeb3dabb4688161e4431d67390f19a938297e02f497e,16,0.02,16,7.5600000000000005,7.001672707675513e-13,restart,8.0,1.8002371537142632e-06,3.734590630146296e-08,0.0,K3,3.6158113219590823e-06,64,4.5360528111389405e-08,3,0.28,0.0,restart_n64_L16_s14_sw0p65_A1_g1_r1_dt0p02,14,2.1940085602604256e-07,2.3157439086568717e-07,2.0728526606189342e-07,1.1791677694658078e-07,4.2223273300696314e-07,1.2682545704823314e-09,1.0169834746547071e-07,1.5478753192729934e-07,4.5360528111389405e-08,0.0,2.3157439086568717e-07,4.0406766798906295e-07,2.3157439086568717e-07,7.832517719173617e-12,2.3157439054785571e-07,2.482534153247273e-16
91223842b0e681fe8f896e359909d9fcca08d34d2d3bf7cc88c734a4658a1fd6,8cf81fb9655788d89b3efeb3dabb4688161e4431d67390f19a938297e02f497e,16,0.02,16,10.72,5.628936275154772e-17,restart,16.0,3.6528322760734765e-06,3.734590844999567e-08,4.3140830754274083e-32,K3,3.615811322526481e-06,64,4.5360528111389405e-08,3,0.28,0.0,restart_n64_L16_s14_sw0p65_A1_g1_r1_dt0p02,14,2.194008560556044e-07,2.3157439092197653e-07,2.072852662198019e-07,1.1791677698766626e-07,4.2223273300696314e-07,1.2682545704823314e-09,1.0169834841196488e-07,1.5478753192729934e-07,4.5360528111389405e-08,0.0,2.3157439092197653e-07,4.040676684136314e-07,2.3157439092197653e-07,7.850462293418876e-16,2.3157439020208114e-07,1.2412670766236366e-16
91223842b0e681fe8f896e359909d9fcca08d34d2d3bf7cc88c734a4658a1fd6,8cf81fb9655788d89b3efeb3dabb4688161e4431d67390f19a938297e02f497e,16,0.02,16,10.72,0.0,restart,32.0,7.358022519883714e-06,3.734591048109376e-08,4.3140830754274083e-32,K3,3.615811322526481e-06,64,4.5360528111389405e-08,3,0.28,0.0,restart_n64_L16_s14_sw0p65_A1_g1_r1_dt0p02,14,2.1940085605995815e-07,2.3157439092197653e-07,2.072852662198019e-07,1.1791677698766626e-07,4.2223273300696314e-07,1.2682545704823314e-09,1.0169834841196488e-07,1.5478753192729934e-07,4.5360528111389405e-08,0.0,2.3157439092197653e-07,4.040676684136314e-07,2.3157439030768e-07,2.482534153247273e-16,2.3157439023879033e-07,0.0
91223842b0e681fe8f896e359909d9fcca08d34d2d3bf7cc88c734a4658a1fd6,a4137f966ddc2d85978db242a32b9ecbd77e70c2f27dbac524dfc2e8c0ec2ced,16,0.02,16,0.92,,stress,4.0,0.1265216680433022,0.01644928314643628,0.0,K0,0.06101499101457386,64,0.014845204256438963,0,0.52,,stress_n64_L16_s10_sw1p2_A1_g1_r0_dt0p02,10,0.014817795295120513,0.03597993949600287,0.01925485501478778,0.01419261776702786,0.059631084685141514,0.00638539953461803,0.01287008447480118,0.03555295049926741,0.015785066655784857,0.0,0.03597993949600287,0.0583747147717694,0.033785517047846665,0.0011127530974433609,0.03343342812478321,6.833674087914194e-06
91223842b0e681fe8f896e359909d9fcca08d34d2d3bf7cc88c734a4658a1fd6,a4137f966ddc2d85978db242a32b9ecbd77e70c2f27dbac524dfc2e8c0ec2ced,16,0.02,16,0.92,0.0,stress,8.0,0.2602476113800408,0.01645187779676302,0.0,K0,0.06101455836248199,64,0.01484514032169197,0,0.52,0.0,stress_n64_L16_s10_sw1p2_A1_g1_r0_dt0p02,10,0.014817859069436497,0.03597993949600287,0.019257505781733804,0.014192740166536101,0.059631084685141514,0.00638539953461803,0.012872942668496229,0.03555295049926741,0.015785066655784857,0.0,0.03597993949600287,0.0583747147717694,0.03343342812478321,6.833674087914194e-06,0.03343128392509529,1.5219346273434204e-10
91223842b0e681fe8f896e359909d9fcca08d34d2d3bf7cc88c734a4658a1fd6,a4137f966ddc2d85978db242a32b9ecbd77e70c2f27dbac524dfc2e8c0ec2ced,16,0.02,16,0.92,0.0,stress,16.0,0.5276978824383424,0.016451877852801992,3.0814879110195774e-32,K0,0.06101455835934974,64,0.014845140321229286,0,0.52,0.0,stress_n64_L16_s10_sw1p2_A1_g1_r0_dt0p02,10,0.014817859070235452,0.03597993949600287,0.019257505832662117,0.014192740168255127,0.059631084685141514,0.00638539953461803,0.012872942723128633,0.03555295049926741,0.015785066655784857,0.0,0.03597993949600287,0.0583747147717694,0.03343128392509529,1.5219346273434204e-10,0.0334312838802275,2.220446049250313e-16
91223842b0e681fe8f896e359909d9fcca08d34d2d3bf7cc88c734a4658a1fd6,a4137f966ddc2d85978db242a32b9ecbd77e70c2f27dbac524dfc2e8c0ec2ced,16,0.02,16,0.92,0.0,stress,32.0,1.0625984245219826,0.016451877852804053,3.0814879110195774e-32,K0,0.06101455835934973,64,0.014845140321229286,0,0.52,0.0,stress_n64_L16_s10_sw1p2_A1_g1_r0_dt0p02,10,0.014817859070235452,0.03597993949600287,0.019257505832662117,0.014192740168255127,0.059631084685141514,0.00638539953461803,0.012872942723128684,0.03555295049926741,0.015785066655784857,0.0,0.03597993949600287,0.0583747147717694,0.033431283880227564,2.7194799110210365e-16,0.03343128388022749,1.2412670766236366e-16
91223842b0e681fe8f896e359909d9fcca08d34d2d3bf7cc88c734a4658a1fd6,a4137f966ddc2d85978db242a32b9ecbd77e70c2f27dbac524dfc2e8c0ec2ced,16,0.02,11,4.0,,stress,4.0,0.013093634036156326,0.0012924377637044777,0.0,K1,0.006131805355922517,64,0.001313895747773569,1,0.4,,stress_n64_L16_s10_sw1p2_A1_g1_r0_dt0p02,10,0.0015593126460879945,0.0036158652494869895,0.0024999796965483358,0.0017967195860768839,0.00831835070884761,0.0006979790690253007,0.0023991874673166915,0.002928856505591315,0.0013970795954769252,0.0,0.003028461680532383,0.005047422229551133,0.0036158652494869895,5.759648264537482e-05,0.0036158652494869895,3.0299818834925587e-07
91223842b0e681fe8f896e359909d9fcca08d34d2d3bf7cc88c734a4658a1fd6,a4137f966ddc2d85978db242a32b9ecbd77e70c2f27dbac524dfc2e8c0ec2ced,16,0.02,11,8.0,1.532473658050551e-07,stress,8.0,0.027557652687768476,0.00129255008804469,0.0,K1,0.00613202175174724,64,0.0013138900891385811,1,0.4,0.0,stress_n64_L16_s10_sw1p2_A1_g1_r0_dt0p02,10,0.001559316295519262,0.0036160184968527945,0.0025000716760854155,0.001796728896924159,0.00831835070884761,0.0006979790690253007,0.002399288086694039,0.0029289969832643928,0.0013970795954769252,0.0,0.003028503823163398,0.005047587171529076,0.0036160184968527945,3.0299818834925587e-07,0.0036160184968527945,5.147437286657673e-12
91223842b0e681fe8f896e359909d9fcca08d34d2d3bf7cc88c734a4658a1fd6,a4137f966ddc2d85978db242a32b9ecbd77e70c2f27dbac524dfc2e8c0ec2ced,16,0.02,11,12.040000000000001,2.2080141534597253e-12,stress,16.0,0.05648580067946344,0.0012925500898911988,0.0,K1,0.006132021755176782,64,0.0013138900890976304,1,0.4,0.0,stress_n64_L16_s10_sw1p2_A1_g1_r0_dt0p02,10,0.0015593162955431904,0.0036160184990608087,0.002500071677341807,0.0017967288970024502,0.00831835070884761,0.0006979790690253007,0.0023992880881388017,0.0029289969853078875,0.0013970795954769252,0.0,0.003028503823629266,0.005047587173809161,0.0036160184990608087,5.147437286657673e-12,0.0036160184990602674,2.2887833992611187e-16
91223842b0e681fe8f896e359909d9fcca08d34d2d3bf7cc88c734a4658a1fd6,a4137f966ddc2d85978db242a32b9ecbd77e70c2f27dbac524dfc2e8c0ec2ced,16,0.02,11,12.040000000000001,0.0,stress,32.0,0.11434209666442918,0.0012925500898934269,0.0,K1,0.006132021755176781,64,0.0013138900890976304,1,0.4,0.0,stress_n64_L16_s10_sw1p2_A1_g1_r0_dt0p02,10,0.0015593162955431907,0.0036160184990608087,0.002500071677341807,0.0017967288970024502,0.00831835070884761,0.0006979790690253007,0.0023992880881388017,0.0029289969853078875,0.0013970795954769252,0.0,0.0030285038236292678,0.005047587173809161,0.0036160184990604487,3.554447978966673e-16,0.0036160184990604105,1.1102230246251565e-16
91223842b0e681fe8f896e359909d9fcca08d34d2d3bf7cc88c734a4658a1fd6,a4137f966ddc2d85978db242a32b9ecbd77e70c2f27dbac524dfc2e8c0ec2ced,16,0.02,15,1.8,,stress,4.0,0.002000489028398407,5.41464758452349e-05,0.0,K2,0.0009354948225204268,64,4.522606934330651e-05,2,0.64,,stress_n64_L16_s10_sw1p2_A1_g1_r0_dt0p02,10,0.00014071758563131338,0.0005516520866989754,0.00029774202828616625,0.0001918605700240181,0.00031996857115831597,1.0562454225149231e-05,0.00014068932212551576,0.000477035053165906,4.808936992925481e-05,0.0,0.00046500022573801224,0.0006697506307185632,0.0005515568323512991,4.34066529444545e-06,0.0005507952193118931,2.5131984390778883e-08
91223842b0e681fe8f896e359909d9fcca08d34d2d3bf7cc88c734a4658a1fd6,a4137f966ddc2d85978db242a32b9ecbd77e70c2f27dbac524dfc2e8c0ec2ced,16,0.02,15,1.8,0.0,stress,8.0,0.004203635194548508,5.4155804795086604e-05,0.0,K2,0.0009354881890065122,64,4.522587456543408e-05,2,0.64,0.0,stress_n64_L16_s10_sw1p2_A1_g1_r0_dt0p02,10,0.0001407178889430192,0.0005516520866989754,0.00029774202828616625,0.00019186155579686463,0.00031996857115831597,1.0562454225149231e-05,0.0001406952310985567,0.000477035053165906,4.808936992925481e-05,0.0,0.00046500022573801224,0.0006697506307185632,0.0005507952193118931,2.5131984390778883e-08,0.0005507856170901763,4.198419601304065e-13
91223842b0e681fe8f896e359909d9fcca08d34d2d3bf7cc88c734a4658a1fd6,a4137f966ddc2d85978db242a32b9ecbd77e70c2f27dbac524dfc2e8c0ec2ced,16,0.02,15,1.8,0.0,stress,16.0,0.008609920129756653,5.415580494740126e-05,0.0,K2,0.0009354881889584878,64,4.52258745640245e-05,2,0.64,0.0,stress_n64_L16_s10_sw1p2_A1_g1_r0_dt0p02,10,0.0001407178889450739,0.0005516520866989754,0.00029774202828616625,0.00019186155580483685,0.00031996857115831597,1.0562454225149231e-05,0.00014069523118427158,0.000477035053165906,4.808936992925481e-05,0.0,0.00046500022573801224,0.0006697506307185632,0.0005507856170901763,4.198419601304065e-13,0.0005507856168920205,2.482534153247273e-16
91223842b0e681fe8f896e359909d9fcca08d34d2d3bf7cc88c734a4658a1fd6,a4137f966ddc2d85978db242a32b9ecbd77e70c2f27dbac524dfc2e8c0ec2ced,16,0.02,15,1.8,0.0,stress,32.0,0.017422490000027397,5.4155804949651604e-05,0.0,K2,0.0009354881889584877,64,4.52258745640245e-05,2,0.64,0.0,stress_n64_L16_s10_sw1p2_A1_g1_r0_dt0p02,10,0.0001407178889450739,0.0005516520866989754,0.00029774202828616625,0.00019186155580483685,0.00031996857115831597,1.0562454225149231e-05,0.00014069523118427158,0.000477035053165906,4.808936992925481e-05,0.0,0.00046500022573801224,0.0006697506307185632,0.000550785616892062,3.188872858294072e-16,0.0005507856168918924,5.551115123125783e-17
91223842b0e681fe8f896e359909d9fcca08d34d2d3bf7cc88c734a4658a1fd6,a4137f966ddc2d85978db242a32b9ecbd77e70c2f27dbac524dfc2e8c0ec2ced,16,0.02,14,4.0,,stress,4.0,0.00021433948769812504,3.5058683536829873e-06,0.0,K3,0.00010047186919064556,64,3.56919730012961e-06,3,0.32,,stress_n64_L16_s10_sw1p2_A1_g1_r0_dt0p02,10,1.2082924395143772e-05,5.924727209525084e-05,2.9201562189366854e-05,1.5121692984643723e-05,3.638372593024959e-05,6.837340846832518e-07,1.2765394025022837e-05,5.244837443606252e-05,3.7951661908428313e-06,0.0,5.65192351238429e-05,6.068109161278425e-05,5.924727209525084e-05,1.3725140359893615e-07,5.924727209525084e-05,4.6302171378928563e-10
91223842b0e681fe8f896e359909d9fcca08d34d2d3bf7cc88c734a4658a1fd6,a4137f966ddc2d85978db242a32b9ecbd77e70c2f27dbac524dfc2e8c0ec2ced,16,0.02,14,8.0,2.4380759717156867e-10,stress,8.0,0.0004513294695814137,3.5060259862229852e-06,0.0,K3,0.0001004715702006113,64,3.569181928449813e-06,3,0.32,0.0,stress_n64_L16_s10_sw1p2_A1_g1_r0_dt0p02,10,1.2082943973928134e-05,5.924751590284801e-05,2.9201785278855526e-05,1.5121776086369065e-05,3.638372593024959e-05,6.837340846832518e-07,1.2765437540736255e-05,5.2448605843763575e-05,3.7951661908428313e-06,0.0,5.651947993091742e-05,6.068133308062438e-05,5.924751590284801e-05,4.6302171378928563e-10,5.924751590284801e-05,3.385725185095924e-15
91223842b0e681fe8f896e359909d9fcca08d34d2d3bf7cc88c734a4658a1fd6,a4137f966ddc2d85978db242a32b9ecbd77e70c2f27dbac524dfc2e8c0ec2ced,16,0.02,14,11.24,2.5238396984296474e-15,stress,16.0,0.000925309596820196,3.5060259897241663e-06,0.0,K3,0.0001004715701997334,64,3.5691819283385707e-06,3,0.32,0.0,stress_n64_L16_s10_sw1p2_A1_g1_r0_dt0p02,10,1.2082943974063895e-05,5.924751590537185e-05,2.9201785281146987e-05,1.5121776087061107e-05,3.638372593024959e-05,6.837340846832518e-07,1.2765437541064255e-05,5.244860584665851e-05,3.7951661908428313e-06,0.0,5.651947993371926e-05,6.068133308335856e-05,5.924751590537185e-05,3.385725185095924e-15,5.924751590493923e-05,1.5700924586837752e-16
91223842b0e681fe8f896e359909d9fcca08d34d2d3bf7cc88c734a4658a1fd6,a4137f966ddc2d85978db242a32b9ecbd77e70c2f27dbac524dfc2e8c0ec2ced,16,0.02,14,11.24,0.0,stress,32.0,0.0018732698512960106,3.5060259919272206e-06,0.0,K3,0.00010047157019973337,64,3.5691819283385707e-06,3,0.32,0.0,stress_n64_L16_s10_sw1p2_A1_g1_r0_dt0p02,10,1.208294397406771e-05,5.924751590537185e-05,2.9201785281146987e-05,1.5121776087061107e-05,3.638372593024959e-05,6.837340846832518e-07,1.2765437541064255e-05,5.244860584665851e-05,3.7951661908428313e-06,0.0,5.651947993371926e-05,6.068133308335856e-05,5.924751590498291e-05,3.554447978966673e-16,5.924751590463159e-05,1.1102230246251565e-16
91223842b0e681fe8f896e359909d9fcca08d34d2d3bf7cc88c734a4658a1fd6,a669df921e4f3e0316079801f61944032c678fecb5cfe631ed231f0f5156fca4,16,0.02,16,1.44,,stress,4.0,0.1660092390897675,0.0048545960537512,0.0,K0,0.08251381356559549,64,0.005417439950325899,0,0.52,,stress_n64_L16_s9_sw1p2_A1_g1_r0_dt0p02,9,0.014099150979158414,0.045101564930938816,0.026564745261689688,0.009638178697928263,0.015414342027256734,0.0015117236261655842,0.020621012723223683,0.04284729557741052,0.005417439950325899,0.0,0.045101564930938816,0.08672501773494845,0.045023824507328926,0.00017691086334030383,0.044975838543460704,4.951260039622364e-07
91223842b0e681fe8f896e359909d9fcca08d34d2d3bf7cc88c734a4658a1fd6,a669df921e4f3e0316079801f61944032c678fecb5cfe631ed231f0f5156fca4,16,0.02,16,1.44,0.0,stress,8.0,0.3459118953985768,0.004854777899487078,0.0,K0,0.08251373103847857,64,0.005417439950325899,0,0.52,0.0,stress_n64_L16_s9_sw1p2_A1_g1_r0_dt0p02,9,0.014099158694630385,0.045101564930938816,0.026564851235537344,0.009638184894823156,0.015414342027256734,0.0015117236261655842,0.020621012723223683,0.04284729557741052,0.005417439950325899,0.0,0.045101564930938816,0.08672501773494845,0.044975838543460704,4.951260039622364e-07,0.04497564670039098,1.0791522175934633e-11
91223842b0e681fe8f896e359909d9fcca08d34d2d3bf7cc88c734a4658a1fd6,a669df921e4f3e0316079801f61944032c678fecb5cfe631ed231f0f5156fca4,16,0.02,16,1.44,0.0,stress,16.0,0.7057170689726932,0.004854777903515245,4.3140830754274083e-32,K0,0.08251373103842027,64,0.005417439950325899,0,0.52,0.0,stress_n64_L16_s9_sw1p2_A1_g1_r0_dt0p02,9,0.014099158694633837,0.045101564930938816,0.026564851235537344,0.0096381848948375,0.015414342027256734,0.0015117236261655842,0.020621012723223683,0.04284729557741052,0.005417439950325899,0.0,0.045101564930938816,0.08672501773494845,0.04497564670039098,1.0791522175934633e-11,0.04497564669658679,1.9229626863835638e-16
91223842b0e681fe8f896e359909d9fcca08d34d2d3bf7cc88c734a4658a1fd6,a669df921e4f3e0316079801f61944032c678fecb5cfe631ed231f0f5156fca4,16,0.02,16,1.44,0.0,stress,32.0,1.4253274161180816,0.004854777903517741,4.3140830754274083e-32,K0,0.08251373103842027,64,0.005417439950325899,0,0.52,0.0,stress_n64_L16_s9_sw1p2_A1_g1_r0_dt0p02,9,0.014099158694633837,0.045101564930938816,0.026564851235537344,0.0096381848948375,0.015414342027256734,0.0015117236261655842,0.020621012723223683,0.04284729557741052,0.005417439950325899,0.0,0.045101564930938816,0.08672501773494845,0.04497564669658692,2.9893669801409083e-16,0.04497564669658678,1.2412670766236366e-16
91223842b0e681fe8f896e359909d9fcca08d34d2d3bf7cc88c734a4658a1fd6,a669df921e4f3e0316079801f61944032c678fecb5cfe631ed231f0f5156fca4,16,0.02,16,1.68,,stress,4.0,0.01240057077898249,0.00020179369243891857,0.0,K1,0.006175468102302336,64,0.0002265317578071424,1,0.56,,stress_n64_L16_s9_sw1p2_A1_g1_r0_dt0p02,9,0.0015565021226237221,0.0033754745243172453,0.00210035582610155,0.0011925002675858254,0.00043742789712847345,4.8359200196385066e-05,0.0011795125530192575,0.003032320643468173,0.0002265317578071424,0.0,0.0033754745243172453,0.006224271591769833,0.0033745067540645584,8.08492731598015e-06,0.0033728829151320632,2.3356005145944117e-08
91223842b0e681fe8f896e359909d9fcca08d34d2d3bf7cc88c734a4658a1fd6,a669df921e4f3e0316079801f61944032c678fecb5cfe631ed231f0f5156fca4,16,0.02,16,1.68,0.0,stress,8.0,0.025892086243714155,0.00020180201933179057,0.0,K1,0.006175461925838589,64,0.0002265317578071424,1,0.56,0.0,stress_n64_L16_s9_sw1p2_A1_g1_r0_dt0p02,9,0.001556502727317447,0.0033754745243172453,0.0021003614747121496,0.001192500812092897,0.00043742789712847345,4.8359200196385066e-05,0.0011795125530192575,0.003032320643468173,0.0002265317578071424,0.0,0.0033754745243172453,0.006224271591769833,0.0033728829151320632,2.3356005145944117e-08,0.0033728785037639877,3.3533039938753276e-13
91223842b0e681fe8f896e359909d9fcca08d34d2d3bf7cc88c734a4658a1fd6,a669df921e4f3e0316079801f61944032c678fecb5cfe631ed231f0f5156fca4,16,0.02,16,1.68,0.0,stress,16.0,0.052875114273520527,0.00020180201945366657,4.1600086798764294e-32,K1,0.006175461925834225,64,0.0002265317578071424,1,0.56,0.0,stress_n64_L16_s9_sw1p2_A1_g1_r0_dt0p02,9,0.001556502727317447,0.0033754745243172453,0.002100361474738552,0.0011925008120933756,0.00043742789712847345,4.8359200196385066e-05,0.0011795125530192575,0.003032320643468173,0.0002265317578071424,0.0,0.0033754745243172453,0.006224271591769833,0.0033728785037639877,3.3533039938753276e-13,0.0033728785037238458,3.1401849173675503e-16
91223842b0e681fe8f896e359909d9fcca08d34d2d3bf7cc88c734a4658a1fd6,a669df921e4f3e0316079801f61944032c678fecb5cfe631ed231f0f5156fca4,16,0.02,16,1.68,0.0,stress,32.0,0.10684117033309957,0.0002018020194574647,4.1600086798764294e-32,K1,0.006175461925834225,64,0.0002265317578071424,1,0.56,0.0,stress_n64_L16_s9_sw1p2_A1_g1_r0_dt0p02,9,0.001556502727317447,0.0033754745243172453,0.002100361474738552,0.0011925008120933756,0.00043742789712847345,4.8359200196385066e-05,0.0011795125530192575,0.003032320643468173,0.0002265317578071424,0.0,0.0033754745243172453,0.006224271591769833,0.00337287850372386,4.611102534756203e-16,0.0033728785037236697,1.2412670766236366e-16
91223842b0e681fe8f896e359909d9fcca08d34d2d3bf7cc88c734a4658a1fd6,a669df921e4f3e0316079801f61944032c678fecb5cfe631ed231f0f5156fca4,16,0.02,16,0.92,,stress,4.0,0.0008998197157063066,5.1007956050900436e-05,0.0,K2,0.000446030659289492,64,5.7113318075736994e-05,2,0.44,,stress_n64_L16_s9_sw1p2_A1_g1_r0_dt0p02,9,0.00015416182899446684,0.00024379773363816763,0.00022448207614690464,0.00010662627103424888,0.00022391623594366936,1.4728394919116816e-05,0.00011777970040077808,0.00012746373482214505,5.7113318075736994e-05,0.0,0.00024379773363816763,0.000797756108789968,0.00023738562859578006,1.7600903724883582e-06,0.00023670434094396375,4.711037355036584e-09
91223842b0e681fe8f896e359909d9fcca08d34d2d3bf7cc88c734a4658a1fd6,a669df921e4f3e0316079801f61944032c678fecb5cfe631ed231f0f5156fca4,16,0.02,16,0.92,0.0,stress,8.0,0.0018466316617892112,5.100957394103943e-05,0.0,K2,0.0004460302131869211,64,5.7113318075736994e-05,2,0.44,0.0,stress_n64_L16_s9_sw1p2_A1_g1_r0_dt0p02,9,0.00015416189946723484,0.00024379773363816763,0.00022448207614690464,0.00010662631401863,0.00022391623594366936,1.4728394919116816e-05,0.00011778126076013862,0.00012746373482214505,5.7113318075736994e-05,0.0,0.00024379773363816763,0.000797756108789968,0.00023670434094396375,4.711037355036584e-09,0.00023670286904439627,4.7463949561112555e-14
91223842b0e681fe8f896e359909d9fcca08d34d2d3bf7cc88c734a4658a1fd6,a669df921e4f3e0316079801f61944032c678fecb5cfe631ed231f0f5156fca4,16,0.02,16,0.92,0.0,stress,16.0,0.0037402546140796016,5.1009573959873545e-05,3.543711097672514e-32,K2,0.00044603021318660594,64,5.7113318075736994e-05,2,0.44,0.0,stress_n64_L16_s9_sw1p2_A1_g1_r0_dt0p02,9,0.00015416189946733375,0.00024379773363816763,0.00022448207614690464,0.00010662631401864476,0.00022391623594366936,1.4728394919116816e-05,0.0001177812607661796,0.00012746373482214505,5.7113318075736994e-05,0.0,0.00024379773363816763,0.000797756108789968,0.00023670286904439627,4.7463949561112555e-14,0.0002367028690360158,2.220446049250313e-16
91223842b0e681fe8f896e359909d9fcca08d34d2d3bf7cc88c734a4658a1fd6,a669df921e4f3e0316079801f61944032c678fecb5cfe631ed231f0f5156fca4,16,0.02,16,0.92,0.0,stress,32.0,0.007527500518655245,5.100957396339161e-05,3.543711097672514e-32,K2,0.00044603021318660594,64,5.7113318075736994e-05,2,0.44,0.0,stress_n64_L16_s9_sw1p2_A1_g1_r0_dt0p02,9,0.00015416189946733375,0.00024379773363816763,0.00022448207614690464,0.00010662631401865456,0.00022391623594366936,1.4728394919116816e-05,0.0001177812607661796,0.00012746373482214505,5.7113318075736994e-05,0.0,0.00024379773363816763,0.000797756108789968,0.00023670286903618013,3.554447978966673e-16,0.00023670286903599216,1.5700924586837752e-16
91223842b0e681fe8f896e359909d9fcca08d34d2d3bf7cc88c734a4658a1fd6,a669df921e4f3e0316079801f61944032c678fecb5cfe631ed231f0f5156fca4,16,0.02,16,2.6,,stress,4.0,0.00010009895875318795,2.985268566062666e-06,0.0,K3,4.867192132063895e-05,64,4.164875401823394e-06,3,0.28,,stress_n64_L16_s9_sw1p2_A1_g1_r0_dt0p02,9,1.1888363199113104e-05,2.6603785777168748e-05,2.1325967230916657e-05,8.449440379260823e-06,3.118304413715635e-05,1.4611141413711781e-06,8.784030357824094e-06,1.720308563552872e-05,4.164875401823394e-06,0.0,2.6603785777168748e-05,4.1526216149514176e-05,2.6603785777168748e-05,6.952689048108178e-08,2.6603548010299113e-05,2.5532848641759386e-10
91223842b0e681fe8f896e359909d9fcca08d34d2d3bf7cc88c734a4658a1fd6,a669df921e4f3e0316079801f61944032c678fecb5cfe631ed231f0f5156fca4,16,0.02,16,2.6,0.0,stress,8.0,0.0002065131120186189,2.985358639294378e-06,0.0,K3,4.867187264087047e-05,64,4.164875401823394e-06,3,0.28,0.0,stress_n64_L16_s9_sw1p2_A1_g1_r0_dt0p02,9,1.188836933110968e-05,2.6603785777168748e-05,2.132597017906219e-05,8.44944361855531e-06,3.118304413715635e-05,1.4611141413711781e-06,8.784101421228896e-06,1.720308563552872e-05,4.164875401823394e-06,0.0,2.6603785777168748e-05,4.152622102900855e-05,2.6603548010299113e-05,2.5532848641759386e-10,2.6603537427201556e-05,3.0308275211152088e-15
91223842b0e681fe8f896e359909d9fcca08d34d2d3bf7cc88c734a4658a1fd6,a669df921e4f3e0316079801f61944032c678fecb5cfe631ed231f0f5156fca4,16,0.02,16,2.6,0.0,stress,16.0,0.00041934141142913837,2.985358643360701e-06,2.619264724366641e-32,K3,4.867187264083607e-05,64,4.164875401823394e-06,3,0.28,0.0,stress_n64_L16_s9_sw1p2_A1_g1_r0_dt0p02,9,1.1888369331135232e-05,2.6603785777168748e-05,2.1325970179141566e-05,8.449443618565984e-06,3.118304413715635e-05,1.4611141413711781e-06,8.784101421852383e-06,1.720308563552872e-05,4.164875401823394e-06,0.0,2.6603785777168748e-05,4.15262210293511e-05,2.660353742726025e-05,3.0308275211152088e-15,2.6603537426325413e-05,2.0014830212433605e-16
91223842b0e681fe8f896e359909d9fcca08d34d2d3bf7cc88c734a4658a1fd6,a669df921e4f3e0316079801f61944032c678fecb5cfe631ed231f0f5156fca4,16,0.02,16,2.6,0.0,stress,32.0,0.0008449980102503314,2.985358646866334e-06,2.619264724366641e-32,K3,4.867187264083607e-05,64,4.164875401823394e-06,3,0.28,0.0,stress_n64_L16_s9_sw1p2_A1_g1_r0_dt0p02,9,1.1888369331135304e-05,2.6603785777168748e-05,2.1325970179141566e-05,8.449443618570596e-06,3.118304413715635e-05,1.4611141413711781e-06,8.784101421852383e-06,1.720308563552872e-05,4.164875401823394e-06,0.0,2.6603785777168748e-05,4.15262210293511e-05,2.6603537426513755e-05,4.1540741810552243e-16,2.6603537426330695e-05,1.1102230246251565e-16
91223842b0e681fe8f896e359909d9fcca08d34d2d3bf7cc88c734a4658a1fd6,680476162e362ca3b26231c9f2e8327dc5f43cdf8045e96d5482a6017542e538,16,0.02,16,1.0,,width,4.0,0.09595470236801831,0.007994281900202222,0.0,K0,0.039034405905561405,32,0.008054769138165238,0,0.72,,width_n32_L16_s7_sw0p65_A1_g1_r0_dt0p02,7,0.013560973563705251,0.02911601167575937,0.01669732768170063,0.0077018319140791346,0.022756515287516085,0.001863499151654846,0.010865950899175914,0.02570975388872267,0.008054769138165238,0.0,0.02911601167575937,0.08498889744501165,0.025713060400524203,0.00068563086264739,0.025274036908067666,1.3729485469540316e-05
91223842b0e681fe8f896e359909d9fcca08d34d2d3bf7cc88c734a4658a1fd6,680476162e362ca3b26231c9f2e8327dc5f43cdf8045e96d5482a6017542e538,16,0.02,16,1.0,0.0,width,8.0,0.1970548218973009,0.008001024167300988,0.0,K0,0.039033972005547445,32,0.008054769138165238,0,0.72,0.0,width_n32_L16_s7_sw0p65_A1_g1_r0_dt0p02,7,0.013561078138250984,0.02911601167575937,0.016708101533868872,0.007701912387943901,0.022756515287516085,0.001863499151654846,0.010871409887978568,0.02570975388872267,0.008054769138165238,0.0,0.02911601167575937,0.08498889744501165,0.025275208591134128,1.3729485469540316e-05,0.025275208591134128,2.8346985337069433e-09
91223842b0e681fe8f896e359909d9fcca08d34d2d3bf7cc88c734a4658a1fd6,680476162e362ca3b26231c9f2e8327dc5f43cdf8045e96d5482a6017542e538,16,0.02,16,1.0,0.0,width,16.0,0.39925649300326216,0.008001025455948321,0.0,K0,0.03903397198366282,32,0.008054769138165238,0,0.72,0.0,width_n32_L16_s7_sw0p65_A1_g1_r0_dt0p02,7,0.01356107814654271,0.02911601167575937,0.016708103650000455,0.007701912394573728,0.022756515287516085,0.001863499151654846,0.010871410710324504,0.02570975388872267,0.008054769138165238,0.0,0.02911601167575937,0.08498889744501165,0.025275208905708953,2.8346985337069433e-09,0.025275208905708828,1.5700924586837752e-16
91223842b0e681fe8f896e359909d9fcca08d34d2d3bf7cc88c734a4658a1fd6,680476162e362ca3b26231c9f2e8327dc5f43cdf8045e96d5482a6017542e538,16,0.02,16,1.0,0.0,width,32.0,0.803659835494594,0.008001025455952094,0.0,K0,0.03903397198366282,32,0.008054769138165238,0,0.72,0.0,width_n32_L16_s7_sw0p65_A1_g1_r0_dt0p02,7,0.01356107814654271,0.02911601167575937,0.016708103650000455,0.007701912394573728,0.022756515287516085,0.001863499151654846,0.010871410710324504,0.02570975388872267,0.008054769138165238,0.0,0.02911601167575937,0.08498889744501165,0.025275208905708904,4.041272810440265e-16,0.025275208905708068,4.041272810440265e-16
91223842b0e681fe8f896e359909d9fcca08d34d2d3bf7cc88c734a4658a1fd6,680476162e362ca3b26231c9f2e8327dc5f43cdf8045e96d5482a6017542e538,16,0.02,14,1.48,,width,4.0,0.004417984151097113,0.0001959010084682899,0.0,K1,0.0016776584023964931,32,0.00021174459969063963,1,0.32,,width_n32_L16_s7_sw0p65_A1_g1_r0_dt0p02,7,0.0012870533627580862,0.001251376074489011,0.001021174298441867,0.0006844097857567349,0.001252075317885192,0.00010372766786878596,0.0009882448264226871,0.0010418533855628739,0.00021174459969063963,0.0,0.0006730218787763475,0.0027055115345760677,0.0012424887708819036,1.1614376102950107e-05,0.001235600807612038,3.4667462056364727e-07
91223842b0e681fe8f896e359909d9fcca08d34d2d3bf7cc88c734a4658a1fd6,680476162e362ca3b26231c9f2e8327dc5f43cdf8045e96d5482a6017542e538,16,0.02,14,1.48,0.0,width,8.0,0.009360266525904288,0.00019607167336216567,0.0,K1,0.0016776397538225663,32,0.00021174459969063963,1,0.32,0.0,width_n32_L16_s7_sw0p65_A1_g1_r0_dt0p02,7,0.001287063453600381,0.001251376074489011,0.001021174298441867,0.0006844163893744393,0.001252075317885192,0.00010372766786878596,0.0009883418855849474,0.0010419400048093516,0.00021174459969063963,0.0,0.0006730218787763475,0.0027055115345760677,0.001235600807612038,3.4667462056364727e-07,0.0012355671649083163,6.131846399007902e-11
91223842b0e681fe8f896e359909d9fcca08d34d2d3bf7cc88c734a4658a1fd6,680476162e362ca3b26231c9f2e8327dc5f43cdf8045e96d5482a6017542e538,16,0.02,14,1.48,0.0,width,16.0,0.01924480381719289,0.00019607170035455145,0.0,K1,0.0016776397528819875,32,0.00021174459969063963,1,0.32,0.0,width_n32_L16_s7_sw0p65_A1_g1_r0_dt0p02,7,0.0012870634541080276,0.001251376074489011,0.001021174298441867,0.0006844163897259368,0.001252075317885192,0.00010372766786878596,0.0009883418920304458,0.0010419400101330583,0.00021174459969063963,0.0,0.0006730218787763475,0.0027055115345760677,0.0012355671649083163,6.131846399007902e-11,0.001235567161202866,1.1102230246251565e-16
91223842b0e681fe8f896e359909d9fcca08d34d2d3bf7cc88c734a4658a1fd6,680476162e362ca3b26231c9f2e8327dc5f43cdf8045e96d5482a6017542e538,16,0.02,14,1.48,0.0,width,32.0,0.03901387839643382,0.00019607170035866524,4.622231866529366e-33,K1,0.0016776397528819875,32,0.00021174459969063963,1,0.32,0.0,width_n32_L16_s7_sw0p65_A1_g1_r0_dt0p02,7,0.0012870634541080276,0.001251376074489011,0.001021174298441867,0.0006844163897259368,0.001252075317885192,0.00010372766786878596,0.0009883418920304458,0.0010419400101330583,0.00021174459969063963,0.0,0.0006730218787763475,0.0027055115345760677,0.0012355671612028734,3.554447978966673e-16,0.0012355671612025497,3.510833468576701e-16
91223842b0e681fe8f896e359909d9fcca08d34d2d3bf7cc88c734a4658a1fd6,680476162e362ca3b26231c9f2e8327dc5f43cdf8045e96d5482a6017542e538,16,0.02,11,4.0,,width,4.0,0.0006001025709651581,3.7835467522952636e-05,0.0,K2,0.00022425254704136236,32,4.2572319809085686e-05,2,0.48,,width_n32_L16_s7_sw0p65_A1_g1_r0_dt0p02,7,8.058710963213596e-05,0.00016727140138297377,0.00011798223861616373,3.945430471960364e-05,0.00013765893843166896,1.754065518205783e-05,7.175006497677453e-05,0.00013492318510501572,4.2572319809085686e-05,0.0,0.00014180600945576247,0.0002232420810015349,0.00016727140138297377,1.7078209683323967e-06,0.00016727140138297377,1.4456772157134588e-08
91223842b0e681fe8f896e359909d9fcca08d34d2d3bf7cc88c734a4658a1fd6,680476162e362ca3b26231c9f2e8327dc5f43cdf8045e96d5482a6017542e538,16,0.02,11,8.0,5.460450527936672e-09,width,8.0,0.0012692078894834986,3.7841463220364856e-05,0.0,K2,0.00022425737476334623,32,4.2572319809085686e-05,2,0.48,0.0,width_n32_L16_s7_sw0p65_A1_g1_r0_dt0p02,7,8.058745115460912e-05,0.0001672768618335017,0.00011799460757797833,3.9454696085261614e-05,0.00013765893843166896,1.754065518205783e-05,7.175389384664209e-05,0.00013492318510501572,4.2572319809085686e-05,0.0,0.00014180600945576247,0.0002232420810015349,0.0001672768618335017,1.4456772157134588e-08,0.0001672768618335017,8.570371079053382e-13
91223842b0e681fe8f896e359909d9fcca08d34d2d3bf7cc88c734a4658a1fd6,680476162e362ca3b26231c9f2e8327dc5f43cdf8045e96d5482a6017542e538,16,0.02,11,12.56,2.2664349238511738e-13,width,16.0,0.0026074227858696917,3.784146357134971e-05,0.0,K2,0.0002242573749414614,32,4.2572319809085686e-05,2,0.48,0.0,width_n32_L16_s7_sw0p65_A1_g1_r0_dt0p02,7,8.058745116622422e-05,0.0001672768620601452,0.00011799460818997383,3.9454696105676206e-05,0.00013765893843166896,1.754065518205783e-05,7.17538939576817e-05,0.00013492318510501572,4.2572319809085686e-05,0.0,0.00014180600945576247,0.0002232420810015349,0.0001672768620601452,8.570371079053382e-13,0.00016727686205913247,1.2412670766236366e-16
91223842b0e681fe8f896e359909d9fcca08d34d2d3bf7cc88c734a4658a1fd6,680476162e362ca3b26231c9f2e8327dc5f43cdf8045e96d5482a6017542e538,16,0.02,11,12.56,0.0,width,32.0,0.0052838525788139,3.7841463575062424e-05,7.703719777548943e-33,K2,0.0002242573749414614,32,4.2572319809085686e-05,2,0.48,0.0,width_n32_L16_s7_sw0p65_A1_g1_r0_dt0p02,7,8.058745116622422e-05,0.0001672768620601452,0.00011799460818997383,3.9454696105679296e-05,0.00013765893843166896,1.754065518205783e-05,7.17538939576817e-05,0.00013492318510501572,4.2572319809085686e-05,0.0,0.00014180600945576247,0.0002232420810015349,0.00016727686205914483,3.554447978966673e-16,0.00016727686205908083,3.510833468576701e-16
91223842b0e681fe8f896e359909d9fcca08d34d2d3bf7cc88c734a4658a1fd6,680476162e362ca3b26231c9f2e8327dc5f43cdf8045e96d5482a6017542e538,16,0.02,13,4.0,,width,4.0,1.5928818018635e-05,5.024458606915877e-07,0.0,K3,5.86896296176065e-06,32,6.652670076900488e-07,3,0.32,,width_n32_L16_s7_sw0p65_A1_g1_r0_dt0p02,7,4.493336213975286e-06,4.377696807597018e-06,4.249265175930514e-06,2.281436004453255e-06,4.486876840683298e-06,3.286754692022331e-07,4.3723939612948465e-06,1.89068924541508e-06,6.652670076900488e-07,0.0,1.6718550554923393e-06,9.324281886492487e-06,4.377696807597018e-06,1.0020053778001954e-08,4.377696807597018e-06,1.0002975215883768e-10
91223842b0e681fe8f896e359909d9fcca08d34d2d3bf7cc88c734a4658a1fd6,680476162e362ca3b26231c9f2e8327dc5f43cdf8045e96d5482a6017542e538,16,0.02,13,7.16,8.121814667186371e-11,width,8.0,3.343990185301783e-05,5.024967488534099e-07,0.0,K3,5.869006607304268e-06,32,6.652670076900488e-07,3,0.32,0.0,width_n32_L16_s7_sw0p65_A1_g1_r0_dt0p02,7,4.493339993742492e-06,4.37777802574369e-06,4.249338411459432e-06,2.281462037728691e-06,4.486876840683298e-06,3.286754692022331e-07,4.372437237346827e-06,1.8907890666520529e-06,6.652670076900488e-07,0.0,1.6718550554923393e-06,9.324405325906527e-06,4.37777802574369e-06,1.0002975215883768e-10,4.377778021734798e-06,1.680439085970789e-14
91223842b0e681fe8f896e359909d9fcca08d34d2d3bf7cc88c734a4658a1fd6,680476162e362ca3b26231c9f2e8327dc5f43cdf8045e96d5482a6017542e538,16,0.02,13,7.16,0.0,width,16.0,6.846212602138297e-05,5.024967574794398e-07,0.0,K3,5.869006604013774e-06,32,6.652670076900488e-07,3,0.32,0.0,width_n32_L16_s7_sw0p65_A1_g1_r0_dt0p02,7,4.493339993742492e-06,4.37777802574369e-06,4.249338411459432e-06,2.2814620391590916e-06,4.486876840683298e-06,3.286754692022331e-07,4.372437237346827e-06,1.8907890753425897e-06,6.652670076900488e-07,0.0,1.6718550554923393e-06,9.324405332504429e-06,4.377778021734798e-06,1.680439085970789e-14,4.377778021395789e-06,1.1102230246251565e-16
91223842b0e681fe8f896e359909d9fcca08d34d2d3bf7cc88c734a4658a1fd6,680476162e362ca3b26231c9f2e8327dc5f43cdf8045e96d5482a6017542e538,16,0.02,13,7.16,0.0,width,32.0,0.00013850657436370936,5.024967607923457e-07,4.3140830754274083e-32,K3,5.869006604013774e-06,32,6.652670076900488e-07,3,0.32,0.0,width_n32_L16_s7_sw0p65_A1_g1_r0_dt0p02,7,4.493339993742492e-06,4.37777802574369e-06,4.249338411459432e-06,2.2814620391590916e-06,4.486876840683298e-06,3.286754692022331e-07,4.372437237346827e-06,1.8907890753425897e-06,6.652670076900488e-07,0.0,1.6718550554923393e-06,9.324405332504429e-06,4.377778021498283e-06,3.554447978966673e-16,4.377778021411723e-06,3.510833468576701e-16
91223842b0e681fe8f896e359909d9fcca08d34d2d3bf7cc88c734a4658a1fd6,69524ad4c187b20c5862a4da71a69a7bd1921691a7e4e6a4f9685dfb7ba4933f,16,0.02,16,0.76,,width,4.0,0.05244817389315201,0.007905020089978636,0.0,K0,0.022504827465963707,96,0.008898127557539033,0,0.48,,width_n96_L16_s7_sw0p65_A1_g1_r0_dt0p02,7,0.011220584231606831,0.014771537811511186,0.012300128886409205,0.007312298809711695,0.03645794023096412,0.002879102887374599,0.005992752690537027,0.009345889743612723,0.008898127557539033,0.0,0.014771537811511186,0.029595917033643084,0.014275316607906433,0.00032467201961147306,0.014275316607906433,3.1592215936994943e-06
91223842b0e681fe8f896e359909d9fcca08d34d2d3bf7cc88c734a4658a1fd6,69524ad4c187b20c5862a4da71a69a7bd1921691a7e4e6a4f9685dfb7ba4933f,16,0.02,16,0.76,0.0,width,8.0,0.10955029084196158,0.007906396123503872,0.0,K0,0.0225047944459473,96,0.008898127557539033,0,0.48,0.0,width_n96_L16_s7_sw0p65_A1_g1_r0_dt0p02,7,0.01122059404317436,0.014771537811511186,0.012300128886409205,0.007312303746295906,0.03645794023096412,0.002879102887374599,0.005992752690537027,0.009345889743612723,0.008898127557539033,0.0,0.014771537811511186,0.029595917033643084,0.014275547105864712,3.1592215936994943e-06,0.014275547103691699,2.6907028248828945e-10
91223842b0e681fe8f896e359909d9fcca08d34d2d3bf7cc88c734a4658a1fd6,69524ad4c187b20c5862a4da71a69a7bd1921691a7e4e6a4f9685dfb7ba4933f,16,0.02,16,0.76,0.0,width,16.0,0.22375466766074592,0.007906396235934254,0.0,K0,0.022504794445416653,96,0.008898127557539033,0,0.48,0.0,width_n96_L16_s7_sw0p65_A1_g1_r0_dt0p02,7,0.011220594043312961,0.014771537811511186,0.012300128886409205,0.007312303746359601,0.03645794023096412,0.002879102887374599,0.005992752690537027,0.009345889743612723,0.008898127557539033,0.0,0.014771537811511186,0.029595917033643084,0.014275547103691699,2.6907028248828945e-10,0.014275547102259045,1.5700924586837752e-16
91223842b0e681fe8f896e359909d9fcca08d34d2d3bf7cc88c734a4658a1fd6,69524ad4c187b20c5862a4da71a69a7bd1921691a7e4e6a4f9685dfb7ba4933f,16,0.02,16,0.76,0.0,width,32.0,0.4521634212968914,0.007906396235937587,0.0,K0,0.022504794445416653,96,0.008898127557539033,0,0.48,0.0,width_n96_L16_s7_sw0p65_A1_g1_r0_dt0p02,7,0.011220594043312966,0.014771537811511186,0.012300128886409205,0.007312303746359601,0.03645794023096412,0.002879102887374599,0.005992752690537027,0.009345889743612723,0.008898127557539033,0.0,0.014771537811511186,0.029595917033643084,0.014275547102259157,3.3306690738754696e-16,0.014275547102259077,3.188872858294072e-16
91223842b0e681fe8f896e359909d9fcca08d34d2d3bf7cc88c734a4658a1fd6,69524ad4c187b20c5862a4da71a69a7bd1921691a7e4e6a4f9685dfb7ba4933f,16,0.02,15,4.0,,width,4.0,0.0036591427762537408,0.00011700242840756836,0.0,K1,0.0015102552709879938,96,0.00012279998169056165,1,0.6,,width_n96_L16_s7_sw0p65_A1_g1_r0_dt0p02,7,0.0009194752156124067,0.0009912892189097222,0.0007577183740579846,0.0006139145363348868,0.0009889033955193139,3.5849376944840916e-05,0.0006717856522679464,0.0007188920634885424,0.00012279998169056165,0.0,0.0009502573249958407,0.0011140913928882718,0.0009912892189097222,4.697289211221388e-06,0.0009912892189097222,5.494676614397212e-08
91223842b0e681fe8f896e359909d9fcca08d34d2d3bf7cc88c734a4658a1fd6,69524ad4c187b20c5862a4da71a69a7bd1921691a7e4e6a4f9685dfb7ba4933f,16,0.02,15,8.0,4.8459401387262666e-08,width,8.0,0.007624472594396158,0.00011702624270662502,0.0,K1,0.0015103268841466524,96,0.00012279998169056165,1,0.6,0.0,width_n96_L16_s7_sw0p65_A1_g1_r0_dt0p02,7,0.0009194757181001322,0.0009913376783111094,0.0007577470377197556,0.0006139147107103052,0.0009889033955193139,3.5849376944840916e-05,0.0006717955693818475,0.0007189367657980686,0.00012279998169056165,0.0,0.000950304279061312,0.0011141645175718586,0.0009913376783111094,5.494676614397212e-08,0.0009913376783111094,3.689602933316639e-12
91223842b0e681fe8f896e359909d9fcca08d34d2d3bf7cc88c734a4658a1fd6,69524ad4c187b20c5862a4da71a69a7bd1921691a7e4e6a4f9685dfb7ba4933f,16,0.02,15,13.040000000000001,3.1759182957113996e-12,width,16.0,0.015555174045012863,0.0001170262441889041,0.0,K1,0.0015103268889496279,96,0.00012279998169056165,1,0.6,0.0,width_n96_L16_s7_sw0p65_A1_g1_r0_dt0p02,7,0.0009194757181033925,0.0009913376814870277,0.0007577470395187937,0.0006139147107109548,0.0009889033955193139,3.5849376944840916e-05,0.0006717955696248584,0.0007189367688126318,0.00012279998169056165,0.0,0.000950304282493015,0.0011141645217292104,0.0009913376814870277,3.689602933316639e-12,0.0009913376814862556,1.1102230246251565e-16
91223842b0e681fe8f896e359909d9fcca08d34d2d3bf7cc88c734a4658a1fd6,69524ad4c187b20c5862a4da71a69a7bd1921691a7e4e6a4f9685dfb7ba4933f,16,0.02,15,13.040000000000001,0.0,width,32.0,0.0314165769487913,0.00011702624419192619,0.0,K1,0.0015103268889496279,96,0.00012279998169056165,1,0.6,0.0,width_n96_L16_s7_sw0p65_A1_g1_r0_dt0p02,7,0.0009194757181033962,0.0009913376814870277,0.0007577470395187937,0.0006139147107109548,0.0009889033955193139,3.5849376944840916e-05,0.0006717955696249178,0.0007189367688126318,0.00012279998169056165,0.0,0.000950304282493015,0.0011141645217292104,0.000991337681486483,3.3766115072321297e-16,0.0009913376814859748,3.1401849173675503e-16
91223842b0e681fe8f896e359909d9fcca08d34d2d3bf7cc88c734a4658a1fd6,69524ad4c187b20c5862a4da71a69a7bd1921691a7e4e6a4f9685dfb7ba4933f,16,0.02,16,0.96,,width,4.0,0.0002525815848157736,1.3782753735617472e-05,0.0,K2,0.00010351398837733304,96,1.8931255771429314e-05,2,0.36,,width_n96_L16_s7_sw0p65_A1_g1_r0_dt0p02,7,6.0699071192929254e-05,6.794367989039932e-05,5.3808002255688594e-05,3.763218392406709e-05,8.414074734214276e-05,7.783746149472859e-06,2.2619745484042212e-05,5.4444545659142466e-05,1.8931255771429314e-05,0.0,6.794367989039932e-05,0.00013368900450367737,6.708879559794585e-05,2.868178011132404e-07,6.69162405617349e-05,2.3442626827744584e-09
91223842b0e681fe8f896e359909d9fcca08d34d2d3bf7cc88c734a4658a1fd6,69524ad4c187b20c5862a4da71a69a7bd1921691a7e4e6a4f9685dfb7ba4933f,16,0.02,16,0.96,0.0,width,8.0,0.0005202402596210188,1.3783712072312695e-05,0.0,K2,0.00010351383649731533,96,1.8931255771429314e-05,2,0.36,0.0,width_n96_L16_s7_sw0p65_A1_g1_r0_dt0p02,7,6.06990965109885e-05,6.794367989039932e-05,5.380875145554344e-05,3.763218554614479e-05,8.414074734214276e-05,7.783746149472859e-06,2.2620918643667636e-05,5.4444545659142466e-05,1.8931255771429314e-05,0.0,6.794367989039932e-05,0.00013368900450367737,6.69162405617349e-05,2.3442626827744584e-09,6.691448672970453e-05,1.098418129422445e-13
91223842b0e681fe8f896e359909d9fcca08d34d2d3bf7cc88c734a4658a1fd6,69524ad4c187b20c5862a4da71a69a7bd1921691a7e4e6a4f9685dfb7ba4933f,16,0.02,16,0.96,0.0,width,16.0,0.0010555561527788673,1.3783712117662137e-05,4.930380657631324e-32,K2,0.00010351383649487454,96,1.8931255771429314e-05,2,0.36,0.0,width_n96_L16_s7_sw0p65_A1_g1_r0_dt0p02,7,6.069909651108704e-05,6.794367989039932e-05,5.380875147692244e-05,3.763218554614479e-05,8.414074734214276e-05,7.783746149472859e-06,2.2620918691144077e-05,5.4444545659142466e-05,1.8931255771429314e-05,0.0,6.794367989039932e-05,0.00013368900450367737,6.691448672970453e-05,1.098418129422445e-13,6.691448664017324e-05,1.5700924586837752e-16
91223842b0e681fe8f896e359909d9fcca08d34d2d3bf7cc88c734a4658a1fd6,69524ad4c187b20c5862a4da71a69a7bd1921691a7e4e6a4f9685dfb7ba4933f,16,0.02,16,0.96,0.0,width,32.0,0.002126187939020248,1.3783712119493573e-05,4.930380657631324e-32,K2,0.00010351383649487454,96,1.8931255771429314e-05,2,0.36,0.0,width_n96_L16_s7_sw0p65_A1_g1_r0_dt0p02,7,6.069909651109127e-05,6.794367989039932e-05,5.380875147692244e-05,3.763218554614479e-05,8.414074734214276e-05,7.783746149472859e-06,2.2620918691144077e-05,5.4444545659142466e-05,1.8931255771429314e-05,0.0,6.794367989039932e-05,0.00013368900450367737,6.691448664026104e-05,3.3766115072321297e-16,6.691448664001148e-05,2.220446049250313e-16
91223842b0e681fe8f896e359909d9fcca08d34d2d3bf7cc88c734a4658a1fd6,69524ad4c187b20c5862a4da71a69a7bd1921691a7e4e6a4f9685dfb7ba4933f,16,0.02,16,0.88,,width,4.0,2.199509031626112e-05,6.975169904014559e-07,0.0,K3,8.948336711801024e-06,96,9.519831825771468e-07,3,0.36,,width_n96_L16_s7_sw0p65_A1_g1_r0_dt0p02,7,3.5637828520919235e-06,5.873437345316801e-06,5.550616706763628e-06,2.0238532964568567e-06,4.950316153610786e-06,4.2005012571011413e-07,1.1250374113036546e-06,2.052771076605877e-06,9.519831825771468e-07,0.0,5.873437345316801e-06,1.607001672241609e-05,5.780248111462383e-06,1.1643289810664891e-08,5.773144555612902e-06,6.848781704374006e-11
91223842b0e681fe8f896e359909d9fcca08d34d2d3bf7cc88c734a4658a1fd6,69524ad4c187b20c5862a4da71a69a7bd1921691a7e4e6a4f9685dfb7ba4933f,16,0.02,16,0.88,0.0,width,8.0,4.5087605449334904e-05,6.975455662920672e-07,0.0,K3,8.948323582430205e-06,96,9.519831825771468e-07,3,0.36,0.0,width_n96_L16_s7_sw0p65_A1_g1_r0_dt0p02,7,3.5637838177026957e-06,5.873437345316801e-06,5.550616706763628e-06,2.0238532964568567e-06,4.950316153610786e-06,4.2005012571011413e-07,1.1250374113036546e-06,2.052771076605877e-06,9.519831825771468e-07,0.0,5.873437345316801e-06,1.607001672241609e-05,5.773144555612902e-06,6.848781704374006e-11,5.773127385016655e-06,3.881416545151359e-15
91223842b0e681fe8f896e359909d9fcca08d34d2d3bf7cc88c734a4658a1fd6,69524ad4c187b20c5862a4da71a69a7bd1921691a7e4e6a4f9685dfb7ba4933f,16,0.02,16,0.88,0.0,width,16.0,9.127262452605182e-05,6.975455702062739e-07,0.0,K3,8.94832358221921e-06,96,9.519831825771468e-07,3,0.36,0.0,width_n96_L16_s7_sw0p65_A1_g1_r0_dt0p02,7,3.5637838177026957e-06,5.873437345316801e-06,5.550616706763628e-06,2.0238532964568567e-06,4.950316153610786e-06,4.2005012571011413e-07,1.1250374113036546e-06,2.052771076605877e-06,9.519831825771468e-07,0.0,5.873437345316801e-06,1.607001672241609e-05,5.773127385917556e-06,3.881416545151359e-15,5.773127384485338e-06,1.5700924586837752e-16
91223842b0e681fe8f896e359909d9fcca08d34d2d3bf7cc88c734a4658a1fd6,69524ad4c187b20c5862a4da71a69a7bd1921691a7e4e6a4f9685dfb7ba4933f,16,0.02,16,0.88,0.0,width,32.0,0.00018364266267672136,6.975455718493543e-07,0.0,K3,8.94832358221921e-06,96,9.519831825771468e-07,3,0.36,0.0,width_n96_L16_s7_sw0p65_A1_g1_r0_dt0p02,7,3.5637838177026957e-06,5.873437345316801e-06,5.550616706763628e-06,2.0238532964568567e-06,4.950316153610786e-06,4.2005012571011413e-07,1.1250374113036546e-06,2.052771076605877e-06,9.519831825771468e-07,0.0,5.873437345316801e-06,1.607001672241609e-05,5.77312738448676e-06,2.2887833992611187e-16,5.77312738439518e-06,2.220446049250313e-16
