control,time,depth_index,depth_fraction,C2_minus_C0_contrast_fro,contrast_normalized
n128_L32_S16,0.0,0,0.0,0.0,0.0
n128_L32_S16,0.0,1,0.0625,0.0,0.0
n128_L32_S16,0.0,2,0.125,0.0,0.0
n128_L32_S16,0.0,3,0.1875,0.0,0.0
n128_L32_S16,0.0,4,0.25,0.0,0.0
n128_L32_S16,0.0,5,0.3125,0.0,0.0
n128_L32_S16,0.0,6,0.375,0.0,0.0
n128_L32_S16,0.0,7,0.4375,0.0,0.0
n128_L32_S16,0.0,8,0.5,0.0,0.0
n128_L32_S16,0.0,9,0.5625,0.0,0.0
n128_L32_S16,0.0,10,0.625,0.0,0.0
n128_L32_S16,0.0,11,0.6875,0.0,0.0
n128_L32_S16,0.0,12,0.75,0.0,0.0
n128_L32_S16,0.0,13,0.8125,0.0,0.0
n128_L32_S16,0.0,14,0.875,0.0,0.0
n128_L32_S16,0.0,15,0.9375,0.0,0.0
n128_L32_S16,0.0,16,1.0,0.0,0.0
n128_L32_S16,0.04,0,0.0,0.0008675838295233332,0.001135760902256446
n128_L32_S16,0.04,1,0.0625,0.001039954957637584,0.0013614133191503432
n128_L32_S16,0.04,2,0.125,0.0013910824516992415,0.0018210771186492566
n128_L32_S16,0.04,3,0.1875,0.0017812623524765196,0.002331864734864519
n128_L32_S16,0.04,4,0.25,0.0020444707188157405,0.0026764329039129474
n128_L32_S16,0.04,5,0.3125,0.0023499096991981177,0.0030762855062072686
n128_L32_S16,0.04,6,0.375,0.002785527122813237,0.0036465557455172444
n128_L32_S16,0.04,7,0.4375,0.0031054112730140608,0.0040653186346886975
n128_L32_S16,0.04,8,0.5,0.00348095274288645,0.004556942964399081
n128_L32_S16,0.04,9,0.5625,0.003943247343431602,0.005162136508534085
n128_L32_S16,0.04,10,0.625,0.004341237644623844,0.005683148782148918
n128_L32_S16,0.04,11,0.6875,0.004692767338671953,0.006143339104853953
n128_L32_S16,0.04,12,0.75,0.005048711823828701,0.006609308865766793
n128_L32_S16,0.04,13,0.8125,0.005524730006742284,0.0072324680609000686
n128_L32_S16,0.04,14,0.875,0.005825325428450088,0.0076259799219505296
n128_L32_S16,0.04,15,0.9375,0.00619692548653972,0.00811244451809948
n128_L32_S16,0.04,16,1.0,0.006584801996474672,0.008620216747014627
n128_L32_S16,0.08,0,0.0,0.0031656248903409938,0.004144144760782974
n128_L32_S16,0.08,1,0.0625,0.003953992239031263,0.005176202736955639
n128_L32_S16,0.08,2,0.125,0.00509860261076925,0.006674621292372318
n128_L32_S16,0.08,3,0.1875,0.0063166256443374985,0.008269144948183958
n128_L32_S16,0.08,4,0.25,0.007317575352327509,0.009579496184311377
n128_L32_S16,0.08,5,0.3125,0.008395569431330185,0.01099070682025403
n128_L32_S16,0.08,6,0.375,0.009755544910992942,0.012771061554017396
n128_L32_S16,0.08,7,0.4375,0.010882997885931986,0.01424701922461163
n128_L32_S16,0.08,8,0.5,0.012151201793625164,0.01590723506247265
n128_L32_S16,0.08,9,0.5625,0.01357402862961893,0.01776986900747232
n128_L32_S16,0.08,10,0.625,0.014889028188189398,0.019491345404663116
n128_L32_S16,0.08,11,0.6875,0.016141130562103426,0.02113048259639173
n128_L32_S16,0.08,12,0.75,0.017391250720411353,0.0227670248538804
n128_L32_S16,0.08,13,0.8125,0.018921989460515754,0.02477092713215945
n128_L32_S16,0.08,14,0.875,0.02012133872281472,0.02634100480525034
n128_L32_S16,0.08,15,0.9375,0.021441361924025595,0.02806905769303919
n128_L32_S16,0.08,16,1.0,0.02285432079097786,0.02991877340116004
n128_L32_S16,0.12,0,0.0,0.006033921509741821,0.007899054713610977
n128_L32_S16,0.12,1,0.0625,0.007743865708947043,0.010137556285919579
n128_L32_S16,0.12,2,0.125,0.009980739849492288,0.013065866041872046
n128_L32_S16,0.12,3,0.1875,0.012324173056801245,0.016133673120956565
n128_L32_S16,0.12,4,0.25,0.014390915089092274,0.018839261578749565
n128_L32_S16,0.12,5,0.3125,0.016565328478600524,0.021685803467967626
n128_L32_S16,0.12,6,0.375,0.019189779782254307,0.025121493575520234
n128_L32_S16,0.12,7,0.4375,0.02146912599934486,0.02810540386520361
n128_L32_S16,0.12,8,0.5,0.023998698925471632,0.03141688793295035
n128_L32_S16,0.12,9,0.5625,0.02673903717715432,0.035004286567303616
n128_L32_S16,0.12,10,0.625,0.02934608851284883,0.03841719823819551
n128_L32_S16,0.12,11,0.6875,0.031900411159874346,0.04176108236272293
n128_L32_S16,0.12,12,0.75,0.034440701011185994,0.04508659604259842
n128_L32_S16,0.12,13,0.8125,0.03744694786383545,0.04902209774466065
n128_L32_S16,0.12,14,0.875,0.03999123852233859,0.05235284891310028
n128_L32_S16,0.12,15,0.9375,0.04268638551811975,0.05588108731436688
n128_L32_S16,0.12,16,1.0,0.045602995925543365,0.059699245231955064
n128_L32_S16,0.16,0,0.0,0.008853884943333905,0.011590691307882693
n128_L32_S16,0.16,1,0.0625,0.011684671470011114,0.015296496499527093
n128_L32_S16,0.16,2,0.125,0.015206503154911545,0.01990695441255148
n128_L32_S16,0.16,3,0.1875,0.01886871159521272,0.0247011806542887
n128_L32_S16,0.16,4,0.25,0.022219325743608954,0.02908749632638523
n128_L32_S16,0.16,5,0.3125,0.02570835847106178,0.033655016862943955
n128_L32_S16,0.16,6,0.375,0.02982799818800796,0.03904807003275808
n128_L32_S16,0.16,7,0.4375,0.03349616272166843,0.04385009344375719
n128_L32_S16,0.16,8,0.5,0.037543773568489903,0.04914885304592114
n128_L32_S16,0.16,9,0.5625,0.04185499215079764,0.05479270363446522
n128_L32_S16,0.16,10,0.625,0.04602270396346696,0.06024868836772476
n128_L32_S16,0.16,11,0.6875,0.05016979604839333,0.06567767965114271
n128_L32_S16,0.16,12,0.75,0.05429060984829997,0.07107226982231292
n128_L32_S16,0.16,13,0.8125,0.059078344248174916,0.0773399310634794
n128_L32_S16,0.16,14,0.875,0.06330104342026362,0.08286790018697496
n128_L32_S16,0.16,15,0.9375,0.06769442116028816,0.0886193059833522
n128_L32_S16,0.16,16,1.0,0.07247693776964603,0.09488013657338874
n128_L32_S16,0.2,0,0.0,0.011171221938811166,0.014624335628180288
n128_L32_S16,0.2,1,0.0625,0.015235037034985556,0.019944308342252477
n128_L32_S16,0.2,2,0.125,0.020146192970081623,0.026373541698332212
n128_L32_S16,0.2,3,0.1875,0.025233810902211266,0.03303378286039531
n128_L32_S16,0.2,4,0.25,0.029995113520310233,0.03926684204548772
n128_L32_S16,0.2,5,0.3125,0.034928118716717846,0.04572467844359796
n128_L32_S16,0.2,6,0.375,0.040679881508424554,0.053254356931800084
n128_L32_S16,0.2,7,0.4375,0.04588307128154361,0.06006589411152836
n128_L32_S16,0.2,8,0.5,0.051609420338881565,0.0675623032776268
n128_L32_S16,0.2,9,0.5625,0.05765429870560245,0.07547570169998956
n128_L32_S16,0.2,10,0.625,0.0635576557138136,0.08320383338459178
n128_L32_S16,0.2,11,0.6875,0.06949135503068456,0.09097168642716232
n128_L32_S16,0.2,12,0.75,0.07538971503758737,0.09869327649754653
n128_L32_S16,0.2,13,0.8125,0.08216445660105715,0.1075621446447412
n128_L32_S16,0.2,14,0.875,0.088299469868756,0.11559353938397375
n128_L32_S16,0.2,15,0.9375,0.0946208370432904,0.1238688915071087
n128_L32_S16,0.2,16,1.0,0.1015273495029001,0.13291026198410505
n128_L32_S16,0.24,0,0.0,0.012661895629507983,0.016575788431128398
n128_L32_S16,0.24,1,0.0625,0.01799658303922067,0.023559470214409524
n128_L32_S16,0.24,2,0.125,0.02432542202389471,0.03184460374371747
n128_L32_S16,0.24,3,0.1875,0.030869960479132822,0.040412111168166696
n128_L32_S16,0.24,4,0.25,0.03708965243929733,0.0485543594582423
n128_L32_S16,0.24,5,0.3125,0.043517499767578814,0.056969105598850635
n128_L32_S16,0.24,6,0.375,0.05095426302029102,0.06670463161298647
n128_L32_S16,0.24,7,0.4375,0.05775732226411453,0.07561057066110613
n128_L32_S16,0.24,8,0.5,0.06523610269395244,0.08540110169651902
n128_L32_S16,0.24,9,0.5625,0.07309269748212714,0.09568623251803648
n128_L32_S16,0.24,10,0.625,0.08081934579136806,0.10580124936884984
n128_L32_S16,0.24,11,0.6875,0.08864271322528797,0.11604288199622882
n128_L32_S16,0.24,12,0.75,0.09642672023257541,0.12623298757556467
n128_L32_S16,0.24,13,0.8125,0.10529858257373093,0.1378472132381406
n128_L32_S16,0.24,14,0.875,0.11348370057729482,0.14856241641788495
n128_L32_S16,0.24,15,0.9375,0.12187043047073359,0.15954155132867104
n128_L32_S16,0.24,16,1.0,0.1310565872708184,0.1715672223710483
n128_L32_S16,0.28,0,0.0,0.013120490765980838,0.017176138977377044
n128_L32_S16,0.28,1,0.0625,0.019701252568607743,0.025791066674442052
n128_L32_S16,0.28,2,0.125,0.02741197639113894,0.03588523665285193
n128_L32_S16,0.28,3,0.1875,0.03538069660510807,0.046317151762449243
n128_L32_S16,0.28,4,0.25,0.04303893169464319,0.05634260832237751
n128_L32_S16,0.28,5,0.3125,0.050944130794305445,0.06669136743523714
n128_L32_S16,0.28,6,0.375,0.060044922386931494,0.07860528620452518
n128_L32_S16,0.28,7,0.4375,0.06844034563995782,0.0895958016615972
n128_L32_S16,0.28,8,0.5,0.0776672307234913,0.10167479042427179
n128_L32_S16,0.28,9,0.5625,0.08733533115831721,0.11433137771797088
n128_L32_S16,0.28,10,0.625,0.09689287849432508,0.1268432390693598
n128_L32_S16,0.28,11,0.6875,0.10662436958107448,0.13958281157045124
n128_L32_S16,0.28,12,0.75,0.11631820713403908,0.15227309153052326
n128_L32_S16,0.28,13,0.8125,0.1273072059030778,0.1666588773555952
n128_L32_S16,0.28,14,0.875,0.13758786149543956,0.18011736548553622
n128_L32_S16,0.28,15,0.9375,0.14808663668050528,0.19386139571179017
n128_L32_S16,0.28,16,1.0,0.15960786821826198,0.20894393169406789
n128_L32_S16,0.32,0,0.0,0.01245312208276565,0.01630248131803291
n128_L32_S16,0.32,1,0.0625,0.02020465438504346,0.026450074002352594
n128_L32_S16,0.32,2,0.125,0.02921026733690652,0.038239393654840706
n128_L32_S16,0.32,3,0.1875,0.03851842992974066,0.050424783452383805
n128_L32_S16,0.32,4,0.25,0.04754073784311298,0.06223595861197296
n128_L32_S16,0.32,5,0.3125,0.05684953196819725,0.0744221751534154
n128_L32_S16,0.32,6,0.375,0.06753223796577935,0.08840699067149656
n128_L32_S16,0.32,7,0.4375,0.07745148270825312,0.10139235297891094
n128_L32_S16,0.32,8,0.5,0.08835584635531424,0.11566734229161278
n128_L32_S16,0.32,9,0.5625,0.09976714512765862,0.13060596441498323
n128_L32_S16,0.32,10,0.625,0.11109386025919289,0.14543385742039008
n128_L32_S16,0.32,11,0.6875,0.12267725229667181,0.16059776820801427
n128_L32_S16,0.32,12,0.75,0.13423020704591074,0.17572183329914517
n128_L32_S16,0.32,13,0.8125,0.1472758662399096,0.19280000966954483
n128_L32_S16,0.32,14,0.875,0.15961357694822953,0.20895140503794318
n128_L32_S16,0.32,15,0.9375,0.17218727976674886,0.22541173955767718
n128_L32_S16,0.32,16,1.0,0.18600646481313726,0.24350254478321737
n128_L32_S16,0.36,0,0.0,0.010667975282749074,0.013965531421950842
n128_L32_S16,0.36,1,0.0625,0.019475497730753275,0.02549552921788155
n128_L32_S16,0.36,2,0.125,0.02965143783515485,0.038816933468387875
n128_L32_S16,0.36,3,0.1875,0.040175997642464364,0.052594718549017136
n128_L32_S16,0.36,4,0.25,0.050447456806577404,0.06604116756148057
n128_L32_S16,0.36,5,0.3125,0.06104377198956044,0.07991288817599534
n128_L32_S16,0.36,6,0.375,0.07318003024817842,0.09580056053775239
n128_L32_S16,0.36,7,0.4375,0.08450732681435638,0.11062921470388289
n128_L32_S16,0.36,8,0.5,0.09696684142181318,0.12694006452691076
n128_L32_S16,0.36,9,0.5625,0.10999887902622565,0.14400040876587558
n128_L32_S16,0.36,10,0.625,0.12297755866185396,0.16099090166286442
n128_L32_S16,0.36,11,0.6875,0.13629604607518525,0.17842623962849607
n128_L32_S16,0.36,12,0.75,0.14959592283042383,0.19583721423336917
n128_L32_S16,0.36,13,0.8125,0.1645717476344578,0.21544218577924173
n128_L32_S16,0.36,14,0.875,0.17885780291055545,0.23414417454150432
n128_L32_S16,0.36,15,0.9375,0.19339834489663474,0.25317931388300235
n128_L32_S16,0.36,16,1.0,0.20939983297842107,0.2741269893960424
n128_L32_S16,0.4,0,0.0,0.007867277102092497,0.010299115123760775
n128_L32_S16,0.4,1,0.0625,0.017578713359716006,0.023012433688290104
n128_L32_S16,0.4,2,0.125,0.028775485813242,0.03767021769881469
n128_L32_S16,0.4,3,0.1875,0.04036905513943596,0.052847451656166326
n128_L32_S16,0.4,4,0.25,0.051748682034755,0.06774461187303005
n128_L32_S16,0.4,5,0.3125,0.06348871287671208,0.08311357976735509
n128_L32_S16,0.4,6,0.375,0.07691964903231778,0.10069612527724602
n128_L32_S16,0.4,7,0.4375,0.08950712593795516,0.11717449156414832
n128_L32_S16,0.4,8,0.5,0.1033639386440425,0.13531455545873602
n128_L32_S16,0.4,9,0.5625,0.11785626730411851,0.1542865783511039
n128_L32_S16,0.4,10,0.625,0.13233006990596227,0.17323434863306447
n128_L32_S16,0.4,11,0.6875,0.14722309959545615,0.1927309324349606
n128_L32_S16,0.4,12,0.75,0.16211266828236423,0.21222298541080184
n128_L32_S16,0.4,13,0.8125,0.17884396269719416,0.23412605620794422
n128_L32_S16,0.4,14,0.875,0.19491686699714772,0.2551672232610766
n128_L32_S16,0.4,15,0.9375,0.21126236814666965,0.27656524902143975
n128_L32_S16,0.4,16,1.0,0.22927072972930243,0.300140138620856
n128_L32_S16,0.44,0,0.0,0.004294022794114046,0.005621339445240951
n128_L32_S16,0.44,1,0.0625,0.014655060468350795,0.019185056398874738
n128_L32_S16,0.44,2,0.125,0.02670683508190299,0.034962130547893606
n128_L32_S16,0.44,3,0.1875,0.03921033956203197,0.05133056786365259
n128_L32_S16,0.44,4,0.25,0.05154440879120656,0.06747719614269435
n128_L32_S16,0.44,5,0.3125,0.06427036848848307,0.08413685135526215
n128_L32_S16,0.44,6,0.375,0.07882158172186025,0.10318596051160327
n128_L32_S16,0.44,7,0.4375,0.09250402626433106,0.12109775765421298
n128_L32_S16,0.44,8,0.5,0.10758068341707956,0.1408347296310013
n128_L32_S16,0.44,9,0.5625,0.12335118124997517,0.16148001396918885
n128_L32_S16,0.44,10,0.625,0.1391398045885397,0.18214902655123233
n128_L32_S16,0.44,11,0.6875,0.1554204808702135,0.20346218956071146
n128_L32_S16,0.44,12,0.75,0.17171480173629466,0.22479321480432873
n128_L32_S16,0.44,13,0.8125,0.18999742023182892,0.24872713631310892
n128_L32_S16,0.44,14,0.875,0.20766173762736637,0.27185163492660025
n128_L32_S16,0.44,15,0.9375,0.22561545740349928,0.29535499250186004
n128_L32_S16,0.44,16,1.0,0.24541619180447818,0.3212762916355148
n128_L32_S16,0.48,0,0.0,0.0019302714150271816,0.002526933685630821
n128_L32_S16,0.48,1,0.0625,0.010906314370110505,0.014277543019784936
n128_L32_S16,0.48,2,0.125,0.02362724819784037,0.030930618826493995
n128_L32_S16,0.48,3,0.1875,0.03687980591171278,0.04827964769737909
n128_L32_S16,0.48,4,0.25,0.05001300961947641,0.06547242928811314
n128_L32_S16,0.48,5,0.3125,0.06356482883691555,0.08321322377718444
n128_L32_S16,0.48,6,0.375,0.07905927839953178,0.10349713112579498
n128_L32_S16,0.48,7,0.4375,0.09366705192506629,0.12262028381114905
n128_L32_S16,0.48,8,0.5,0.10978052857747947,0.14371456445407887
n128_L32_S16,0.48,9,0.5625,0.1266400278077373,0.165785469196356
n128_L32_S16,0.48,10,0.625,0.14355449447384988,0.18792833224677197
n128_L32_S16,0.48,11,0.6875,0.16102550584112826,0.21079977239882594
n128_L32_S16,0.48,12,0.75,0.1785280046143116,0.2337124329647735
n128_L32_S16,0.48,13,0.8125,0.1981457142813174,0.2593941329612397
n128_L32_S16,0.48,14,0.875,0.21718993246051221,0.28432507068267543
n128_L32_S16,0.48,15,0.9375,0.2365383774411368,0.30965427413328256
n128_L32_S16,0.48,16,1.0,0.25789778399010493,0.33761604339199125
n128_L32_S16,0.52,0,0.0,0.005941852647373525,0.007778526632479506
n128_L32_S16,0.52,1,0.0625,0.006628359124503162,0.008677237730285508
n128_L32_S16,0.52,2,0.125,0.019750693707028685,0.025855790462588735
n128_L32_S16,0.52,3,0.1875,0.03359521156905118,0.04397975907887247
n128_L32_S16,0.52,4,0.25,0.04737899551059203,0.06202422043605745
n128_L32_S16,0.52,5,0.3125,0.06160325219338928,0.08064530816755326
n128_L32_S16,0.52,6,0.375,0.07787122151802833,0.10194183639835672
n128_L32_S16,0.52,7,0.4375,0.09324040458650533,0.12206175638163766
n128_L32_S16,0.52,8,0.5,0.11021319157481371,0.14428096703041007
n128_L32_S16,0.52,9,0.5625,0.1279772196219533,0.16753599765219215
n128_L32_S16,0.52,10,0.625,0.14583195181964032,0.19090976979998994
n128_L32_S16,0.52,11,0.6875,0.16429860327444953,0.21508461032173268
n128_L32_S16,0.52,12,0.75,0.18281436784258093,0.23932374521135233
n128_L32_S16,0.52,13,0.8125,0.2035531830920624,0.2664730934563767
n128_L32_S16,0.52,14,0.875,0.22376480030397652,0.29293228255085035
n128_L32_S16,0.52,15,0.9375,0.24429309620624307,0.3198060382414738
n128_L32_S16,0.52,16,1.0,0.2669752095362732,0.3494993734837314
n128_L32_S16,0.56,0,0.0,0.011195436223999801,0.01465603474180767
n128_L32_S16,0.56,1,0.0625,0.0028737886494871663,0.0037620996131626215
n128_L32_S16,0.56,2,0.125,0.015305441153010399,0.02003647493398621
n128_L32_S16,0.56,3,0.1875,0.029586802517100868,0.03873231885864929
n128_L32_S16,0.56,4,0.25,0.043884643475079796,0.05744973635094544
n128_L32_S16,0.56,5,0.3125,0.05864053260377024,0.07676678835225502
n128_L32_S16,0.56,6,0.375,0.0755264363039531,0.0988722593964446
n128_L32_S16,0.56,7,0.4375,0.09150589588491641,0.11979109722358185
n128_L32_S16,0.56,8,0.5,0.1091737801014081,0.14292026519079712
n128_L32_S16,0.56,9,0.5625,0.12767093663314968,0.16713504015175035
n128_L32_S16,0.56,10,0.625,0.14629251402848886,0.19151269545635496
n128_L32_S16,0.56,11,0.6875,0.1655722316330857,0.21675192735153345
n128_L32_S16,0.56,12,0.75,0.1849178065396899,0.24207737356537798
n128_L32_S16,0.56,13,0.8125,0.20657653042362975,0.2704309815316099
n128_L32_S16,0.56,14,0.875,0.22775342643495022,0.29815382479163566
n128_L32_S16,0.56,15,0.9375,0.24925695043107457,0.32630425934843194
n128_L32_S16,0.56,16,1.0,0.2730364216018076,0.35743415448132243
n128_L32_S16,0.6,0,0.0,0.01671795514798644,0.021885608256659205
n128_L32_S16,0.6,1,0.0625,0.004934716385682361,0.006460076529620855
n128_L32_S16,0.6,2,0.125,0.010535626981743831,0.013792273206840485
n128_L32_S16,0.6,3,0.1875,0.02507829290792156,0.032830193015240365
n128_L32_S16,0.6,4,0.25,0.03976788731626881,0.05206045807005605
n128_L32_S16,0.6,5,0.3125,0.05493044522956032,0.0719098834167423
n128_L32_S16,0.6,6,0.375,0.07229671962155787,0.09464421156013895
n128_L32_S16,0.6,7,0.4375,0.08875228919691448,0.11618632877354894
n128_L32_S16,0.6,8,0.5,0.10696901559390662,0.1400339904112422
n128_L32_S16,0.6,9,0.5625,0.12604610820112092,0.1650079643082704
n128_L32_S16,0.6,10,0.625,0.14527875369646343,0.1901855737302555
n128_L32_S16,0.6,11,0.6875,0.16520710309684583,0.21627393467618908
n128_L32_S16,0.6,12,0.75,0.18521676869605155,0.24246874730575346
n128_L32_S16,0.6,13,0.8125,0.20761373451484777,0.27178879366961745
n128_L32_S16,0.6,14,0.875,0.2295716896263245,0.3005341276194437
n128_L32_S16,0.6,15,0.9375,0.2518637949563292,0.3297169002821296
n128_L32_S16,0.6,16,1.0,0.2765345111901407,0.362013531426605
n128_L32_S16,0.64,0,0.0,0.02229753251462217,0.029189877433300666
n128_L32_S16,0.64,1,0.0625,0.00989757994498304,0.012957000748441121
n128_L32_S16,0.64,2,0.125,0.005803734740111498,0.007597715379858675
n128_L32_S16,0.64,3,0.1875,0.020275192580922335,0.02654241611647308
n128_L32_S16,0.64,4,0.25,0.03524720755458386,0.04614240018305659
n128_L32_S16,0.64,5,0.3125,0.05070821863609058,0.06638253294968133
n128_L32_S16,0.64,6,0.375,0.06843682030936224,0.08959118662323233
n128_L32_S16,0.64,7,0.4375,0.0852530892644554,0.11160549826792628
n128_L32_S16,0.64,8,0.5,0.10389243020077465,0.1360064079655293
n128_L32_S16,0.64,9,0.5625,0.12341687176061605,0.16156600993994844
n128_L32_S16,0.64,10,0.625,0.143125134362206,0.18736625350440825
n128_L32_S16,0.64,11,0.6875,0.16355883950188008,0.21411617967422772
n128_L32_S16,0.64,12,0.75,0.18408783715412724,0.24099085403134082
n128_L32_S16,0.64,13,0.8125,0.20706435120544192,0.27106959160297883
n128_L32_S16,0.64,14,0.875,0.22964114225987048,0.3006250486152668
n128_L32_S16,0.64,15,0.9375,0.2525573948367716,0.33062489741071716
n128_L32_S16,0.64,16,1.0,0.277937276077079,0.36384990211428603
n128_L32_S16,0.68,0,0.0,0.027797790320167944,0.03639030874067293
n128_L32_S16,0.68,1,0.0625,0.015125831396299826,0.019801346370735162
n128_L32_S16,0.68,2,0.125,0.002953988559016729,0.0038670899535868165
n128_L32_S16,0.68,3,0.1875,0.015361858316535143,0.020110331092166124
n128_L32_S16,0.68,4,0.25,0.030513058923689603,0.039944888498917974
n128_L32_S16,0.68,5,0.3125,0.04618008284432802,0.060454714314313776
n128_L32_S16,0.68,6,0.375,0.06417221965244127,0.08400836393216266
n128_L32_S16,0.68,7,0.4375,0.08125254646687691,0.1063683558239625
n128_L32_S16,0.68,8,0.5,0.10020843582876027,0.1311836615870432
n128_L32_S16,0.68,9,0.5625,0.12006856965769613,0.15718272098500233
n128_L32_S16,0.68,10,0.625,0.14013786285229593,0.18345559257468055
n128_L32_S16,0.68,11,0.6875,0.16095551612353518,0.21070814830199847
n128_L32_S16,0.68,12,0.75,0.1818809061996431,0.23810174313878332
n128_L32_S16,0.68,13,0.8125,0.20530213441707804,0.2687626595678079
n128_L32_S16,0.68,14,0.875,0.22835892602404964,0.298946489127034
n128_L32_S16,0.68,15,0.9375,0.25175857617030906,0.3295791575311954
n128_L32_S16,0.68,16,1.0,0.2776913249976434,0.3635279255969917
n128_L32_S16,0.72,0,0.0,0.03311891947072704,0.04335624129889327
n128_L32_S16,0.72,1,0.0625,0.02029361060167024,0.02656652729414903
n128_L32_S16,0.72,2,0.125,0.006049282211606512,0.007919163530782822
n128_L32_S16,0.72,3,0.1875,0.010514917057451554,0.013765161679977676
n128_L32_S16,0.72,4,0.25,0.025724786080864728,0.033676522377796586
n128_L32_S16,0.72,5,0.3125,0.04151854447108635,0.054352257296869315
n128_L32_S16,0.72,6,0.375,0.059693230197934107,0.07814488315838763
n128_L32_S16,0.72,7,0.4375,0.07695857540417325,0.10074708410072297
n128_L32_S16,0.72,8,0.5,0.09614394851620188,0.12586280886914797
n128_L32_S16,0.72,9,0.5625,0.11624796773335884,0.15218114057157744
n128_L32_S16,0.72,10,0.625,0.13658363563225276,0.1788027254085434
n128_L32_S16,0.72,11,0.6875,0.15768481172785406,0.20642644312372901
n128_L32_S16,0.72,12,0.75,0.17890468354299016,0.23420554635086785
n128_L32_S16,0.72,13,0.8125,0.20265875979794187,0.2653021967972174
n128_L32_S16,0.72,14,0.875,0.22607957441781185,0.295962571782375
n128_L32_S16,0.72,15,0.9375,0.24984505917688804,0.3270741571923521
n128_L32_S16,0.72,16,1.0,0.27619972716728364,0.36157526299544934
n128_L32_S16,0.76,0,0.0,0.038189273237958676,0.049993881805164946
n128_L32_S16,0.76,1,0.0625,0.025277449312267546,0.03309091025061625
n128_L32_S16,0.76,2,0.125,0.010644297734743123,0.013934534955244871
n128_L32_S16,0.76,3,0.1875,0.005990959530476389,0.00784281284432667
n128_L32_S16,0.76,4,0.25,0.02101202000368417,0.027507002765054415
n128_L32_S16,0.76,5,0.3125,0.036861867691750705,0.04825616463073387
n128_L32_S16,0.76,6,0.375,0.05515378394799446,0.07220225791212326
n128_L32_S16,0.76,7,0.4375,0.07254086396857622,0.09496382286963363
n128_L32_S16,0.76,8,0.5,0.09188574477816794,0.12028836043555008
n128_L32_S16,0.76,9,0.5625,0.11215977781408368,0.1468292585824183
n128_L32_S16,0.76,10,0.625,0.13268527266200653,0.17369934739048767
n128_L32_S16,0.76,11,0.6875,0.15398866890252613,0.20158779310823766
n128_L32_S16,0.76,12,0.75,0.17542033674929003,0.22964416020751216
n128_L32_S16,0.76,13,0.8125,0.19941637897041542,0.26105757022764
n128_L32_S16,0.76,14,0.875,0.22310635333155787,0.29207030437417886
n128_L32_S16,0.76,15,0.9375,0.24714155040880012,0.32353497232835027
n128_L32_S16,0.76,16,1.0,0.27381070890734965,0.3584477801608505
n128_L32_S16,0.8,0,0.0,0.042960580832556036,0.05624003858468937
n128_L32_S16,0.8,1,0.0625,0.030006389295937522,0.03928160325318235
n128_L32_S16,0.8,2,0.125,0.015231305183018082,0.01993942294511455
n128_L32_S16,0.8,3,0.1875,0.002969739737757814,0.003887709947148022
n128_L32_S16,0.8,4,0.25,0.016480418745621634,0.02157464746014825
n128_L32_S16,0.8,5,0.3125,0.03231632107160041,0.042305553341232205
n128_L32_S16,0.8,6,0.375,0.05067333322097535,0.0663368641748626
n128_L32_S16,0.8,7,0.4375,0.06813247411503028,0.08919276459586155
n128_L32_S16,0.8,8,0.5,0.08758172111178629,0.11465392876875834
n128_L32_S16,0.8,9,0.5625,0.10796752312294304,0.14134114457144747
n128_L32_S16,0.8,10,0.625,0.12862214696160082,0.16838027716990786
n128_L32_S16,0.8,11,0.6875,0.15006323628016202,0.1964489779929621
n128_L32_S16,0.8,12,0.75,0.17164091942101425,0.22469649487686102
n128_L32_S16,0.8,13,0.8125,0.19580649222005764,0.25633183872699344
n128_L32_S16,0.8,14,0.875,0.21968948517275633,0.28759725504929234
n128_L32_S16,0.8,15,0.9375,0.24391729604002557,0.3193140752503173
n128_L32_S16,0.8,16,1.0,0.2708144463602217,0.35452534899267973
n128_L32_S16,0.84,0,0.0,0.04740378296730549,0.062056669893093774
n128_L32_S16,0.84,1,0.0625,0.03443778854932436,0.04508278331557517
n128_L32_S16,0.84,2,0.125,0.01960475438124433,0.025664740128676214
n128_L32_S16,0.84,3,0.1875,0.0048508875566861875,0.006350335541815556
n128_L32_S16,0.84,4,0.25,0.01222463557831711,0.016003367814974107
n128_L32_S16,0.84,5,0.3125,0.027960016375201423,0.036602680161582836
n128_L32_S16,0.84,6,0.375,0.04634055020947702,0.060664783420286486
n128_L32_S16,0.84,7,0.4375,0.0638335023809589,0.08356494645390004
n128_L32_S16,0.84,8,0.5,0.08334449804944423,0.10910694630483724
n128_L32_S16,0.84,9,0.5625,0.10379705589497877,0.13588155270207614
n128_L32_S16,0.84,10,0.625,0.12453358604463281,0.1630279095047137
n128_L32_S16,0.84,11,0.6875,0.14606212795665124,0.19121109521449547
n128_L32_S16,0.84,12,0.75,0.16773446978427312,0.21958253053927979
n128_L32_S16,0.84,13,0.8125,0.19201287771585512,0.2513655877602443
n128_L32_S16,0.84,14,0.875,0.2160288391163328,0.28280507413673506
n128_L32_S16,0.84,15,0.9375,0.24038852088261692,0.31469452758212185
n128_L32_S16,0.84,16,1.0,0.26744520803166205,0.3501146522579742
n128_L32_S16,0.88,0,0.0,0.051505172722376716,0.06742583189244125
n128_L32_S16,0.88,1,0.0625,0.03854859904939961,0.05046427808725149
n128_L32_S16,0.88,2,0.125,0.023699647284049122,0.031025397046968866
n128_L32_S16,0.88,3,0.1875,0.008535853794123088,0.011174354197067953
n128_L32_S16,0.88,4,0.25,0.00836384183494097,0.010949171971084193
n128_L32_S16,0.88,5,0.3125,0.023847494620628674,0.031218945173012273
n128_L32_S16,0.88,6,0.375,0.042217842306775326,0.055267713664059165
n128_L32_S16,0.88,7,0.4375,0.0597157188602731,0.07817432324539653
n128_L32_S16,0.88,8,0.5,0.07925618120957034,0.10375489816291125
n128_L32_S16,0.88,9,0.5625,0.09974142724298846,0.13057229692729716
n128_L32_S16,0.88,10,0.625,0.12052383078589103,0.15777870695445614
n128_L32_S16,0.88,11,0.6875,0.14210146357036774,0.1860261579164227
n128_L32_S16,0.88,12,0.75,0.16382912062340058,0.21447000684342435
n128_L32_S16,0.88,13,0.8125,0.1881767812154849,0.24634372327390755
n128_L32_S16,0.88,14,0.875,0.21227915262288388,0.27789632967878664
n128_L32_S16,0.88,15,0.9375,0.23672367679034742,0.3098968509873978
n128_L32_S16,0.88,16,1.0,0.26388661632804067,0.3454560715116181
n128_L32_S16,0.92,0,0.0,0.05526291183364162,0.0723451180965184
n128_L32_S16,0.92,1,0.0625,0.042330188923387725,0.055414787514800785
n128_L32_S16,0.92,2,0.125,0.027489828313510496,0.03598715322458391
n128_L32_S16,0.92,3,0.1875,0.012218180744590138,0.015994917740724004
n128_L32_S16,0.92,4,0.25,0.005181310912314258,0.0067828953887653625
n128_L32_S16,0.92,5,0.3125,0.02001454409693433,0.02620119910980222
n128_L32_S16,0.92,6,0.375,0.038346014232529445,0.05019907268973004
n128_L32_S16,0.92,7,0.4375,0.05582744151391599,0.07308414839791445
n128_L32_S16,0.92,8,0.5,0.075373455684357,0.09867199124871336
n128_L32_S16,0.92,9,0.5625,0.09586619957560215,0.12549920551850732
n128_L32_S16,0.92,10,0.625,0.11666755367209124,0.15273042386632332
n128_L32_S16,0.92,11,0.6875,0.13826559618160306,0.18100459336191385
n128_L32_S16,0.92,12,0.75,0.16001903062504877,0.20948218767604332
n128_L32_S16,0.92,13,0.8125,0.18440307110100368,0.24140352930229758
n128_L32_S16,0.92,14,0.875,0.20855637916569308,0.27302281729098843
n128_L32_S16,0.92,15,0.9375,0.23304998308741573,0.30508758929686125
n128_L32_S16,0.92,16,1.0,0.26027838727352337,0.3407325101138013
n128_L32_S16,0.96,0,0.0,0.05868400283372073,0.07682369557655978
n128_L32_S16,0.96,1,0.0625,0.045784526491644016,0.059936888342079504
n128_L32_S16,0.96,2,0.125,0.030967745618012486,0.0405401224724141
n128_L32_S16,0.96,3,0.1875,0.015671490955588535,0.020515673646432656
n128_L32_S16,0.96,4,0.25,0.0036713696447568814,0.004806219247466805
n128_L32_S16,0.96,5,0.3125,0.016483061643100913,0.021578107298291252
n128_L32_S16,0.96,6,0.375,0.03474866542316295,0.04548975470751036
n128_L32_S16,0.96,7,0.4375,0.05219818282784424,0.06833305694191119
n128_L32_S16,0.96,8,0.5,0.07173249454476503,0.093905580017587
n128_L32_S16,0.96,9,0.5625,0.09221462179617439,0.12071889595960156
n128_L32_S16,0.96,10,0.625,0.11301529399264913,0.1479492216266769
n128_L32_S16,0.96,11,0.6875,0.13461281788985266,0.17622271220276342
n128_L32_S16,0.96,12,0.75,0.1563703576343935,0.20470568079925866
n128_L32_S16,0.96,13,0.8125,0.18076650406312506,0.23664287042472681
n128_L32_S16,0.96,14,0.875,0.20494422783427313,0.2682941212092341
n128_L32_S16,0.96,15,0.9375,0.2294602431165278,0.3003882321057046
n128_L32_S16,0.96,16,1.0,0.25672344232291167,0.33607870336085954
n128_L32_S16,1.0,0,0.0,0.06178174822226796,0.0808789787408278
n128_L32_S16,1.0,1,0.0625,0.04892117939729763,0.06404310564692225
n128_L32_S16,1.0,2,0.125,0.034137029524806496,0.04468905728078283
n128_L32_S16,1.0,3,0.1875,0.018849981679838642,0.024676661172873125
n128_L32_S16,1.0,4,0.25,0.004843682148335286,0.006340902884346316
n128_L32_S16,1.0,5,0.3125,0.013266168136591674,0.01736684638368522
n128_L32_S16,1.0,6,0.375,0.031436102315056946,0.041153251955365996
n128_L32_S16,1.0,7,0.4375,0.04884281550961678,0.06394051885732564
n128_L32_S16,1.0,8,0.5,0.06835339187604796,0.08948196979660368
n128_L32_S16,1.0,9,0.5625,0.08881233831038353,0.11626493954633244
n128_L32_S16,1.0,10,0.625,0.10959843986939208,0.1434761906758335
n128_L32_S16,1.0,11,0.6875,0.1311806284556303,0.17172960567417686
n128_L32_S16,1.0,12,0.75,0.15292681313567683,0.20019770926529007
n128_L32_S16,1.0,13,0.8125,0.17731759106940967,0.23212787095119086
n128_L32_S16,1.0,14,0.875,0.20150033101307083,0.26378568844709305
n128_L32_S16,1.0,15,0.9375,0.2260193182460089,0.2958836899478772
n128_L32_S16,1.0,16,1.0,0.253294712638066,0.3315901260177418
n128_L32_S16,1.04,0,0.0,0.06457368344697974,0.0845339233835863
n128_L32_S16,1.04,1,0.0625,0.05175493540222472,0.06775279820619794
n128_L32_S16,1.04,2,0.125,0.037008507122300194,0.04844813147737135
n128_L32_S16,1.04,3,0.1875,0.0217468381772273,0.0284689590894782
n128_L32_S16,1.04,4,0.25,0.007141621706029506,0.00934915386432539
n128_L32_S16,1.04,5,0.3125,0.010374515707316396,0.013581361154102104
n128_L32_S16,1.04,6,0.375,0.028408675985482787,0.03719002403134947
n128_L32_S16,1.04,7,0.4375,0.04576514853704226,0.05991152050734881
n128_L32_S16,1.04,8,0.5,0.06524399030534865,0.08541142743142918
n128_L32_S16,1.04,9,0.5625,0.08567147837725314,0.11215321478830736
n128_L32_S16,1.04,10,0.625,0.10643357889675598,0.13933304596580326
n128_L32_S16,1.04,11,0.6875,0.12799036162991131,0.16755320195949702
n128_L32_S16,1.04,12,0.75,0.1497145646918233,0.1959925292392084
n128_L32_S16,1.04,13,0.8125,0.1740878001943086,0.22789972598862301
n128_L32_S16,1.04,14,0.875,0.19826174362881963,0.2595460279043252
n128_L32_S16,1.04,15,0.9375,0.22276992876374818,0.2916298882925574
n128_L32_S16,1.04,16,1.0,0.25004126716671404,0.3273310146347933
n128_L32_S16,1.08,0,0.0,0.06707994199640792,0.08781488641507848
n128_L32_S16,1.08,1,0.0625,0.05430393718113384,0.07108971673988904
n128_L32_S16,1.08,2,0.125,0.03959760394275757,0.05183753874934365
n128_L32_S16,1.08,3,0.1875,0.024369325052255208,0.03190207754786837
n128_L32_S16,1.08,4,0.25,0.009544131572474334,0.012494298668479448
n128_L32_S16,1.08,5,0.3125,0.007826578509115414,0.010245836271496302
n128_L32_S16,1.08,6,0.375,0.025659538263259132,0.033591105940015915
n128_L32_S16,1.08,7,0.4375,0.042960897060877946,0.0562404525617046
n128_L32_S16,1.08,8,0.5,0.062403075562188104,0.08169236331090676
n128_L32_S16,1.08,9,0.5625,0.08279408609187341,0.10838639762669183
n128_L32_S16,1.08,10,0.625,0.10352616445702621,0.13552692656277662
n128_L32_S16,1.08,11,0.6875,0.12505110163423958,0.1637053932855104
n128_L32_S16,1.08,12,0.75,0.14674640358618915,0.1921068858919486
n128_L32_S16,1.08,13,0.8125,0.17109399723162413,0.22398051468203986
n128_L32_S16,1.08,14,0.875,0.19524965641161765,0.2556028805345039
n128_L32_S16,1.08,15,0.9375,0.21973764499810133,0.2876603014602846
n128_L32_S16,1.08,16,1.0,0.24699360632211567,0.32334129754597385
n128_L32_S16,1.12,0,0.0,0.06932199668501485,0.09074997806776589
n128_L32_S16,1.12,1,0.0625,0.05658824679768815,0.07408012465534804
n128_L32_S16,1.12,2,0.125,0.041922509172963814,0.05488109070601225
n128_L32_S16,1.12,3,0.1875,0.026731237862393318,0.03499407642222196
n128_L32_S16,1.12,4,0.25,0.011812734320373912,0.015464144597064244
n128_L32_S16,1.12,5,0.3125,0.00567118418474025,0.007424192391946654
n128_L32_S16,1.12,6,0.375,0.023176856806740906,0.030341007868663315
n128_L32_S16,1.12,7,0.4375,0.040420083214426604,0.05291425291561768
n128_L32_S16,1.12,8,0.5,0.05982297094155852,0.07831472779935938
n128_L32_S16,1.12,9,0.5625,0.0801749189411137,0.10495762504578553
n128_L32_S16,1.12,10,0.625,0.10087352004962094,0.1320543286385214
n128_L32_S16,1.12,11,0.6875,0.12236290577253724,0.16018625466923794
n128_L32_S16,1.12,12,0.75,0.14402518693843405,0.18854451950161644
n128_L32_S16,1.12,13,0.8125,0.16834212621806338,0.22037801841724397
n128_L32_S16,1.12,14,0.875,0.19247331664433281,0.25196835202929385
n128_L32_S16,1.12,15,0.9375,0.21693505311764402,0.2839914061046005
n128_L32_S16,1.12,16,1.0,0.24416809537449274,0.31964239865689376
n128_L32_S16,1.16,0,0.0,0.07132171711288803,0.0933678280093326
n128_L32_S16,1.16,1,0.0625,0.05862876522353555,0.07675138358105282
n128_L32_S16,1.16,2,0.125,0.044002848086866844,0.057604478949834
n128_L32_S16,1.16,3,0.1875,0.028849628542391748,0.037767278536153186
n128_L32_S16,1.16,4,0.25,0.01389145328078084,0.01818541214685997
n128_L32_S16,1.16,5,0.3125,0.004043264711638534,0.00529307004197538
n128_L32_S16,1.16,6,0.375,0.020945552981770314,0.027419990257201824
n128_L32_S16,1.16,7,0.4375,0.03812893189761567,0.0499148884758529
n128_L32_S16,1.16,8,0.5,0.05749159567891179,0.07526270587168375
n128_L32_S16,1.16,9,0.5625,0.07780367849119313,0.1018534152838903
n128_L32_S16,1.16,10,0.625,0.09846724429693579,0.12890425388269172
n128_L32_S16,1.16,11,0.6875,0.11991939461328667,0.15698743474606247
n128_L32_S16,1.16,12,0.75,0.1415466143104917,0.18529980033048274
n128_L32_S16,1.16,13,0.8125,0.1658301884390608,0.21708962066107615
n128_L32_S16,1.16,14,0.875,0.18993321251066678,0.2486430814738676
n128_L32_S16,1.16,15,0.9375,0.21436514907305862,0.28062712424840863
n128_L32_S16,1.16,16,1.0,0.24157058779096646,0.31624198078798926
n128_L32_S16,1.2,0,0.0,0.07310068547901179,0.0956966896683892
n128_L32_S16,1.2,1,0.0625,0.0604464401029293,0.07913091624496077
n128_L32_S16,1.2,2,0.125,0.04585872343709474,0.060034020154409486
n128_L32_S16,1.2,3,0.1875,0.030743033344435535,0.04024594984505418
n128_L32_S16,1.2,4,0.25,0.01577133350759093,0.020646378326588034
n128_L32_S16,1.2,5,0.3125,0.003238861285811688,0.004240019109482518
n128_L32_S16,1.2,6,0.375,0.018948634355483555,0.02480580817641057
n128_L32_S16,1.2,7,0.4375,0.036071335540077555,0.04722127269373186
n128_L32_S16,1.2,8,0.5,0.0553940634767592,0.07251680975725565
n128_L32_S16,1.2,9,0.5625,0.07566675150142392,0.099055947139181
n128_L32_S16,1.2,10,0.625,0.09629509669750909,0.12606067815731833
n128_L32_S16,1.2,11,0.6875,0.11770979152996566,0.15409482574835892
n128_L32_S16,1.2,12,0.75,0.13930142220568245,0.18236060146125277
n128_L32_S16,1.2,13,0.8125,0.16355060513774933,0.21410540000255057
n128_L32_S16,1.2,14,0.875,0.18762360742602407,0.24561955905963465
n128_L32_S16,1.2,15,0.9375,0.2120240481624739,0.2775623703975445
n128_L32_S16,1.2,16,1.0,0.23919932697978294,0.3131377443710025
n128_L32_S16,1.24,0,0.0,0.07467971854037112,0.09776381442732757
n128_L32_S16,1.24,1,0.0625,0.062061703241936717,0.08124547008715097
n128_L32_S16,1.24,2,0.125,0.04751003500136372,0.06219576527726531
n128_L32_S16,1.24,3,0.1875,0.03243039508320529,0.04245488853851862
n128_L32_S16,1.24,4,0.25,0.017458897893723232,0.022855582307329033
n128_L32_S16,1.24,5,0.3125,0.0034484742360756373,0.004514425092414702
n128_L32_S16,1.24,6,0.375,0.017168192512604815,0.022475017577196547
n128_L32_S16,1.24,7,0.4375,0.03422996155305743,0.0448107153392471
n128_L32_S16,1.24,8,0.5,0.053513898223707,0.07005547044740357
n128_L32_S16,1.24,9,0.5625,0.07374854177199122,0.09654480350224329
n128_L32_S16,1.24,10,0.625,0.09434244754217115,0.12350444959358936
n128_L32_S16,1.24,11,0.6875,0.11572049821891613,0.1514906260284867
n128_L32_S16,1.24,12,0.75,0.1372770862401847,0.17971052712329846
n128_L32_S16,1.24,13,0.8125,0.16149205717386675,0.21141053846498367
n128_L32_S16,1.24,14,0.875,0.18553452066400394,0.24288471893815888
n128_L32_S16,1.24,15,0.9375,0.20990310960725855,0.27478583283987085
n128_L32_S16,1.24,16,1.0,0.23704722903771008,0.3103204158117832
n128_L32_S16,1.28,0,0.0,0.07607855059449922,0.09959503661224849
n128_L32_S16,1.28,1,0.0625,0.06349408787910768,0.08312061622580753
n128_L32_S16,1.28,2,0.125,0.048976010755140235,0.06411488581425141
n128_L32_S16,1.28,3,0.1875,0.03393037539028852,0.04441852470711313
n128_L32_S16,1.28,4,0.25,0.018966471957717064,0.024829159523585807
n128_L32_S16,1.28,5,0.3125,0.0042902309857017215,0.005616375558643467
n128_L32_S16,1.28,6,0.375,0.01558613093954563,0.0204039281694673
n128_L32_S16,1.28,7,0.4375,0.032587070321431315,0.04265999334092901
n128_L32_S16,1.28,8,0.5,0.051833938442154524,0.06785622171509503
n128_L32_S16,1.28,9,0.5625,0.07203246794133887,0.09429827758057964
n128_L32_S16,1.28,10,0.625,0.0925933708098395,0.12121471931044174
n128_L32_S16,1.28,11,0.6875,0.11393628878693353,0.14915490324836483
n128_L32_S16,1.28,12,0.75,0.13545911734413832,0.17733060955984847
n128_L32_S16,1.28,13,0.8125,0.1596408920950343,0.20898716351421318
n128_L32_S16,1.28,14,0.875,0.18365324861533477,0.24042193071334808
n128_L32_S16,1.28,15,0.9375,0.20799057439939533,0.27228211776432204
n128_L32_S16,1.28,16,1.0,0.23510364895476563,0.3077760596429673
n128_L32_S16,1.32,0,0.0,0.07731563971048697,0.1012145198284327
n128_L32_S16,1.32,1,0.0625,0.06476198413137033,0.08478042930949371
n128_L32_S16,1.32,2,0.125,0.05027489849675727,0.06581527010352445
n128_L32_S16,1.32,3,0.1875,0.03526091432515201,0.046160343825593184
n128_L32_S16,1.32,4,0.25,0.020308492694989872,0.026586009561062024
n128_L32_S16,1.32,5,0.3125,0.005324885244850638,0.006970849691177819
n128_L32_S16,1.32,6,0.375,0.014184679621885358,0.018569277085791806
n128_L32_S16,1.32,7,0.4375,0.031125103179992026,0.04074612051028549
n128_L32_S16,1.32,8,0.5,0.05033699351655142,0.0658965591885755
n128_L32_S16,1.32,9,0.5625,0.07050169391392469,0.09229432910740226
n128_L32_S16,1.32,10,0.625,0.09103145032645556,0.11916999676364691
n128_L32_S16,1.32,11,0.6875,0.11234119649918016,0.14706675522822896
n128_L32_S16,1.32,12,0.75,0.13383202989618953,0.17520057642063266
n128_L32_S16,1.32,13,0.8125,0.15798218066949618,0.20681573117402388
n128_L32_S16,1.32,14,0.875,0.18196551275396236,0.23821250225300433
n128_L32_S16,1.32,15,0.9375,0.20627280659097694,0.2700333742428709
n128_L32_S16,1.32,16,1.0,0.23335572486164974,0.3054878382889988
n128_L32_S16,1.36,0,0.0,0.07840806635604583,0.10264462425222147
n128_L32_S16,1.36,1,0.0625,0.06588249867159264,0.08624730381992987
n128_L32_S16,1.36,2,0.125,0.05142377790679309,0.06731927729098326
n128_L32_S16,1.36,3,0.1875,0.03643895753496751,0.04770252957565753
n128_L32_S16,1.36,4,0.25,0.02149986747201694,0.02814564777196005
n128_L32_S16,1.36,5,0.3125,0.006359967278375092,0.008325883826554767
n128_L32_S16,1.36,6,0.375,0.012946744390596093,0.016948686213326354
n128_L32_S16,1.36,7,0.4375,0.029827090702281782,0.039046882035965055
n128_L32_S16,1.36,8,0.5,0.049006305332154006,0.06415454468634167
n128_L32_S16,1.36,9,0.5625,0.069139648883701,0.09051126510851389
n128_L32_S16,1.36,10,0.625,0.08964035949263482,0.11734890867189564
n128_L32_S16,1.36,11,0.6875,0.11091915703781025,0.14520515204162146
n128_L32_S16,1.36,12,0.75,0.1323800491998105,0.1732997769247679
n128_L32_S16,1.36,13,0.8125,0.1565004941499199,0.20487604354837996
n128_L32_S16,1.36,14,0.875,0.18045630939124485,0.23623679210880966
n128_L32_S16,1.36,15,0.9375,0.2047352169946873,0.268020503454187
n128_L32_S16,1.36,16,1.0,0.23178938349876377,0.30343732833363185
n128_L32_S16,1.4000000000000001,0,0.0,0.07937149972631483,0.10390586255178945
n128_L32_S16,1.4000000000000001,1,0.0625,0.06687139144309791,0.08754187122446158
n128_L32_S16,1.4000000000000001,2,0.125,0.05243846170265245,0.06864760793094389
n128_L32_S16,1.4000000000000001,3,0.1875,0.03748030037763184,0.04906575978615204
n128_L32_S16,1.4000000000000001,4,0.25,0.022555171570949013,0.0295271547742477
n128_L32_S16,1.4000000000000001,5,0.3125,0.007329467902579995,0.00959506481658097
n128_L32_S16,1.4000000000000001,6,0.375,0.011856130823828328,0.015520955305425698
n128_L32_S16,1.4000000000000001,7,0.4375,0.02867692284975219,0.03754118813817413
n128_L32_S16,1.4000000000000001,8,0.5,0.04782585976523804,0.06260921399146034
n128_L32_S16,1.4000000000000001,9,0.5625,0.06793038432975018,0.088928207248138
n128_L32_S16,1.4000000000000001,10,0.625,0.08840426491266393,0.11573072741073338
n128_L32_S16,1.4000000000000001,11,0.6875,0.10965446174873832,0.1435495293643466
n128_L32_S16,1.4000000000000001,12,0.75,0.1310876149385468,0.17160784093803272
n128_L32_S16,1.4000000000000001,13,0.8125,0.1551804623308958,0.2031479793789432
n128_L32_S16,1.4000000000000001,14,0.875,0.179110524698342,0.2344750146470351
n128_L32_S16,1.4000000000000001,15,0.9375,0.20336293626755977,0.26622403982294596
n128_L32_S16,1.4000000000000001,16,1.0,0.2303900776711559,0.30160548592807457
n128_L32_S16,1.44,0,0.0,0.0802202123507305,0.1050169190091146
n128_L32_S16,1.44,1,0.0625,0.06774306797126345,0.08868298991111229
n128_L32_S16,1.44,2,0.125,0.05333346147814835,0.06981925926646386
n128_L32_S16,1.44,3,0.1875,0.03839951437301976,0.050269110149819066
n128_L32_S16,1.44,4,0.25,0.023488240136502046,0.030748642266081067
n128_L32_S16,1.44,5,0.3125,0.00821316329188768,0.010751917490093096
n128_L32_S16,1.44,6,0.375,0.010897675080502182,0.014266233256939547
n128_L32_S16,1.44,7,0.4375,0.027659514613341832,0.03620929091138575
n128_L32_S16,1.44,8,0.5,0.046780584114573226,0.0612408353106843
n128_L32_S16,1.44,9,0.5625,0.06685880658324483,0.08752539628417903
n128_L32_S16,1.44,10,0.625,0.08730809506010674,0.11429572272484535
n128_L32_S16,1.44,11,0.6875,0.10853206471291503,0.14208019046392356
n128_L32_S16,1.44,12,0.75,0.12993972716171748,0.17010513190550375
n128_L32_S16,1.44,13,0.8125,0.15400716189347702,0.20161200243000352
n128_L32_S16,1.44,14,0.875,0.17791336744749295,0.2329078065535945
n128_L32_S16,1.44,15,0.9375,0.20214129285443497,0.2646247766994175
n128_L32_S16,1.44,16,1.0,0.22914331445761243,0.2999733382737179
n128_L32_S16,1.48,0,0.0,0.08096712794116447,0.10599471215835617
n128_L32_S16,1.48,1,0.0625,0.06851061061844445,0.08968778610465308
n128_L32_S16,1.48,2,0.125,0.05412199937725063,0.07085154051153945
n128_L32_S16,1.48,3,0.1875,0.03920993123767617,0.05133003332298576
n128_L32_S16,1.48,4,0.25,0.024311966286947078,0.03182698873129318
n128_L32_S16,1.48,5,0.3125,0.009007846159755301,0.0117922431627292
n128_L32_S16,1.48,6,0.375,0.010057307537679678,0.013166101412403538
n128_L32_S16,1.48,7,0.4375,0.026760893939816146,0.035032899429411526
n128_L32_S16,1.48,8,0.5,0.045856459304737,0.06003105616070427
n128_L32_S16,1.48,9,0.5625,0.06591081589725376,0.08628437412561311
n128_L32_S16,1.48,10,0.625,0.0863377070392756,0.11302538003682688
n128_L32_S16,1.48,11,0.6875,0.10753777896847468,0.140778563075563
n128_L32_S16,1.48,12,0.75,0.12892217240626658,0.16877304286947226
n128_L32_S16,1.48,13,0.8125,0.15296637511120068,0.2002495001625924
n128_L32_S16,1.48,14,0.875,0.1768506620430249,0.23151661044327215
n128_L32_S16,1.48,15,0.9375,0.20105614091828794,0.2632041956556689
n128_L32_S16,1.48,16,1.0,0.228035022086193,0.29852246390182136
n128_L32_S16,1.52,0,0.0,0.08162389101850956,0.10685448593457329
n128_L32_S16,1.52,1,0.0625,0.0691858360305432,0.09057172907036408
n128_L32_S16,1.52,2,0.125,0.05481605119398068,0.07176012927352128
n128_L32_S16,1.52,3,0.1875,0.0399236664562723,0.05226438978314515
n128_L32_S16,1.52,4,0.25,0.025038215302590514,0.032777727102850006
n128_L32_S16,1.52,5,0.3125,0.00971702461775739,0.012720634331296533
n128_L32_S16,1.52,6,0.375,0.00932206949884375,0.01220359543898037
n128_L32_S16,1.52,7,0.4375,0.025968232996840607,0.03399522067475796
n128_L32_S16,1.52,8,0.5,0.045040569572568266,0.05896296841308125
n128_L32_S16,1.52,9,0.5625,0.06507337646247253,0.08518807549063877
n128_L32_S16,1.52,10,0.625,0.08547997764119943,0.11190251964927667
n128_L32_S16,1.52,11,0.6875,0.10665838995266745,0.13962734790990416
n128_L32_S16,1.52,12,0.75,0.12802165990420275,0.16759417477968874
n128_L32_S16,1.52,13,0.8125,0.15204475090357836,0.19904299457088998
n128_L32_S16,1.52,14,0.875,0.17590903589723678,0.23028392015498478
n128_L32_S16,1.52,15,0.9375,0.20009407443266242,0.26194474675567603
n128_L32_S16,1.52,16,1.0,0.2270517939641698,0.2972353121350503
n128_L32_S16,1.56,0,0.0,0.08220094971678048,0.10760991807323267
n128_L32_S16,1.56,1,0.0625,0.06977936915333109,0.09134872800939114
n128_L32_S16,1.56,2,0.125,0.055426410014335174,0.07255915486726346
n128_L32_S16,1.56,3,0.1875,0.04055166913219904,0.05308651308876496
n128_L32_S16,1.56,4,0.25,0.025677807189641733,0.03361502193707058
n128_L32_S16,1.56,5,0.3125,0.010346856849967605,0.013545152723620979
n128_L32_S16,1.56,6,0.375,0.00868009844728105,0.011363186021545785
n128_L32_S16,1.56,7,0.4375,0.025269839119322544,0.03308094768641043
n128_L32_S16,1.56,8,0.5,0.04432110730452589,0.05802111462687107
n128_L32_S16,1.56,9,0.5625,0.06433453644667504,0.08422085414048247
n128_L32_S16,1.56,10,0.625,0.08472283920156795,0.11091134368671712
n128_L32_S16,1.56,11,0.6875,0.10588170819350737,0.13861058763207093
n128_L32_S16,1.56,12,0.75,0.12722589143644464,0.1665524279395883
n128_L32_S16,1.56,13,0.8125,0.15122989345579085,0.19797625819497341
n128_L32_S16,1.56,14,0.875,0.17507602806125286,0.22919342296129736
n128_L32_S16,1.56,15,0.9375,0.19924255607984917,0.26083001729695565
n128_L32_S16,1.56,16,1.0,0.2261810403993383,0.29609540170705234
n128_L32_S16,1.6,0,0.0,0.08270764542238136,0.1082732374576879
n128_L32_S16,1.6,1,0.0625,0.07030072667218291,0.09203124129036672
n128_L32_S16,1.6,2,0.125,0.05596276228673779,0.07326129789955808
n128_L32_S16,1.6,3,0.1875,0.04110378838880014,0.05380929680567097
n128_L32_S16,1.6,4,0.25,0.026240540245352037,0.0343517002629382
n128_L32_S16,1.6,5,0.3125,0.010904395352708634,0.014275030818817576
n128_L32_S16,1.6,6,0.375,0.008120593251080227,0.010630733312274621
n128_L32_S16,1.6,7,0.4375,0.024655117974569693,0.03227621133904881
n128_L32_S16,1.6,8,0.5,0.043687346607174035,0.05719145344953621
n128_L32_S16,1.6,9,0.5625,0.06368341277664198,0.08336846295730012
n128_L32_S16,1.6,10,0.625,0.08405527613149698,0.11003743155399164
n128_L32_S16,1.6,11,0.6875,0.10519657834807174,0.13771367869378157
n128_L32_S16,1.6,12,0.75,0.12652358316311468,0.165633030584502
n128_L32_S16,1.6,13,0.8125,0.150510398070223,0.19703436105434685
n128_L32_S16,1.6,14,0.875,0.17434014014393034,0.22823006622677058
n128_L32_S16,1.6,15,0.9375,0.1984899833896652,0.25984481839336787
n128_L32_S16,1.6,16,1.0,0.22541107198042212,0.2950874299164097
n128_L32_S16,1.6400000000000001,0,0.0,0.08315230466572489,0.10885534441522995
n128_L32_S16,1.6400000000000001,1,0.0625,0.07075840466297931,0.09263039119390448
n128_L32_S16,1.6400000000000001,2,0.125,0.05643377036607554,0.07387789832819058
n128_L32_S16,1.6400000000000001,3,0.1875,0.041588849232656086,0.05444429382027621
n128_L32_S16,1.6400000000000001,4,0.25,0.026735238945046494,0.03499931427139518
n128_L32_S16,1.6400000000000001,5,0.3125,0.011396780183392777,0.014919615722921265
n128_L32_S16,1.6400000000000001,6,0.375,0.007633767330450117,0.009993425621604013
n128_L32_S16,1.6400000000000001,7,0.4375,0.02411451845075094,0.031568508196092436
n128_L32_S16,1.6400000000000001,8,0.5,0.04312959592908137,0.05646129759389663
n128_L32_S16,1.6400000000000001,9,0.5625,0.06311015188907325,0.08261800256288368
n128_L32_S16,1.6400000000000001,10,0.625,0.08346729426792171,0.10926769981262022
n128_L32_S16,1.6400000000000001,11,0.6875,0.10459285771303367,0.1369233432013158
n128_L32_S16,1.6400000000000001,12,0.75,0.1259044535404981,0.16482252306365175
n128_L32_S16,1.6400000000000001,13,0.8125,0.1498758494267057,0.19620366837041014
n128_L32_S16,1.6400000000000001,14,0.875,0.17369084579153307,0.22738006981787726
n128_L32_S16,1.6400000000000001,15,0.9375,0.19782570951477152,0.2589752121722501
n128_L32_S16,1.6400000000000001,16,1.0,0.22473113324243923,0.29419731669823823
n128_L32_S16,1.68,0,0.0,0.08354233003671534,0.10936592973527032
n128_L32_S16,1.68,1,0.0625,0.07115996673564544,0.09315607930200792
n128_L32_S16,1.68,2,0.125,0.05684715724254758,0.07441906638115074
n128_L32_S16,1.68,3,0.1875,0.042014732776644165,0.05500182136022797
n128_L32_S16,1.68,4,0.25,0.027169815562562608,0.03556822198315006
n128_L32_S16,1.68,5,0.3125,0.011830858882639838,0.015487871605903794
n128_L32_S16,1.68,6,0.375,0.007210795057453057,0.00943970924969729
n128_L32_S16,1.68,7,0.4375,0.023639466381317024,0.030946613747811286
n128_L32_S16,1.68,8,0.5,0.04263913747503449,0.055819234524793974
n128_L32_S16,1.68,9,0.5625,0.0626058749116016,0.08195784955468963
n128_L32_S16,1.68,10,0.625,0.0829498722343297,0.10859033850674768
n128_L32_S16,1.68,11,0.6875,0.10406137417363244,0.1362275738661768
n128_L32_S16,1.68,12,0.75,0.12535918807139823,0.16410871169455973
n128_L32_S16,1.68,13,0.8125,0.14931679384394944,0.1954718042536808
n128_L32_S16,1.68,14,0.875,0.17311857119234147,0.22663090058143195
n128_L32_S16,1.68,15,0.9375,0.19724003199990522,0.2582084970721297
n128_L32_S16,1.68,16,1.0,0.2241314009540251,0.2934122023821083
n128_L32_S16,1.72,0,0.0,0.0838842879257632,0.10981358953180215
n128_L32_S16,1.72,1,0.0625,0.07151213009260765,0.09361709915788147
n128_L32_S16,1.72,2,0.125,0.057209790440459304,0.07489379238921229
n128_L32_S16,1.72,3,0.1875,0.04238845721522734,0.05549106699980348
n128_L32_S16,1.72,4,0.25,0.02755133863659497,0.03606767687851472
n128_L32_S16,1.72,5,0.3125,0.01221301247687277,0.01598815192028564
n128_L32_S16,1.72,6,0.375,0.006843754572748027,0.008959213627386919
n128_L32_S16,1.72,7,0.4375,0.0232222923495272,0.030400487899656777
n128_L32_S16,1.72,8,0.5,0.0422081591386668,0.05525503735155381
n128_L32_S16,1.72,9,0.5625,0.06216261356720182,0.08137757259779026
n128_L32_S16,1.72,10,0.625,0.08249490167973074,0.10799473292950296
n128_L32_S16,1.72,11,0.6875,0.1035938710694517,0.13561556182844237
n128_L32_S16,1.72,12,0.75,0.12487938898202093,0.16348060288465674
n128_L32_S16,1.72,13,0.8125,0.14882469430160813,0.19482759282281928
n128_L32_S16,1.72,14,0.875,0.1726146560546411,0.22597122126056482
n128_L32_S16,1.72,15,0.9375,0.19672415969914608,0.25753316453385355
n128_L32_S16,1.72,16,1.0,0.2236029579560916,0.2927204134440252
n128_L32_S16,1.76,0,0.0,0.08418399166594019,0.11020593408545762
n128_L32_S16,1.76,1,0.0625,0.07182084778573994,0.09402124394915437
n128_L32_S16,1.76,2,0.125,0.057527763036338914,0.07531005284739471
n128_L32_S16,1.76,3,0.1875,0.04271625706539578,0.055920192394857675
n128_L32_S16,1.76,4,0.25,0.027886103759649533,0.03650592056778834
n128_L32_S16,1.76,5,0.3125,0.012549086387029073,0.016428108953179726
n128_L32_S16,1.76,6,0.375,0.0065255687582194966,0.008542674042972724
n128_L32_S16,1.76,7,0.4375,0.022856157370120995,0.029921177681546198
n128_L32_S16,1.76,8,0.5,0.0418296831192433,0.05475957137964993
n128_L32_S16,1.76,9,0.5625,0.06177324141146702,0.08086784240704446
n128_L32_S16,1.76,10,0.625,0.08209512145510904,0.10747137745286839
n128_L32_S16,1.76,11,0.6875,0.10318294451392333,0.13507761460122808
n128_L32_S16,1.76,12,0.75,0.12445751584379541,0.16292832539883498
n128_L32_S16,1.76,13,0.8125,0.1483918747633818,0.19426098531755925
n128_L32_S16,1.76,14,0.875,0.17217130214002685,0.2253908231192603
n128_L32_S16,1.76,15,0.9375,0.19627016547738313,0.2569388370817018
n128_L32_S16,1.76,16,1.0,0.22313775079812484,0.2921114070477686
n128_L32_S16,1.8,0,0.0,0.08444657922552808,0.11054968955144263
n128_L32_S16,1.8,1,0.0625,0.07209138609762142,0.09437540780830128
n128_L32_S16,1.8,2,0.125,0.057806470467676556,0.07567491096589553
n128_L32_S16,1.8,3,0.1875,0.043003659021990055,0.056296432585631086
n128_L32_S16,1.8,4,0.25,0.02817970373220292,0.036890274630626184
n128_L32_S16,1.8,5,0.3125,0.012844376498070615,0.016814675589775768
n128_L32_S16,1.8,6,0.375,0.006249945240911218,0.008181853100893689
n128_L32_S16,1.8,7,0.4375,0.022534979134130183,0.029500720694358603
n128_L32_S16,1.8,8,0.5,0.0414974941906465,0.0543247002070625
n128_L32_S16,1.8,9,0.5625,0.061431403715789645,0.0804203399566114
n128_L32_S16,1.8,10,0.625,0.08174404939048054,0.10701178621648195
n128_L32_S16,1.8,11,0.6875,0.102821977202433,0.13460506941835096
n128_L32_S16,1.8,12,0.75,0.12408682155002755,0.16244304654597483
n128_L32_S16,1.8,13,0.8125,0.14801145861779355,0.19376297951103838
n128_L32_S16,1.8,14,0.875,0.17178151459209517,0.22488054913528063
n128_L32_S16,1.8,15,0.9375,0.19587093036898173,0.2564161952210535
n128_L32_S16,1.8,16,1.0,0.2227285373228495,0.29157570242755965
n128_L32_S16,1.84,0,0.0,0.08467658501875619,0.11085079196754517
n128_L32_S16,1.84,1,0.0625,0.07232839644508483,0.09468567994215037
n128_L32_S16,1.84,2,0.125,0.058050682337349516,0.07599461066983525
n128_L32_S16,1.84,3,0.1875,0.043255553393249754,0.05662618951359552
n128_L32_S16,1.84,4,0.25,0.028437096187337727,0.037227229143988336
n128_L32_S16,1.84,5,0.3125,0.01310364448994028,0.017154085383217738
n128_L32_S16,1.84,6,0.375,0.0060113159134139275,0.007869461547385739
n128_L32_S16,1.84,7,0.4375,0.022253360657521808,0.02913205170330497
n128_L32_S16,1.84,8,0.5,0.041206069679704686,0.053943194058349735
n128_L32_S16,1.84,9,0.5625,0.061131448320104746,0.08002766595872586
n128_L32_S16,1.84,10,0.625,0.08143591426715587,0.10660840407198485
n128_L32_S16,1.84,11,0.6875,0.10250507159134226,0.13419020575845506
n128_L32_S16,1.84,12,0.75,0.12376128682034729,0.16201688643819526
n128_L32_S16,1.84,13,0.8125,0.14767730472490256,0.19332553598804086
n128_L32_S16,1.84,14,0.875,0.1714390398781782,0.22443221275919573
n128_L32_S16,1.84,15,0.9375,0.19552008334776363,0.2559568985907883
n128_L32_S16,1.84,16,1.0,0.2223688287255833,0.2911048050375001
n128_L32_S16,1.8800000000000001,0,0.0,0.08487800570211596,0.11111447338861487
n128_L32_S16,1.8800000000000001,1,0.0625,0.0725359815443419,0.09495743124917592
n128_L32_S16,1.8800000000000001,2,0.125,0.05826460880761575,0.0762746635161632
n128_L32_S16,1.8800000000000001,3,0.1875,0.04347626053311229,0.056915118988505674
n128_L32_S16,1.8800000000000001,4,0.25,0.028662667522596774,0.03752252637583942
n128_L32_S16,1.8800000000000001,5,0.3125,0.013331148320383795,0.017451912459908746
n128_L32_S16,1.8800000000000001,6,0.375,0.005804776392010066,0.007599079014656715
n128_L32_S16,1.8800000000000001,7,0.4375,0.022006522537844533,0.02880891395456434
n128_L32_S16,1.8800000000000001,8,0.5,0.04095051252487201,0.053608642151232795
n128_L32_S16,1.8800000000000001,9,0.5625,0.060868359030828656,0.07968325367440932
n128_L32_S16,1.8800000000000001,10,0.625,0.0811655897693777,0.10625452011858379
n128_L32_S16,1.8800000000000001,11,0.6875,0.10222698445356536,0.13382615967119577
n128_L32_S16,1.8800000000000001,12,0.75,0.12347555546258507,0.16164283324166062
n128_L32_S16,1.8800000000000001,13,0.8125,0.14738394354171247,0.19294149452626067
n128_L32_S16,1.8800000000000001,14,0.875,0.17113830307193179,0.2240385158105195
n128_L32_S16,1.8800000000000001,15,0.9375,0.19521193969618114,0.2555535052818809
n128_L32_S16,1.8800000000000001,16,1.0,0.22205282936479215,0.2906911277570904
n128_L32_S16,1.92,0,0.0,0.08505436003280994,0.11134534024773543
n128_L32_S16,1.92,1,0.0625,0.07271775581844724,0.09519539339939063
n128_L32_S16,1.92,2,0.125,0.05845196145566191,0.07651992836014024
n128_L32_S16,1.92,3,0.1875,0.04366959201102879,0.057168210766292325
n128_L32_S16,1.92,4,0.25,0.028860292482128017,0.037781238784609095
n128_L32_S16,1.92,5,0.3125,0.01353067991219085,0.017713120856178596
n128_L32_S16,1.92,6,0.375,0.005626025940767434,0.007365075375038835
n128_L32_S16,1.92,7,0.4375,0.021790239549391174,0.02852577617150599
n128_L32_S16,1.92,8,0.5,0.04072648827515843,0.0533153702213931
n128_L32_S16,1.92,9,0.5625,0.060637692579879984,0.0793812863860221
n128_L32_S16,1.92,10,0.625,0.08092853159076063,0.10594418536859045
n128_L32_S16,1.92,11,0.6875,0.10198306415560017,0.1335068416661013
n128_L32_S16,1.92,12,0.75,0.12322487190868284,0.161314661404344
n128_L32_S16,1.92,13,0.8125,0.14712651502936167,0.19260449281010983
n128_L32_S16,1.92,14,0.875,0.17087434637625598,0.2236929679975755
n128_L32_S16,1.92,15,0.9375,0.1949414400731425,0.2551993920706064
n128_L32_S16,1.92,16,1.0,0.22177537664600036,0.2903279121927782
n128_L32_S16,1.96,0,0.0,0.08520874300703087,0.11154744422907695
n128_L32_S16,1.96,1,0.0625,0.07287690019389673,0.095403730569009
n128_L32_S16,1.96,2,0.125,0.05861600865680247,0.07673468385792587
n128_L32_S16,1.96,3,0.1875,0.04383890648885925,0.05738986169795095
n128_L32_S16,1.96,4,0.25,0.02903338908198802,0.03800784092234434
n128_L32_S16,1.96,5,0.3125,0.013705605474942434,0.017942117303804423
n128_L32_S16,1.96,6,0.375,0.005471308534336856,0.007162533585827623
n128_L32_S16,1.96,7,0.4375,0.0216007819600439,0.028277755732104056
n128_L32_S16,1.96,8,0.5,0.04053016651331395,0.05305836383909623
n128_L32_S16,1.96,9,0.5625,0.06043551974685974,0.07911662031984039
n128_L32_S16,1.96,10,0.625,0.08072071841885253,0.10567213548984064
n128_L32_S16,1.96,11,0.6875,0.10176919150821176,0.13322685927973146
n128_L32_S16,1.96,12,0.75,0.12300502200764218,0.1610268541476042
n128_L32_S16,1.96,13,0.8125,0.14690070946719766,0.19230888894995163
n128_L32_S16,1.96,14,0.875,0.1706427701621165,0.22338980973094819
n128_L32_S16,1.96,15,0.9375,0.19470409170892217,0.2548886774363282
n128_L32_S16,1.96,16,1.0,0.2215318825784071,0.29000915216925893
n128_L32_S16,2.0,0,0.0,0.08534387458623363,0.11172434605584682
n128_L32_S16,2.0,1,0.0625,0.07301621154273255,0.09558610416550084
n128_L32_S16,2.0,2,0.125,0.058759625692509934,0.07692269406339976
n128_L32_S16,2.0,3,0.1875,0.043987160431465576,0.057583942115182966
n128_L32_S16,2.0,4,0.25,0.029184968810669742,0.03820627515262031
n128_L32_S16,2.0,5,0.3125,0.013858905817782333,0.018142804003780988
n128_L32_S16,2.0,6,0.375,0.005337355824877382,0.006987175026829382
n128_L32_S16,2.0,7,0.4375,0.021434861702773592,0.028060548201618518
n128_L32_S16,2.0,8,0.5,0.04035816691513679,0.052833197795002514
n128_L32_S16,2.0,9,0.5625,0.06025837094487716,0.07888471341202731
n128_L32_S16,2.0,10,0.625,0.08053859718978659,0.10543371913812322
n128_L32_S16,2.0,11,0.6875,0.10158172467999406,0.13298144496158232
n128_L32_S16,2.0,12,0.75,0.12281227766368945,0.16077453099156652
n128_L32_S16,2.0,13,0.8125,0.14670271186955547,0.19204968871766254
n128_L32_S16,2.0,14,0.875,0.17043967733362245,0.22312393929136315
n128_L32_S16,2.0,15,0.9375,0.19449591265360558,0.2546161485766938
n128_L32_S16,2.0,16,1.0,0.22131827806109983,0.2897295207941141
n128_L32_S16,2.04,0,0.0,0.08546214337280647,0.11187917266645865
n128_L32_S16,2.04,1,0.0625,0.07313814709432068,0.09574573096740303
n128_L32_S16,2.04,2,0.125,0.058885339864609115,0.07708726748751284
n128_L32_S16,2.04,3,0.1875,0.04411695388134819,0.05775385575433717
n128_L32_S16,2.04,4,0.25,0.0293176821973337,0.03838001130427471
n128_L32_S16,2.04,5,0.3125,0.01399321514428952,0.01831862941299714
n128_L32_S16,2.04,6,0.375,0.005221332778828669,0.006835288333026861
n128_L32_S16,2.04,7,0.4375,0.021289583358841502,0.02787036316431407
n128_L32_S16,2.04,8,0.5,0.04020750996379678,0.052635971579895274
n128_L32_S16,2.04,9,0.5625,0.06010318635473379,0.07868156002889616
n128_L32_S16,2.04,10,0.625,0.08037903276615661,0.10522483208008575
n128_L32_S16,2.04,11,0.6875,0.10141744839975542,0.13276638957452458
n128_L32_S16,2.04,12,0.75,0.12264334561984029,0.16055338070727923
n128_L32_S16,2.04,13,0.8125,0.14652915038625264,0.19182247799730912
n128_L32_S16,2.04,14,0.875,0.17026162148697116,0.2228908449641489
n128_L32_S16,2.04,15,0.9375,0.19431337963422135,0.2543771931469904
n128_L32_S16,2.04,16,1.0,0.22113096055287376,0.2894843019519555
n128_L32_S16,2.08,0,0.0,0.08556564562276518,0.11201466828636118
n128_L32_S16,2.08,1,0.0625,0.0732448641782547,0.09588543515207147
n128_L32_S16,2.08,2,0.125,0.05899537094667961,0.07723131005354048
n128_L32_S16,2.08,3,0.1875,0.044230571592007877,0.05790259360442142
n128_L32_S16,2.08,4,0.25,0.029433859944331675,0.038532100518322225
n128_L32_S16,2.08,5,0.3125,0.01411085750498317,0.01847263596450054
n128_L32_S16,2.08,6,0.375,0.0051207866572427745,0.006703662604325206
n128_L32_S16,2.08,7,0.4375,0.021162399789949944,0.027703866141155126
n128_L32_S16,2.08,8,0.5,0.04007557220482016,0.05246325080862489
n128_L32_S16,2.08,9,0.5625,0.05996727054145931,0.07850363155505595
n128_L32_S16,2.08,10,0.625,0.08023926202273933,0.10504185708648785
n128_L32_S16,2.08,11,0.6875,0.10127352748626953,0.13257798156023032
n128_L32_S16,2.08,12,0.75,0.12249532048059744,0.16035959981835296
n128_L32_S16,2.08,13,0.8125,0.146377048840701,0.191623360652412
n128_L32_S16,2.08,14,0.875,0.1701055590821049,0.22268654242677152
n128_L32_S16,2.08,15,0.9375,0.194153379804798,0.2541677360957605
n128_L32_S16,2.08,16,1.0,0.22096674548429432,0.28926932669756844
n128_L32_S16,2.12,0,0.0,0.08565621999018225,0.1121332399122471
n128_L32_S16,2.12,1,0.0625,0.07333825567522274,0.09600769470469336
n128_L32_S16,2.12,2,0.125,0.05909166732842586,0.07735737241396534
n128_L32_S16,2.12,3,0.1875,0.04433001985041275,0.05803278211168741
n128_L32_S16,2.12,4,0.25,0.029535549884450188,0.0386652236289764
n128_L32_S16,2.12,5,0.3125,0.01421388050246848,0.018607504191172495
n128_L32_S16,2.12,6,0.375,0.005033599854261333,0.006589525666026734
n128_L32_S16,2.12,7,0.4375,0.021051072178918207,0.02755812627873638
n128_L32_S16,2.12,8,0.5,0.03996004583902381,0.05231201432289721
n128_L32_S16,2.12,9,0.5625,0.05984825138541587,0.07834782262979283
n128_L32_S16,2.12,10,0.625,0.0801168522092748,0.10488160942458535
n128_L32_S16,2.12,11,0.6875,0.10114746461403817,0.13241295164999653
n128_L32_S16,2.12,12,0.75,0.12236564192292294,0.1601898365855036
n128_L32_S16,2.12,13,0.8125,0.1462437833990388,0.19144890180116184
n128_L32_S16,2.12,14,0.875,0.16996880566870146,0.2225075174439303
n128_L32_S16,2.12,15,0.9375,0.19401316647935893,0.25398418171451237
n128_L32_S16,2.12,16,1.0,0.22082282155744332,0.2890809147384539
n128_L32_S16,2.16,0,0.0,0.085735478391808,0.11223699771717453
n128_L32_S16,2.16,1,0.0625,0.07341998155263826,0.09611468270183267
n128_L32_S16,2.16,2,0.125,0.05917593821574974,0.07746769210384881
n128_L32_S16,2.16,3,0.1875,0.04441705933406224,0.0581467261930749
n128_L32_S16,2.16,4,0.25,0.029624550058559674,0.0387817344658636
n128_L32_S16,2.16,5,0.3125,0.01430408610287606,0.01872559306122876
n128_L32_S16,2.16,6,0.375,0.004957946916574083,0.006490487802661727
n128_L32_S16,2.16,7,0.4375,0.02095363419187582,0.027430569433724506
n128_L32_S16,2.16,8,0.5,0.039858902395528494,0.05217960663532577
n128_L32_S16,2.16,9,0.5625,0.05974404309487849,0.07821140272654456
n128_L32_S16,2.16,10,0.625,0.08000966338377775,0.10474128767927895
n128_L32_S16,2.16,11,0.6875,0.10103706213689383,0.13226842288771923
n128_L32_S16,2.16,12,0.75,0.12225205594660922,0.16004114027910443
n128_L32_S16,2.16,13,0.8125,0.14612704325350476,0.1912960763467108
n128_L32_S16,2.16,14,0.875,0.16984899608510023,0.22235067376365486
n128_L32_S16,2.16,15,0.9375,0.1938903188017494,0.2538233608411697
n128_L32_S16,2.16,16,1.0,0.22069670992811882,0.2889158209999211
n128_L32_S16,2.2,0,0.0,0.08580483336520084,0.11232779086531319
n128_L32_S16,2.2,1,0.0625,0.07349149685130021,0.09620830394898992
n128_L32_S16,2.2,2,0.125,0.05924968224389475,0.07756423099852601
n128_L32_S16,2.2,3,0.1875,0.044493234348807774,0.05824644751167569
n128_L32_S16,2.2,4,0.25,0.029702438224531686,0.03888369848438165
n128_L32_S16,2.2,5,0.3125,0.014383058565922006,0.01882897654168362
n128_L32_S16,2.2,6,0.375,0.004892255874155538,0.00640449113574777
n128_L32_S16,2.2,7,0.4375,0.02086835995110102,0.0273189362458459
n128_L32_S16,2.2,8,0.5,0.03977036019624361,0.0520636953369296
n128_L32_S16,2.2,9,0.5625,0.059652813028536464,0.07809197271997279
n128_L32_S16,2.2,10,0.625,0.0799158146634962,0.10461842957197519
n128_L32_S16,2.2,11,0.6875,0.10094038773652031,0.13214186566009817
n128_L32_S16,2.2,12,0.75,0.12215257995185799,0.1599109154619665
n128_L32_S16,2.2,13,0.8125,0.146024795130696,0.19116222251465043
n128_L32_S16,2.2,14,0.875,0.1697440484663582,0.2222132859999645
n128_L32_S16,2.2,15,0.9375,0.1937827052138175,0.25368248303597624
n128_L32_S16,2.2,16,1.0,0.22058622716170592,0.28877118713032274
n128_L32_S16,2.24,0,0.0,0.08586552227292991,0.112407239197859
n128_L32_S16,2.24,1,0.0625,0.07355407647189668,0.09629022742881153
n128_L32_S16,2.24,2,0.125,0.0593142128474113,0.07764870852562951
n128_L32_S16,2.24,3,0.1875,0.04455989878439431,0.058333718455339745
n128_L32_S16,2.24,4,0.25,0.029770598109564676,0.038972927132828565
n128_L32_S16,2.24,5,0.3125,0.014452189601212669,0.018919476530668874
n128_L32_S16,2.24,6,0.375,0.0048351738425423275,0.006329764593457014
n128_L32_S16,2.24,7,0.4375,0.020793735499980363,0.02722124478243797
n128_L32_S16,2.24,8,0.5,0.039692855310000906,0.05196223307295834
n128_L32_S16,2.24,9,0.5625,0.05957295203741389,0.07798742606033494
n128_L32_S16,2.24,10,0.625,0.07983365401571241,0.10451087241348347
n128_L32_S16,2.24,11,0.6875,0.10085574363168916,0.13203105738820295
n128_L32_S16,2.24,12,0.75,0.12206547139418056,0.1597968809552188
n128_L32_S16,2.24,13,0.8125,0.14593525139065425,0.19104500009127134
n128_L32_S16,2.24,14,0.875,0.16965213184545047,0.2220929572193418
n128_L32_S16,2.24,15,0.9375,0.19368845052374448,0.2535590934703846
n128_L32_S16,2.24,16,1.0,0.220489451785694,0.28864449771468914
n128_L32_S16,2.2800000000000002,0,0.0,0.08591862868132502,0.11247676122012579
n128_L32_S16,2.2800000000000002,1,0.0625,0.07360883708855841,0.09636191498829728
n128_L32_S16,2.2800000000000002,2,0.125,0.05937068071179353,0.07772263105670583
n128_L32_S16,2.2800000000000002,3,0.1875,0.04461823910899221,0.05841009223900011
n128_L32_S16,2.2800000000000002,4,0.25,0.02983024270996362,0.039051008354329717
n128_L32_S16,2.2800000000000002,5,0.3125,0.014512700913022708,0.018998692370982367
n128_L32_S16,2.2800000000000002,6,0.375,0.004785536722160125,0.006264784243763687
n128_L32_S16,2.2800000000000002,7,0.4375,0.020728433445264944,0.027135757342424786
n128_L32_S16,2.2800000000000002,8,0.5,0.039625015693781816,0.05187342369096691
n128_L32_S16,2.2800000000000002,9,0.5625,0.059503048030671905,0.0778959141682654
n128_L32_S16,2.2800000000000002,10,0.625,0.0797617313010856,0.10441671781484123
n128_L32_S16,2.2800000000000002,11,0.6875,0.10078163906978425,0.1319340465159087
n128_L32_S16,2.2800000000000002,12,0.75,0.1219891997476246,0.15969703313514522
n128_L32_S16,2.2800000000000002,13,0.8125,0.14585684145835348,0.19094235302429602
n128_L32_S16,2.2800000000000002,14,0.875,0.16957163710164178,0.2219875809090142
n128_L32_S16,2.2800000000000002,15,0.9375,0.19360590634060953,0.2534510342227095
n128_L32_S16,2.2800000000000002,16,1.0,0.22040469421966857,0.2885335409098406
n128_L32_S16,2.32,0,0.0,0.08596510121669454,0.11253759878637046
n128_L32_S16,2.32,1,0.0625,0.0736567564927261,0.09642464666201116
n128_L32_S16,2.32,2,0.125,0.05942009360969726,0.07778731787496647
n128_L32_S16,2.32,3,0.1875,0.044669294704330134,0.0584769295255573
n128_L32_S16,2.32,4,0.25,0.02988243492828471,0.03911933360308832
n128_L32_S16,2.32,5,0.3125,0.01456566432409379,0.019068027194313185
n128_L32_S16,2.32,6,0.375,0.00474234272471293,0.006208238637629417
n128_L32_S16,2.32,7,0.4375,0.02067129047310411,0.027060951022377697
n128_L32_S16,2.32,8,0.5,0.039565638226252774,0.05179569217523368
n128_L32_S16,2.32,9,0.5625,0.059441862474380366,0.07781581566913026
n128_L32_S16,2.32,10,0.625,0.0796987742835839,0.10433430028172469
n128_L32_S16,2.32,11,0.6875,0.1007167658200102,0.13184912042786007
n128_L32_S16,2.32,12,0.75,0.1219224215015784,0.15960961320130185
n128_L32_S16,2.32,13,0.8125,0.14578818631950866,0.19085247603513894
n128_L32_S16,2.32,14,0.875,0.16950115099613972,0.22189530698682092
n128_L32_S16,2.32,15,0.9375,0.1935336246231365,0.2533564096505815
n128_L32_S16,2.32,16,1.0,0.22033046984060145,0.2884363731839449
n128_L32_S16,2.36,0,0.0,0.08600577017597012,0.11259083884492024
n128_L32_S16,2.36,1,0.0625,0.0736986906458517,0.09647954299590833
n128_L32_S16,2.36,2,0.125,0.059463333901228176,0.07784392408505451
n128_L32_S16,2.36,3,0.1875,0.04471397582122073,0.05853542193160108
n128_L32_S16,2.36,4,0.25,0.029928105819898018,0.03917912173110597
n128_L32_S16,2.36,5,0.3125,0.014612019680312407,0.01912871136039798
n128_L32_S16,2.36,6,0.375,0.004704729398072552,0.0061589987321030385
n128_L32_S16,2.36,7,0.4375,0.02062128745160987,0.026995491668623892
n128_L32_S16,2.36,8,0.5,0.03951366835227045,0.05172765799922011
n128_L32_S16,2.36,9,0.5625,0.059388309543538687,0.07774570910077173
n128_L32_S16,2.36,10,0.625,0.07964366732979793,0.10426215932955071
n128_L32_S16,2.36,11,0.6875,0.1006599763938488,0.1317747769376971
n128_L32_S16,2.36,12,0.75,0.1218639579199389,0.15953307806086645
n128_L32_S16,2.36,13,0.8125,0.14572807581326336,0.19077378489258298
n128_L32_S16,2.36,14,0.875,0.16943943303266149,0.22181451150919662
n128_L32_S16,2.36,15,0.9375,0.19347033408490805,0.25327355550282477
n128_L32_S16,2.36,16,1.0,0.22026547493201465,0.28835128783137537
n128_L32_S16,2.4,0,0.0,0.08604136214333698,0.11263743257291983
n128_L32_S16,2.4,1,0.0625,0.07373538869475944,0.09652758470406396
n128_L32_S16,2.4,2,0.125,0.0595011739540039,0.07789346079957074
n128_L32_S16,2.4,3,0.1875,0.04475307941258503,0.05858661275454874
n128_L32_S16,2.4,4,0.25,0.029968070701224273,0.039231440075603724
n128_L32_S16,2.4,5,0.3125,0.01465259073858769,0.019181823255968403
n128_L32_S16,2.4,6,0.375,0.004671953793650262,0.006116091927268845
n128_L32_S16,2.4,7,0.4375,0.020577531851787935,0.02693821086434722
n128_L32_S16,2.4,8,0.5,0.03946818207393951,0.05166811154992101
n128_L32_S16,2.4,9,0.5625,0.05934143766290705,0.07768434874846332
n128_L32_S16,2.4,10,0.625,0.07959543253401699,0.10419901477416359
n128_L32_S16,2.4,11,0.6875,0.1006102647300757,0.13170969900265697
n128_L32_S16,2.4,12,0.75,0.12181277530123347,0.159466074487007
n128_L32_S16,2.4,13,0.8125,0.14567544846205213,0.1907048900078917
n128_L32_S16,2.4,14,0.875,0.16938539488596116,0.2217437697408924
n128_L32_S16,2.4,15,0.9375,0.19341491920150622,0.25320101143753776
n128_L32_S16,2.4,16,1.0,0.2202085652660726,0.28827678693435776
n128_L32_S16,2.44,0,0.0,0.086072512840003,0.11267821219806656
n128_L32_S16,2.44,1,0.0625,0.0737675061795757,0.09656962995927942
n128_L32_S16,2.44,2,0.125,0.05953428971535881,0.07793681290655506
n128_L32_S16,2.44,3,0.1875,0.044787303078436765,0.05863141522813523
n128_L32_S16,2.44,4,0.25,0.030003043351315317,0.039277223050424186
n128_L32_S16,2.44,5,0.3125,0.014688099233869286,0.019228307709996267
n128_L32_S16,2.44,6,0.375,0.004643375416638012,0.006078679746271545
n128_L32_S16,2.44,7,0.4375,0.02053924223925429,0.026888085627570786
n128_L32_S16,2.44,8,0.5,0.03942837004269757,0.05161599330268621
n128_L32_S16,2.44,9,0.5625,0.059300413190005355,0.07763064328419363
n128_L32_S16,2.44,10,0.625,0.07955321302197853,0.10414374487464047
n128_L32_S16,2.44,11,0.6875,0.10056674909685734,0.13165273234057256
n128_L32_S16,2.44,12,0.75,0.12176796749218131,0.15940741622724533
n128_L32_S16,2.44,13,0.8125,0.14562937359131733,0.19064457302758808
n128_L32_S16,2.44,14,0.875,0.16933808215210505,0.22168183226411606
n128_L32_S16,2.44,15,0.9375,0.19336640157407098,0.25313749662497903
n128_L32_S16,2.44,16,1.0,0.22015873707478414,0.288211556452219
n128_L32_S16,2.48,0,0.0,0.08609977841131625,0.11271390577466571
n128_L32_S16,2.48,1,0.0625,0.07379561664141084,0.09660642958879104
n128_L32_S16,2.48,2,0.125,0.0595632726466467,0.07797475469277722
n128_L32_S16,2.48,3,0.1875,0.044817257335305026,0.05867062858441207
n128_L32_S16,2.48,4,0.25,0.03003364851790504,0.039317288517802425
n128_L32_S16,2.48,5,0.3125,0.014719177310830858,0.019268992268109415
n128_L32_S16,2.48,6,0.375,0.004618441612793659,0.006046038705040397
n128_L32_S16,2.48,7,0.4375,0.02050573461008805,0.026844220523313103
n128_L32_S16,2.48,8,0.5,0.039393523526552156,0.05157037545081874
n128_L32_S16,2.48,9,0.5625,0.05926450601253593,0.07758363691213785
n128_L32_S16,2.48,10,0.625,0.07951625820430454,0.10409536702844756
n128_L32_S16,2.48,11,0.6875,0.10052865698068317,0.13160286564785353
n128_L32_S16,2.48,12,0.75,0.12172874042342054,0.15935606375905434
n128_L32_S16,2.48,13,0.8125,0.14558903550700877,0.19059176612009332
n128_L32_S16,2.48,14,0.875,0.16929665818830972,0.22162760382313523
n128_L32_S16,2.48,15,0.9375,0.19332392341670493,0.25308188813079724
n128_L32_S16,2.48,16,1.0,0.22011511017801574,0.28815444413413493
n128_L32_S16,2.52,0,0.0,0.08612364533405129,0.11274515015333805
n128_L32_S16,2.52,1,0.0625,0.07382022181568564,0.09663864041843487
n128_L32_S16,2.52,2,0.125,0.05958864020846843,0.07800796357003179
n128_L32_S16,2.52,3,0.1875,0.044843476401686025,0.05870495217306813
n128_L32_S16,2.52,4,0.25,0.030060432919181007,0.039352352190872845
n128_L32_S16,2.52,5,0.3125,0.014746378493017505,0.019304601552390013
n128_L32_S16,2.52,6,0.375,0.004596675069456673,0.00601754394976931
n128_L32_S16,2.52,7,0.4375,0.02047641036481554,0.02680583192023483
n128_L32_S16,2.52,8,0.5,0.039363022046297616,0.051530445720047835
n128_L32_S16,2.52,9,0.5625,0.059233076851734665,0.07754249274737347
n128_L32_S16,2.52,10,0.625,0.07948391076933146,0.10405302074365007
n128_L32_S16,2.52,11,0.6875,0.10049531174995821,0.13155921314068897
n128_L32_S16,2.52,12,0.75,0.12169439845363533,0.15931110641284615
n128_L32_S16,2.52,13,0.8125,0.14555371951555618,0.19054553367436147
n128_L32_S16,2.52,14,0.875,0.1692603898261635,0.22158012462134194
n128_L32_S16,2.52,15,0.9375,0.19328673295030996,0.25303320179498656
n128_L32_S16,2.52,16,1.0,0.22007691305024762,0.2881044399699018
n128_L32_S16,2.56,0,0.0,0.08614453910701621,0.11277250235796273
n128_L32_S16,2.56,1,0.0625,0.07384176057729584,0.09666683698283296
n128_L32_S16,2.56,2,0.125,0.05961084506595404,0.07803703212584638
n128_L32_S16,2.56,3,0.1875,0.044866427671476014,0.05873499786317617
n128_L32_S16,2.56,4,0.25,0.030083874913609185,0.03938304029251377
n128_L32_S16,2.56,5,0.3125,0.014770187348532941,0.019335769914802625
n128_L32_S16,2.56,6,0.375,0.004577663138403697,0.005992655279382002
n128_L32_S16,2.56,7,0.4375,0.02045074573433287,0.026772234148029823
n128_L32_S16,2.56,8,0.5,0.03933632249368404,0.051495493123037236
n128_L32_S16,2.56,9,0.5625,0.05920556608202348,0.07750647817959838
n128_L32_S16,2.56,10,0.625,0.0794555952235722,0.10401595263713972
n128_L32_S16,2.56,11,0.6875,0.10046612089929984,0.13152099916556267
n128_L32_S16,2.56,12,0.75,0.12166433232610718,0.15927174660579732
n128_L32_S16,2.56,13,0.8125,0.14552279958840925,0.19050505615143046
n128_L32_S16,2.56,14,0.875,0.16922863475886613,0.22153855380978738
n128_L32_S16,2.56,15,0.9375,0.19325417150179625,0.25299057534335817
n128_L32_S16,2.56,16,1.0,0.22004346962368604,0.2880606589137853
n128_L32_S16,2.6,0,0.0,0.08616283187015324,0.11279644955990249
n128_L32_S16,2.6,1,0.0625,0.07386061678572728,0.09669152179549595
n128_L32_S16,2.6,2,0.125,0.059630283165123296,0.07806247869630949
n128_L32_S16,2.6,3,0.1875,0.044886520029220646,0.05876130092875202
n128_L32_S16,2.6,4,0.25,0.030104392992434826,0.039409900672947994
n128_L32_S16,2.6,5,0.3125,0.014791027997358928,0.019363052574193844
n128_L32_S16,2.6,6,0.375,0.0045610487203294565,0.005970905212333342
n128_L32_S16,2.6,7,0.4375,0.020428282490318184,0.02674282733635176
n128_L32_S16,2.6,8,0.5,0.039312949562758985,0.0514648954329784
n128_L32_S16,2.6,9,0.5625,0.05918148389550708,0.0774749519973951
n128_L32_S16,2.6,10,0.625,0.07943080780605778,0.10398350323141918
n128_L32_S16,2.6,11,0.6875,0.10044056569837596,0.13148754464846477
n128_L32_S16,2.6,12,0.75,0.12163800855930375,0.15923728595298423
n128_L32_S16,2.6,13,0.8125,0.14549572749055775,0.19046961585248126
n128_L32_S16,2.6,14,0.875,0.1692008304201304,0.22150215492846373
n128_L32_S16,2.6,15,0.9375,0.1932256621242736,0.2529532534901424
n128_L32_S16,2.6,16,1.0,0.22001418764160713,0.2880223256377904
n128_L32_S16,2.64,0,0.0,0.0861788490809944,0.11281741781820508
n128_L32_S16,2.64,1,0.0625,0.07387712616178296,0.09671313435120137
n128_L32_S16,2.64,2,0.125,0.05964730081472833,0.07808475663696718
n128_L32_S16,2.64,3,0.1875,0.04490411114430426,0.05878432959763586
n128_L32_S16,2.64,4,0.25,0.030122353233098833,0.03943341256706952
n128_L32_S16,2.64,5,0.3125,0.014809271591725985,0.019386935408905175
n128_L32_S16,2.64,6,0.375,0.004546522482837864,0.005951888799119525
n128_L32_S16,2.64,7,0.4375,0.02040861979012331,0.026717086738896872
n128_L32_S16,2.64,8,0.5,0.03929248734276418,0.05143810817778458
n128_L32_S16,2.64,9,0.5625,0.059160401656971846,0.07744735307099104
n128_L32_S16,2.64,10,0.625,0.07940910761986812,0.10395509534481824
n128_L32_S16,2.64,11,0.6875,0.10041819208611996,0.131458255174436
n128_L32_S16,2.64,12,0.75,0.1216149601100373,0.15920711304444946
n128_L32_S16,2.64,13,0.8125,0.14547202320924207,0.1904385843889866
n128_L32_S16,2.64,14,0.875,0.1691764841890001,0.22147028308335306
n128_L32_S16,2.64,15,0.9375,0.19320069957031827,0.25292057481191194
n128_L32_S16,2.64,16,1.0,0.21998854839205137,0.28798876109195903
n128_L32_S16,2.68,0,0.0,0.08619287536261316,0.11283577973520321
n128_L32_S16,2.68,1,0.0625,0.07389158231267962,0.09673205901349545
n128_L32_S16,2.68,2,0.125,0.05966220089296581,0.0781042624480794
n128_L32_S16,2.68,3,0.1875,0.044919513866051766,0.05880449342337102
n128_L32_S16,2.68,4,0.25,0.03013807583677734,0.039453995152788676
n128_L32_S16,2.68,5,0.3125,0.014825242887878991,0.019407843559923744
n128_L32_S16,2.68,6,0.375,0.004533816214177263,0.005935254921599924
n128_L32_S16,2.68,7,0.4375,0.020391407022229267,0.026694553367332757
n128_L32_S16,2.68,8,0.5,0.03927457193685598,0.05141465497719904
n128_L32_S16,2.68,9,0.5625,0.059141944311036435,0.07742319041239887
n128_L32_S16,2.68,10,0.625,0.07939010884015335,0.10393022389095254
n128_L32_S16,2.68,11,0.6875,0.10039860266719039,0.13143261051006927
n128_L32_S16,2.68,12,0.75,0.12159477816373468,0.15918069269777868
n128_L32_S16,2.68,13,0.8125,0.14545126653507187,0.19041141166148617
n128_L32_S16,2.68,14,0.875,0.1691551647707774,0.22144237366313083
n128_L32_S16,2.68,15,0.9375,0.193178841466252,0.25289196019376076
n128_L32_S16,2.68,16,1.0,0.2199660976677372,0.2879593706699206
n128_L32_S16,2.72,0,0.0,0.086205159623994,0.11285186115963124
n128_L32_S16,2.72,1,0.0625,0.07390424200886622,0.09674863192261836
n128_L32_S16,2.72,2,0.125,0.059675248284818204,0.0781213428926867
n128_L32_S16,2.72,3,0.1875,0.0449330018279211,0.05882215062169701
n128_L32_S16,2.72,4,0.25,0.030151840859569706,0.03947201505377603
n128_L32_S16,2.72,5,0.3125,0.014839226015336616,0.01942614898346577
n128_L32_S16,2.72,6,0.375,0.004522697142731564,0.005920698856597699
n128_L32_S16,2.72,7,0.4375,0.020376337533052877,0.026674825779010918
n128_L32_S16,2.72,8,0.5,0.03925888498554949,0.05139411906428408
n128_L32_S16,2.72,9,0.5625,0.05912578371783,0.07740203445109975
n128_L32_S16,2.72,10,0.625,0.0793734738727841,0.10390844692265809
n128_L32_S16,2.72,11,0.6875,0.10038144968242534,0.13141015540107553
n128_L32_S16,2.72,12,0.75,0.12157710492132781,0.15915755651536176
n128_L32_S16,2.72,13,0.8125,0.14543308966277912,0.19038761617317382
n128_L32_S16,2.72,14,0.875,0.1691364946192367,0.22141793241902558
n128_L32_S16,2.72,15,0.9375,0.19315970055044016,0.2528669026683982
n128_L32_S16,2.72,16,1.0,0.21994643781306691,0.28793363379756465
n128_L32_S16,2.7600000000000002,0,0.0,0.08621591954190456,0.11286594705387966
n128_L32_S16,2.7600000000000002,1,0.0625,0.07391532980387247,0.09676314704338455
n128_L32_S16,2.7600000000000002,2,0.125,0.059686674643594555,0.07813630122998128
n128_L32_S16,2.7600000000000002,3,0.1875,0.044944814356596606,0.05883761449708274
n128_L32_S16,2.7600000000000002,4,0.25,0.0301638932344739,0.03948779291377031
n128_L32_S16,2.7600000000000002,5,0.3125,0.014851469538401132,0.019442177077039383
n128_L32_S16,2.7600000000000002,6,0.375,0.0045129630770830665,0.005907955913717314
n128_L32_S16,2.7600000000000002,7,0.4375,0.02036314312926824,0.026657552879912037
n128_L32_S16,2.7600000000000002,8,0.5,0.03924514798713803,0.051376135850237016
n128_L32_S16,2.7600000000000002,9,0.5625,0.05911163280707777,0.07738350938111022
n128_L32_S16,2.7600000000000002,10,0.625,0.07935890735135318,0.1038893777734184
n128_L32_S16,2.7600000000000002,11,0.6875,0.10036642883876472,0.13139049149498588
n128_L32_S16,2.7600000000000002,12,0.75,0.12156162726607112,0.1591372945935728
n128_L32_S16,2.7600000000000002,13,0.8125,0.14541717069272367,0.19036677652266637
n128_L32_S16,2.7600000000000002,14,0.875,0.1691201432792877,0.22139652674964633
n128_L32_S16,2.7600000000000002,15,0.9375,0.19314293785261696,0.252844958487149
n128_L32_S16,2.7600000000000002,16,1.0,0.2199292207331881,0.2879110947811469
n128_L32_S16,2.8000000000000003,0,0.0,0.08622534548280766,0.11287828662820137
n128_L32_S16,2.8000000000000003,1,0.0625,0.07392504207776053,0.09677586145849776
n128_L32_S16,2.8000000000000003,2,0.125,0.059696682559277965,0.07814940267212381
n128_L32_S16,2.8000000000000003,3,0.1875,0.04495516077066065,0.05885115907015178
n128_L32_S16,2.8000000000000003,4,0.25,0.030174447170134365,0.03950160915501431
n128_L32_S16,2.8000000000000003,5,0.3125,0.014862190894264033,0.01945621248940403
n128_L32_S16,2.8000000000000003,6,0.375,0.004504438243224116,0.005896795985805163
n128_L32_S16,2.8000000000000003,7,0.4375,0.020351589261835376,0.026642427620019504
n128_L32_S16,2.8000000000000003,8,0.5,0.03923311731942056,0.05136038640729378
n128_L32_S16,2.8000000000000003,9,0.5625,0.05909924045271547,0.0773672864512991
n128_L32_S16,2.8000000000000003,10,0.625,0.07934615087264768,0.10387267816552906
n128_L32_S16,2.8000000000000003,11,0.6875,0.10035327389665055,0.13137327025547418
n128_L32_S16,2.8000000000000003,12,0.75,0.1215480712062707,0.15911954824770277
n128_L32_S16,2.8000000000000003,13,0.8125,0.1454032279270863,0.19034852393710475
n128_L32_S16,2.8000000000000003,14,0.875,0.16910582154212125,0.22137777804943715
n128_L32_S16,2.8000000000000003,15,0.9375,0.19312825670426897,0.25282573927889906
n128_L32_S16,2.8000000000000003,16,1.0,0.21991414175313917,0.28789135476824823
n128_L32_S16,2.84,0,0.0,0.0862336039339483,0.11288909783237502
n128_L32_S16,2.84,1,0.0625,0.07393355057515949,0.09678700000022
n128_L32_S16,2.84,2,0.125,0.05970544920653021,0.07816087915987537
n128_L32_S16,2.84,3,0.1875,0.04496422414356855,0.058863024003822824
n128_L32_S16,2.84,4,0.25,0.030183690002348072,0.03951370902029212
n128_L32_S16,2.84,5,0.3125,0.014871580282619314,0.019468504212494225
n128_L32_S16,2.84,6,0.375,0.004496969714287794,0.005887018875081574
n128_L32_S16,2.84,7,0.4375,0.0203414708088145,0.02662918147256797
n128_L32_S16,2.84,8,0.5,0.03922257987798952,0.05134659175877692
n128_L32_S16,2.84,9,0.5625,0.05908838698126737,0.07735307808536947
n128_L32_S16,2.84,10,0.625,0.07933497838195895,0.10385805216897026
n128_L32_S16,2.84,11,0.6875,0.10034175192429115,0.13135818674967636
n128_L32_S16,2.84,12,0.75,0.12153619700143897,0.15910400363156962
n128_L32_S16,2.84,13,0.8125,0.14539101486631806,0.19033253572196585
n128_L32_S16,2.84,14,0.875,0.16909327631664012,0.22136135499482665
n128_L32_S16,2.84,15,0.9375,0.19311539748198842,0.2528089051685772
n128_L32_S16,2.84,16,1.0,0.2199009342271236,0.2878740646907323
n128_L32_S16,2.88,0,0.0,0.08624084050444476,0.11289857128445725
n128_L32_S16,2.88,1,0.0625,0.07394100550036946,0.09679675930219707
n128_L32_S16,2.88,2,0.125,0.05971312953652517,0.07817093354105199
n128_L32_S16,2.88,3,0.1875,0.04497216459680376,0.05887341891440536
n128_L32_S16,2.88,4,0.25,0.03019178556537682,0.039524306986340955
n128_L32_S16,2.88,5,0.3125,0.01487980407314055,0.019479270042174913
n128_L32_S16,2.88,6,0.375,0.00449042434431458,0.005878450279110319
n128_L32_S16,2.88,7,0.4375,0.020332608383712317,0.026617579601270112
n128_L32_S16,2.88,8,0.5,0.03921334925614458,0.05133450787819012
n128_L32_S16,2.88,9,0.5625,0.05907888023716197,0.07734063273093196
n128_L32_S16,2.88,10,0.625,0.07932519212969912,0.10384524090818126
n128_L32_S16,2.88,11,0.6875,0.10033165913846767,0.13134497420335742
n128_L32_S16,2.88,12,0.75,0.12152579488978534,0.15909038614434237
n128_L32_S16,2.88,13,0.8125,0.14538031582200878,0.1903185295178338
n128_L32_S16,2.88,14,0.875,0.16908228613168827,0.2213469676561602
n128_L32_S16,2.88,15,0.9375,0.19310413299655205,0.2527941587409614
n128_L32_S16,2.88,16,1.0,0.2198893648089134,0.2878589190731933
n128_L32_S16,2.92,0,0.0,0.0862471825498134,0.112906873706569
n128_L32_S16,2.92,1,0.0625,0.0739475382244584,0.09680531134334049
n128_L32_S16,2.92,2,0.125,0.059719859069055026,0.07817974322569315
n128_L32_S16,2.92,3,0.1875,0.04497912218119697,0.05888252714355746
n128_L32_S16,2.92,4,0.25,0.030198877142147543,0.03953359062598182
n128_L32_S16,2.92,5,0.3125,0.014887007789504275,0.019488700484650262
n128_L32_S16,2.92,6,0.375,0.004484686131246213,0.005870938338672876
n128_L32_S16,2.92,7,0.4375,0.02032484510479637,0.026607416631000268
n128_L32_S16,2.92,8,0.5,0.03920526240023604,0.051323921310701716
n128_L32_S16,2.92,9,0.5625,0.05907055213712621,0.07732973034883489
n128_L32_S16,2.92,10,0.625,0.07931661912989488,0.10383401792584646
n128_L32_S16,2.92,11,0.6875,0.10032281726080046,0.13133339923087037
n128_L32_S16,2.92,12,0.75,0.12151668134439025,0.1590784555294687
n128_L32_S16,2.92,13,0.8125,0.1453709420718748,0.19030625826686365
n128_L32_S16,2.92,14,0.875,0.1690726571932546,0.22133436233615417
n128_L32_S16,2.92,15,0.9375,0.1930942644503068,0.25278123974846056
n128_L32_S16,2.92,16,1.0,0.21987922930434947,0.2878456506034309
n128_L32_S16,2.96,0,0.0,0.08625274146685004,0.11291415092914307
n128_L32_S16,2.96,1,0.0625,0.07395326365262007,0.09681280654695473
n128_L32_S16,2.96,2,0.125,0.05972575633452351,0.07818746338289458
n128_L32_S16,2.96,3,0.1875,0.04498521939742224,0.05889050905788736
n128_L32_S16,2.96,4,0.25,0.03020509004535728,0.03954172398706464
n128_L32_S16,2.96,5,0.3125,0.014893318721761653,0.019496962176340227
n128_L32_S16,2.96,6,0.375,0.004479653945954402,0.005864350664821821
n128_L32_S16,2.96,7,0.4375,0.02031804376849549,0.02659851294747048
n128_L32_S16,2.96,8,0.5,0.03919817668210654,0.05131464534065474
n128_L32_S16,2.96,9,0.5625,0.059063255653771525,0.07732017846435271
n128_L32_S16,2.96,10,0.625,0.07930910805925552,0.10382418512344053
n128_L32_S16,2.96,11,0.6875,0.10031507032665524,0.13132325765767006
n128_L32_S16,2.96,12,0.75,0.12150869579378708,0.15906800158156253
n128_L32_S16,2.96,13,0.8125,0.14536272849112714,0.1902955058028789
n128_L32_S16,2.96,14,0.875,0.16906421992952517,0.22132331704699615
n128_L32_S16,2.96,15,0.9375,0.19308561789427106,0.25276992047307717
n128_L32_S16,2.96,16,1.0,0.2198703490358521,0.28783402537320224
n128_L32_S16,3.0,0,0.0,0.08625761470003614,0.11292053051752635
n128_L32_S16,3.0,1,0.0625,0.0739582822941387,0.09681937649054442
n128_L32_S16,3.0,2,0.125,0.05973092500941312,0.07819422973636536
n128_L32_S16,3.0,3,0.1875,0.0449905634004692,0.058897504934845565
n128_L32_S16,3.0,4,0.25,0.030210533875205108,0.03954885054808306
n128_L32_S16,3.0,5,0.3125,0.014898848212730974,0.019504200877015165
n128_L32_S16,3.0,6,0.375,0.0044752395738828585,0.005858571775178815
n128_L32_S16,3.0,7,0.4375,0.020312084376881753,0.02659071146043742
n128_L32_S16,3.0,8,0.5,0.039191967337223015,0.05130651663780512
n128_L32_S16,3.0,9,0.5625,0.05905686217559683,0.07731180871114485
n128_L32_S16,3.0,10,0.625,0.07930252654275442,0.1038155692077617
n128_L32_S16,3.0,11,0.6875,0.10030828189130515,0.13131437086287773
n128_L32_S16,3.0,12,0.75,0.12150169775024655,0.15905884038701837
n128_L32_S16,3.0,13,0.8125,0.14535553060216705,0.19028608298910407
n128_L32_S16,3.0,14,0.875,0.1690568259644702,0.22131363754844358
n128_L32_S16,3.0,15,0.9375,0.19307804112429303,0.25276000166314366
n128_L32_S16,3.0,16,1.0,0.21986256765695467,0.28782383870810246
n128_L32_S16,3.04,0,0.0,0.08626188749556433,0.11292612406818868
n128_L32_S16,3.04,1,0.0625,0.07396268207213055,0.09682513627496145
n128_L32_S16,3.04,2,0.125,0.05973545578345769,0.0782001610087585
n128_L32_S16,3.04,3,0.1875,0.0449952479274548,0.05890363748643858
n128_L32_S16,3.04,4,0.25,0.03021530449394582,0.03955509580307848
n128_L32_S16,3.04,5,0.3125,0.014903693658627227,0.019510544088835957
n128_L32_S16,3.04,6,0.375,0.004471366024087374,0.005853500880285497
n128_L32_S16,3.04,7,0.4375,0.020306861975237647,0.026583874772844344
n128_L32_S16,3.04,8,0.5,0.03918652522328705,0.05129939232310057
n128_L32_S16,3.04,9,0.5625,0.05905125919694932,0.077304473807165
n128_L32_S16,3.04,10,0.625,0.07929675877812305,0.10380801858113771
n128_L32_S16,3.04,11,0.6875,0.10030233258449431,0.13130658257794048
n128_L32_S16,3.04,12,0.75,0.12149556429574716,0.15905081103287516
n128_L32_S16,3.04,13,0.8125,0.14534922199138942,0.19027782433648174
n128_L32_S16,3.04,14,0.875,0.1690503454675912,0.22130515387835675
n128_L32_S16,3.04,15,0.9375,0.1930714009627256,0.2527513089747413
n128_L32_S16,3.04,16,1.0,0.219855748362069,0.2878149115148463
n128_L32_S16,3.08,0,0.0,0.08626563443461742,0.11293102921595057
n128_L32_S16,3.08,1,0.0625,0.07396653990562953,0.09683018659552581
n128_L32_S16,3.08,2,0.125,0.05973942799205874,0.07820536105868008
n128_L32_S16,3.08,3,0.1875,0.04499935498329794,0.058909014065958956
n128_L32_S16,3.08,4,0.25,0.030219485752534542,0.03956056952200418
n128_L32_S16,3.08,5,0.3125,0.014907940259298006,0.019516103347601784
n128_L32_S16,3.08,6,0.375,0.004467966067385042,0.005849049969882989
n128_L32_S16,3.08,7,0.4375,0.020302284761120972,0.026577882705382885
n128_L32_S16,3.08,8,0.5,0.039181754859577034,0.05129314740196788
n128_L32_S16,3.08,9,0.5625,0.0590463482971011,0.07729804490905429
n128_L32_S16,3.08,10,0.625,0.07929170345736292,0.10380140062046078
n128_L32_S16,3.08,11,0.6875,0.10029711797044483,0.13129975608514954
n128_L32_S16,3.08,12,0.75,0.1214901878815902,0.15904377272627468
n128_L32_S16,3.08,13,0.8125,0.1453436920479674,0.19027058504349736
n128_L32_S16,3.08,14,0.875,0.1690446648336913,0.2212977173152674
n128_L32_S16,3.08,15,0.9375,0.19306558087837067,0.25274368985595047
n128_L32_S16,3.08,16,1.0,0.21984977144315573,0.2878070870826858
n128_L32_S16,3.12,0,0.0,0.08626892077360418,0.11293533138849657
n128_L32_S16,3.12,1,0.0625,0.07396992309256294,0.09683461555249023
n128_L32_S16,3.12,2,0.125,0.05974291104335004,0.07820992074887093
n128_L32_S16,3.12,3,0.1875,0.045002956314520774,0.05891372859735036
n128_L32_S16,3.12,4,0.25,0.030223151000314256,0.03956536772706935
n128_L32_S16,3.12,5,0.3125,0.014911662549149957,0.01952097622689811
n128_L32_S16,3.12,6,0.375,0.004464980971103412,0.00584514215656193
n128_L32_S16,3.12,7,0.4375,0.020298272431038277,0.02657263013211008
n128_L32_S16,3.12,8,0.5,0.03917757271212093,0.051287672519418806
n128_L32_S16,3.12,9,0.5625,0.05904204337253295,0.07729240929800982
n128_L32_S16,3.12,10,0.625,0.07928727194846528,0.10379559929686225
n128_L32_S16,3.12,11,0.6875,0.10029254667549263,0.13129377176651347
n128_L32_S16,3.12,12,0.75,0.12148547440291316,0.15903760227379177
n128_L32_S16,3.12,13,0.8125,0.14533884398490637,0.1902642384055253
n128_L32_S16,3.12,14,0.875,0.16903968465201244,0.22129119771976033
n128_L32_S16,3.12,15,0.9375,0.19306047890310477,0.2527370108194884
n128_L32_S16,3.12,16,1.0,0.21984453215070374,0.28780022828320156
n128_L32_S16,3.16,0,0.0,0.08627180361561616,0.11293910533993869
n128_L32_S16,3.16,1,0.0625,0.07397289051861185,0.0968385002335689
n128_L32_S16,3.16,2,0.125,0.059745965665661684,0.0782139195792717
n128_L32_S16,3.16,3,0.1875,0.045006114697725044,0.058917863261962224
n128_L32_S16,3.16,4,0.25,0.030226364404887757,0.039569574420593966
n128_L32_S16,3.16,5,0.3125,0.014914925736058172,0.019525248090873654
n128_L32_S16,3.16,6,0.375,0.004462359402822206,0.00584171024064203
n128_L32_S16,3.16,7,0.4375,0.02029475473501037,0.02656802508821857
n128_L32_S16,3.16,8,0.5,0.039173905694044386,0.05128287199684395
n128_L32_S16,3.16,9,0.5625,0.05903826909092075,0.07728746835588599
n128_L32_S16,3.16,10,0.625,0.0792833867049877,0.10379051309367654
n128_L32_S16,3.16,11,0.6875,0.10028853875015174,0.13128852495952326
n128_L32_S16,3.16,12,0.75,0.1214813415140434,0.15903219187605047
n128_L32_S16,3.16,13,0.8125,0.14533459310744468,0.19025867354797843
n128_L32_S16,3.16,14,0.875,0.1690353179290035,0.22128548120788474
n128_L32_S16,3.16,15,0.9375,0.1930560058085631,0.25273115505579197
n128_L32_S16,3.16,16,1.0,0.21983993882152397,0.28779421511938263
n128_L32_S16,3.2,0,0.0,0.08627433293433272,0.11294241649121865
n128_L32_S16,3.2,1,0.0625,0.0739754937138469,0.09684190809718772
n128_L32_S16,3.2,2,0.125,0.059748644997934905,0.0782174271144937
n128_L32_S16,3.2,3,0.1875,0.04500888506597815,0.05892148997311066
n128_L32_S16,3.2,4,0.25,0.030229182105942047,0.039573263095489475
n128_L32_S16,3.2,5,0.3125,0.014917786872217677,0.019528993627011396
n128_L32_S16,3.2,6,0.375,0.004460056479569174,0.0058386954654667846
n128_L32_S16,3.2,7,0.4375,0.020291670212993503,0.0265639871158755
n128_L32_S16,3.2,8,0.5,0.03917068985424666,0.05127866211534791
n128_L32_S16,3.2,9,0.5625,0.059034959539157196,0.07728313579530899
n128_L32_S16,3.2,10,0.625,0.07927997987511119,0.10378605318554697
n128_L32_S16,3.2,11,0.6875,0.10028502423644292,0.131283924081631
n128_L32_S16,3.2,12,0.75,0.12147771715477543,0.15902744719846174
n128_L32_S16,3.2,13,0.8125,0.14533086529810418,0.1902537934430757
n128_L32_S16,3.2,14,0.875,0.1690314885332925,0.22128046811545513
n128_L32_S16,3.2,15,0.9375,0.19305208351070738,0.25272602034442465
n128_L32_S16,3.2,16,1.0,0.21983591124037424,0.2877889425808165
n128_L32_S16,3.24,0,0.0,0.08627655246896072,0.11294532210168062
n128_L32_S16,3.24,1,0.0625,0.07397777777628425,0.09684489818151891
n128_L32_S16,3.24,2,0.125,0.05975099554283207,0.07822050423154263
n128_L32_S16,3.24,3,0.1875,0.04501131549345769,0.0589246716650845
n128_L32_S16,3.24,4,0.25,0.030231653223872848,0.039576498055657196
n128_L32_S16,3.24,5,0.3125,0.014920295877924027,0.019532278186367897
n128_L32_S16,3.24,6,0.375,0.0044580329424193516,0.005836046436864794
n128_L32_S16,3.24,7,0.4375,0.020288965090344623,0.0265604458182673
n128_L32_S16,3.24,8,0.5,0.039167869230822105,0.05127496961475421
n128_L32_S16,3.24,9,0.5625,0.05903205704117898,0.0772793361120849
n128_L32_S16,3.24,10,0.625,0.0792769920852814,0.10378214184608055
n128_L32_S16,3.24,11,0.6875,0.10028194191489624,0.13127988898994097
n128_L32_S16,3.24,12,0.75,0.12147453826131692,0.15902328568371266
n128_L32_S16,3.24,13,0.8125,0.14532759569147152,0.19024951317498773
n128_L32_S16,3.24,14,0.875,0.1690281298352601,0.2212760712171061
n128_L32_S16,3.24,15,0.9375,0.19304864367399255,0.2527215172267801
n128_L32_S16,3.24,16,1.0,0.21983237920644125,0.28778431876705923
n128_L32_S16,3.2800000000000002,0,0.0,0.08627850050644148,0.11294787229306442
n128_L32_S16,3.2800000000000002,1,0.0625,0.073979782179124,0.09684752216124316
n128_L32_S16,3.2800000000000002,2,0.125,0.059753057999823334,0.07822320421041908
n128_L32_S16,3.2800000000000002,3,0.1875,0.045013448056182126,0.0589274634199347
n128_L32_S16,3.2800000000000002,4,0.25,0.030233820741436705,0.03957933557016612
n128_L32_S16,3.2800000000000002,5,0.3125,0.014922496436708121,0.01953515895540144
n128_L32_S16,3.2800000000000002,6,0.375,0.004456254439336337,0.005833718184311562
n128_L32_S16,3.2800000000000002,7,0.4375,0.02028659231234703,0.026557339595689497
n128_L32_S16,3.2800000000000002,8,0.5,0.03916539484860251,0.051271730381280016
n128_L32_S16,3.2800000000000002,9,0.5625,0.05902951112433045,0.07727600323205813
n128_L32_S16,3.2800000000000002,10,0.625,0.07927437137659242,0.10377871105545967
n128_L32_S16,3.2800000000000002,11,0.6875,0.10027923820879728,0.13127634954674955
n128_L32_S16,3.2800000000000002,12,0.75,0.12147174963886352,0.1590196350758452
n128_L32_S16,3.2800000000000002,13,0.8125,0.14532472751504755,0.1902457584223837
n128_L32_S16,3.2800000000000002,14,0.875,0.16902518351700654,0.2212722141684105
n128_L32_S16,3.2800000000000002,15,0.9375,0.19304562649031395,0.2527175674075921
n128_L32_S16,3.2800000000000002,16,1.0,0.21982928127922324,0.2877802632458606
n128_L32_S16,3.3200000000000003,0,0.0,0.08628021056515255,0.11295011094454512
n128_L32_S16,3.3200000000000003,1,0.0625,0.07398154147632612,0.09684982527122471
n128_L32_S16,3.3200000000000003,2,0.125,0.05975486799335783,0.07822557368737318
n128_L32_S16,3.3200000000000003,3,0.1875,0.04501531958440377,0.058929913452437935
n128_L32_S16,3.3200000000000003,4,0.25,0.030235722274397907,0.039581824882112926
n128_L32_S16,3.3200000000000003,5,0.3125,0.014924426777933299,0.019537685980476092
n128_L32_S16,3.3200000000000003,6,0.375,0.004454690901570507,0.0058316713445674346
n128_L32_S16,3.3200000000000003,7,0.4375,0.020284510700317424,0.02655461454079977
n128_L32_S16,3.3200000000000003,8,0.5,0.03916322384274103,0.05126888830021289
n128_L32_S16,3.3200000000000003,9,0.5625,0.05902727761565289,0.07727307932805659
n128_L32_S16,3.3200000000000003,10,0.625,0.07927207227480536,0.10377570128299597
n128_L32_S16,3.3200000000000003,11,0.6875,0.10027686622600132,0.13127324436517657
n128_L32_S16,3.3200000000000003,12,0.75,0.12146930297562362,0.15901643212950817
n128_L32_S16,3.3200000000000003,13,0.8125,0.14532221107545482,0.1902424641312673
n128_L32_S16,3.3200000000000003,14,0.875,0.169022598531452,0.22126883014322946
n128_L32_S16,3.3200000000000003,15,0.9375,0.19304297961094843,0.2527141023567301
n128_L32_S16,3.3200000000000003,16,1.0,0.21982656368148762,0.28777670561701696
n128_L32_S16,3.36,0,0.0,0.086281711992518,0.11295207647506934
n128_L32_S16,3.36,1,0.0625,0.07398308591933299,0.0968518471138678
n128_L32_S16,3.36,2,0.125,0.059756456709339816,0.07822765348812065
n128_L32_S16,3.36,3,0.1875,0.04501696232030844,0.058932063971096495
n128_L32_S16,3.36,4,0.25,0.030237390745142867,0.03958400909045591
n128_L32_S16,3.36,5,0.3125,0.014926120360989949,0.019539903063546353
n128_L32_S16,3.36,6,0.375,0.0044533160010233165,0.0058298714513088795
n128_L32_S16,3.36,7,0.4375,0.02028268421398764,0.02655222347299596
n128_L32_S16,3.36,8,0.5,0.039161318692502736,0.05126639425285983
n128_L32_S16,3.36,9,0.5625,0.059025317851800735,0.07727051378558658
n128_L32_S16,3.36,10,0.625,0.07927005497723315,0.10377306042267474
n128_L32_S16,3.36,11,0.6875,0.10027478492109256,0.13127051971234116
n128_L32_S16,3.36,12,0.75,0.12146715598057391,0.15901362148118597
n128_L32_S16,3.36,13,0.8125,0.14532000287181673,0.19023957335429453
n128_L32_S16,3.36,14,0.875,0.16902033019195373,0.22126586064192308
n128_L32_S16,3.36,15,0.9375,0.1930406572124032,0.25271106208629474
n128_L32_S16,3.36,16,1.0,0.21982417933970086,0.2877735842561906
n128_L32_S16,3.4,0,0.0,0.08628303048738961,0.11295380252720869
n128_L32_S16,3.4,1,0.0625,0.07398444199615663,0.0968536223648399
n128_L32_S16,3.4,2,0.125,0.059757851451471375,0.07822947935615536
n128_L32_S16,3.4,3,0.1875,0.04501840449294702,0.058933951930785766
n128_L32_S16,3.4,4,0.25,0.030238854971472596,0.03958592592080794
n128_L32_S16,3.4,5,0.3125,0.01492760647344483,0.01954184854519916
n128_L32_S16,3.4,6,0.375,0.004452106677741684,0.005828288316567627
n128_L32_S16,3.4,7,0.4375,0.020281081306783598,0.026550125094406664
n128_L32_S16,3.4,8,0.5,0.039159646551417134,0.05126420523964467
n128_L32_S16,3.4,9,0.5625,0.05902359798830337,0.07726826229858202
n128_L32_S16,3.4,10,0.625,0.07926828464183375,0.1037707428625012
n128_L32_S16,3.4,11,0.6875,0.10027295836279307,0.13126812855032124
n128_L32_S16,3.4,12,0.75,0.12146527162947279,0.15901115466214907
n128_L32_S16,3.4,13,0.8125,0.14531806482040271,0.19023703623575022
n128_L32_S16,3.4,14,0.875,0.16901833937611158,0.2212632544490456
n128_L32_S16,3.4,15,0.9375,0.1930386191794256,0.2527083940810891
n128_L32_S16,3.4,16,1.0,0.21982208704477196,0.2877708452162323
n128_L32_S16,3.44,0,0.0,0.08628418855668805,0.11295531856495226
n128_L32_S16,3.44,1,0.0625,0.07398563290260504,0.09685518138995808
n128_L32_S16,3.44,2,0.125,0.05975907612756548,0.07823108258938571
n128_L32_S16,3.44,3,0.1875,0.04501967082082963,0.058935609690704244
n128_L32_S16,3.44,4,0.25,0.03024014018127148,0.039587608399193425
n128_L32_S16,3.44,5,0.3125,0.014928910753957955,0.01954355598920857
n128_L32_S16,3.44,6,0.375,0.004451042728232965,0.00582689549179052
n128_L32_S16,3.44,7,0.4375,0.020279674362287062,0.026548283252158765
n128_L32_S16,3.44,8,0.5,0.03915817866167412,0.05126228361348913
n128_L32_S16,3.44,9,0.5625,0.05902208839569009,0.07726628607886683
n128_L32_S16,3.44,10,0.625,0.07926673076566595,0.10376870867083202
n128_L32_S16,3.44,11,0.6875,0.10027135509341545,0.13126602969760764
n128_L32_S16,3.44,12,0.75,0.12146361750553178,0.15900898923532142
n128_L32_S16,3.44,13,0.8125,0.14531636357658878,0.1902348091239216
n128_L32_S16,3.44,14,0.875,0.16901659182946818,0.22126096672181408
n128_L32_S16,3.44,15,0.9375,0.19303683039050562,0.25270605236326477
n128_L32_S16,3.44,16,1.0,0.21982025071805514,0.28776844126629947
n128_L32_S16,3.48,0,0.0,0.0862852059146068,0.1129566503963078
n128_L32_S16,3.48,1,0.0625,0.07398667895423061,0.09685655078447378
n128_L32_S16,3.48,2,0.125,0.05976015167465811,0.0782324905966523
n128_L32_S16,3.48,3,0.1875,0.045020782951295406,0.05893706558955604
n128_L32_S16,3.48,4,0.25,0.030241268462384438,0.0395890854409861
n128_L32_S16,3.48,5,0.3125,0.014930055649434334,0.019545054780996746
n128_L32_S16,3.48,6,0.375,0.0044501064465713724,0.005825669798009066
n128_L32_S16,3.48,7,0.4375,0.02027843920164889,0.02654666629352825
n128_L32_S16,3.48,8,0.5,0.03915688984215494,0.051260596409590055
n128_L32_S16,3.48,9,0.5625,0.05902076313155222,0.0772645511650271
n128_L32_S16,3.48,10,0.625,0.0792653666414776,0.10376692288499065
n128_L32_S16,3.48,11,0.6875,0.10026994756879698,0.1312641870959175
n128_L32_S16,3.48,12,0.75,0.12146216522288464,0.1590070880405394
n128_L32_S16,3.48,13,0.8125,0.14531486994193032,0.19023285379489216
n128_L32_S16,3.48,14,0.875,0.16901505755657661,0.22125895819294997
n128_L32_S16,3.48,15,0.9375,0.19303526009304292,0.2527039966743476
n128_L32_S16,3.48,16,1.0,0.21981863876942923,0.2877663310515128
n128_L32_S16,3.52,0,0.0,0.08628609983161893,0.11295782063018917
n128_L32_S16,3.52,1,0.0625,0.07398759794645979,0.09685775384452153
n128_L32_S16,3.52,2,0.125,0.059761096430648676,0.07823372738424532
n128_L32_S16,3.52,3,0.1875,0.04502175984463494,0.05893834444840859
n128_L32_S16,3.52,4,0.25,0.0302422591558823,0.03959038236573585
n128_L32_S16,3.52,5,0.3125,0.014931060814693635,0.019546370650844674
n128_L32_S16,3.52,6,0.375,0.004449282311360533,0.005824590916039634
n128_L32_S16,3.52,7,0.4375,0.020277354653010605,0.02654524650226654
n128_L32_S16,3.52,8,0.5,0.03915575804083427,0.05125911475946542
n128_L32_S16,3.52,9,0.5625,0.05901959947898079,0.07726302781817639
n128_L32_S16,3.52,10,0.625,0.07926416888260024,0.10376535488930316
n128_L32_S16,3.52,11,0.6875,0.10026871166859591,0.1312625691691193
n128_L32_S16,3.52,12,0.75,0.12146088992244014,0.15900541853456868
n128_L32_S16,3.52,13,0.8125,0.14531355834566645,0.19023113677377518
n128_L32_S16,3.52,14,0.875,0.16901371028848167,0.22125719447355477
n128_L32_S16,3.52,15,0.9375,0.19303388135691887,0.2527021917599048
n128_L32_S16,3.52,16,1.0,0.2198172235359197,0.28776447835805197
n128_L32_S16,3.56,0,0.0,0.08628688543962218,0.11295884907588424
n128_L32_S16,3.56,1,0.0625,0.07398840546945691,0.09685881097930966
n128_L32_S16,3.56,2,0.125,0.059761926459205604,0.07823481398124106
n128_L32_S16,3.56,3,0.1875,0.04502261810992846,0.05893946801034114
n128_L32_S16,3.56,4,0.25,0.03024312919984484,0.03959152134721783
n128_L32_S16,3.56,5,0.3125,0.014931943461886634,0.019547526131316047
n128_L32_S16,3.56,6,0.375,0.004448556712561139,0.005823641028871348
n128_L32_S16,3.56,7,0.4375,0.020276402175103417,0.02654399960585096
n128_L32_S16,3.56,8,0.5,0.039154763943441404,0.051257813378649604
n128_L32_S16,3.56,9,0.5625,0.059018577543027424,0.07726168999367926
n128_L32_S16,3.56,10,0.625,0.07926311700754866,0.10376397787129409
n128_L32_S16,3.56,11,0.6875,0.10026762626810559,0.1312611482626913
n128_L32_S16,3.56,12,0.75,0.12145976983103794,0.1590039522139916
n128_L32_S16,3.56,13,0.8125,0.14531240639129892,0.19022962874113636
n128_L32_S16,3.56,14,0.875,0.169012527017023,0.22125564544346246
n128_L32_S16,3.56,15,0.9375,0.19303267059664547,0.2527006067439862
n128_L32_S16,3.56,16,1.0,0.2198159807907507,0.2877628514704517
n128_L32_S16,3.6,0,0.0,0.08628757599876186,0.11295975309235487
n128_L32_S16,3.6,1,0.0625,0.07398911518342491,0.09685974007151862
n128_L32_S16,3.6,2,0.125,0.05976265583383816,0.07823576881138262
n128_L32_S16,3.6,3,0.1875,0.045023372298684736,0.05894045532484972
n128_L32_S16,3.6,4,0.25,0.030243893429909796,0.03959252180688359
n128_L32_S16,3.6,5,0.3125,0.014932718665990188,0.019548540957183155
n128_L32_S16,3.6,6,0.375,0.00444791771300905,0.005822804509467545
n128_L32_S16,3.6,7,0.4375,0.02027556552819076,0.02654290434471301
n128_L32_S16,3.6,8,0.5,0.03915389063129903,0.05125667011876737
n128_L32_S16,3.6,9,0.5625,0.05901767989787537,0.07726051487926022
n128_L32_S16,3.6,10,0.625,0.07926219307681552,0.10376276834621144
n128_L32_S16,3.6,11,0.6875,0.10026667286384718,0.13125990015358194
n128_L32_S16,3.6,12,0.75,0.12145878587593341,0.15900266411052624
n128_L32_S16,3.6,13,0.8125,0.14531139446007885,0.1902283040139153
n128_L32_S16,3.6,14,0.875,0.16901148758756213,0.22125428471807532
n128_L32_S16,3.6,15,0.9375,0.1930316071534717,0.25269921458205624
n128_L32_S16,3.6,16,1.0,0.21981488931399523,0.2877614226095366
n128_L32_S16,3.64,0,0.0,0.08628818313075114,0.11296054789367835
n128_L32_S16,3.64,1,0.0625,0.07398973905933277,0.09686055679243931
n128_L32_S16,3.64,2,0.125,0.05976329688628466,0.07823660801824685
n128_L32_S16,3.64,3,0.1875,0.045024035161605164,0.058941323083979105
n128_L32_S16,3.64,4,0.25,0.030244564842040612,0.03959340075785241
n128_L32_S16,3.64,5,0.3125,0.01493339963192212,0.01954943241510911
n128_L32_S16,3.64,6,0.375,0.004447354840124553,0.005822067648090699
n128_L32_S16,3.64,7,0.4375,0.020274830486399976,0.026541942095649477
n128_L32_S16,3.64,8,0.5,0.039153123282134196,0.051255665575863106
n128_L32_S16,3.64,9,0.5625,0.059016891278340686,0.07725948249114535
n128_L32_S16,3.64,10,0.625,0.07926138137528513,0.10376170574127212
n128_L32_S16,3.64,11,0.6875,0.1002658352461711,0.13125880362160988
n128_L32_S16,3.64,12,0.75,0.12145792134766877,0.1590015323496883
n128_L32_S16,3.64,13,0.8125,0.14531050536424386,0.19022714009147532
n128_L32_S16,3.64,14,0.875,0.16901057434279906,0.22125308918208125
n128_L32_S16,3.64,15,0.9375,0.19303067292991827,0.25269799158256057
n128_L32_S16,3.64,16,1.0,0.2198139305170875,0.2877601674408671
n128_L32_S16,3.68,0,0.0,0.08628871702293327,0.11296124681618687
n128_L32_S16,3.68,1,0.0625,0.07399028758943553,0.09686127487756632
n128_L32_S16,3.68,2,0.125,0.059763860423714184,0.07823734574958488
n128_L32_S16,3.68,3,0.1875,0.045024617873120426,0.05894208591626551
n128_L32_S16,3.68,4,0.25,0.030245154822273853,0.03959417310567542
n128_L32_S16,3.68,5,0.3125,0.014933997928098517,0.019550215649399558
n128_L32_S16,3.68,6,0.375,0.004446858903923671,0.005821418414059579
n128_L32_S16,3.68,7,0.4375,0.02027418458618705,0.0265410965425356
n128_L32_S16,3.68,8,0.5,0.03915244890845898,0.05125478274791294
n128_L32_S16,3.68,9,0.5625,0.0590161983101128,0.07725857532091816
n128_L32_S16,3.68,10,0.625,0.0792606681345238,0.10376077203210991
n128_L32_S16,3.68,11,0.6875,0.10026509921294885,0.13125784007465552
n128_L32_S16,3.68,12,0.75,0.12145716160523237,0.15900053776481285
n128_L32_S16,3.68,13,0.8125,0.1453097240437457,0.19022611725858732
n128_L32_S16,3.68,14,0.875,0.16900977181125454,0.22125203858164347
n128_L32_S16,3.68,15,0.9375,0.1930298520701548,0.2526969169885054
n128_L32_S16,3.68,16,1.0,0.219813088114418,0.287759064644822
n128_L32_S16,3.72,0,0.0,0.08628918660675071,0.11296186155210292
n128_L32_S16,3.72,1,0.0625,0.07399076997138841,0.09686190636762342
n128_L32_S16,3.72,2,0.125,0.059764355918675884,0.07823799440598628
n128_L32_S16,3.72,3,0.1875,0.04502513022775899,0.05894275664380419
n128_L32_S16,3.72,4,0.25,0.030245673347611864,0.0395948519113259
n128_L32_S16,3.72,5,0.3125,0.014934523690673288,0.019550903929374325
n128_L32_S16,3.72,6,0.375,0.004446421837954252,0.005820846247517419
n128_L32_S16,3.72,7,0.4375,0.020273616906410972,0.026540353388418696
n128_L32_S16,3.72,8,0.5,0.039151856128783184,0.05125400673531737
n128_L32_S16,3.72,9,0.5625,0.059015589273854106,0.07725777802670042
n128_L32_S16,3.72,10,0.625,0.07926004128992424,0.1037599514248513
n128_L32_S16,3.72,11,0.6875,0.10026445231919269,0.13125699322088627
n128_L32_S16,3.72,12,0.75,0.12145649381819291,0.15899966355948
n128_L32_S16,3.72,13,0.8125,0.145309037301008,0.1902252182381989
n128_L32_S16,3.72,14,0.875,0.16900906643480162,0.22125111516771007
n128_L32_S16,3.72,15,0.9375,0.19302913068044847,0.25269597261149435
n128_L32_S16,3.72,16,1.0,0.21981234783611656,0.2877580955406006
n128_L32_S16,3.7600000000000002,0,0.0,0.0862895997138656,0.11296240235391776
n128_L32_S16,3.7600000000000002,1,0.0625,0.0739911942692886,0.09686246181938443
n128_L32_S16,3.7600000000000002,2,0.125,0.05976479167523303,0.07823856485836639
n128_L32_S16,3.7600000000000002,3,0.1875,0.045025580811898974,0.05894334650709112
n128_L32_S16,3.7600000000000002,4,0.25,0.030246129161704705,0.039595448621185775
n128_L32_S16,3.7600000000000002,5,0.3125,0.014934985802142241,0.019551508883179438
n128_L32_S16,3.7600000000000002,6,0.375,0.004446036560223577,0.005820341877371135
n128_L32_S16,3.7600000000000002,7,0.4375,0.020273117876010282,0.02653970010374596
n128_L32_S16,3.7600000000000002,8,0.5,0.039151334967514884,0.05125332447894955
n128_L32_S16,3.7600000000000002,9,0.5625,0.05901505389889733,0.0772570771630798
n128_L32_S16,3.7600000000000002,10,0.625,0.07925949026831593,0.10375923007807451
n128_L32_S16,3.7600000000000002,11,0.6875,0.1002638836580677,0.1312562487820777
n128_L32_S16,3.7600000000000002,12,0.75,0.12145590674115998,0.15899889501225964
n128_L32_S16,3.7600000000000002,13,0.8125,0.14530843356891937,0.19022442788771246
n128_L32_S16,3.7600000000000002,14,0.875,0.16900844633034334,0.22125030338402407
n128_L32_S16,3.7600000000000002,15,0.9375,0.19302849658465904,0.25269514251164527
n128_L32_S16,3.7600000000000002,16,1.0,0.21981169717682741,0.2877572437573422
n128_L32_S16,3.8000000000000003,0,0.0,0.08628996321273234,0.11296287821317978
n128_L32_S16,3.8000000000000003,1,0.0625,0.07399156755454336,0.09686295049008498
n128_L32_S16,3.8000000000000003,2,0.125,0.05976517497427866,0.07823906663820034
n128_L32_S16,3.8000000000000003,3,0.1875,0.045025977154002396,0.05894386536169591
n128_L32_S16,3.8000000000000003,4,0.25,0.030246529928488124,0.03959597326817439
n128_L32_S16,3.8000000000000003,5,0.3125,0.014935392047552927,0.01955204070228265
n128_L32_S16,3.8000000000000003,6,0.375,0.004445696851558749,0.005819897162051946
n128_L32_S16,3.8000000000000003,7,0.4375,0.020272679105811,0.02653912570618291
n128_L32_S16,3.8000000000000003,8,0.5,0.039150876679953164,0.05125272453105186
n128_L32_S16,3.8000000000000003,9,0.5625,0.05901458318281414,0.07725646094490565
n128_L32_S16,3.8000000000000003,10,0.625,0.07925900580220047,0.10375859585962358
n128_L32_S16,3.8000000000000003,11,0.6875,0.10026338366935628,0.13125559424287275
n128_L32_S16,3.8000000000000003,12,0.75,0.121455390516492,0.15899821921843463
n128_L32_S16,3.8000000000000003,13,0.8125,0.14530790270790073,0.1902237329333242
n128_L32_S16,3.8000000000000003,14,0.875,0.169007901081338,0.22124958959420782
n128_L32_S16,3.8000000000000003,15,0.9375,0.1930279391103593,0.25269441271759874
n128_L32_S16,3.8000000000000003,16,1.0,0.21981112517595577,0.2877564949464447
n128_L32_S16,3.84,0,0.0,0.08629028312809134,0.11296329701692463
n128_L32_S16,3.84,1,0.0625,0.07399189602911402,0.09686338049876199
n128_L32_S16,3.84,2,0.125,0.059765512200654604,0.07823950810393536
n128_L32_S16,3.84,3,0.1875,0.04502632585604302,0.05894432185031499
n128_L32_S16,3.84,4,0.25,0.03024688236656558,0.03959643464766905
n128_L32_S16,3.84,5,0.3125,0.014935749251127698,0.019552508320327806
n128_L32_S16,3.84,6,0.375,0.0044453972491927275,0.005819504950208005
n128_L32_S16,3.84,7,0.4375,0.020272293241421165,0.026538620568036443
n128_L32_S16,3.84,8,0.5,0.03915047359919747,0.051252196854823705
n128_L32_S16,3.84,9,0.5625,0.05901416923358981,0.07725591904067863
n128_L32_S16,3.84,10,0.625,0.07925857976727253,0.1037580381339057
n128_L32_S16,3.84,11,0.6875,0.1002629439719149,0.13125501863144967
n128_L32_S16,3.84,12,0.75,0.12145493650171849,0.158997624864078
n128_L32_S16,3.84,13,0.8125,0.14530743582837174,0.19022312173761372
n128_L32_S16,3.84,14,0.875,0.16900742155542192,0.22124896184301124
n128_L32_S16,3.84,15,0.9375,0.19302744890174667,0.25269377098159906
n128_L32_S16,3.84,16,1.0,0.219810622225447,0.2877558365299272
n128_L32_S16,3.88,0,0.0,0.08629056474552775,0.11296366568455396
n128_L32_S16,3.88,1,0.0625,0.07399218513334563,0.09686375896741455
n128_L32_S16,3.88,2,0.125,0.05976580895436865,0.07823989658658631
n128_L32_S16,3.88,3,0.1875,0.04502663270849265,0.05894472355330114
n128_L32_S16,3.88,4,0.25,0.030247192366755833,0.03959684047138752
n128_L32_S16,3.88,5,0.3125,0.014936063395777063,0.019552919569590713
n128_L32_S16,3.88,6,0.375,0.0044451329536353,0.005819158958788442
n128_L32_S16,3.88,7,0.4375,0.020271953834554487,0.026538176247803618
n128_L32_S16,3.88,8,0.5,0.039150119002227333,0.051251732649105444
n128_L32_S16,3.88,9,0.5625,0.05901380513156586,0.0772554423918187
n128_L32_S16,3.88,10,0.625,0.07925820504027824,0.10375754757581246
n128_L32_S16,3.88,11,0.6875,0.1002625572171072,0.1312545123276501
n128_L32_S16,3.88,12,0.75,0.12145453711854931,0.15899710202838982
n128_L32_S16,3.88,13,0.8125,0.14530702513543237,0.19022258409621526
n128_L32_S16,3.88,14,0.875,0.16900699974485106,0.22124840964743286
n128_L32_S16,3.88,15,0.9375,0.19302701775596204,0.25269320656521793
n128_L32_S16,3.88,16,1.0,0.21981017990160645,0.28775525748026404
n128_L32_S16,3.92,0,0.0,0.08629081270297279,0.11296399028762044
n128_L32_S16,3.92,1,0.0625,0.07399243964032545,0.09686409214452919
n128_L32_S16,3.92,2,0.125,0.059766070147905685,0.07824023851712626
n128_L32_S16,3.92,3,0.1875,0.04502690279093248,0.05894507712037455
n128_L32_S16,3.92,4,0.25,0.030247465094920056,0.03959719750199981
n128_L32_S16,3.92,5,0.3125,0.014936339727646568,0.019553281317842293
n128_L32_S16,3.92,6,0.375,0.004444899747149484,0.0058188536663201776
n128_L32_S16,3.92,7,0.4375,0.020271655230467263,0.026537785342814403
n128_L32_S16,3.92,8,0.5,0.0391498069927275,0.051251324194983794
n128_L32_S16,3.92,9,0.5625,0.05901348480866005,0.07725502305455106
n128_L32_S16,3.92,10,0.625,0.07925787537466783,0.10375711600793582
n128_L32_S16,3.92,11,0.6875,0.10026221696057284,0.13125406689511054
n128_L32_S16,3.92,12,0.75,0.12145418572077359,0.15899664201076244
n128_L32_S16,3.92,13,0.8125,0.1453066637929743,0.19022211105992504
n128_L32_S16,3.92,14,0.875,0.16900662862689322,0.221247923813958
n128_L32_S16,3.92,15,0.9375,0.19302663847989052,0.2526927100518915
n128_L32_S16,3.92,16,1.0,0.21980979081797408,0.28775474812778157
n128_L32_S16,3.96,0,0.0,0.08629103107079185,0.11296427615467186
n128_L32_S16,3.96,1,0.0625,0.0739926637384621,0.096864385513185
n128_L32_S16,3.96,2,0.125,0.059766300091388,0.07824053953797067
n128_L32_S16,3.96,3,0.1875,0.04502714056010076,0.05894538838588677
n128_L32_S16,3.96,4,0.25,0.030247705081935437,0.03959751167091335
n128_L32_S16,3.96,5,0.3125,0.014936582847591199,0.019553599588098464
n128_L32_S16,3.96,6,0.375,0.004444693922373931,0.005818584219466935
n128_L32_S16,3.96,7,0.4375,0.02027139246947326,0.026537441360304045
n128_L32_S16,3.96,8,0.5,0.03914953239857119,0.051250964721586405
n128_L32_S16,3.96,9,0.5625,0.05901320294269121,0.07725465406156597
n128_L32_S16,3.96,10,0.625,0.07925758529179873,0.10375673625814112
n128_L32_S16,3.96,11,0.6875,0.10026191755002882,0.1312536749343823
n128_L32_S16,3.96,12,0.75,0.12145387647866035,0.15899623717944864
n128_L32_S16,3.96,13,0.8125,0.14530634580476423,0.19022169477902617
n128_L32_S16,3.96,14,0.875,0.1690063020416647,0.2212474962786338
n128_L32_S16,3.96,15,0.9375,0.19302630476485588,0.2526922731828813
n128_L32_S16,3.96,16,1.0,0.21980944849658016,0.2877542999921179
n128_L32_S16,4.0,0,0.0,0.08629122342189148,0.11296452796302862
n128_L32_S16,4.0,1,0.0625,0.07399286110376467,0.09686464388567478
n128_L32_S16,4.0,2,0.125,0.05976650256709955,0.07824080460053753
n128_L32_S16,4.0,3,0.1875,0.04502734992695138,0.0589456624696987
n128_L32_S16,4.0,4,0.25,0.030247916302416,0.039597788181327
n128_L32_S16,4.0,5,0.3125,0.014936796791209645,0.01955387966339361
n128_L32_S16,4.0,6,0.375,0.004444512219802317,0.005818346351183023
n128_L32_S16,4.0,7,0.4375,0.020271161200774556,0.026537138604608324
n128_L32_S16,4.0,8,0.5,0.039149290682097625,0.05125064828862538
n128_L32_S16,4.0,9,0.5625,0.05901295486490987,0.07725432930096626
n128_L32_S16,4.0,10,0.625,0.07925732998573048,0.10375640203493346
n128_L32_S16,4.0,11,0.6875,0.10026165402709146,0.13125332995440583
n128_L32_S16,4.0,12,0.75,0.1214536042778016,0.15899588083913613
n128_L32_S16,4.0,13,0.8125,0.1453060659103832,0.19022132836706238
n128_L32_S16,4.0,14,0.875,0.1690060145852221,0.221247119967115
n128_L32_S16,4.0,15,0.9375,0.19302601107697304,0.25269188871373444
n128_L32_S16,4.0,16,1.0,0.21980914725529183,0.2877539056347477
n128_L32_S16,4.04,0,0.0,0.08629139289309212,0.11296474981912737
n128_L32_S16,4.04,1,0.0625,0.07399303496311653,0.09686487148633724
n128_L32_S16,4.04,2,0.125,0.059766680894724054,0.0782410380506513
n128_L32_S16,4.04,3,0.1875,0.04502753432410658,0.05894590386548346
n128_L32_S16,4.04,4,0.25,0.03024810224360233,0.0395980315984152
n128_L32_S16,4.04,5,0.3125,0.014936985098883492,0.01955412617846947
n128_L32_S16,4.04,6,0.375,0.004444351773018605,0.005818136309020373
n128_L32_S16,4.04,7,0.4375,0.02027095760704658,0.026536872078437235
n128_L32_S16,4.04,8,0.5,0.03914907786159385,0.0512503696836086
n128_L32_S16,4.04,9,0.5625,0.05901273647907431,0.0772540434103293
n128_L32_S16,4.04,10,0.625,0.0792571052399105,0.10375610781839023
n128_L32_S16,4.04,11,0.6875,0.10026142204135005,0.1312530262600238
n128_L32_S16,4.04,12,0.75,0.12145336463057384,0.1589955671150413
n128_L32_S16,4.04,13,0.8125,0.14530581949414925,0.1902210057816076
n128_L32_S16,4.04,14,0.875,0.16900576151599178,0.22124678867216965
n128_L32_S16,4.04,15,0.9375,0.19302575256118665,0.25269155028865914
n128_L32_S16,4.04,16,1.0,0.2198088821092205,0.28775355852991363
n128_L32_S16,4.08,0,0.0,0.08629154223886966,0.1129649453288744
n128_L32_S16,4.08,1,0.0625,0.07399318814967107,0.09686507202407604
n128_L32_S16,4.08,2,0.125,0.059766837988456015,0.07824124370330719
n128_L32_S16,4.08,3,0.1875,0.0450276967649057,0.05894611651802756
n128_L32_S16,4.08,4,0.25,0.030248265965661294,0.039598245928266766
n128_L32_S16,4.08,5,0.3125,0.014937150877076342,0.019554343200022292
n128_L32_S16,4.08,6,0.375,0.004444210060702114,0.005817950792297998
n128_L32_S16,4.08,7,0.4375,0.020270778338442916,0.026536637396480156
n128_L32_S16,4.08,8,0.5,0.0391488904425667,0.05125012433186721
n128_L32_S16,4.08,9,0.5625,0.059012544190622865,0.07725379168398579
n128_L32_S16,4.08,10,0.625,0.07925690735425318,0.10375584876469991
n128_L32_S16,4.08,11,0.6875,0.10026121777516217,0.13125275885353008
n128_L32_S16,4.08,12,0.75,0.12145315359864153,0.15899529085145767
n128_L32_S16,4.08,13,0.8125,0.1453056025053958,0.19022072171990195
n128_L32_S16,4.08,14,0.875,0.1690055386728658,0.22124649694645832
n128_L32_S16,4.08,15,0.9375,0.19302552495727532,0.2526912523305658
n128_L32_S16,4.08,16,1.0,0.21980864868443029,0.2877532529516613
n128_L32_S16,4.12,0,0.0,0.08629167387841699,0.11296511765925443
n128_L32_S16,4.12,1,0.0625,0.07399332315135627,0.09686524875585754
n128_L32_S16,4.12,2,0.125,0.05976697640699903,0.07824142490812448
n128_L32_S16,4.12,3,0.1875,0.04502783989510538,0.058946303890912106
n128_L32_S16,4.12,4,0.25,0.030248410154462377,0.03959843468697485
n128_L32_S16,4.12,5,0.3125,0.01493729685198744,0.019554534296941223
n128_L32_S16,4.12,6,0.375,0.004444084864568429,0.0058177868970421
n128_L32_S16,4.12,7,0.4375,0.02027062045482155,0.026536430709773753
n128_L32_S16,4.12,8,0.5,0.03914872535757346,0.05124990821778752
n128_L32_S16,4.12,9,0.5625,0.059012374844677876,0.07725356999186021
n128_L32_S16,4.12,10,0.625,0.07925673308131043,0.10375562062260231
n128_L32_S16,4.12,11,0.6875,0.10026103787781897,0.13125252334848506
n128_L32_S16,4.12,12,0.75,0.12145296772511281,0.15899504752294058
n128_L32_S16,4.12,13,0.8125,0.14530541138868033,0.19022047152748736
n128_L32_S16,4.12,14,0.875,0.16900534240350243,0.22124624000867127
n128_L32_S16,4.12,15,0.9375,0.19302532452633148,0.2526909899448206
n128_L32_S16,4.12,16,1.0,0.21980844314240197,0.28775298387495474
n128_L32_S16,4.16,0,0.0,0.0862917899368625,0.11296526959228995
n128_L32_S16,4.16,1,0.0625,0.07399344215336023,0.09686540454232888
n128_L32_S16,4.16,2,0.125,0.059767098397352156,0.07824158460666751
n128_L32_S16,4.16,3,0.1875,0.045027966038152914,0.05894646902578047
n128_L32_S16,4.16,4,0.25,0.03024853716778272,0.03959860096112428
n128_L32_S16,4.16,5,0.3125,0.014937425416519708,0.019554702601794538
n128_L32_S16,4.16,6,0.375,0.0044439742324910965,0.005817642067708387
n128_L32_S16,4.16,7,0.4375,0.020270481375170162,0.026536248639494234
n128_L32_S16,4.16,8,0.5,0.039148579913545783,0.0512497178158523
n128_L32_S16,4.16,9,0.5625,0.05901222567176543,0.07725337470841225
n128_L32_S16,4.16,10,0.625,0.0792565795703887,0.10375541966023184
n128_L32_S16,4.16,11,0.6875,0.10026087940790974,0.13125231589426456
n128_L32_S16,4.16,12,0.75,0.12145280397514142,0.15899483315654864
n128_L32_S16,4.16,13,0.8125,0.1453052430226829,0.19022025111821894
n128_L32_S16,4.16,14,0.875,0.16900516950154934,0.22124601366134716
n128_L32_S16,4.16,15,0.9375,0.1930251479863921,0.25269075883497966
n128_L32_S16,4.16,16,1.0,0.21980826211390797,0.2877527468891112
n128_L32_S16,4.2,0,0.0,0.08629189228137688,0.11296540357230898
n128_L32_S16,4.2,1,0.0625,0.07399354707533085,0.0968655418965164
n128_L32_S16,4.2,2,0.125,0.05976720593315427,0.07824172538264267
n128_L32_S16,4.2,3,0.1875,0.045028077234837253,0.05894661459424571
n128_L32_S16,4.2,4,0.25,0.030248649075762097,0.039598747460751524
n128_L32_S16,4.2,5,0.3125,0.014937538671402645,0.01955485086466396
n128_L32_S16,4.2,6,0.375,0.004443876446168055,0.005817514054853944
n128_L32_S16,4.2,7,0.4375,0.020270358833326018,0.026536088218989916
n128_L32_S16,4.2,8,0.5,0.03914845174566424,0.051249550030257614
n128_L32_S16,4.2,9,0.5625,0.059012094240296714,0.07725320265042959
n128_L32_S16,4.2,10,0.625,0.07925644431862516,0.1037552426010708
n128_L32_S16,4.2,11,0.6875,0.10026073978285913,0.13125213310999856
n128_L32_S16,4.2,12,0.75,0.12145265968391525,0.15899464426375504
n128_L32_S16,4.2,13,0.8125,0.1453050946667012,0.1902200569042215
n128_L32_S16,4.2,14,0.875,0.16900501715167499,0.22124581421891307
n128_L32_S16,4.2,15,0.9375,0.19302499245608057,0.2526905552290099
n128_L32_S16,4.2,16,1.0,0.21980810264111136,0.2877525381220028
n128_L32_S16,4.24,0,0.0,0.08629198255280685,0.11296552174735704
n128_L32_S16,4.24,1,0.0625,0.07399363960397798,0.09686566302650543
n128_L32_S16,4.24,2,0.125,0.05976730074827347,0.0782418495058705
n128_L32_S16,4.24,3,0.1875,0.045028175278015774,0.058946742943351706
n128_L32_S16,4.24,4,0.25,0.030248747696329188,0.039598876565721496
n128_L32_S16,4.24,5,0.3125,0.014937638461200338,0.01955498150028303
n128_L32_S16,4.24,6,0.375,0.004443789992761284,0.005817400878010467
n128_L32_S16,4.24,7,0.4375,0.020270250839198572,0.026535946843017414
n128_L32_S16,4.24,8,0.5,0.039148338776960896,0.05124940214202817
n128_L32_S16,4.24,9,0.5625,0.05901197841494766,0.0772530510225425
n128_L32_S16,4.24,10,0.625,0.07925632512814296,0.1037550865678611
n128_L32_S16,4.24,11,0.6875,0.10026061673473353,0.13125197202671718
n128_L32_S16,4.24,12,0.75,0.12145253251110545,0.1589944777808167
n128_L32_S16,4.24,13,0.8125,0.14530496391379333,0.19021988573454826
n128_L32_S16,4.24,14,0.875,0.16900488288142998,0.22124563844466574
n128_L32_S16,4.24,15,0.9375,0.19302485540525346,0.25269037581468046
n128_L32_S16,4.24,16,1.0,0.21980796212687043,0.2877523541736907
n128_L32_S16,4.28,0,0.0,0.08629206219339362,0.1129656260054836
n128_L32_S16,4.28,1,0.0625,0.07399372122162459,0.09686576987281677
n128_L32_S16,4.28,2,0.125,0.059767384366230386,0.07824195897080398
n128_L32_S16,4.28,3,0.1875,0.045028261743044105,0.058946856135409065
n128_L32_S16,4.28,4,0.25,0.03024883462622722,0.03959899036634348
n128_L32_S16,4.28,5,0.3125,0.014937726405845994,0.01955509662931921
n128_L32_S16,4.28,6,0.375,0.004443713540016091,0.005817300793112725
n128_L32_S16,4.28,7,0.4375,0.020270155644809017,0.026535822223283746
n128_L32_S16,4.28,8,0.5,0.039148239182935585,0.051249271762696294
n128_L32_S16,4.28,9,0.5625,0.05901187632021593,0.07725291736951592
n128_L32_S16,4.28,10,0.625,0.07925622006852386,0.10375494903347685
n128_L32_S16,4.28,11,0.6875,0.10026050827153787,0.13125183003668373
n128_L32_S16,4.28,12,0.75,0.12145242040096968,0.15899433101654492
n128_L32_S16,4.28,13,0.8125,0.14530484864973991,0.19021973484145777
n128_L32_S16,4.28,14,0.875,0.16900476451907884,0.22124548349556902
n128_L32_S16,4.28,15,0.9375,0.19302473461177888,0.2526902176829806
n128_L32_S16,4.28,16,1.0,0.21980783829033534,0.28775219205829616
n128_L32_S16,4.32,0,0.0,0.08629213247106861,0.11296571800654774
n128_L32_S16,4.32,1,0.0625,0.07399379323123471,0.09686586414117099
n128_L32_S16,4.32,2,0.125,0.059767458125978695,0.07824205553027805
n128_L32_S16,4.32,3,0.1875,0.045028338014428834,0.05894695598288638
n128_L32_S16,4.32,4,0.25,0.030248911268191115,0.03959909069894893
n128_L32_S16,4.32,5,0.3125,0.01493780392826019,0.019555198114529163
n128_L32_S16,4.32,6,0.375,0.004443645914432244,0.005817212263922216
n128_L32_S16,4.32,7,0.4375,0.020270071714544962,0.026535712349506496
n128_L32_S16,4.32,8,0.5,0.039148151360561795,0.051249156793727185
n128_L32_S16,4.32,9,0.5625,0.059011786308492215,0.07725279953445138
n128_L32_S16,4.32,10,0.625,0.07925612744394636,0.10375482777790461
n128_L32_S16,4.32,11,0.6875,0.10026041264330797,0.1312517048490062
n128_L32_S16,4.32,12,0.75,0.1214523215474054,0.15899420160655647
n128_L32_S16,4.32,13,0.8125,0.14530474701709023,0.19021960179334646
n128_L32_S16,4.32,14,0.875,0.1690046601566705,0.22124534687390893
n128_L32_S16,4.32,15,0.9375,0.19302462812367394,0.25269007827855416
n128_L32_S16,4.32,16,1.0,0.21980772912805938,0.2877520491530911
n128_L32_S16,4.36,0,0.0,0.08629219450074124,0.1129657992100863
n128_L32_S16,4.36,1,0.0625,0.07399385677834545,0.09686594733119987
n128_L32_S16,4.36,2,0.125,0.05976752320450001,0.0782421407250887
n128_L32_S16,4.36,3,0.1875,0.04502840530919352,0.05894704407899888
n128_L32_S16,4.36,4,0.25,0.030248978854756896,0.03959917917706058
n128_L32_S16,4.36,5,0.3125,0.014937872278547554,0.01955528759243482
n128_L32_S16,4.36,6,0.375,0.004443586082099428,0.005817133936938713
n128_L32_S16,4.36,7,0.4375,0.020269997699098492,0.026535615455295928
n128_L32_S16,4.36,8,0.5,0.03914807390113005,0.05124905539096806
n128_L32_S16,4.36,9,0.5625,0.059011706932095585,0.07725269562217826
n128_L32_S16,4.36,10,0.625,0.07925604576438709,0.10375472085054292
n128_L32_S16,4.36,11,0.6875,0.10026032831241337,0.13125159445076032
n128_L32_S16,4.36,12,0.75,0.12145223436332817,0.15899408747318647
n128_L32_S16,4.36,13,0.8125,0.14530465738366505,0.19021948445351555
n128_L32_S16,4.36,14,0.875,0.1690045681176738,0.2212452263849252
n128_L32_S16,4.36,15,0.9375,0.19302453422594046,0.2526899553562833
n128_L32_S16,4.36,16,1.0,0.2198076328799302,0.2877519231538985
n128_L32_S16,4.4,0,0.0,0.0862922492629705,0.11296587089975685
n128_L32_S16,4.4,1,0.0625,0.07399391287028988,0.09686602076161113
n128_L32_S16,4.4,2,0.125,0.059767580636600925,0.07824221590990951
n128_L32_S16,4.4,3,0.1875,0.04502846469735178,0.05894712182450994
n128_L32_S16,4.4,4,0.25,0.030249038469119933,0.03959925721869811
n128_L32_S16,4.4,5,0.3125,0.014937932555193371,0.01955536650107201
n128_L32_S16,4.4,6,0.375,0.004443533131884559,0.005817064619390635
n128_L32_S16,4.4,7,0.4375,0.020269932412633723,0.026535529988264837
n128_L32_S16,4.4,8,0.5,0.03914800556644964,0.05124896593349359
n128_L32_S16,4.4,9,0.5625,0.059011636918763745,0.07725260396716783
n128_L32_S16,4.4,10,0.625,0.07925597372039729,0.10375462653718198
n128_L32_S16,4.4,11,0.6875,0.10026025392753128,0.13125149707291864
n128_L32_S16,4.4,12,0.75,0.12145215745383989,0.15899398679036272
n128_L32_S16,4.4,13,0.8125,0.14530457831495847,0.19021938094404192
n128_L32_S16,4.4,14,0.875,0.1690044869286228,0.22124512009969177
n128_L32_S16,4.4,15,0.9375,0.19302445141150484,0.252689846943246
n128_L32_S16,4.4,16,1.0,0.2198075479993197,0.2877518120360152
n128_L32_S16,4.44,0,0.0,0.08629229762033053,0.11296593420476207
n128_L32_S16,4.44,1,0.0625,0.07399396239305263,0.09686608559225433
n128_L32_S16,4.44,2,0.125,0.059767631332275584,0.07824228227602104
n128_L32_S16,4.44,3,0.1875,0.04502851711985348,0.0589471904512245
n128_L32_S16,4.44,4,0.25,0.030249091063417444,0.039599326070311934
n128_L32_S16,4.44,5,0.3125,0.014937985723639729,0.01955543610430867
n128_L32_S16,4.44,6,0.375,0.004443486260654848,0.005817003259890452
n128_L32_S16,4.44,7,0.4375,0.020269874812776936,0.02653545458383349
n128_L32_S16,4.44,8,0.5,0.039147945267992555,0.051248886996303096
n128_L32_S16,4.44,9,0.5625,0.059011575150180684,0.07725252310542371
n128_L32_S16,4.44,10,0.625,0.0792559101609892,0.10375454333105456
n128_L32_S16,4.44,11,0.6875,0.10026018830083908,0.1312514111604931
n128_L32_S16,4.44,12,0.75,0.12145208959271764,0.158993897952827
n128_L32_S16,4.44,13,0.8125,0.1453045085499485,0.19021928961411164
n128_L32_S16,4.44,14,0.875,0.1690044152942699,0.22124502632258977
n128_L32_S16,4.44,15,0.9375,0.19302437835575276,0.25268975130537896
n128_L32_S16,4.44,16,1.0,0.2198074731269313,0.2877517140199751
n128_L32_S16,4.48,0,0.0,0.0862923403317671,0.11296599011864392
n128_L32_S16,4.48,1,0.0625,0.07399400612604977,0.09686614284346927
n128_L32_S16,4.48,2,0.125,0.059767676091919665,0.07824234087122765
n128_L32_S16,4.48,3,0.1875,0.04502856340432438,0.05894725104259405
n128_L32_S16,4.48,4,0.25,0.03024913747475234,0.03959938682776015
n128_L32_S16,4.48,5,0.3125,0.014938032632563105,0.01955549751315393
n128_L32_S16,4.48,6,0.375,0.004443444760311797,0.00581694893146078
n128_L32_S16,4.48,7,0.4375,0.02026982398307946,0.02653538804227162
n128_L32_S16,4.48,8,0.5,0.039147892048611126,0.051248817326386926
n128_L32_S16,4.48,9,0.5625,0.05901152064315321,0.07725245174983984
n128_L32_S16,4.48,10,0.625,0.07925585407426332,0.10375446990747493
n128_L32_S16,4.48,11,0.6875,0.10026013038802595,0.13125133534636813
n128_L32_S16,4.48,12,0.75,0.12145202970179945,0.15899381954914893
n128_L32_S16,4.48,13,0.8125,0.1453044469798968,0.19021920901226652
n128_L32_S16,4.48,14,0.875,0.16900435207580203,0.2212449435627899
n128_L32_S16,4.48,15,0.9375,0.1930243138942091,0.25268966691825867
n128_L32_S16,4.48,16,1.0,0.21980740706787527,0.28775162754153866
n128_L32_S16,4.5200000000000005,0,0.0,0.08629237806518363,0.11296603951576006
n128_L32_S16,4.5200000000000005,1,0.0625,0.07399404475508871,0.09686619341305185
n128_L32_S16,4.5200000000000005,2,0.125,0.05976771561967669,0.07824239261732925
n128_L32_S16,4.5200000000000005,3,0.1875,0.0450286042788614,0.05894730455177606
n128_L32_S16,4.5200000000000005,4,0.25,0.030249178439236444,0.03959944045469261
n128_L32_S16,4.5200000000000005,5,0.3125,0.014938074028143731,0.01955555170443828
n128_L32_S16,4.5200000000000005,6,0.375,0.004443408006399505,0.005816900816621423
n128_L32_S16,4.5200000000000005,7,0.4375,0.020269779117641266,0.02653532930856909
n128_L32_S16,4.5200000000000005,8,0.5,0.03914784506651567,0.051248755821751514
n128_L32_S16,4.5200000000000005,9,0.5625,0.05901147253311298,0.07725238876860295
n128_L32_S16,4.5200000000000005,10,0.625,0.07925580457042257,0.10375440510160266
n128_L32_S16,4.5200000000000005,11,0.6875,0.10026007927077077,0.13125126842836216
n128_L32_S16,4.5200000000000005,12,0.75,0.12145197683291802,0.15899375033807508
n128_L32_S16,4.5200000000000005,13,0.8125,0.14530439262976355,0.19021913786207412
n128_L32_S16,4.5200000000000005,14,0.875,0.16900429627174665,0.22124487050925648
n128_L32_S16,4.5200000000000005,15,0.9375,0.19302425700297887,0.25268959244149597
n128_L32_S16,4.5200000000000005,16,1.0,0.2198073487715792,0.2877515512253931
n128_L32_S16,4.5600000000000005,0,0.0,0.08629241140849024,0.11296608316574837
n128_L32_S16,4.5600000000000005,1,0.0625,0.07399407888373813,0.09686623809113867
n128_L32_S16,4.5600000000000005,2,0.125,0.05976775053514193,0.07824243832544292
n128_L32_S16,4.5600000000000005,3,0.1875,0.04502864038413862,0.058947351817482084
n128_L32_S16,4.5600000000000005,4,0.25,0.03024921460430482,0.03959948779867171
n128_L32_S16,4.5600000000000005,5,0.3125,0.014938110566573942,0.019555599537188325
n128_L32_S16,4.5600000000000005,6,0.375,0.004443375448085923,0.005816858194273758
n128_L32_S16,4.5600000000000005,7,0.4375,0.020269739507636345,0.02653527745479612
n128_L32_S16,4.5600000000000005,8,0.5,0.03914780358121411,0.05124870151301278
n128_L32_S16,4.5600000000000005,9,0.5625,0.059011430059650365,0.0772523331662547
n128_L32_S16,4.5600000000000005,10,0.625,0.07925576086687913,0.10375434788894582
n128_L32_S16,4.5600000000000005,11,0.6875,0.10026003414137767,0.13125120934911416
n128_L32_S16,4.5600000000000005,12,0.75,0.12145193015205608,0.15899368922778687
n128_L32_S16,4.5600000000000005,13,0.8125,0.14530434464190903,0.1902190750407915
n128_L32_S16,4.5600000000000005,14,0.875,0.16900424700123107,0.22124480600883203
n128_L32_S16,4.5600000000000005,15,0.9375,0.19302420678159168,0.252689526696278
n128_L32_S16,4.5600000000000005,16,1.0,0.21980729731417034,0.2877514838620892
n128_L32_S16,4.6000000000000005,0,0.0,0.0862924408792921,0.11296612174620983
n128_L32_S16,4.6000000000000005,1,0.0625,0.0739941090433014,0.0968662775732632
n128_L32_S16,4.6000000000000005,2,0.125,0.059767781383628135,0.07824247870944194
n128_L32_S16,4.6000000000000005,3,0.1875,0.04502867228401833,0.05894739357786872
n128_L32_S16,4.6000000000000005,4,0.25,0.030249246539517494,0.03959952960531301
n128_L32_S16,4.6000000000000005,5,0.3125,0.014938142825027726,0.01955564176698714
n128_L32_S16,4.6000000000000005,6,0.375,0.00444334659937598,0.005816820428197768
n128_L32_S16,4.6000000000000005,7,0.4375,0.020269704529487266,0.026535231664622533
n128_L32_S16,4.6000000000000005,8,0.5,0.03914776694119295,0.05124865354726921
n128_L32_S16,4.6000000000000005,9,0.5625,0.059011392553827174,0.0772522840670828
n128_L32_S16,4.6000000000000005,10,0.625,0.07925572227519914,0.10375429736827012
n128_L32_S16,4.6000000000000005,11,0.6875,0.10025999428930565,0.13125115717844923
n128_L32_S16,4.6000000000000005,12,0.75,0.12145188892545519,0.15899363525771526
n128_L32_S16,4.6000000000000005,13,0.8125,0.1453043022618051,0.19021901956065987
n128_L32_S16,4.6000000000000005,14,0.875,0.16900420348929868,0.22124474904701474
n128_L32_S16,4.6000000000000005,15,0.9375,0.19302416243796514,0.2526894686456832
n128_L32_S16,4.6000000000000005,16,1.0,0.2198072518830363,0.28775142438782975
n128_L32_S16,4.64,0,0.0,0.08629246693339677,0.11296615585384581
n128_L32_S16,4.64,1,0.0625,0.07399413570156914,0.09686631247181385
n128_L32_S16,4.64,2,0.125,0.059767808645172275,0.07824251439774654
n128_L32_S16,4.64,3,0.1875,0.045028700474867525,0.058947430482733966
n128_L32_S16,4.64,4,0.25,0.030249274746024266,0.039599566530675714
n128_L32_S16,4.64,5,0.3125,0.014938171311276775,0.01955567905856269
n128_L32_S16,4.64,6,0.375,0.004443321031368586,0.005816786956915618
n128_L32_S16,4.64,7,0.4375,0.02026967363450469,0.02653519121975474
n128_L32_S16,4.64,8,0.5,0.039147734573103915,0.05124861117394602
n128_L32_S16,4.64,9,0.5625,0.059011359427058464,0.077252240700566
n128_L32_S16,4.64,10,0.625,0.07925568818964797,0.10375425274660356
n128_L32_S16,4.64,11,0.6875,0.10025995908935517,0.13125111109791365
n128_L32_S16,4.64,12,0.75,0.12145185250742725,0.15899358758258478
n128_L32_S16,4.64,13,0.8125,0.14530426482550074,0.19021897055249562
n128_L32_S16,4.64,14,0.875,0.16900416505403698,0.22124469873110747
n128_L32_S16,4.64,15,0.9375,0.19302412327521787,0.2526894173774188
n128_L32_S16,4.64,16,1.0,0.21980721176327714,0.28775137186673344
n128_L32_S16,4.68,0,0.0,0.08629248997227564,0.11296618601422566
n128_L32_S16,4.68,1,0.0625,0.07399415927049996,0.09686634332608893
n128_L32_S16,4.68,2,0.125,0.059767832742440116,0.07824254594367183
n128_L32_S16,4.68,3,0.1875,0.04502872539372993,0.05894746310421524
n128_L32_S16,4.68,4,0.25,0.0302492996648766,0.0395995991521438
n128_L32_S16,4.68,5,0.3125,0.014938196472127872,0.019555711996833286
n128_L32_S16,4.68,6,0.375,0.0044432983654632005,0.005816757284798325
n128_L32_S16,4.68,7,0.4375,0.020269646339791624,0.02653515548802844
n128_L32_S16,4.68,8,0.5,0.03914770597228096,0.051248573732380856
n128_L32_S16,4.68,9,0.5625,0.05901133016134573,0.07725220238858833
n128_L32_S16,4.68,10,0.625,0.07925565807714742,0.10375421332608922
n128_L32_S16,4.68,11,0.6875,0.10025992799129813,0.13125107038719946
n128_L32_S16,4.68,12,0.75,0.12145182032966748,0.15899354545842315
n128_L32_S16,4.68,13,0.8125,0.14530423174862667,0.19021892725129627
n128_L32_S16,4.68,14,0.875,0.16900413109527748,0.22124465427542492
n128_L32_S16,4.68,15,0.9375,0.1930240886800974,0.25268937208867104
n128_L32_S16,4.68,16,1.0,0.21980717632583036,0.2877513254752896
n128_L32_S16,4.72,0,0.0,0.08629251034962333,0.11296621269037385
n128_L32_S16,4.72,1,0.0625,0.07399418011296187,0.09686637061112184
n128_L32_S16,4.72,2,0.125,0.05976785404766193,0.07824257383450742
n128_L32_S16,4.72,3,0.1875,0.045028747425498644,0.05894749194617917
n128_L32_S16,4.72,4,0.25,0.03024932168431555,0.039599627977966734
n128_L32_S16,4.72,5,0.3125,0.014938218700823867,0.01955574109659628
n128_L32_S16,4.72,6,0.375,0.004443278267378154,0.005816730974235092
n128_L32_S16,4.72,7,0.4375,0.02026962222026304,0.026535123912961436
n128_L32_S16,4.72,8,0.5,0.03914768069441968,0.05124854064093129
n128_L32_S16,4.72,9,0.5625,0.05901130430072167,0.07725216853423937
n128_L32_S16,4.72,10,0.625,0.07925563146846068,0.10375417849244545
n128_L32_S16,4.72,11,0.6875,0.10025990051079413,0.13125103441225278
n128_L32_S16,4.72,12,0.75,0.12145179189187266,0.1589935082302794
n128_L32_S16,4.72,13,0.8125,0.14530420251674717,0.19021888898360997
n128_L32_S16,4.72,14,0.875,0.16900410108468752,0.22124461498832254
n128_L32_S16,4.72,15,0.9375,0.19302405811283307,0.2526893320728218
n128_L32_S16,4.72,16,1.0,0.21980714501704787,0.287751284488713
n128_L32_S16,4.76,0,0.0,0.08629252837710501,0.1129662362902937
n128_L32_S16,4.76,1,0.0625,0.07399419854865329,0.09686639474543234
n128_L32_S16,4.76,2,0.125,0.059767872888722,0.07824259849948924
n128_L32_S16,4.76,3,0.1875,0.045028766909210045,0.05894751745246096
n128_L32_S16,4.76,4,0.25,0.030249341146164427,0.03959965345562813
n128_L32_S16,4.76,5,0.3125,0.014938238343536093,0.019555766811027327
n128_L32_S16,4.76,6,0.375,0.004443260441892788,0.0058167076387502055
n128_L32_S16,4.76,7,0.4375,0.020269600901649993,0.026535096004595277
n128_L32_S16,4.76,8,0.5,0.03914765834827483,0.05124851138741506
n128_L32_S16,4.76,9,0.5625,0.05901128144373639,0.07725213861197787
n128_L32_S16,4.76,10,0.625,0.07925560795046128,0.1037541477048451
n128_L32_S16,4.76,11,0.6875,0.10025987622140345,0.13125100261481795
n128_L32_S16,4.76,12,0.75,0.12145176675351309,0.15899347532145264
n128_L32_S16,4.76,13,0.8125,0.14530417667689693,0.1902188551564562
n128_L32_S16,4.76,14,0.875,0.16900407455707211,0.2212445802608099
n128_L32_S16,4.76,15,0.9375,0.1930240310982337,0.25268929670779455
n128_L32_S16,4.76,16,1.0,0.219807117349553,0.2877512482689751
n128_L32_S16,4.8,0,0.0,0.08629254432941742,0.11296625717359296
n128_L32_S16,4.8,1,0.0625,0.07399421485929947,0.09686641609782917
n128_L32_S16,4.8,2,0.125,0.05976788955450343,0.07824262031679646
n128_L32_S16,4.8,3,0.1875,0.045028784143576986,0.05894754001410801
n128_L32_S16,4.8,4,0.25,0.030249358351444364,0.03959967597919715
n128_L32_S16,4.8,5,0.3125,0.01493825570506313,0.01955578953914067
n128_L32_S16,4.8,6,0.375,0.004443244628217819,0.005816686936942333
n128_L32_S16,4.8,7,0.4375,0.020269582054351025,0.026535071331446062
n128_L32_S16,4.8,8,0.5,0.03914763858924845,0.05124848552071623
n128_L32_S16,4.8,9,0.5625,0.05901126123686174,0.0772521121589973
n128_L32_S16,4.8,10,0.625,0.07925558715934576,0.10375412048703014
n128_L32_S16,4.8,11,0.6875,0.10025985474758922,0.1312509745032767
n128_L32_S16,4.8,12,0.75,0.12145174452660541,0.15899344622403075
n128_L32_S16,4.8,13,0.8125,0.14530415383014875,0.19021882524759615
n128_L32_S16,4.8,14,0.875,0.16900405110274216,0.22124454955655973
n128_L32_S16,4.8,15,0.9375,0.1930240072178709,0.25268926544582143
n128_L32_S16,4.8,16,1.0,0.21980709289422015,0.28775121625430405
n128_L32_S16,4.84,0,0.0,0.08629255844872295,0.11296627565728831
n128_L32_S16,4.84,1,0.0625,0.07399422929321604,0.09686643499338435
n128_L32_S16,4.84,2,0.125,0.05976790429958555,0.07824263961970092
n128_L32_S16,4.84,3,0.1875,0.045028799391837446,0.058947559975727246
n128_L32_S16,4.84,4,0.25,0.030249373565301354,0.039599695895778525
n128_L32_S16,4.84,5,0.3125,0.014938271053832287,0.019555809632336642
n128_L32_S16,4.84,6,0.375,0.004443230595926666,0.005816668567158206
n128_L32_S16,4.84,7,0.4375,0.020269565388043188,0.02653504951344971
n128_L32_S16,4.84,8,0.5,0.03914762111376435,0.0512484626434208
n128_L32_S16,4.84,9,0.5625,0.059011243368707327,0.07725208876765402
n128_L32_S16,4.84,10,0.625,0.07925556877467536,0.10375409641951168
n128_L32_S16,4.84,11,0.6875,0.10025983575856924,0.13125094964459938
n128_L32_S16,4.84,12,0.75,0.12145172486937438,0.158993420490593
n128_L32_S16,4.84,13,0.8125,0.1453041336250915,0.19021879879699477
n128_L32_S16,4.84,14,0.875,0.16900403036081585,0.22124452240313874
n128_L32_S16,4.84,15,0.9375,0.19302398610321936,0.25268923780446284
n128_L32_S16,4.84,16,1.0,0.21980707127312965,0.28775118794996224
n128_L32_S16,4.88,0,0.0,0.08629257094855254,0.1129662920209148
n128_L32_S16,4.88,1,0.0625,0.07399424206932348,0.09686645171868837
n128_L32_S16,4.88,2,0.125,0.05976791734836284,0.07824265670195922
n128_L32_S16,4.88,3,0.1875,0.04502881288602069,0.05894757764107002
n128_L32_S16,4.88,4,0.25,0.030249387021330284,0.03959971351117318
n128_L32_S16,4.88,5,0.3125,0.014938284626288162,0.01955582740014674
n128_L32_S16,4.88,6,0.375,0.004443218141369642,0.005816652262798396
n128_L32_S16,4.88,7,0.4375,0.02026955064694198,0.026535030215756695
n128_L32_S16,4.88,8,0.5,0.03914760565432627,0.051248442405347254
n128_L32_S16,4.88,9,0.5625,0.059011227564936576,0.07725206807881184
n128_L32_S16,4.88,10,0.625,0.0792555525141475,0.10375407513272512
n128_L32_S16,4.88,11,0.6875,0.10025981896292127,0.13125092765728283
n128_L32_S16,4.88,12,0.75,0.1214517074806812,0.15899339772691626
n128_L32_S16,4.88,13,0.8125,0.14530411575210464,0.19021877539932527
n128_L32_S16,4.88,14,0.875,0.16900401201333123,0.2212444983843005
n128_L32_S16,4.88,15,0.9375,0.19302396742963712,0.2526892133587276
n128_L32_S16,4.88,16,1.0,0.21980705215338847,0.2877511629201568
n128_L32_S16,4.92,0,0.0,0.08629258201723182,0.11296630651101101
n128_L32_S16,4.92,1,0.0625,0.07399425338066568,0.09686646652645653
n128_L32_S16,4.92,2,0.125,0.059767928898671864,0.07824267182256077
n128_L32_S16,4.92,3,0.1875,0.04502882483069413,0.058947593277937166
n128_L32_S16,4.92,4,0.25,0.030249398925375332,0.03959972909485338
n128_L32_S16,4.92,5,0.3125,0.014938296630748922,0.019555843115281947
n128_L32_S16,4.92,6,0.375,0.004443207084518151,0.0058166377881860324
n128_L32_S16,4.92,7,0.4375,0.02026953760564572,0.026535013143291875
n128_L32_S16,4.92,8,0.5,0.03914759197517918,0.05124842449786684
n128_L32_S16,4.92,9,0.5625,0.05901121358380691,0.07725204977600363
n128_L32_S16,4.92,10,0.625,0.0792555381290028,0.10375405630101761
n128_L32_S16,4.92,11,0.6875,0.10025980410383967,0.13125090820514074
n128_L32_S16,4.92,12,0.75,0.1214516920951354,0.1589933775855757
n128_L32_S16,4.92,13,0.8125,0.1453040999383263,0.1902187546973821
n128_L32_S16,4.92,14,0.875,0.16900399578008296,0.22124447713322587
n128_L32_S16,4.92,15,0.9375,0.19302395091107719,0.2526891917341492
n128_L32_S16,4.92,16,1.0,0.21980703524170167,0.2877511407809329
n128_L32_S16,4.96,0,0.0,0.08629259182089519,0.11296631934506482
n128_L32_S16,4.96,1,0.0625,0.07399426339750906,0.096866479639586
n128_L32_S16,4.96,2,0.125,0.05976793912496965,0.07824268520988867
n128_L32_S16,4.96,3,0.1875,0.04502883540625006,0.05894760712248168
n128_L32_S16,4.96,4,0.25,0.030249409458866117,0.039599742884330075
n128_L32_S16,4.96,5,0.3125,0.014938307250792681,0.019555857018065833
n128_L32_S16,4.96,6,0.375,0.004443197266186767,0.0058166249349302064
n128_L32_S16,4.96,7,0.4375,0.02026952606548533,0.02653499803597598
n128_L32_S16,4.96,8,0.5,0.039147579868494764,0.051248408648909824
n128_L32_S16,4.96,9,0.5625,0.05901120121224907,0.07725203358029871
n128_L32_S16,4.96,10,0.625,0.07925552539999166,0.10375403963736773
n128_L32_S16,4.96,11,0.6875,0.10025979095497867,0.13125089099186205
n128_L32_S16,4.96,12,0.75,0.12145167847880042,0.1589933597603231
n128_L32_S16,4.96,13,0.8125,0.14530408594323893,0.19021873637630174
n128_L32_S16,4.96,14,0.875,0.16900398141408587,0.22124445832658465
n128_L32_S16,4.96,15,0.9375,0.19302393629544642,0.25268917260071055
n128_L32_S16,4.96,16,1.0,0.2198070202796068,0.2877511211939353
n128_L32_S16,5.0,0,0.0,0.08629260050613118,0.11296633071497643
n128_L32_S16,5.0,1,0.0625,0.07399427227006392,0.09686649125471825
n128_L32_S16,5.0,2,0.125,0.059767948181132964,0.0782426970653842
n128_L32_S16,5.0,3,0.1875,0.04502884477180041,0.058947619382998244
n128_L32_S16,5.0,4,0.25,0.030249418781747247,0.03959975508898803
n128_L32_S16,5.0,5,0.3125,0.014938316648229057,0.01955586932032465
n128_L32_S16,5.0,6,0.375,0.0044431885455862965,0.005816613518722663
n128_L32_S16,5.0,7,0.4375,0.020269515851310888,0.026534984664518858
n128_L32_S16,5.0,8,0.5,0.03914756915102558,0.05124839461858554
n128_L32_S16,5.0,9,0.5625,0.05901119026242748,0.07725201924580004
n128_L32_S16,5.0,10,0.625,0.07925551413383058,0.10375402488874652
n128_L32_S16,5.0,11,0.6875,0.1002597793167925,0.13125087575621983
n128_L32_S16,5.0,12,0.75,0.12145166642541891,0.15899334398114537
n128_L32_S16,5.0,13,0.8125,0.14530407355478764,0.19021872015848146
n128_L32_S16,5.0,14,0.875,0.16900396869758458,0.22124444167931148
n128_L32_S16,5.0,15,0.9375,0.19302392336052318,0.2526891556674995
n128_L32_S16,5.0,16,1.0,0.2198070070392859,0.2877511038609257
n128_L32_S16,5.04,0,0.0,0.08629260820231517,0.11296634079011221
n128_L32_S16,5.04,1,0.0625,0.07399428013087446,0.09686650154536794
n128_L32_S16,5.04,2,0.125,0.059767956202916916,0.07824270756676548
n128_L32_S16,5.04,3,0.1875,0.04502885306771919,0.058947630243251614
n128_L32_S16,5.04,4,0.25,0.030249427035054195,0.0395997658934579
n128_L32_S16,5.04,5,0.3125,0.01493832496571113,0.01955588020880669
n128_L32_S16,5.04,6,0.375,0.0044431807981671016,0.00581660337651448
n128_L32_S16,5.04,7,0.4375,0.020269506808677836,0.026534972826735895
n128_L32_S16,5.04,8,0.5,0.03914755966116046,0.05124838219532751
n128_L32_S16,5.04,9,0.5625,0.05901118056871289,0.07725200655568105
n128_L32_S16,5.04,10,0.625,0.07925550416009094,0.10375401183204451
n128_L32_S16,5.04,11,0.6875,0.10025976901332517,0.13125086226786867
n128_L32_S16,5.04,12,0.75,0.12145165575309712,0.15899333000992388
n128_L32_S16,5.04,13,0.8125,0.1453040625859689,0.19021870579911346
n128_L32_S16,5.04,14,0.875,0.16900395743855692,0.22124442694002872
n128_L32_S16,5.04,15,0.9375,0.19302391191037666,0.25268914067802145
n128_L32_S16,5.04,16,1.0,0.2198069953198905,0.28775108851897185
n128_L32_S16,5.08,0,0.0,0.08629261502365147,0.1129663497199779
n128_L32_S16,5.08,1,0.0625,0.07399428709692608,0.09686651066468162
n128_L32_S16,5.08,2,0.125,0.05976796331011332,0.0782427168708529
n128_L32_S16,5.08,3,0.1875,0.0450288604178761,0.05894763986540057
n128_L32_S16,5.08,4,0.25,0.030249434343176524,0.03959977546057906
n128_L32_S16,5.08,5,0.3125,0.014938332329032073,0.019555889848188786
n128_L32_S16,5.08,6,0.375,0.004443173913719638,0.005816594364029466
n128_L32_S16,5.08,7,0.4375,0.020269498801366092,0.026534962344300306
n128_L32_S16,5.08,8,0.5,0.03914755125633971,0.051248371192509724
n128_L32_S16,5.08,9,0.5625,0.05901117198502594,0.07725199531870808
n128_L32_S16,5.08,10,0.625,0.07925549532845992,0.103754000270486
n128_L32_S16,5.08,11,0.6875,0.1002597598893847,0.13125085032364553
n128_L32_S16,5.08,12,0.75,0.12145164630139245,0.15899331763662203
n128_L32_S16,5.08,13,0.8125,0.14530405287183598,0.1902186930822647
n128_L32_S16,5.08,14,0.875,0.16900394746762962,0.22124441388700833
n128_L32_S16,5.08,15,0.9375,0.19302390177221881,0.2526891274060783
n128_L32_S16,5.08,16,1.0,0.2198069849443085,0.2877510749362148
n128_L32_S16,5.12,0,0.0,0.08629262107098025,0.11296635763658418
n128_L32_S16,5.12,1,0.0625,0.07399429327149343,0.09686651874785691
n128_L32_S16,5.12,2,0.125,0.05976796960845496,0.0782427251160621
n128_L32_S16,5.12,3,0.1875,0.045028866931602046,0.05894764839257109
n128_L32_S16,5.12,4,0.25,0.030249440815846854,0.039599783934003346
n128_L32_S16,5.12,5,0.3125,0.0149383388491415,0.019555898383715978
n128_L32_S16,5.12,6,0.375,0.0044431677946971185,0.0058165863535683425
n128_L32_S16,5.12,7,0.4375,0.02026949170920446,0.02653495305989502
n128_L32_S16,5.12,8,0.5,0.03914754381077847,0.0512483614454662
n128_L32_S16,5.12,9,0.5625,0.05901116438250002,0.07725198536618084
n128_L32_S16,5.12,10,0.625,0.07925548750634187,0.10375399003048894
n128_L32_S16,5.12,11,0.6875,0.10025975180806666,0.13125083974432772
n128_L32_S16,5.12,12,0.75,0.12145163792875097,0.15899330667593037
n128_L32_S16,5.12,13,0.8125,0.14530404426686405,0.1902186818174274
n128_L32_S16,5.12,14,0.875,0.16900393863537752,0.22124440232463677
n128_L32_S16,5.12,15,0.9375,0.1930238927936362,0.25268911565214425
n128_L32_S16,5.12,16,1.0,0.2198069757563242,0.2877510629081514
n128_L32_S16,5.16,0,0.0,0.08629262643335844,0.11296636465651619
n128_L32_S16,5.16,1,0.0625,0.07399429874576798,0.09686652591427333
n128_L32_S16,5.16,2,0.125,0.05976797519128557,0.07824273242459014
n128_L32_S16,5.16,3,0.1875,0.04502887270541638,0.058947655951117436
n128_L32_S16,5.16,4,0.25,0.030249446549889078,0.0395997914404837
n128_L32_S16,5.16,5,0.3125,0.014938344623918819,0.019555905943522967
n128_L32_S16,5.16,6,0.375,0.004443162354743778,0.00581657923208209
n128_L32_S16,5.16,7,0.4375,0.020269485426155906,0.026534944834706108
n128_L32_S16,5.16,8,0.5,0.03914753721346929,0.05124835280887619
n128_L32_S16,5.16,9,0.5625,0.05901115764743011,0.07725197654924718
n128_L32_S16,5.16,10,0.625,0.07925548057673773,0.10375398095888896
n128_L32_S16,5.16,11,0.6875,0.1002597446485673,0.13125083037177004
n128_L32_S16,5.16,12,0.75,0.12145163051025565,0.15899329696431905
n128_L32_S16,5.16,13,0.8125,0.1453040366426342,0.19021867183648736
n128_L32_S16,5.16,14,0.875,0.1690039308099413,0.2212443920802959
n128_L32_S16,5.16,15,0.9375,0.1930238848401567,0.2526891052401809
n128_L32_S16,5.16,16,1.0,0.21980696761812363,0.2877510522543682
n128_L32_S16,5.2,0,0.0,0.08629263118945547,0.1129663708827607
n128_L32_S16,5.2,1,0.0625,0.07399430360029174,0.09686653226936906
n128_L32_S16,5.2,2,0.125,0.05976798014102912,0.07824273890433883
n128_L32_S16,5.2,3,0.1875,0.04502887782454985,0.05894766265261583
n128_L32_S16,5.2,4,0.25,0.03024945163075554,0.039599798091886455
n128_L32_S16,5.2,5,0.3125,0.014938349739731165,0.01955591264067366
n128_L32_S16,5.2,6,0.375,0.004443157517391588,0.005816572899465805
n128_L32_S16,5.2,7,0.4375,0.020269479858633144,0.02653493754621771
n128_L32_S16,5.2,8,0.5,0.039147531366425306,0.05124834515446434
n128_L32_S16,5.2,9,0.5625,0.05901115167946366,0.07725196873653475
n128_L32_S16,5.2,10,0.625,0.07925547443639264,0.10375397292051429
n128_L32_S16,5.2,11,0.6875,0.10025973830426907,0.1312508220663987
n128_L32_S16,5.2,12,0.75,0.12145162393564687,0.15899328835744633
n128_L32_S16,5.2,13,0.8125,0.14530402988579863,0.19021866299106008
n128_L32_S16,5.2,14,0.875,0.16900392387494048,0.22124438300163107
n128_L32_S16,5.2,15,0.9375,0.19302387779311084,0.252689096014837
n128_L32_S16,5.2,16,1.0,0.21980696040809733,0.2877510428156653
n128_L32_S16,5.24,0,0.0,0.08629263540878168,0.11296637640631424
n128_L32_S16,5.24,1,0.0625,0.07399430790621431,0.09686653790628659
n128_L32_S16,5.24,2,0.125,0.059767984530485936,0.07824274465061172
n128_L32_S16,5.24,3,0.1875,0.045028882364281035,0.058947668595614094
n128_L32_S16,5.24,4,0.25,0.03024945613388133,0.0395998039869643
n128_L32_S16,5.24,5,0.3125,0.014938354272806284,0.01955591857495841
n128_L32_S16,5.24,6,0.375,0.004443153214906602,0.005816567267048437
n128_L32_S16,5.24,7,0.4375,0.020269474924020144,0.026534931086276525
n128_L32_S16,5.24,8,0.5,0.039147526183130166,0.05124833836897138
n128_L32_S16,5.24,9,0.5625,0.059011146390013244,0.07725196181207308
n128_L32_S16,5.24,10,0.625,0.07925546899415588,0.1037539657960388
n128_L32_S16,5.24,11,0.6875,0.1002597326810526,0.13125081470500122
n128_L32_S16,5.24,12,0.75,0.12145161810757861,0.15899328072787575
n128_L32_S16,5.24,13,0.8125,0.14530402389628555,0.1902186551501408
n128_L32_S16,5.24,14,0.875,0.16900391772762705,0.22124437495413407
n128_L32_S16,5.24,15,0.9375,0.19302387154775397,0.2526890878389906
n128_L32_S16,5.24,16,1.0,0.21980695401891392,0.28775103445153444
n128_L32_S16,5.28,0,0.0,0.08629263915276819,0.1129663813075968
n128_L32_S16,5.28,1,0.0625,0.07399431172640637,0.09686654290733046
n128_L32_S16,5.28,2,0.125,0.059767988423968875,0.07824274974760126
n128_L32_S16,5.28,3,0.1875,0.0450288863911125,0.058947673867171244
n128_L32_S16,5.28,4,0.25,0.03024946012587153,0.03959980921291047
n128_L32_S16,5.28,5,0.3125,0.014938358290435523,0.019555923834468848
n128_L32_S16,5.28,6,0.375,0.00444314938728294,0.00581656225627581
n128_L32_S16,5.28,7,0.4375,0.020269470549368174,0.026534925359384783
n128_L32_S16,5.28,8,0.5,0.039147521587182196,0.05124833235237928
n128_L32_S16,5.28,9,0.5625,0.05901114170086105,0.0772519556734666
n128_L32_S16,5.28,10,0.625,0.0792554641695497,0.10375395948010842
n128_L32_S16,5.28,11,0.6875,0.1002597276958111,0.13125080817878187
n128_L32_S16,5.28,12,0.75,0.12145161294008806,0.1589932739630727
n128_L32_S16,5.28,13,0.8125,0.14530401858572814,0.1902186481980478
n128_L32_S16,5.28,14,0.875,0.16900391227727385,0.22124436781903328
n128_L32_S16,5.28,15,0.9375,0.19302386601160726,0.25268908059157685
n128_L32_S16,5.28,16,1.0,0.21980694835581968,0.28775102703793265
n128_L32_S16,5.32,0,0.0,0.08629264247571726,0.1129663856576959
n128_L32_S16,5.32,1,0.0625,0.0739943151164319,0.09686654734523988
n128_L32_S16,5.32,2,0.125,0.059767991878307405,0.07824275426970334
n128_L32_S16,5.32,3,0.1875,0.04502888996380849,0.058947678544216016
n128_L32_S16,5.32,4,0.25,0.03024946366554861,0.039599813846729934
n128_L32_S16,5.32,5,0.3125,0.014938361852036258,0.019555928496988742
n128_L32_S16,5.32,6,0.375,0.004443145981347626,0.005816557797538761
n128_L32_S16,5.32,7,0.4375,0.020269466670250223,0.026534920281200573
n128_L32_S16,5.32,8,0.5,0.039147517511091426,0.05124832701633639
n128_L32_S16,5.32,9,0.5625,0.05901113754292883,0.0772519502302844
n128_L32_S16,5.32,10,0.625,0.07925545989149745,0.10375395387967612
n128_L32_S16,5.32,11,0.6875,0.10025972327515016,0.13125080239165943
n128_L32_S16,5.32,12,0.75,0.1214516083572475,0.1589932679636396
n128_L32_S16,5.32,13,0.8125,0.14530401387607547,0.19021864203260397
n128_L32_S16,5.32,14,0.875,0.1690039074437457,0.22124436149142307
n128_L32_S16,5.32,15,0.9375,0.1930238611030062,0.2526890741656881
n128_L32_S16,5.32,16,1.0,0.2198069433351471,0.2877510204653302
n128_L32_S16,5.36,0,0.0,0.08629264542564291,0.11296638951946707
n128_L32_S16,5.36,1,0.0625,0.0739943181254125,0.09686655128432035
n128_L32_S16,5.36,2,0.125,0.05976799494372973,0.07824275828267213
n128_L32_S16,5.36,3,0.1875,0.045028893134308315,0.0589476826947426
n128_L32_S16,5.36,4,0.25,0.03024946680487514,0.0395998179564473
n128_L32_S16,5.36,5,0.3125,0.014938365010085343,0.019555932631215956
n128_L32_S16,5.36,6,0.375,0.004443142949967434,0.005816553829134804
n128_L32_S16,5.36,7,0.4375,0.020269463229752357,0.02653491577721741
n128_L32_S16,5.36,8,0.5,0.03914751389523216,0.05124832228278622
n128_L32_S16,5.36,9,0.5625,0.059011133855193694,0.07725194540264096
n128_L32_S16,5.36,10,0.625,0.07925545609721454,0.10375394891255016
n128_L32_S16,5.36,11,0.6875,0.10025971935423084,0.13125079725875272
n128_L32_S16,5.36,12,0.75,0.12145160429197539,0.1589932626417595
n128_L32_S16,5.36,13,0.8125,0.14530400969837248,0.1902186365635397
n128_L32_S16,5.36,14,0.875,0.16900390315624922,0.22124435587862729
n128_L32_S16,5.36,15,0.9375,0.1930238567498172,0.2526890684668937
n128_L32_S16,5.36,16,1.0,0.2198069388830012,0.28775101463699054
n128_L32_S16,5.4,0,0.0,0.08629264804500796,0.11296639294849871
n128_L32_S16,5.4,1,0.0625,0.07399432079678128,0.0968665547814305
n128_L32_S16,5.4,2,0.125,0.059767997664638896,0.078242761844636
n128_L32_S16,5.4,3,0.1875,0.045028895948527936,0.05894768637885992
n128_L32_S16,5.4,4,0.25,0.030249469589761255,0.039599821602163895
n128_L32_S16,5.4,5,0.3125,0.014938367810938593,0.019555936297835256
n128_L32_S16,5.4,6,0.375,0.004443140251354936,0.005816550296359685
n128_L32_S16,5.4,7,0.4375,0.020269460177588166,0.026534911781604952
n128_L32_S16,5.4,8,0.5,0.03914751068690905,0.051248318082744874
n128_L32_S16,5.4,9,0.5625,0.059011130583740676,0.07725194111995576
n128_L32_S16,5.4,10,0.625,0.0792554527312279,0.10375394450611022
n128_L32_S16,5.4,11,0.6875,0.1002597158757659,0.13125079270506657
n128_L32_S16,5.4,12,0.75,0.12145160068499412,0.1589932579198316
n128_L32_S16,5.4,13,0.8125,0.1453040059916867,0.19021863171108783
n128_L32_S16,5.4,14,0.875,0.1690038993522274,0.22124435089875202
n128_L32_S16,5.4,15,0.9375,0.1930238528883128,0.25268906341176756
n128_L32_S16,5.4,16,1.0,0.21980693493410225,0.2877510094674554
n128_L32_S16,5.44,0,0.0,0.08629265037137204,0.11296639599396047
n128_L32_S16,5.44,1,0.0625,0.07399432316895226,0.09686655788685841
n128_L32_S16,5.44,2,0.125,0.05976800008029836,0.07824276500699504
n128_L32_S16,5.44,3,0.1875,0.045028898447068505,0.05894768964971928
n128_L32_S16,5.44,4,0.25,0.03024947206078128,0.039599824836995895
n128_L32_S16,5.44,5,0.3125,0.014938370295555208,0.01955593955046666
n128_L32_S16,5.44,6,0.375,0.004443137848453846,0.005816547150702727
n128_L32_S16,5.44,7,0.4375,0.020269457469313752,0.026534908236181345
n128_L32_S16,5.44,8,0.5,0.03914750783954537,0.0512483143552384
n128_L32_S16,5.44,9,0.5625,0.05901112768092014,0.07725193731985026
n128_L32_S16,5.44,10,0.625,0.07925544974451311,0.1037539405961781
n128_L32_S16,5.44,11,0.6875,0.1002597127891234,0.13125078866431827
n128_L32_S16,5.44,12,0.75,0.12145159748390878,0.1589932537292653
n128_L32_S16,5.44,13,0.8125,0.14530400270216132,0.19021862740474393
n128_L32_S16,5.44,14,0.875,0.1690038959763904,0.2212443464794169
n128_L32_S16,5.44,15,0.9375,0.19302384946217663,0.2526890589265854
n128_L32_S16,5.44,16,1.0,0.2198069314307689,0.28775100488121386
n128_L32_S16,5.48,0,0.0,0.08629265243797053,0.11296639869936102
n128_L32_S16,5.48,1,0.0625,0.07399432527590748,0.09686656064509028
n128_L32_S16,5.48,2,0.125,0.059768002225434956,0.07824276781521045
n128_L32_S16,5.48,3,0.1875,0.0450289006658394,0.05894769255432994
n128_L32_S16,5.48,4,0.25,0.03024947425380217,0.03959982770789701
n128_L32_S16,5.48,5,0.3125,0.014938372500134231,0.01955594243649862
n128_L32_S16,5.48,6,0.375,0.004443135708395672,0.005816544349135524
n128_L32_S16,5.48,7,0.4375,0.020269455065641893,0.02653490508951537
n128_L32_S16,5.48,8,0.5,0.03914750531195904,0.051248311046355
n128_L32_S16,5.48,9,0.5625,0.05901112510461376,0.07725193394718706
n128_L32_S16,5.48,10,0.625,0.07925544709373329,0.10375393712602113
n128_L32_S16,5.48,11,0.6875,0.10025971004954683,0.13125078507791674
n128_L32_S16,5.48,12,0.75,0.12145159464239917,0.1589932500094224
n128_L32_S16,5.48,13,0.8125,0.14530399978218397,0.19021862358217834
n128_L32_S16,5.48,14,0.875,0.16900389297985882,0.22124434255663356
n128_L32_S16,5.48,15,0.9375,0.1930238464216337,0.2526890549461864
n128_L32_S16,5.48,16,1.0,0.21980692832202248,0.28775100081152916
n128_L32_S16,5.5200000000000005,0,0.0,0.08629265427421362,0.11296640110320147
n128_L32_S16,5.5200000000000005,1,0.0625,0.07399432714771519,0.09686656309548866
n128_L32_S16,5.5200000000000005,2,0.125,0.0597680041307687,0.07824277030949803
n128_L32_S16,5.5200000000000005,3,0.1875,0.04502890263660846,0.058947695134279415
n128_L32_S16,5.5200000000000005,4,0.25,0.030249476200534222,0.03959983025637945
n128_L32_S16,5.5200000000000005,5,0.3125,0.014938374456674931,0.019555944997821637
n128_L32_S16,5.5200000000000005,6,0.375,0.00444313380201766,0.005816541853480883
n128_L32_S16,5.5200000000000005,7,0.4375,0.020269452931836424,0.02653490229613363
n128_L32_S16,5.5200000000000005,8,0.5,0.03914750306773417,0.051248308108422354
n128_L32_S16,5.5200000000000005,9,0.5625,0.0590111228175793,0.07725193095321203
n128_L32_S16,5.5200000000000005,10,0.625,0.07925544474057375,0.10375393404548122
n128_L32_S16,5.5200000000000005,11,0.6875,0.1002597076174623,0.1312507818940555
n128_L32_S16,5.5200000000000005,12,0.75,0.12145159211950285,0.15899324670667875
n128_L32_S16,5.5200000000000005,13,0.8125,0.1453039971896523,0.19021862018827448
n128_L32_S16,5.5200000000000005,14,0.875,0.16900389031941096,0.22124433907382007
n128_L32_S16,5.5200000000000005,15,0.9375,0.19302384372267692,0.25268905141296055
n128_L32_S16,5.5200000000000005,16,1.0,0.21980692556279685,0.2877509971994049
n128_L32_S16,5.5600000000000005,0,0.0,0.08629265590613745,0.11296640323956596
n128_L32_S16,5.5600000000000005,1,0.0625,0.07399432881098698,0.09686656527289103
n128_L32_S16,5.5600000000000005,2,0.125,0.059768005823483336,0.07824277252544425
n128_L32_S16,5.5600000000000005,3,0.1875,0.04502890438748609,0.05894769742636727
n128_L32_S16,5.5600000000000005,4,0.25,0.0302494779290222,0.03959983251915683
n128_L32_S16,5.5600000000000005,5,0.3125,0.014938376193469438,0.01955594727147316
n128_L32_S16,5.5600000000000005,6,0.375,0.004443132103440688,0.0058165396298602385
n128_L32_S16,5.5600000000000005,7,0.4375,0.020269451037175517,0.026534899815817945
n128_L32_S16,5.5600000000000005,8,0.5,0.03914750107465758,0.05124830549926991
n128_L32_S16,5.5600000000000005,9,0.5625,0.05901112078688332,0.07725192829481176
n128_L32_S16,5.5600000000000005,10,0.625,0.0792554426511496,0.10375393131019943
n128_L32_S16,5.5600000000000005,11,0.6875,0.10025970545787205,0.13125077906691873
n128_L32_S16,5.5600000000000005,12,0.75,0.12145158987899025,0.15899324377360585
n128_L32_S16,5.5600000000000005,13,0.8125,0.14530399488732715,0.1902186171742823
n128_L32_S16,5.5600000000000005,14,0.875,0.16900388795681967,0.221244335980933
n128_L32_S16,5.5600000000000005,15,0.9375,0.19302384132639194,0.25268904827596483
n128_L32_S16,5.5600000000000005,16,1.0,0.2198069231132435,0.2877509939926751
n128_L32_S16,5.6000000000000005,0,0.0,0.08629265735679209,0.1129664051386295
n128_L32_S16,5.6000000000000005,1,0.0625,0.07399433028928151,0.09686656720813817
n128_L32_S16,5.6000000000000005,2,0.125,0.05976800732763827,0.07824277449454545
n128_L32_S16,5.6000000000000005,3,0.1875,0.04502890594335179,0.05894769946316344
n128_L32_S16,5.6000000000000005,4,0.25,0.03024947946407291,0.03959983452870394
n128_L32_S16,5.6000000000000005,5,0.3125,0.01493837773553946,0.019555949290209308
n128_L32_S16,5.6000000000000005,6,0.375,0.004443130589693878,0.005816537648202231
n128_L32_S16,5.6000000000000005,7,0.4375,0.020269449354484284,0.026534897612993446
n128_L32_S16,5.6000000000000005,8,0.5,0.03914749930422948,0.05124830318158838
n128_L32_S16,5.6000000000000005,9,0.5625,0.05901111898339149,0.07725192593384622
n128_L32_S16,5.6000000000000005,10,0.625,0.07925544079548694,0.10375392888093665
n128_L32_S16,5.6000000000000005,11,0.6875,0.1002597035398155,0.1312507765559756
n128_L32_S16,5.6000000000000005,12,0.75,0.1214515878888089,0.1589932411682436
n128_L32_S16,5.6000000000000005,13,0.8125,0.1453039928422642,0.19021861449707408
n128_L32_S16,5.6000000000000005,14,0.875,0.16900388585826573,0.2212443332336993
n128_L32_S16,5.6000000000000005,15,0.9375,0.19302383919835903,0.25268904549014
n128_L32_S16,5.6000000000000005,16,1.0,0.21980692093812165,0.28775099114520575
n128_L32_S16,5.64,0,0.0,0.0862926586465936,0.11296640682711893
n128_L32_S16,5.64,1,0.0625,0.07399433160345759,0.09686656892853654
n128_L32_S16,5.64,2,0.125,0.05976800866453044,0.07824277624468164
n128_L32_S16,5.64,3,0.1875,0.045028907326229724,0.058947701273499964
n128_L32_S16,5.64,4,0.25,0.030249480827634224,0.03959983631375292
n128_L32_S16,5.64,5,0.3125,0.01493837910501813,0.019555951083004744
n128_L32_S16,5.64,6,0.375,0.00444312924038086,0.005816535881805811
n128_L32_S16,5.64,7,0.4375,0.020269447859716978,0.02653489565618166
n128_L32_S16,5.64,8,0.5,0.03914749773123048,0.05124830112236286
n128_L32_S16,5.64,9,0.5625,0.05901111738132959,0.07725192383657423
n128_L32_S16,5.64,10,0.625,0.07925543914706655,0.1037539267229764
n128_L32_S16,5.64,11,0.6875,0.10025970183590042,0.13125077432536683
n128_L32_S16,5.64,12,0.75,0.1214515861205949,0.15899323885346056
n128_L32_S16,5.64,13,0.8125,0.14530399102531172,0.19021861211848712
n128_L32_S16,5.64,14,0.875,0.16900388399382504,0.22124433079294514
n128_L32_S16,5.64,15,0.9375,0.19302383730812722,0.25268904301562245
n128_L32_S16,5.64,16,1.0,0.21980691900625524,0.28775098861618403
n128_L32_S16,5.68,0,0.0,0.08629265979362427,0.11296640832870591
n128_L32_S16,5.68,1,0.0625,0.07399433277198948,0.09686657045827095
n128_L32_S16,5.68,2,0.125,0.05976800985302015,0.07824277780054298
n128_L32_S16,5.68,3,0.1875,0.04502890855562246,0.058947702882907786
n128_L32_S16,5.68,4,0.25,0.03024948203913028,0.03959983789973206
n128_L32_S16,5.68,5,0.3125,0.014938380321488743,0.019555952675496115
n128_L32_S16,5.68,6,0.375,0.004443128037390334,0.00581653430696133
n128_L32_S16,5.68,7,0.4375,0.020269446531595188,0.026534893917526843
n128_L32_S16,5.68,8,0.5,0.03914749633333583,0.051248299292367835
n128_L32_S16,5.68,9,0.5625,0.059011115957885385,0.07725192197313209
n128_L32_S16,5.68,10,0.625,0.07925543768241979,0.10375392480559564
n128_L32_S16,5.68,11,0.6875,0.10025970032188336,0.13125077234335503
n128_L32_S16,5.68,12,0.75,0.12145158454924436,0.15899323679639304
n128_L32_S16,5.68,13,0.8125,0.14530398941066716,0.19021861000474308
n128_L32_S16,5.68,14,0.875,0.16900388233701094,0.22124432862399662
n128_L32_S16,5.68,15,0.9375,0.19302383562875036,0.25268904081713683
n128_L32_S16,5.68,16,1.0,0.21980691729005897,0.2877509863694978
n128_L32_S16,5.72,0,0.0,0.08629266081390576,0.11296640966436454
n128_L32_S16,5.72,1,0.0625,0.07399433381124257,0.09686657181876544
n128_L32_S16,5.72,2,0.125,0.05976801090980967,0.07824277918399455
n128_L32_S16,5.72,3,0.1875,0.04502890964880337,0.05894770431399963
n128_L32_S16,5.72,4,0.25,0.030249483115754285,0.03959983930914912
n128_L32_S16,5.72,5,0.3125,0.014938381402281424,0.019555954090370423
n128_L32_S16,5.72,6,0.375,0.004443126964634018,0.0058165329026074915
n128_L32_S16,5.72,7,0.4375,0.020269445351282774,0.026534892372370462
n128_L32_S16,5.72,8,0.5,0.03914749509078172,0.05124829766573035
n128_L32_S16,5.72,9,0.5625,0.05901111469286723,0.07725192031708675
n128_L32_S16,5.72,10,0.625,0.07925543638077172,0.1037539231015978
n128_L32_S16,5.72,11,0.6875,0.10025969897630456,0.1312507705818471
n128_L32_S16,5.72,12,0.75,0.12145158315253132,0.15899323496794487
n128_L32_S16,5.72,13,0.8125,0.14530398797548702,0.1902186081259373
n128_L32_S16,5.72,14,0.875,0.16900388086437643,0.22124432669615904
n128_L32_S16,5.72,15,0.9375,0.19302383413637836,0.2526890388634608
n128_L32_S16,5.72,16,1.0,0.2198069157651194,0.2877509843731873
n128_L32_S16,5.76,0,0.0,0.0862926617216374,0.11296641085268326
n128_L32_S16,5.76,1,0.0625,0.07399433473571757,0.09686657302900302
n128_L32_S16,5.76,2,0.125,0.05976801184969562,0.07824278041440674
n128_L32_S16,5.76,3,0.1875,0.045028910621074315,0.058947705586807266
n128_L32_S16,5.76,4,0.25,0.030249484072727685,0.03959984056193062
n128_L32_S16,5.76,5,0.3125,0.014938382362737423,0.019555955347711023
n128_L32_S16,5.76,6,0.375,0.0044431260078184485,0.005816531650032608
n128_L32_S16,5.76,7,0.4375,0.020269444302101005,0.02653489099887825
n128_L32_S16,5.76,8,0.5,0.03914749398606605,0.05124829621953827
n128_L32_S16,5.76,9,0.5625,0.05901111356839747,0.07725191884503442
n128_L32_S16,5.76,10,0.625,0.07925543522372988,0.1037539215869051
n128_L32_S16,5.76,11,0.6875,0.10025969778016348,0.13125076901596927
n128_L32_S16,5.76,12,0.75,0.12145158191077485,0.1589932333423516
n128_L32_S16,5.76,13,0.8125,0.14530398669954514,0.19021860645559163
n128_L32_S16,5.76,14,0.875,0.1690038795551599,0.22124432498225327
n128_L32_S16,5.76,15,0.9375,0.19302383280989635,0.2526890371269526
n128_L32_S16,5.76,16,1.0,0.21980691440982594,0.2877509825989618
n128_L32_S16,5.8,0,0.0,0.08629266252940512,0.11296641191013843
n128_L32_S16,5.8,1,0.0625,0.0739943355582663,0.09686657410580812
n128_L32_S16,5.8,2,0.125,0.0597680126857896,0.07824278150894404
n128_L32_S16,5.8,3,0.1875,0.045028911485993715,0.05894770671908014
n128_L32_S16,5.8,4,0.25,0.030249484923531748,0.039599841675724994
n128_L32_S16,5.8,5,0.3125,0.014938383216438528,0.01955595646529794
n128_L32_S16,5.8,6,0.375,0.004443125154239915,0.0058165305326061505
n128_L32_S16,5.8,7,0.4375,0.020269443369281496,0.0265348897777168
n128_L32_S16,5.8,8,0.5,0.03914749300368479,0.051248294933495135
n128_L32_S16,5.8,9,0.5625,0.059011112568644865,0.07725191753625033
n128_L32_S16,5.8,10,0.625,0.07925543419500562,0.10375392024019399
n128_L32_S16,5.8,11,0.6875,0.10025969671663142,0.13125076762369098
n128_L32_S16,5.8,12,0.75,0.12145158080654338,0.15899323189679337
n128_L32_S16,5.8,13,0.8125,0.14530398556492646,0.19021860497025328
n128_L32_S16,5.8,14,0.875,0.1690038783909731,0.22124432345820705
n128_L32_S16,5.8,15,0.9375,0.19302383163060785,0.25268903558313666
n128_L32_S16,5.8,16,1.0,0.2198069132050433,0.28775098102177127
n128_L32_S16,5.84,0,0.0,0.0862926632483676,0.11296641285133793
n128_L32_S16,5.84,1,0.0625,0.07399433629028074,0.09686657506409406
n128_L32_S16,5.84,2,0.125,0.05976801342971101,0.07824278248281748
n128_L32_S16,5.84,3,0.1875,0.04502891225557828,0.05894770772654942
n128_L32_S16,5.84,4,0.25,0.03024948568010725,0.039599842666164016
n128_L32_S16,5.84,5,0.3125,0.014938383975413137,0.019555957458877646
n128_L32_S16,5.84,6,0.375,0.004443124392609596,0.005816529535549833
n128_L32_S16,5.84,7,0.4375,0.020269442539739387,0.026534888691756617
n128_L32_S16,5.84,8,0.5,0.03914749212990475,0.05124829378962273
n128_L32_S16,5.84,9,0.5625,0.05901111167958444,0.07725191637237425
n128_L32_S16,5.84,10,0.625,0.07925543328017046,0.10375391904257598
n128_L32_S16,5.84,11,0.6875,0.10025969577080378,0.13125076638550048
n128_L32_S16,5.84,12,0.75,0.12145157982439399,0.15899323061105378
n128_L32_S16,5.84,13,0.8125,0.1453039845557582,0.19021860364914306
n128_L32_S16,5.84,14,0.875,0.16900387735552505,0.22124432210269376
n128_L32_S16,5.84,15,0.9375,0.19302383058195158,0.25268903421033234
n128_L32_S16,5.84,16,1.0,0.2198069121338251,0.287750979619431
n128_L32_S16,5.88,0,0.0,0.08629266388842131,0.11296641368923735
n128_L32_S16,5.88,1,0.0625,0.07399433694186239,0.09686657591708478
n128_L32_S16,5.88,2,0.125,0.059768014091760926,0.07824278334951229
n128_L32_S16,5.88,3,0.1875,0.04502891294048158,0.05894770862316179
n128_L32_S16,5.88,4,0.25,0.03024948635303247,0.039599843547095774
n128_L32_S16,5.88,5,0.3125,0.014938384650315292,0.01955595834239743
n128_L32_S16,5.88,6,0.375,0.004443123712886513,0.00581652864571893
n128_L32_S16,5.88,7,0.4375,0.020269441801884266,0.026534887725824602
n128_L32_S16,5.88,8,0.5,0.03914749135255291,0.05124829277198524
n128_L32_S16,5.88,9,0.5625,0.05901111088879179,0.07725191533714128
n128_L32_S16,5.88,10,0.625,0.07925543246644189,0.10375391797731744
n128_L32_S16,5.88,11,0.6875,0.10025969492947227,0.1312507652841067
n128_L32_S16,5.88,12,0.75,0.12145157895064089,0.15899322946721664
n128_L32_S16,5.88,13,0.8125,0.14530398365797742,0.1902186024738511
n128_L32_S16,5.88,14,0.875,0.16900387643438114,0.22124432089681692
n128_L32_S16,5.88,15,0.9375,0.19302382964925624,0.2526890329893335
n128_L32_S16,5.88,16,1.0,0.2198069111811576,0.2877509783722864
n128_L32_S16,5.92,0,0.0,0.08629266445834344,0.11296641443532694
n128_L32_S16,5.92,1,0.0625,0.07399433752196978,0.096866576676508
n128_L32_S16,5.92,2,0.125,0.059768014681073046,0.07824278412098548
n128_L32_S16,5.92,3,0.1875,0.045028913550149194,0.05894770942128252
n128_L32_S16,5.92,4,0.25,0.03024948695168341,0.03959984433079449
n128_L32_S16,5.92,5,0.3125,0.014938385250584994,0.01955595912821528
n128_L32_S16,5.92,6,0.375,0.004443123106145386,0.0058165278514292875
n128_L32_S16,5.92,7,0.4375,0.020269441145443302,0.026534886866472505
n128_L32_S16,5.92,8,0.5,0.03914749066084254,0.05124829186646168
n128_L32_S16,5.92,9,0.5625,0.059011110185256274,0.07725191441613734
n128_L32_S16,5.92,10,0.625,0.07925543174249097,0.10375391702958753
n128_L32_S16,5.92,11,0.6875,0.10025969418093293,0.1312507643041879
n128_L32_S16,5.92,12,0.75,0.12145157817315588,0.15899322844940483
n128_L32_S16,5.92,13,0.8125,0.14530398285911927,0.19021860142805955
n128_L32_S16,5.92,14,0.875,0.1690038756147475,0.221244319823828
n128_L32_S16,5.92,15,0.9375,0.19302382881952176,0.2526890319031215
n128_L32_S16,5.92,16,1.0,0.219806910333741,0.2877509772629266
n128_L32_S16,5.96,0,0.0,0.08629266496592271,0.112966415099803
n128_L32_S16,5.96,1,0.0625,0.0739943380385496,0.09686657735276676
n128_L32_S16,5.96,2,0.125,0.05976801520574808,0.07824278480784175
n128_L32_S16,5.96,3,0.1875,0.04502891409295808,0.05894771013187796
n128_L32_S16,5.96,4,0.25,0.030249487484368898,0.03959984502813731
n128_L32_S16,5.96,5,0.3125,0.014938385784587066,0.019555959827281647
n128_L32_S16,5.96,6,0.375,0.004443122564444342,0.005816527142284135
n128_L32_S16,5.96,7,0.4375,0.02026944056131016,0.02653488610177916
n128_L32_S16,5.96,8,0.5,0.03914749004520888,0.051248291060530755
n128_L32_S16,5.96,9,0.5625,0.059011109559217345,0.07725191359658479
n128_L32_S16,5.96,10,0.625,0.07925543109827667,0.10375391618624144
n128_L32_S16,5.96,11,0.6875,0.10025969351481062,0.13125076343216188
n128_L32_S16,5.96,12,0.75,0.1214515774811851,0.15899322754354037
n128_L32_S16,5.96,13,0.8125,0.14530398214813298,0.19021860049730172
n128_L32_S16,5.96,14,0.875,0.16900387488528337,0.22124431886888068
n128_L32_S16,5.96,15,0.9375,0.19302382808122556,0.252689030936612
n128_L32_S16,5.96,16,1.0,0.2198069095797872,0.28775097627591967
n128_L32_S16,6.0,0,0.0,0.08629266541806978,0.11296641569171234
n128_L32_S16,6.0,1,0.0625,0.07399433849865272,0.09686657795509142
n128_L32_S16,6.0,2,0.125,0.05976801567297107,0.0782427854194871
n128_L32_S16,6.0,3,0.1875,0.045028914576341006,0.0589477107646784
n128_L32_S16,6.0,4,0.25,0.030249487958457125,0.039599845648769984
n128_L32_S16,6.0,5,0.3125,0.014938386259736302,0.019555960449303297
n128_L32_S16,6.0,6,0.375,0.00444312208071947,0.005816526509036053
n128_L32_S16,6.0,7,0.4375,0.020269440041411815,0.02653488542117609
n128_L32_S16,6.0,8,0.5,0.03914748949717082,0.05124829034308977
n128_L32_S16,6.0,9,0.5625,0.05901110900202267,0.0772519128671568
n128_L32_S16,6.0,10,0.625,0.0792554305248963,0.10375391543562464
n128_L32_S16,6.0,11,0.6875,0.10025969292190605,0.1312507626559858
n128_L32_S16,6.0,12,0.75,0.12145157686519478,0.15899322673714253
n128_L32_S16,6.0,13,0.8125,0.14530398151521987,0.19021859966875013
n128_L32_S16,6.0,14,0.875,0.1690038742359319,0.22124431801880953
n128_L32_S16,6.0,15,0.9375,0.19302382742415283,0.25268903007643284
n128_L32_S16,6.0,16,1.0,0.21980690890884658,0.28775097539758593
n128_L32_S16,6.04,0,0.0,0.08629266582091961,0.11296641621908626
n128_L32_S16,6.04,1,0.0625,0.07399433890853725,0.09686657849167452
n128_L32_S16,6.04,2,0.125,0.05976801608911876,0.07824278596426935
n128_L32_S16,6.04,3,0.1875,0.04502891500689107,0.05894771132831491
n128_L32_S16,6.04,4,0.25,0.030249488380479975,0.039599846201243454
n128_L32_S16,6.04,5,0.3125,0.01493838668260564,0.019555961002884915
n128_L32_S16,6.04,6,0.375,0.004443121648684241,0.005816525943455293
n128_L32_S16,6.04,7,0.4375,0.020269439578589097,0.026534884815291183
n128_L32_S16,6.04,8,0.5,0.0391474890092053,0.05124828970429021
n128_L32_S16,6.04,9,0.5625,0.05901110850599786,0.07725191221780676
n128_L32_S16,6.04,10,0.625,0.07925543001445519,0.10375391476740212
n128_L32_S16,6.04,11,0.6875,0.10025969239406209,0.13125076196498103
n128_L32_S16,6.04,12,0.75,0.12145157631672678,0.1589932260191387
n128_L32_S16,6.04,13,0.8125,0.14530398095168862,0.19021859893102688
n128_L32_S16,6.04,14,0.875,0.16900387365777395,0.22124431726193833
n128_L32_S16,6.04,15,0.9375,0.19302382683924543,0.25268902931072595
n128_L32_S16,6.04,16,1.0,0.21980690831165342,0.28775097461579563
n128_L32_S16,6.08,0,0.0,0.08629266617991815,0.11296641668905412
n128_L32_S16,6.08,1,0.0625,0.07399433927375769,0.0968665789697875
n128_L32_S16,6.08,2,0.125,0.05976801645984912,0.07824278644959541
n128_L32_S16,6.08,3,0.1875,0.04502891539046104,0.05894771183044942
n128_L32_S16,6.08,4,0.25,0.030249488756233543,0.039599846693145445
n128_L32_S16,6.08,5,0.3125,0.0149383870590256,0.019555961495659285
n128_L32_S16,6.08,6,0.375,0.0044431212627448055,0.005816525438218903
n128_L32_S16,6.08,7,0.4375,0.020269439166491775,0.0265348842758113
n128_L32_S16,6.08,8,0.5,0.039147488574637984,0.051248289135394684
n128_L32_S16,6.08,9,0.5625,0.05901110806433692,0.0772519116396249
n128_L32_S16,6.08,10,0.625,0.07925542955995035,0.10375391417240622
n128_L32_S16,6.08,11,0.6875,0.10025969192404104,0.13125076134967273
n128_L32_S16,6.08,12,0.75,0.12145157582827924,0.15899322537970814
n128_L32_S16,6.08,13,0.8125,0.1453039804498297,0.19021859827403936
n128_L32_S16,6.08,14,0.875,0.16900387314289733,0.22124431658790925
n128_L32_S16,6.08,15,0.9375,0.1930238263184686,0.2526890286289728
n128_L32_S16,6.08,16,1.0,0.21980690777999265,0.28775097391979426
n128_L32_S16,6.12,0,0.0,0.08629266649990139,0.11296641710794672
n128_L32_S16,6.12,1,0.0625,0.07399433959924516,0.09686657939588574
n128_L32_S16,6.12,2,0.125,0.05976801679018548,0.07824278688204138
n128_L32_S16,6.12,3,0.1875,0.04502891573224631,0.05894771227788324
n128_L32_S16,6.12,4,0.25,0.030249489090857437,0.03959984713120425
n128_L32_S16,6.12,5,0.3125,0.014938387394165694,0.01955596193439385
n128_L32_S16,6.12,6,0.375,0.004443120917917749,0.005816524986803057
n128_L32_S16,6.12,7,0.4375,0.020269438799485236,0.026534883795360113
n128_L32_S16,6.12,8,0.5,0.0391474881875475,0.051248288628651446
n128_L32_S16,6.12,9,0.5625,0.05901110767100155,0.07725191112470645
n128_L32_S16,6.12,10,0.625,0.07925542915516916,0.10375391364250393
n128_L32_S16,6.12,11,0.6875,0.10025969150542453,0.13125076080165854
n128_L32_S16,6.12,12,0.75,0.12145157539319477,0.15899322481013559
n128_L32_S16,6.12,13,0.8125,0.1453039800028027,0.19021859768883276
n128_L32_S16,6.12,14,0.875,0.16900387268428188,0.2212443159875321
n128_L32_S16,6.12,15,0.9375,0.19302382585469638,0.2526890280218449
n128_L32_S16,6.12,16,1.0,0.2198069073065748,0.2877509733000392
n128_L32_S16,6.16,0,0.0,0.0862926667851654,0.1129664174813881
n128_L32_S16,6.16,1,0.0625,0.07399433988938045,0.09686657977570416
n128_L32_S16,6.16,2,0.125,0.059768017084587836,0.07824278726744585
n128_L32_S16,6.16,3,0.1875,0.045028916036859185,0.05894771267665438
n128_L32_S16,6.16,4,0.25,0.030249489388914613,0.039599847521393276
n128_L32_S16,6.16,5,0.3125,0.014938387692613788,0.019555962325094628
n128_L32_S16,6.16,6,0.375,0.004443120609767601,0.005816524583401244
n128_L32_S16,6.16,7,0.4375,0.020269438472569894,0.026534883367392636
n128_L32_S16,6.16,8,0.5,0.03914748784267673,0.05124828817717837
n128_L32_S16,6.16,9,0.5625,0.059011107320633,0.07725191066603618
n128_L32_S16,6.16,10,0.625,0.07925542879459861,0.10375391317047815
n128_L32_S16,6.16,11,0.6875,0.10025969113251414,0.13125076031347857
n128_L32_S16,6.16,12,0.75,0.12145157500556482,0.15899322430268614
n128_L32_S16,6.16,13,0.8125,0.14530397960453426,0.19021859716745637
n128_L32_S16,6.16,14,0.875,0.16900387227569505,0.22124431545264783
n128_L32_S16,6.16,15,0.9375,0.19302382544160473,0.25268902748106337
n128_L32_S16,6.16,16,1.0,0.2198069068849337,0.28775097274806544
n128_L32_S16,6.2,0,0.0,0.08629266703952619,0.11296641781437385
n128_L32_S16,6.2,1,0.0625,0.07399434014805305,0.09686658011433452
n128_L32_S16,6.2,2,0.125,0.05976801734701586,0.07824278761099246
n128_L32_S16,6.2,3,0.1875,0.045028916308395846,0.05894771303212518
n128_L32_S16,6.2,4,0.25,0.030249489654453152,0.03959984786901189
n128_L32_S16,6.2,5,0.3125,0.014938387958439334,0.019555962673088966
n128_L32_S16,6.2,6,0.375,0.004443120334344163,0.0058165242228422264
n128_L32_S16,6.2,7,0.4375,0.020269438181308858,0.026534882986100492
n128_L32_S16,6.2,8,0.5,0.03914748753535989,0.05124828777486745
n128_L32_S16,6.2,9,0.5625,0.059011107008474915,0.07725191025738755
n128_L32_S16,6.2,10,0.625,0.07925542847334596,0.10375391274992375
n128_L32_S16,6.2,11,0.6875,0.10025969080025206,0.13125075987851162
n128_L32_S16,6.2,12,0.75,0.12145157466014339,0.1589932238504922
n128_L32_S16,6.2,13,0.8125,0.14530397924963617,0.19021859670285646
n128_L32_S16,6.2,14,0.875,0.1690038719116075,0.22124431497601793
n128_L32_S16,6.2,15,0.9375,0.19302382507358073,0.2526890269992802
n128_L32_S16,6.2,16,1.0,0.2198069065093307,0.2877509722563606
n128_L32_S16,6.24,0,0.0,0.08629266726637612,0.11296641811134489
n128_L32_S16,6.24,1,0.0625,0.07399434037871995,0.0968665804163024
n128_L32_S16,6.24,2,0.125,0.05976801758098897,0.07824278791728853
n128_L32_S16,6.24,3,0.1875,0.045028916550495686,0.058947713349060016
n128_L32_S16,6.24,4,0.25,0.030249489891068643,0.03959984817876711
n128_L32_S16,6.24,5,0.3125,0.014938388195256355,0.019555962983108015
n128_L32_S16,6.24,6,0.375,0.004443120088129022,0.0058165239005200245
n128_L32_S16,6.24,7,0.4375,0.02026943792176038,0.026534882646323515
n128_L32_S16,6.24,8,0.5,0.03914748726145384,0.051248287416294856
n128_L32_S16,6.24,9,0.5625,0.05901110673030453,0.07725190989323248
n128_L32_S16,6.24,10,0.625,0.07925542818706552,0.10375391237515173
n128_L32_S16,6.24,11,0.6875,0.10025969050414898,0.13125075949088075
n128_L32_S16,6.24,12,0.75,0.1214515743522733,0.158993223447457
n128_L32_S16,6.24,13,0.8125,0.14530397893332112,0.1902185962887659
n128_L32_S16,6.24,14,0.875,0.1690038715871066,0.2212443145512112
n128_L32_S16,6.24,15,0.9375,0.1930238247456421,0.2526890265699731
n128_L32_S16,6.24,16,1.0,0.21980690617467194,0.2877509718182561
n128_L32_S16,6.28,0,0.0,0.08629266746872699,0.11296641837624403
n128_L32_S16,6.28,1,0.0625,0.07399434058445203,0.09686658068562791
n128_L32_S16,6.28,2,0.125,0.05976801778963264,0.07824278819042561
n128_L32_S16,6.28,3,0.1875,0.04502891676639123,0.05894771363169059
n128_L32_S16,6.28,4,0.25,0.03024949010195207,0.03959984845483629
n128_L32_S16,6.28,5,0.3125,0.014938388406270944,0.019555963259348896
n128_L32_S16,6.28,6,0.375,0.004443119867984524,0.005816523612327109
n128_L32_S16,6.28,7,0.4375,0.020269437690427935,0.026534882343484365
n128_L32_S16,6.28,8,0.5,0.03914748701727717,0.05124828709664123
n128_L32_S16,6.28,9,0.5625,0.059011106482373066,0.07725190956866343
n128_L32_S16,6.28,10,0.625,0.07925542793190044,0.10375391204111309
n128_L32_S16,6.28,11,0.6875,0.10025969024021741,0.13125075914536583
n128_L32_S16,6.28,12,0.75,0.12145157407781836,0.15899322308816585
n128_L32_S16,6.28,13,0.8125,0.1453039786513398,0.1902185959196219
n128_L32_S16,6.28,14,0.875,0.1690038712978313,0.22124431417251858
n128_L32_S16,6.28,15,0.9375,0.19302382445336413,0.25268902618734973
n128_L32_S16,6.28,16,1.0,0.21980690587643423,0.28775097142783074
n128_L32_S16,6.32,0,0.0,0.08629266764925975,0.1129664186125809
n128_L32_S16,6.32,1,0.0625,0.07399434076798041,0.09686658092588636
n128_L32_S16,6.32,2,0.125,0.05976801797572368,0.07824278843403888
n128_L32_S16,6.32,3,0.1875,0.045028916958955986,0.058947713883778646
n128_L32_S16,6.32,4,0.25,0.03024949028993829,0.03959984870093054
n128_L32_S16,6.32,5,0.3125,0.014938388594330927,0.019555963505539717
n128_L32_S16,6.32,6,0.375,0.004443119671116666,0.005816523354605828
n128_L32_S16,6.32,7,0.4375,0.020269437484202627,0.026534882073513174
n128_L32_S16,6.32,8,0.5,0.039147486799562356,0.05124828681162904
n128_L32_S16,6.32,9,0.5625,0.05901110626134948,0.07725190927931969
n128_L32_S16,6.32,10,0.625,0.07925542770442368,0.10375391174332145
n128_L32_S16,6.32,11,0.6875,0.10025969000491616,0.1312507588373311
n128_L32_S16,6.32,12,0.75,0.12145157383310418,0.15899322276780856
n128_L32_S16,6.32,13,0.8125,0.14530397839991488,0.19021859559047954
n128_L32_S16,6.32,14,0.875,0.16900387103990666,0.22124431383486742
n128_L32_S16,6.32,15,0.9375,0.1930238241928182,0.25268902584626696
n128_L32_S16,6.32,16,1.0,0.21980690561060218,0.2877509710798279
n128_L32_S16,6.36,0,0.0,0.08629266781035691,0.11296641882347448
n128_L32_S16,6.36,1,0.0625,0.07399434093173138,0.09686658114025407
n128_L32_S16,6.36,2,0.125,0.05976801814173251,0.07824278865136236
n128_L32_S16,6.36,3,0.1875,0.045028917130743404,0.05894771410866692
n128_L32_S16,6.36,4,0.25,0.030249490457545936,0.03959984892034705
n128_L32_S16,6.36,5,0.3125,0.014938388761966683,0.01955596372499302
n128_L32_S16,6.36,6,0.375,0.004443119495034888,0.005816523124095769
n128_L32_S16,6.36,7,0.4375,0.020269437300325436,0.026534881832798077
n128_L32_S16,6.36,8,0.5,0.039147486605402786,0.0512482865574532
n128_L32_S16,6.36,9,0.5625,0.05901110606427616,0.07725190902132945
n128_L32_S16,6.36,10,0.625,0.07925542750159172,0.10375391147779252
n128_L32_S16,6.36,11,0.6875,0.10025968979509846,0.13125075856265705
n128_L32_S16,6.36,12,0.75,0.12145157361486489,0.1589932224821098
n128_L32_S16,6.36,13,0.8125,0.14530397817569315,0.1902185952969491
n128_L32_S16,6.36,14,0.875,0.1690038708098915,0.2212443135337527
n128_L32_S16,6.36,15,0.9375,0.19302382396051362,0.25268902554215517
n128_L32_S16,6.36,16,1.0,0.21980690537360772,0.28775097076957656
n128_L32_S16,6.4,0,0.0,0.08629266795413669,0.11296641901169774
n128_L32_S16,6.4,1,0.0625,0.07399434107786354,0.09686658133155684
n128_L32_S16,6.4,2,0.125,0.05976801828985329,0.07824278884526846
n128_L32_S16,6.4,3,0.1875,0.04502891728402443,0.05894771430932834
n128_L32_S16,6.4,4,0.25,0.030249490607012864,0.0395998491160154
n128_L32_S16,6.4,5,0.3125,0.014938388911424004,0.019555963920648792
n128_L32_S16,6.4,6,0.375,0.004443119337516863,0.005816522917887668
n128_L32_S16,6.4,7,0.4375,0.020269437136342102,0.02653488161812619
n128_L32_S16,6.4,8,0.5,0.039147486432217986,0.051248286330735596
n128_L32_S16,6.4,9,0.5625,0.05901110588852359,0.07725190879125035
n128_L32_S16,6.4,10,0.625,0.07925542732070012,0.1037539112409859
n128_L32_S16,6.4,11,0.6875,0.10025968960796844,0.13125075831768365
n128_L32_S16,6.4,12,0.75,0.12145157342019938,0.1589932222272716
n128_L32_S16,6.4,13,0.8125,0.1453039779756913,0.1902185950351251
n128_L32_S16,6.4,14,0.875,0.1690038706047249,0.22124431326516752
n128_L32_S16,6.4,15,0.9375,0.19302382375334898,0.2526890252709543
n128_L32_S16,6.4,16,1.0,0.21980690516228282,0.28775097049292947
n128_L32_S16,6.44,0,0.0,0.08629266808248384,0.11296641917971802
n128_L32_S16,6.44,1,0.0625,0.07399434120829697,0.09686658150230829
n128_L32_S16,6.44,2,0.125,0.05976801842203852,0.07824278901831319
n128_L32_S16,6.44,3,0.1875,0.045028917420818645,0.05894771448840673
n128_L32_S16,6.44,4,0.25,0.03024949074032688,0.039599849290537836
n128_L32_S16,6.44,5,0.3125,0.014938389044700177,0.01955596409512169
n128_L32_S16,6.44,6,0.375,0.004443119196583234,0.005816522733390331
n128_L32_S16,6.44,7,0.4375,0.020269436990072897,0.026534881426644008
n128_L32_S16,6.44,8,0.5,0.039147486277712445,0.05124828612847116
n128_L32_S16,6.44,9,0.5625,0.05901110573175541,0.07725190858602388
n128_L32_S16,6.44,10,0.625,0.07925542715934387,0.10375391102975315
n128_L32_S16,6.44,11,0.6875,0.1002596894410414,0.13125075809915812
n128_L32_S16,6.44,12,0.75,0.12145157324652818,0.15899322199991725
n128_L32_S16,6.44,13,0.8125,0.1453039777972606,0.19021859480154002
n128_L32_S16,6.44,14,0.875,0.16900387042168769,0.22124431302555203
n128_L32_S16,6.44,15,0.9375,0.1930238235685696,0.25268902502905816
n128_L32_S16,6.44,16,1.0,0.21980690497381009,0.2877509702461983
n128_L32_S16,6.48,0,0.0,0.08629266819707532,0.11296641932973063
n128_L32_S16,6.48,1,0.0625,0.07399434132473869,0.09686658165474306
n128_L32_S16,6.48,2,0.125,0.05976801854002366,0.07824278917276847
n128_L32_S16,6.48,3,0.1875,0.04502891754292129,0.05894771464825228
n128_L32_S16,6.48,4,0.25,0.03024949085925655,0.039599849446229615
n128_L32_S16,6.48,5,0.3125,0.014938389163568806,0.01955596425073356
n128_L32_S16,6.48,6,0.375,0.00444311907046639,0.005816522568289767
n128_L32_S16,6.48,7,0.4375,0.020269436859580315,0.02653488125581513
n128_L32_S16,6.48,8,0.5,0.039147486139845956,0.051248285947989046
n128_L32_S16,6.48,9,0.5625,0.05901110559189476,0.07725190840293118
n128_L32_S16,6.48,10,0.625,0.07925542701538764,0.1037539108412989
n128_L32_S16,6.48,11,0.6875,0.1002596892921073,0.1312507579041873
n128_L32_S16,6.48,12,0.75,0.12145157309155788,0.1589932217970444
n128_L32_S16,6.48,13,0.8125,0.14530397763804406,0.1902185945931084
n128_L32_S16,6.48,14,0.875,0.16900387025836294,0.2212443128117423
n128_L32_S16,6.48,15,0.9375,0.19302382340372426,0.2526890248132578
n128_L32_S16,6.48,16,1.0,0.21980690480568674,0.28775097002610667
n128_L32_S16,6.5200000000000005,0,0.0,0.0862926682994039,0.11296641946368978
n128_L32_S16,6.5200000000000005,1,0.0625,0.07399434142870898,0.09686658179085139
n128_L32_S16,6.5200000000000005,2,0.125,0.05976801864535372,0.0782427893106569
n128_L32_S16,6.5200000000000005,3,0.1875,0.04502891765192953,0.058947714790955834
n128_L32_S16,6.5200000000000005,4,0.25,0.030249490965373226,0.039599849585147805
n128_L32_S16,6.5200000000000005,5,0.3125,0.014938389269607208,0.019555964389549277
n128_L32_S16,6.5200000000000005,6,0.375,0.0044431189575905305,0.005816522420523079
n128_L32_S16,6.5200000000000005,7,0.4375,0.02026943674314032,0.0265348811033826
n128_L32_S16,6.5200000000000005,8,0.5,0.03914748601680389,0.05124828578691369
n128_L32_S16,6.5200000000000005,9,0.5625,0.0590111054670955,0.07725190823955548
n128_L32_S16,6.5200000000000005,10,0.625,0.07925542688692974,0.10375391067313364
n128_L32_S16,6.5200000000000005,11,0.6875,0.1002596891592035,0.1312507577302019
n128_L32_S16,6.5200000000000005,12,0.75,0.12145157295324946,0.15899322161598375
n128_L32_S16,6.5200000000000005,13,0.8125,0.14530397749594567,0.19021859440708624
n128_L32_S16,6.5200000000000005,14,0.875,0.16900387011259962,0.2212443126209224
n128_L32_S16,6.5200000000000005,15,0.9375,0.19302382325663456,0.2526890246207015
n128_L32_S16,6.5200000000000005,16,1.0,0.21980690465568778,0.28775096982974185
n128_L32_S16,6.5600000000000005,0,0.0,0.0862926683907978,0.11296641958333427
n128_L32_S16,6.5600000000000005,1,0.0625,0.0739943415215592,0.09686658191240237
n128_L32_S16,6.5600000000000005,2,0.125,0.059768018739402594,0.07824278943377702
n128_L32_S16,6.5600000000000005,3,0.1875,0.04502891774926586,0.05894771491837959
n128_L32_S16,6.5600000000000005,4,0.25,0.030249491060074202,0.0395998497091216
n128_L32_S16,6.5600000000000005,5,0.3125,0.014938389364217474,0.019555964513404328
n128_L32_S16,6.5600000000000005,6,0.375,0.004443118856548628,0.00581652228824832
n128_L32_S16,6.5600000000000005,7,0.4375,0.02026943663922186,0.02653488096734212
n128_L32_S16,6.5600000000000005,8,0.5,0.0391474859069721,0.05124828564313202
n128_L32_S16,6.5600000000000005,9,0.5625,0.05901110535571465,0.07725190809374592
n128_L32_S16,6.5600000000000005,10,0.625,0.07925542677228166,0.10375391052304692
n128_L32_S16,6.5600000000000005,11,0.6875,0.1002596890405814,0.13125075757491275
n128_L32_S16,6.5600000000000005,12,0.75,0.12145157282978833,0.1589932214543598
n128_L32_S16,6.5600000000000005,13,0.8125,0.14530397736910208,0.1902185942410343
n128_L32_S16,6.5600000000000005,14,0.875,0.16900386998248587,0.22124431245058943
n128_L32_S16,6.5600000000000005,15,0.9375,0.193023823125365,0.2526890244488555
n128_L32_S16,6.5600000000000005,16,1.0,0.21980690452183466,0.2877509696545137
n128_L32_S16,6.6000000000000005,0,0.0,0.08629266847243952,0.1129664196902121
n128_L32_S16,6.6000000000000005,1,0.0625,0.07399434160449431,0.09686658202097337
n128_L32_S16,6.6000000000000005,2,0.125,0.05976801882339385,0.07824278954373065
n128_L32_S16,6.6000000000000005,3,0.1875,0.04502891783619513,0.058947715032179396
n128_L32_S16,6.6000000000000005,4,0.25,0.030249491144603496,0.03959984981977958
n128_L32_S16,6.6000000000000005,5,0.3125,0.014938389448647263,0.01955596462393204
n128_L32_S16,6.6000000000000005,6,0.375,0.0044431187660874324,0.005816522169824849
n128_L32_S16,6.6000000000000005,7,0.4375,0.020269436546460497,0.02653488084590748
n128_L32_S16,6.6000000000000005,8,0.5,0.03914748580891501,0.0512482855147647
n128_L32_S16,6.6000000000000005,9,0.5625,0.059011105256291586,0.0772519079635904
n128_L32_S16,6.6000000000000005,10,0.625,0.07925542666993905,0.10375391038906939
n128_L32_S16,6.6000000000000005,11,0.6875,0.10025968893468741,0.1312507574362861
n128_L32_S16,6.6000000000000005,12,0.75,0.1214515727195606,0.1589932213100598
n128_L32_S16,6.6000000000000005,13,0.8125,0.14530397725585464,0.1902185940927812
n128_L32_S16,6.6000000000000005,14,0.875,0.16900386986632074,0.22124431229851674
n128_L32_S16,6.6000000000000005,15,0.9375,0.19302382300819207,0.25268902429546347
n128_L32_S16,6.6000000000000005,16,1.0,0.2198069044023672,0.28775096949811785
n128_L32_S16,6.640000000000001,0,0.0,0.08629266854538208,0.11296641978570178
n128_L32_S16,6.640000000000001,1,0.0625,0.07399434167858467,0.09686658211796566
n128_L32_S16,6.640000000000001,2,0.125,0.059768018898416125,0.07824278964194291
n128_L32_S16,6.640000000000001,3,0.1875,0.04502891791384407,0.05894771513383024
n128_L32_S16,6.640000000000001,4,0.25,0.030249491220066746,0.039599849918569116
n128_L32_S16,6.640000000000001,5,0.3125,0.014938389524005028,0.019555964722583488
n128_L32_S16,6.640000000000001,6,0.375,0.00444311868508523,0.00581652206378422
n128_L32_S16,6.640000000000001,7,0.4375,0.020269436463643705,0.02653488073749136
n128_L32_S16,6.640000000000001,8,0.5,0.03914748572135378,0.0512482854001376
n128_L32_S16,6.640000000000001,9,0.5625,0.059011105167526126,0.07725190784738682
n128_L32_S16,6.640000000000001,10,0.625,0.0792554265785654,0.10375391026945141
n128_L32_S16,6.640000000000001,11,0.6875,0.10025968884013839,0.1312507573125112
n128_L32_S16,6.640000000000001,12,0.75,0.12145157262113035,0.158993221181204
n128_L32_S16,6.640000000000001,13,0.8125,0.14530397715472856,0.19021859396039623
n128_L32_S16,6.640000000000001,14,0.875,0.1690038697625888,0.22124431216272042
n128_L32_S16,6.640000000000001,15,0.9375,0.19302382290358241,0.2526890241585181
n128_L32_S16,6.640000000000001,16,1.0,0.21980690429571975,0.28775096935850486
n128_L32_S16,6.68,0,0.0,0.08629266861056364,0.11296641987103148
n128_L32_S16,6.68,1,0.0625,0.0739943417447861,0.09686658220463047
n128_L32_S16,6.68,2,0.125,0.0597680189654389,0.07824278972968296
n128_L32_S16,6.68,3,0.1875,0.04502891798321549,0.05894771522464492
n128_L32_S16,6.68,4,0.25,0.03024949128744881,0.03959985000677951
n128_L32_S16,6.68,5,0.3125,0.014938389591276996,0.019555964810649758
n128_L32_S16,6.68,6,0.375,0.004443118612542078,0.005816521968817402
n128_L32_S16,6.68,7,0.4375,0.02026943638969307,0.026534880640681994
n128_L32_S16,6.68,8,0.5,0.039147485643152305,0.05124828529776343
n128_L32_S16,6.68,9,0.5625,0.05901110508826276,0.07725190774362252
n128_L32_S16,6.68,10,0.625,0.07925542649697004,0.10375391016263429
n128_L32_S16,6.68,11,0.6875,0.1002596887557046,0.13125075720197826
n128_L32_S16,6.68,12,0.75,0.12145157253321927,0.15899322106611888
n128_L32_S16,6.68,13,0.8125,0.1453039770644091,0.19021859384215828
n128_L32_S16,6.68,14,0.875,0.1690038696699443,0.22124431204143877
n128_L32_S16,6.68,15,0.9375,0.19302382281017388,0.2526890240362363
n128_L32_S16,6.68,16,1.0,0.21980690420049973,0.2877509692338516
n128_L32_S16,6.72,0,0.0,0.08629266866881972,0.11296641994729499
n128_L32_S16,6.72,1,0.0625,0.07399434180394793,0.0968665822820797
n128_L32_S16,6.72,2,0.125,0.05976801902532506,0.0782427898080804
n128_L32_S16,6.72,3,0.1875,0.04502891804520137,0.05894771530579113
n128_L32_S16,6.72,4,0.25,0.030249491347624696,0.03959985008555625
n128_L32_S16,6.72,5,0.3125,0.014938389651342296,0.01955596488928172
n128_L32_S16,6.72,6,0.375,0.0044431185475643595,0.005816521883754553
n128_L32_S16,6.72,7,0.4375,0.020269436323647076,0.026534880554220656
n128_L32_S16,6.72,8,0.5,0.039147485573296704,0.05124828520631491
n128_L32_S16,6.72,9,0.5625,0.059011105017471185,0.0772519076509487
n128_L32_S16,6.72,10,0.625,0.07925542642409435,0.10375391006723213
n128_L32_S16,6.72,11,0.6875,0.1002596886802901,0.13125075710325254
n128_L32_S16,6.72,12,0.75,0.12145157245468942,0.15899322096331484
n128_L32_S16,6.72,13,0.8125,0.14530397698372832,0.19021859373653843
n128_L32_S16,6.72,14,0.875,0.16900386958718594,0.22124431193309915
n128_L32_S16,6.72,15,0.9375,0.19302382272675028,0.25268902392702575
n128_L32_S16,6.72,16,1.0,0.2198069041154675,0.28775096912253517
n128_L32_S16,6.76,0,0.0,0.08629266872089465,0.1129664200154667
n128_L32_S16,6.76,1,0.0625,0.0739943418568277,0.09686658235130502
n128_L32_S16,6.76,2,0.125,0.05976801907884392,0.07824278987814237
n128_L32_S16,6.76,3,0.1875,0.04502891810059859,0.058947715378312074
n128_L32_S16,6.76,4,0.25,0.030249491401374833,0.039599850155920976
n128_L32_S16,6.76,5,0.3125,0.014938389704981988,0.01955596495950187
n128_L32_S16,6.76,6,0.375,0.004443118489355571,0.0058165218075529644
n128_L32_S16,6.76,7,0.4375,0.02026943626465029,0.026534880476987495
n128_L32_S16,6.76,8,0.5,0.03914748551088672,0.05124828512461349
n128_L32_S16,6.76,9,0.5625,0.05901110495423492,0.0772519075681656
n128_L32_S16,6.76,10,0.625,0.07925542635899437,0.10375390998200923
n128_L32_S16,6.76,11,0.6875,0.1002596886129203,0.1312507570150582
n128_L32_S16,6.76,12,0.75,0.12145157238452739,0.15899322087146517
n128_L32_S16,6.76,13,0.8125,0.1453039769116442,0.19021859364217256
n128_L32_S16,6.76,14,0.875,0.16900386951324758,0.22124431183630586
n128_L32_S16,6.76,15,0.9375,0.19302382265223253,0.252689023829474
n128_L32_S16,6.76,16,1.0,0.21980690403952036,0.2877509690231122
n128_L32_S16,6.8,0,0.0,0.08629266876745163,0.1129664200764148
n128_L32_S16,6.8,1,0.0625,0.07399434190410004,0.09686658241318961
n128_L32_S16,6.8,2,0.125,0.05976801912667932,0.07824278994076407
n128_L32_S16,6.8,3,0.1875,0.04502891815011512,0.05894771544313456
n128_L32_S16,6.8,4,0.25,0.03024949144939361,0.03959985021878274
n128_L32_S16,6.8,5,0.3125,0.014938389752891395,0.019555965022220456
n128_L32_S16,6.8,6,0.375,0.004443118437201522,0.005816521739277683
n128_L32_S16,6.8,7,0.4375,0.02026943621194204,0.026534880407986704
n128_L32_S16,6.8,8,0.5,0.039147485455118224,0.051248285051606515
n128_L32_S16,6.8,9,0.5625,0.05901110489773797,0.077251907494205
n128_L32_S16,6.8,10,0.625,0.07925542630083111,0.10375390990586725
n128_L32_S16,6.8,11,0.6875,0.10025968855272574,0.131250756936257
n128_L32_S16,6.8,12,0.75,0.1214515723218303,0.1589932207893879
n128_L32_S16,6.8,13,0.8125,0.14530397684723073,0.19021859355784837
n128_L32_S16,6.8,14,0.875,0.16900386944717632,0.22124431174981143
n128_L32_S16,6.8,15,0.9375,0.19302382258565753,0.2526890237423201
n128_L32_S16,6.8,16,1.0,0.2198069039716749,0.28775096893429514
n128_L32_S16,6.84,0,0.0,0.08629266880908254,0.11296642013091415
n128_L32_S16,6.84,1,0.0625,0.07399434194636743,0.0968665824685222
n128_L32_S16,6.84,2,0.125,0.059768019169443874,0.0782427899967475
n128_L32_S16,6.84,3,0.1875,0.04502891819438279,0.05894771550108571
n128_L32_S16,6.84,4,0.25,0.03024949149229901,0.03959985027495054
n128_L32_S16,6.84,5,0.3125,0.014938389795690359,0.01955596507824892
n128_L32_S16,6.84,6,0.375,0.004443118390466827,0.005816521678096921
n128_L32_S16,6.84,7,0.4375,0.020269436164843824,0.026534880346330055
n128_L32_S16,6.84,8,0.5,0.039147485405276274,0.05124828498635802
n128_L32_S16,6.84,9,0.5625,0.05901110484725394,0.07725190742811595
n128_L32_S16,6.84,10,0.625,0.07925542624885547,0.10375390983782552
n128_L32_S16,6.84,11,0.6875,0.10025968849893342,0.13125075686583706
n128_L32_S16,6.84,12,0.75,0.1214515722657958,0.1589932207160327
n128_L32_S16,6.84,13,0.8125,0.14530397678966092,0.19021859348248327
n128_L32_S16,6.84,14,0.875,0.1690038693881265,0.22124431167250885
n128_L32_S16,6.84,15,0.9375,0.1930238225261698,0.2526890236644443
n128_L32_S16,6.84,16,1.0,0.21980690391105723,0.28775096885494006
n128_L32_S16,6.88,0,0.0,0.08629266884631355,0.11296642017965357
n128_L32_S16,6.88,1,0.0625,0.0739943419841646,0.09686658251800279
n128_L32_S16,6.88,2,0.125,0.05976801920768001,0.07824279004680272
n128_L32_S16,6.88,3,0.1875,0.04502891823396436,0.05894771555290227
n128_L32_S16,6.88,4,0.25,0.030249491530642776,0.03959985032514667
n128_L32_S16,6.88,5,0.3125,0.014938389833930041,0.019555965128308792
n128_L32_S16,6.88,6,0.375,0.004443118348581424,0.005816521623264408
n128_L32_S16,6.88,7,0.4375,0.020269436122751693,0.02653488029122691
n128_L32_S16,6.88,8,0.5,0.039147485360724266,0.05124828492803463
n128_L32_S16,6.88,9,0.5625,0.05901110480213457,0.07725190736904983
n128_L32_S16,6.88,10,0.625,0.07925542620240286,0.10375390977701404
n128_L32_S16,6.88,11,0.6875,0.10025968845085505,0.1312507568028973
n128_L32_S16,6.88,12,0.75,0.12145157221570606,0.15899322065045982
n128_L32_S16,6.88,13,0.8125,0.1453039767381992,0.1902185934151143
n128_L32_S16,6.88,14,0.875,0.16900386933534156,0.22124431160340766
n128_L32_S16,6.88,15,0.9375,0.1930238224730045,0.25268902359484513
n128_L32_S16,6.88,16,1.0,0.2198069038568877,0.2877509687840263
n128_L32_S16,6.92,0,0.0,0.08629266887961608,0.11296642022325017
n128_L32_S16,6.92,1,0.0625,0.07399434201797042,0.09686658256225825
n128_L32_S16,6.92,2,0.125,0.05976801924187286,0.07824279009156486
n128_L32_S16,6.92,3,0.1875,0.04502891826936203,0.05894771559924163
n128_L32_S16,6.92,4,0.25,0.030249491564914844,0.03959985037001251
n128_L32_S16,6.92,5,0.3125,0.014938389868102038,0.019555965173043626
n128_L32_S16,6.92,6,0.375,0.0044431183110383325,0.005816521574116447
n128_L32_S16,6.92,7,0.4375,0.02026943608512702,0.026534880241972147
n128_L32_S16,6.92,8,0.5,0.03914748532089364,0.051248284875892045
n128_L32_S16,6.92,9,0.5625,0.05901110476180375,0.07725190731625242
n128_L32_S16,6.92,10,0.625,0.07925542616087851,0.10375390972265418
n128_L32_S16,6.92,11,0.6875,0.1002596884078753,0.13125075674663217
n128_L32_S16,6.92,12,0.75,0.12145157217092357,0.1589932205918347
n128_L32_S16,6.92,13,0.8125,0.14530397669219017,0.19021859335488353
n128_L32_S16,6.92,14,0.875,0.16900386928815028,0.22124431154162919
n128_L32_S16,6.92,15,0.9375,0.19302382242548224,0.2526890235326334
n128_L32_S16,6.92,16,1.0,0.21980690380847215,0.28775096872064515
n128_L32_S16,6.96,0,0.0,0.08629266890940894,0.11296642026225225
n128_L32_S16,6.96,1,0.0625,0.07399434204821106,0.09686658260184651
n128_L32_S16,6.96,2,0.125,0.05976801927245546,0.07824279013160078
n128_L32_S16,6.96,3,0.1875,0.04502891830102259,0.05894771564068873
n128_L32_S16,6.96,4,0.25,0.03024949159555271,0.039599850410120783
n128_L32_S16,6.96,5,0.3125,0.014938389898644313,0.01955596521302676
n128_L32_S16,6.96,6,0.375,0.0044431182773804955,0.005816521530054704
n128_L32_S16,6.96,7,0.4375,0.020269436051490033,0.026534880197937705
n128_L32_S16,6.96,8,0.5,0.039147485285278526,0.051248284829268013
n128_L32_S16,6.96,9,0.5625,0.05901110472574688,0.0772519072690501
n128_L32_S16,6.96,10,0.625,0.07925542612375398,0.10375390967405416
n128_L32_S16,6.96,11,0.6875,0.10025968836944822,0.13125075669632696
n128_L32_S16,6.96,12,0.75,0.12145157213087962,0.15899322053941284
n128_L32_S16,6.96,13,0.8125,0.14530397665104924,0.1902185933010256
n128_L32_S16,6.96,14,0.875,0.16900386924595165,0.22124431148638662
n128_L32_S16,6.96,15,0.9375,0.19302382238299767,0.2526890234770165
n128_L32_S16,6.96,16,1.0,0.2198069037651925,0.28775096866398736
n128_L32_S16,7.0,0,0.0,0.08629266893606546,0.11296642029714851
n128_L32_S16,7.0,1,0.0625,0.0739943420752668,0.09686658263726539
n128_L32_S16,7.0,2,0.125,0.059768019299812285,0.07824279016741381
n128_L32_S16,7.0,3,0.1875,0.045028918329345066,0.058947715677765904
n128_L32_S16,7.0,4,0.25,0.030249491622946482,0.03959985044598219
n128_L32_S16,7.0,5,0.3125,0.01493838992594607,0.01955596524876771
n128_L32_S16,7.0,6,0.375,0.004443118247203475,0.0058165214905497266
n128_L32_S16,7.0,7,0.4375,0.020269436021413532,0.026534880158564318
n128_L32_S16,7.0,8,0.5,0.03914748525342733,0.05124828478757136
n128_L32_S16,7.0,9,0.5625,0.059011104693506504,0.07725190722684395
n128_L32_S16,7.0,10,0.625,0.0792554260905574,0.10375390963059626
n128_L32_S16,7.0,11,0.6875,0.10025968833508567,0.13125075665134267
n128_L32_S16,7.0,12,0.75,0.12145157209506706,0.15899322049253034
n128_L32_S16,7.0,13,0.8125,0.1453039766142551,0.1902185932528581
n128_L32_S16,7.0,14,0.875,0.1690038692082123,0.22124431143698176
n128_L32_S16,7.0,15,0.9375,0.19302382234500975,0.2526890234272862
n128_L32_S16,7.0,16,1.0,0.21980690372649792,0.287750968613332
n128_L32_S16,7.04,0,0.0,0.08629266895992,0.11296642032837667
n128_L32_S16,7.04,1,0.0625,0.07399434209947636,0.09686658266895833
n128_L32_S16,7.04,2,0.125,0.05976801932428843,0.07824279019945574
n128_L32_S16,7.04,3,0.1875,0.0450289183546855,0.058947715710939264
n128_L32_S16,7.04,4,0.25,0.03024949164744303,0.03959985047805081
n128_L32_S16,7.04,5,0.3125,0.01493838995035572,0.019555965280722575
n128_L32_S16,7.04,6,0.375,0.004443118220143115,0.005816521455124794
n128_L32_S16,7.04,7,0.4375,0.02026943599451645,0.026534880123353134
n128_L32_S16,7.04,8,0.5,0.039147485224938106,0.05124828475027589
n128_L32_S16,7.04,9,0.5625,0.059011104664673096,0.07725190718909791
n128_L32_S16,7.04,10,0.625,0.07925542606086868,0.10375390959173052
n128_L32_S16,7.04,11,0.6875,0.1002596883043519,0.13125075661110885
n128_L32_S16,7.04,12,0.75,0.12145157206303292,0.1589932204505942
n128_L32_S16,7.04,13,0.8125,0.1453039765813439,0.19021859320977377
n128_L32_S16,7.04,14,0.875,0.16900386917445542,0.22124431139279033
n128_L32_S16,7.04,15,0.9375,0.1930238223110367,0.2526890233828118
n128_L32_S16,7.04,16,1.0,0.21980690369189734,0.2877509685680361
n128_L32_S16,7.08,0,0.0,0.08629266898127003,0.11296642035632616
n128_L32_S16,7.08,1,0.0625,0.07399434212114286,0.09686658269732211
n128_L32_S16,7.08,2,0.125,0.05976801934618994,0.07824279022812718
n128_L32_S16,7.08,3,0.1875,0.0450289183773614,0.05894771574062447
n128_L32_S16,7.08,4,0.25,0.03024949166935213,0.03959985050673219
n128_L32_S16,7.08,5,0.3125,0.014938389972182982,0.01955596530929682
n128_L32_S16,7.08,6,0.375,0.004443118195873993,0.005816521423353892
n128_L32_S16,7.08,7,0.4375,0.02026943597045823,0.026534880091858323
n128_L32_S16,7.08,8,0.5,0.039147485199451576,0.05124828471691127
n128_L32_S16,7.08,9,0.5625,0.05901110463888363,0.07725190715533672
n128_L32_S16,7.08,10,0.625,0.0792554260343125,0.10375390955696562
n128_L32_S16,7.08,11,0.6875,0.10025968827686103,0.13125075657512034
n128_L32_S16,7.08,12,0.75,0.12145157203437498,0.15899322041307784
n128_L32_S16,7.08,13,0.8125,0.1453039765519003,0.19021859317122894
n128_L32_S16,7.08,14,0.875,0.1690038691442561,0.22124431135325617
n128_L32_S16,7.08,15,0.9375,0.1930238222806507,0.2526890233430333
n128_L32_S16,7.08,16,1.0,0.2198069036609513,0.2877509685275244
n128_L32_S16,7.12,0,0.0,0.08629266900038136,0.11296642038134497
n128_L32_S16,7.12,1,0.0625,0.07399434214053595,0.09686658272270976
n128_L32_S16,7.12,2,0.125,0.059768019365790806,0.07824279025378682
n128_L32_S16,7.12,3,0.1875,0.045028918397655625,0.0589477157671918
n128_L32_S16,7.12,4,0.25,0.03024949168895138,0.03959985053238972
n128_L32_S16,7.12,5,0.3125,0.014938389991703617,0.019555965334851436
n128_L32_S16,7.12,6,0.375,0.004443118174105598,0.005816521394856714
n128_L32_S16,7.12,7,0.4375,0.02026943594893721,0.026534880063684985
n128_L32_S16,7.12,8,0.5,0.039147485176648414,0.05124828468705947
n128_L32_S16,7.12,9,0.5625,0.05901110461581194,0.07725190712513338
n128_L32_S16,7.12,10,0.625,0.07925542601055494,0.1037539095258644
n128_L32_S16,7.12,11,0.6875,0.10025968825226597,0.13125075654292276
n128_L32_S16,7.12,12,0.75,0.12145157200873326,0.15899322037951008
n128_L32_S16,7.12,13,0.8125,0.1453039765255556,0.1902185931367409
n128_L32_S16,7.12,14,0.875,0.16900386911723514,0.2212443113178828
n128_L32_S16,7.12,15,0.9375,0.1930238222534683,0.2526890233074486
n128_L32_S16,7.12,16,1.0,0.21980690363327082,0.2877509684912877
n128_L32_S16,7.16,0,0.0,0.08629266901749162,0.11296642040374415
n128_L32_S16,7.16,1,0.0625,0.07399434215789706,0.09686658274543733
n128_L32_S16,7.16,2,0.125,0.05976801938333523,0.07824279027675438
n128_L32_S16,7.16,3,0.1875,0.04502891841582123,0.05894771579097254
n128_L32_S16,7.16,4,0.25,0.030249491706485037,0.03959985055534318
n128_L32_S16,7.16,5,0.3125,0.014938390009164797,0.019555965357710006
n128_L32_S16,7.16,6,0.375,0.004443118154578796,0.005816521369294021
n128_L32_S16,7.16,7,0.4375,0.02026943592968195,0.02653488003847777
n128_L32_S16,7.16,8,0.5,0.03914748515624212,0.05124828466034542
n128_L32_S16,7.16,9,0.5625,0.05901110459517011,0.077251907098111
n128_L32_S16,7.16,10,0.625,0.07925542598929768,0.10375390949803635
n128_L32_S16,7.16,11,0.6875,0.10025968823025845,0.13125075651411253
n128_L32_S16,7.16,12,0.75,0.12145157198578603,0.15899322034946967
n128_L32_S16,7.16,13,0.8125,0.14530397650198007,0.19021859310587796
n128_L32_S16,7.16,14,0.875,0.16900386909305376,0.22124431128622676
n128_L32_S16,7.16,15,0.9375,0.19302382222914716,0.25268902327560955
n128_L32_S16,7.16,16,1.0,0.21980690360850655,0.28775096845886855
n128_L32_S16,7.2,0,0.0,0.0862926690328115,0.11296642042379952
n128_L32_S16,7.2,1,0.0625,0.07399434217344124,0.09686658276578633
n128_L32_S16,7.2,2,0.125,0.059768019399041396,0.07824279029731543
n128_L32_S16,7.2,3,0.1875,0.04502891843208445,0.05894771581226286
n128_L32_S16,7.2,4,0.25,0.03024949172217436,0.039599850575882195
n128_L32_S16,7.2,5,0.3125,0.01493839002478549,0.019555965378159183
n128_L32_S16,7.2,6,0.375,0.004443118137058836,0.005816521346358502
n128_L32_S16,7.2,7,0.4375,0.020269435912451155,0.0265348800159208
n128_L32_S16,7.2,8,0.5,0.039147485137979485,0.051248284636437665
n128_L32_S16,7.2,9,0.5625,0.059011104576697705,0.07725190707392864
n128_L32_S16,7.2,10,0.625,0.07925542597027514,0.1037539094731338
n128_L32_S16,7.2,11,0.6875,0.10025968821056311,0.1312507564883292
n128_L32_S16,7.2,12,0.75,0.12145157196524765,0.15899322032258273
n128_L32_S16,7.2,13,0.8125,0.1453039764808791,0.1902185930782545
n128_L32_S16,7.2,14,0.875,0.16900386907141082,0.22124431125789382
n128_L32_S16,7.2,15,0.9375,0.19302382220738365,0.2526890232471188
n128_L32_S16,7.2,16,1.0,0.2198069035863485,0.2877509684298613
n128_L32_S16,7.24,0,0.0,0.08629266904653124,0.11296642044176014
n128_L32_S16,7.24,1,0.0625,0.07399434218736067,0.09686658278400838
n128_L32_S16,7.24,2,0.125,0.05976801941310393,0.07824279031572481
n128_L32_S16,7.24,3,0.1875,0.04502891844664581,0.05894771583132525
n128_L32_S16,7.24,4,0.25,0.030249491736215443,0.039599850594263485
n128_L32_S16,7.24,5,0.3125,0.014938390038762382,0.019555965396456442
n128_L32_S16,7.24,6,0.375,0.004443118121338086,0.0058165213257783425
n128_L32_S16,7.24,7,0.4375,0.020269435897030143,0.02653487999573303
n128_L32_S16,7.24,8,0.5,0.03914748512163126,0.051248284615036076
n128_L32_S16,7.24,9,0.5625,0.05901110456016538,0.07725190705228603
n128_L32_S16,7.24,10,0.625,0.07925542595324954,0.10375390945084545
n128_L32_S16,7.24,11,0.6875,0.10025968819293493,0.131250756465252
n128_L32_S16,7.24,12,0.75,0.12145157194686257,0.15899322029851465
n128_L32_S16,7.24,13,0.8125,0.14530397646198953,0.19021859305352604
n128_L32_S16,7.24,14,0.875,0.16900386905203665,0.22124431123253094
n128_L32_S16,7.24,15,0.9375,0.19302382218790543,0.2526890232216197
n128_L32_S16,7.24,16,1.0,0.21980690356651927,0.2877509684039027
n128_L32_S16,7.28,0,0.0,0.08629266905881912,0.1129664204578463
n128_L32_S16,7.28,1,0.0625,0.07399434219982673,0.09686658280032778
n128_L32_S16,7.28,2,0.125,0.0597680194256965,0.07824279033220984
n128_L32_S16,7.28,3,0.1875,0.04502891845968537,0.058947715848395435
n128_L32_S16,7.28,4,0.25,0.030249491748783133,0.03959985061071595
n128_L32_S16,7.28,5,0.3125,0.014938390051270217,0.01955596541283055
n128_L32_S16,7.28,6,0.375,0.004443118107230286,0.005816521307309709
n128_L32_S16,7.28,7,0.4375,0.020269435883226546,0.026534879977662632
n128_L32_S16,7.28,8,0.5,0.03914748510699526,0.05124828459587597
n128_L32_S16,7.28,9,0.5625,0.059011104545366413,0.07725190703291258
n128_L32_S16,7.28,10,0.625,0.07925542593800848,0.10375390943089326
n128_L32_S16,7.28,11,0.6875,0.10025968817715493,0.13125075644459427
n128_L32_S16,7.28,12,0.75,0.1214515719304025,0.15899322027696663
n128_L32_S16,7.28,13,0.8125,0.14530397644507834,0.19021859303138747
n128_L32_S16,7.28,14,0.875,0.16900386903469114,0.2212443112098238
n128_L32_S16,7.28,15,0.9375,0.19302382217046993,0.2526890231987947
n128_L32_S16,7.28,16,1.0,0.2198069035487711,0.28775096838066844
n128_L32_S16,7.32,0,0.0,0.08629266906982679,0.11296642047225652
n128_L32_S16,7.32,1,0.0625,0.0739943422109927,0.09686658281494526
n128_L32_S16,7.32,2,0.125,0.05976801943697463,0.07824279034697414
n128_L32_S16,7.32,3,0.1875,0.04502891847136432,0.05894771586368444
n128_L32_S16,7.32,4,0.25,0.030249491760033404,0.03959985062544377
n128_L32_S16,7.32,5,0.3125,0.014938390062464531,0.019555965427485115
n128_L32_S16,7.32,6,0.375,0.004443118094568311,0.005816521290733817
n128_L32_S16,7.32,7,0.4375,0.020269435870869185,0.026534879961485514
n128_L32_S16,7.32,8,0.5,0.039147485093890245,0.05124828457872009
n128_L32_S16,7.32,9,0.5625,0.05901110453211763,0.0772519070155685
n128_L32_S16,7.32,10,0.625,0.07925542592436367,0.10375390941303073
n128_L32_S16,7.32,11,0.6875,0.10025968816302556,0.13125075642609743
n128_L32_S16,7.32,12,0.75,0.12145157191566383,0.15899322025767215
n128_L32_S16,7.32,13,0.8125,0.14530397642993542,0.19021859301156374
n128_L32_S16,7.32,14,0.875,0.16900386901915967,0.22124431118949142
n128_L32_S16,7.32,15,0.9375,0.19302382215486089,0.2526890231783608
n128_L32_S16,7.32,16,1.0,0.21980690353288357,0.2877509683598699
n128_L32_S16,7.36,0,0.0,0.08629266907968783,0.1129664204851657
n128_L32_S16,7.36,1,0.0625,0.07399434222099603,0.0968665828280407
n128_L32_S16,7.36,2,0.125,0.05976801944707629,0.0782427903601983
n128_L32_S16,7.36,3,0.1875,0.045028918481825886,0.058947715877379764
n128_L32_S16,7.36,4,0.25,0.030249491770106232,0.03959985063863019
n128_L32_S16,7.36,5,0.3125,0.01493839007248497,0.01955596544060295
n128_L32_S16,7.36,6,0.375,0.004443118083203599,0.005816521275856182
n128_L32_S16,7.36,7,0.4375,0.02026943585980447,0.026534879947000604
n128_L32_S16,7.36,8,0.5,0.03914748508215474,0.05124828456335704
n128_L32_S16,7.36,9,0.5625,0.05901110452025557,0.07725190700003978
n128_L32_S16,7.36,10,0.625,0.07925542591214563,0.10375390939703599
n128_L32_S16,7.36,11,0.6875,0.10025968815037394,0.13125075640953507
n128_L32_S16,7.36,12,0.75,0.12145157190246414,0.1589932202403923
n128_L32_S16,7.36,13,0.8125,0.14530397641637394,0.1902185929938103
n128_L32_S16,7.36,14,0.875,0.16900386900525033,0.2212443111712826
n128_L32_S16,7.36,15,0.9375,0.19302382214088468,0.2526890231600644
n128_L32_S16,7.36,16,1.0,0.21980690351865936,0.2877509683412489
n128_L32_S16,7.4,0,0.0,0.08629266908852389,0.11296642049673304
n128_L32_S16,7.4,1,0.0625,0.07399434222995839,0.09686658283977338
n128_L32_S16,7.4,2,0.125,0.059768019456126566,0.07824279037204608
n128_L32_S16,7.4,3,0.1875,0.045028918491198014,0.05894771588964889
n128_L32_S16,7.4,4,0.25,0.03024949177912548,0.039599850650437356
n128_L32_S16,7.4,5,0.3125,0.014938390081455978,0.019555965452346967
n128_L32_S16,7.4,6,0.375,0.004443118072999637,0.005816521262498094
n128_L32_S16,7.4,7,0.4375,0.02026943584989627,0.0265348799340297
n128_L32_S16,7.4,8,0.5,0.03914748507164386,0.05124828454959717
n128_L32_S16,7.4,9,0.5625,0.05901110450963247,0.077251906986133
n128_L32_S16,7.4,10,0.625,0.07925542590120392,0.10375390938271212
n128_L32_S16,7.4,11,0.6875,0.10025968813904335,0.1312507563947021
n128_L32_S16,7.4,12,0.75,0.12145157189064196,0.1589932202249158
n128_L32_S16,7.4,13,0.8125,0.14530397640422735,0.1902185929779091
n128_L32_S16,7.4,14,0.875,0.16900386899279157,0.22124431115497273
n128_L32_S16,7.4,15,0.9375,0.1930238221283691,0.2526890231436802
n128_L32_S16,7.4,16,1.0,0.21980690350592277,0.2877509683245753
n128_L32_S16,7.44,0,0.0,0.08629266909644215,0.1129664205070989
n128_L32_S16,7.44,1,0.0625,0.07399434223798956,0.09686658285028706
n128_L32_S16,7.44,2,0.125,0.05976801946423464,0.07824279038266044
n128_L32_S16,7.44,3,0.1875,0.04502891849959571,0.058947715900642385
n128_L32_S16,7.44,4,0.25,0.030249491787203212,0.03959985066101198
n128_L32_S16,7.44,5,0.3125,0.014938390089488858,0.019555965462862875
n128_L32_S16,7.44,6,0.375,0.004443118063838866,0.005816521250505656
n128_L32_S16,7.44,7,0.4375,0.02026943584102221,0.0265348799224126
n128_L32_S16,7.44,8,0.5,0.03914748506222838,0.05124828453727129
n128_L32_S16,7.44,9,0.5625,0.05901110450011746,0.07725190697367683
n128_L32_S16,7.44,10,0.625,0.07925542589140358,0.10375390936988241
n128_L32_S16,7.44,11,0.6875,0.10025968812889476,0.1312507563814165
n128_L32_S16,7.44,12,0.75,0.12145157188005157,0.15899322021105183
n128_L32_S16,7.44,13,0.8125,0.145303976393346,0.19021859296366422
n128_L32_S16,7.44,14,0.875,0.1690038689816315,0.221244311140363
n128_L32_S16,7.44,15,0.9375,0.19302382211715965,0.2526890231290058
n128_L32_S16,7.44,16,1.0,0.21980690349451615,0.2877509683096428
n128_L32_S16,7.48,0,0.0,0.08629266910353879,0.11296642051638918
n128_L32_S16,7.48,1,0.0625,0.0739943422451874,0.09686658285970981
n128_L32_S16,7.48,2,0.125,0.05976801947150042,0.07824279039217212
n128_L32_S16,7.48,3,0.1875,0.04502891850712037,0.05894771591049297
n128_L32_S16,7.48,4,0.25,0.0302494917944385,0.03959985067048376
n128_L32_S16,7.48,5,0.3125,0.014938390096682337,0.019555965472279915
n128_L32_S16,7.48,6,0.375,0.0044431180556136094,0.005816521239737907
n128_L32_S16,7.48,7,0.4375,0.020269435833073342,0.026534879912006672
n128_L32_S16,7.48,8,0.5,0.03914748505379333,0.05124828452622889
n128_L32_S16,7.48,9,0.5625,0.05901110449159466,0.07725190696251956
n128_L32_S16,7.48,10,0.625,0.07925542588262463,0.10375390935838981
n128_L32_S16,7.48,11,0.6875,0.10025968811980297,0.1312507563695144
n128_L32_S16,7.48,12,0.75,0.12145157187056285,0.15899322019863008
n128_L32_S16,7.48,13,0.8125,0.14530397638359732,0.19021859295090218
n128_L32_S16,7.48,14,0.875,0.169003868971632,0.22124431112727258
n128_L32_S16,7.48,15,0.9375,0.19302382210711838,0.2526890231158607
n128_L32_S16,7.48,16,1.0,0.21980690348429988,0.2877509682962686
n128_L32_S16,7.5200000000000005,0,0.0,0.08629266910989998,0.11296642052471666
n128_L32_S16,7.5200000000000005,1,0.0625,0.07399434225163858,0.0968665828681551
n128_L32_S16,7.5200000000000005,2,0.125,0.059768019478012455,0.07824279040069708
n128_L32_S16,7.5200000000000005,3,0.1875,0.045028918513865375,0.058947715919322914
n128_L32_S16,7.5200000000000005,4,0.25,0.03024949180091981,0.03959985067896849
n128_L32_S16,7.5200000000000005,5,0.3125,0.014938390103124926,0.01955596548071396
n128_L32_S16,7.5200000000000005,6,0.375,0.004443118048226228,0.005816521230067027
n128_L32_S16,7.5200000000000005,7,0.4375,0.02026943582595278,0.02653487990268509
n128_L32_S16,7.5200000000000005,8,0.5,0.03914748504623538,0.05124828451633472
n128_L32_S16,7.5200000000000005,9,0.5625,0.05901110448395953,0.07725190695252435
n128_L32_S16,7.5200000000000005,10,0.625,0.07925542587475969,0.10375390934809375
n128_L32_S16,7.5200000000000005,11,0.6875,0.10025968811165742,0.13125075635885097
n128_L32_S16,7.5200000000000005,12,0.75,0.12145157186206097,0.1589932201875002
n128_L32_S16,7.5200000000000005,13,0.8125,0.145303976374862,0.1902185929394667
n128_L32_S16,7.5200000000000005,14,0.875,0.16900386896267247,0.22124431111554357
n128_L32_S16,7.5200000000000005,15,0.9375,0.19302382209812297,0.25268902310408475
n128_L32_S16,7.5200000000000005,16,1.0,0.21980690347514806,0.2877509682842879
n128_L32_S16,7.5600000000000005,0,0.0,0.08629266911560307,0.11296642053218263
n128_L32_S16,7.5600000000000005,1,0.0625,0.07399434225742176,0.0968665828757259
n128_L32_S16,7.5600000000000005,2,0.125,0.059768019483849175,0.07824279040833798
n128_L32_S16,7.5600000000000005,3,0.1875,0.04502891851991056,0.058947715927236716
n128_L32_S16,7.5600000000000005,4,0.25,0.030249491806726463,0.03959985068657003
n128_L32_S16,7.5600000000000005,5,0.3125,0.014938390108896141,0.019555965488269104
n128_L32_S16,7.5600000000000005,6,0.375,0.004443118041591688,0.0058165212213816975
n128_L32_S16,7.5600000000000005,7,0.4375,0.02026943581957217,0.026534879894332182
n128_L32_S16,7.5600000000000005,8,0.5,0.03914748503946244,0.05124828450746822
n128_L32_S16,7.5600000000000005,9,0.5625,0.05901110447711822,0.07725190694356834
n128_L32_S16,7.5600000000000005,10,0.625,0.07925542586771243,0.10375390933886813
n128_L32_S16,7.5600000000000005,11,0.6875,0.1002596881043582,0.1312507563492955
n128_L32_S16,7.5600000000000005,12,0.75,0.1214515718544418,0.1589932201775259
n128_L32_S16,7.5600000000000005,13,0.8125,0.1453039763670333,0.19021859292921806
n128_L32_S16,7.5600000000000005,14,0.875,0.1690038689546432,0.2212443111050324
n128_L32_S16,7.5600000000000005,15,0.9375,0.1930238220900632,0.25268902309353364
n128_L32_S16,7.5600000000000005,16,1.0,0.21980690346694845,0.28775096827355373
n128_L32_S16,7.6000000000000005,0,0.0,0.08629266912071602,0.11296642053887603
n128_L32_S16,7.6000000000000005,1,0.0625,0.07399434226260677,0.09686658288251365
n128_L32_S16,7.6000000000000005,2,0.125,0.05976801948908111,0.07824279041518714
n128_L32_S16,7.6000000000000005,3,0.1875,0.04502891852532976,0.05894771593433103
n128_L32_S16,7.6000000000000005,4,0.25,0.03024949181192991,0.0395998506933819
n128_L32_S16,7.6000000000000005,5,0.3125,0.014938390114066504,0.01955596549503767
n128_L32_S16,7.6000000000000005,6,0.375,0.0044431180356324694,0.005816521213580438
n128_L32_S16,7.6000000000000005,7,0.4375,0.020269435813854483,0.02653487988684711
n128_L32_S16,7.6000000000000005,8,0.5,0.039147485033391945,0.051248284499521284
n128_L32_S16,7.6000000000000005,9,0.5625,0.059011104470987764,0.0772519069355429
n128_L32_S16,7.6000000000000005,10,0.625,0.07925542586139614,0.10375390933059943
n128_L32_S16,7.6000000000000005,11,0.6875,0.1002596880978169,0.13125075634073224
n128_L32_S16,7.6000000000000005,12,0.75,0.12145157184761235,0.15899322016858541
n128_L32_S16,7.6000000000000005,13,0.8125,0.1453039763600166,0.19021859292003246
n128_L32_S16,7.6000000000000005,14,0.875,0.1690038689474462,0.22124431109561077
n128_L32_S16,7.6000000000000005,15,0.9375,0.19302382208284027,0.25268902308407803
n128_L32_S16,7.6000000000000005,16,1.0,0.2198069034596014,0.28775096826393565
n128_L32_S16,7.640000000000001,0,0.0,0.0862926691253008,0.112966420544878
n128_L32_S16,7.640000000000001,1,0.0625,0.07399434226725626,0.09686658288860032
n128_L32_S16,7.640000000000001,2,0.125,0.05976801949377252,0.0782427904213287
n128_L32_S16,7.640000000000001,3,0.1875,0.0450289185301889,0.05894771594069217
n128_L32_S16,7.640000000000001,4,0.25,0.030249491816593112,0.03959985069948654
n128_L32_S16,7.640000000000001,5,0.3125,0.014938390118699036,0.01955596550110215
n128_L32_S16,7.640000000000001,6,0.375,0.0044431180302790104,0.005816521206572182
n128_L32_S16,7.640000000000001,7,0.4375,0.020269435808730547,0.026534879880139327
n128_L32_S16,7.640000000000001,8,0.5,0.039147485027950915,0.051248284492398384
n128_L32_S16,7.640000000000001,9,0.5625,0.059011104465493014,0.07725190692834968
n128_L32_S16,7.640000000000001,10,0.625,0.0792554258557356,0.10375390932318918
n128_L32_S16,7.640000000000001,11,0.6875,0.10025968809195397,0.13125075633305702
n128_L32_S16,7.640000000000001,12,0.75,0.12145157184149057,0.15899322016057132
n128_L32_S16,7.640000000000001,13,0.8125,0.1453039763537266,0.19021859291179818
n128_L32_S16,7.640000000000001,14,0.875,0.16900386894099473,0.22124431108716508
n128_L32_S16,7.640000000000001,15,0.9375,0.19302382207636665,0.25268902307560337
n128_L32_S16,7.640000000000001,16,1.0,0.2198069034530171,0.2877509682553161
n128_L32_S16,7.68,0,0.0,0.08629266912941252,0.1129664205502607
n128_L32_S16,7.68,1,0.0625,0.07399434227142526,0.096866582894058
n128_L32_S16,7.68,2,0.125,0.059768019497978414,0.07824279042683467
n128_L32_S16,7.68,3,0.1875,0.045028918534545916,0.05894771594639597
n128_L32_S16,7.68,4,0.25,0.030249491820772422,0.0395998507049577
n128_L32_S16,7.68,5,0.3125,0.014938390122850531,0.019555965506536908
n128_L32_S16,7.68,6,0.375,0.004443118025469282,0.005816521200275728
n128_L32_S16,7.68,7,0.4375,0.020269435804137634,0.026534879874126706
n128_L32_S16,7.68,8,0.5,0.03914748502307299,0.05124828448601266
n128_L32_S16,7.68,9,0.5625,0.0590111044605678,0.07725190692190205
n128_L32_S16,7.68,10,0.625,0.07925542585066196,0.10375390931654722
n128_L32_S16,7.68,11,0.6875,0.10025968808669805,0.13125075632617647
n128_L32_S16,7.68,12,0.75,0.12145157183600272,0.15899322015338715
n128_L32_S16,7.68,13,0.8125,0.1453039763480878,0.1902185929044164
n128_L32_S16,7.68,14,0.875,0.1690038689352112,0.2212443110795938
n128_L32_S16,7.68,15,0.9375,0.1930238220705643,0.25268902306800745
n128_L32_S16,7.68,16,1.0,0.2198069034471157,0.2877509682475905
n128_L32_S16,7.72,0,0.0,0.08629266913310016,0.1129664205550882
n128_L32_S16,7.72,1,0.0625,0.0739943422751646,0.0968665828989532
n128_L32_S16,7.72,2,0.125,0.059768019501750376,0.07824279043177258
n128_L32_S16,7.72,3,0.1875,0.045028918538453526,0.05894771595151146
n128_L32_S16,7.72,4,0.25,0.030249491824518634,0.0395998507098619
n128_L32_S16,7.72,5,0.3125,0.014938390126571154,0.019555965511407605
n128_L32_S16,7.72,6,0.375,0.004443118021147757,0.0058165211946183855
n128_L32_S16,7.72,7,0.4375,0.02026943580002015,0.026534879868736476
n128_L32_S16,7.72,8,0.5,0.03914748501869906,0.05124828448028671
n128_L32_S16,7.72,9,0.5625,0.05901110445615266,0.07725190691612215
n128_L32_S16,7.72,10,0.625,0.07925542584611268,0.10375390931059174
n128_L32_S16,7.72,11,0.6875,0.10025968808198604,0.13125075632000793
n128_L32_S16,7.72,12,0.75,0.1214515718310816,0.15899322014694486
n128_L32_S16,7.72,13,0.8125,0.1453039763430315,0.1902185928977971
n128_L32_S16,7.72,14,0.875,0.16900386893002511,0.22124431107280468
n128_L32_S16,7.72,15,0.9375,0.19302382206536245,0.25268902306119767
n128_L32_S16,7.72,16,1.0,0.21980690344182585,0.28775096824066554
n128_L32_S16,7.76,0,0.0,0.0862926691364086,0.1129664205594193
n128_L32_S16,7.76,1,0.0625,0.07399434227851882,0.09686658290334424
n128_L32_S16,7.76,2,0.125,0.05976801950513363,0.07824279043620162
n128_L32_S16,7.76,3,0.1875,0.04502891854195809,0.05894771595609931
n128_L32_S16,7.76,4,0.25,0.030249491827877343,0.03959985071425881
n128_L32_S16,7.76,5,0.3125,0.014938390129905868,0.019555965515773106
n128_L32_S16,7.76,6,0.375,0.004443118017264426,0.0058165211895346855
n128_L32_S16,7.76,7,0.4375,0.02026943579632885,0.026534879863904164
n128_L32_S16,7.76,8,0.5,0.039147485014777494,0.05124828447515296
n128_L32_S16,7.76,9,0.5625,0.059011104452193736,0.0772519069109395
n128_L32_S16,7.76,10,0.625,0.0792554258420342,0.10375390930525255
n128_L32_S16,7.76,11,0.6875,0.10025968807776096,0.13125075631447686
n128_L32_S16,7.76,12,0.75,0.12145157182666867,0.15899322014116787
n128_L32_S16,7.76,13,0.8125,0.1453039763384975,0.19021859289186163
n128_L32_S16,7.76,14,0.875,0.16900386892537478,0.22124431106671688
n128_L32_S16,7.76,15,0.9375,0.1930238220606983,0.2526890230550918
n128_L32_S16,7.76,16,1.0,0.2198069034370832,0.2877509682344569
n128_L32_S16,7.8,0,0.0,0.0862926691393763,0.11296642056330436
n128_L32_S16,7.8,1,0.0625,0.0739943422815276,0.09686658290728305
n128_L32_S16,7.8,2,0.125,0.059768019508168284,0.07824279044017432
n128_L32_S16,7.8,3,0.1875,0.045028918545101854,0.058947715960214836
n128_L32_S16,7.8,4,0.25,0.030249491830888892,0.039599850718201254
n128_L32_S16,7.8,5,0.3125,0.014938390132895524,0.01955596551968689
n128_L32_S16,7.8,6,0.375,0.0044431180137743985,0.005816521184965863
n128_L32_S16,7.8,7,0.4375,0.02026943579301878,0.02653487985957093
n128_L32_S16,7.8,8,0.5,0.03914748501126076,0.051248284470549174
n128_L32_S16,7.8,9,0.5625,0.05901110444864412,0.07725190690629266
n128_L32_S16,7.8,10,0.625,0.07925542583837702,0.10375390930046492
n128_L32_S16,7.8,11,0.6875,0.10025968807397197,0.13125075630951666
n128_L32_S16,7.8,12,0.75,0.1214515718227115,0.15899322013598752
n128_L32_S16,7.8,13,0.8125,0.14530397633443132,0.19021859288653856
n128_L32_S16,7.8,14,0.875,0.16900386892120337,0.22124431106125605
n128_L32_S16,7.8,15,0.9375,0.19302382205651653,0.25268902304961743
n128_L32_S16,7.8,16,1.0,0.219806903432831,0.2877509682288903
n128_L32_S16,7.84,0,0.0,0.08629266914203867,0.11296642056678968
n128_L32_S16,7.84,1,0.0625,0.07399434228422715,0.09686658291081705
n128_L32_S16,7.84,2,0.125,0.05976801951089045,0.07824279044373791
n128_L32_S16,7.84,3,0.1875,0.04502891854792213,0.05894771596390688
n128_L32_S16,7.84,4,0.25,0.03024949183358904,0.039599850721736045
n128_L32_S16,7.84,5,0.3125,0.014938390135575505,0.019555965523195273
n128_L32_S16,7.84,6,0.375,0.004443118010637701,0.005816521180859588
n128_L32_S16,7.84,7,0.4375,0.0202694357900504,0.026534879855684996
n128_L32_S16,7.84,8,0.5,0.03914748500810555,0.05124828446641866
n128_L32_S16,7.84,9,0.5625,0.05901110444546104,0.07725190690212566
n128_L32_S16,7.84,10,0.625,0.07925542583509677,0.10375390929617072
n128_L32_S16,7.84,11,0.6875,0.10025968807057405,0.1312507563050684
n128_L32_S16,7.84,12,0.75,0.12145157181916122,0.1589932201313398
n128_L32_S16,7.84,13,0.8125,0.14530397633078382,0.1902185928817636
n128_L32_S16,7.84,14,0.875,0.16900386891746255,0.22124431105635892
n128_L32_S16,7.84,15,0.9375,0.19302382205276605,0.25268902304470764
n128_L32_S16,7.84,16,1.0,0.21980690342901804,0.28775096822389873
n128_L32_S16,7.88,0,0.0,0.08629266914442818,0.1129664205699178
n128_L32_S16,7.88,1,0.0625,0.07399434228664976,0.09686658291398852
n128_L32_S16,7.88,2,0.125,0.05976801951333316,0.07824279044693569
n128_L32_S16,7.88,3,0.1875,0.04502891855045241,0.05894771596721929
n128_L32_S16,7.88,4,0.25,0.030249491836011368,0.039599850724907126
n128_L32_S16,7.88,5,0.3125,0.014938390137979084,0.019555965526341815
n128_L32_S16,7.88,6,0.375,0.004443118007817745,0.00581652117716796
n128_L32_S16,7.88,7,0.4375,0.020269435787388285,0.026534879852200002
n128_L32_S16,7.88,8,0.5,0.039147485005276234,0.05124828446271478
n128_L32_S16,7.88,9,0.5625,0.059011104442605856,0.07725190689838793
n128_L32_S16,7.88,10,0.625,0.07925542583215514,0.1037539092923198
n128_L32_S16,7.88,11,0.6875,0.10025968806752629,0.13125075630107855
n128_L32_S16,7.88,12,0.75,0.1214515718159772,0.15899322012717157
n128_L32_S16,7.88,13,0.8125,0.14530397632751146,0.19021859287747972
n128_L32_S16,7.88,14,0.875,0.1690038689141063,0.2212443110519652
n128_L32_S16,7.88,15,0.9375,0.1930238220494023,0.2526890230403041
n128_L32_S16,7.88,16,1.0,0.2198069034255982,0.2877509682194218
n128_L32_S16,7.92,0,0.0,0.08629266914657259,0.11296642057272507
n128_L32_S16,7.92,1,0.0625,0.07399434228882353,0.0968665829168342
n128_L32_S16,7.92,2,0.125,0.05976801951552451,0.07824279044980441
n128_L32_S16,7.92,3,0.1875,0.045028918552723216,0.05894771597019202
n128_L32_S16,7.92,4,0.25,0.030249491838183463,0.039599850727750636
n128_L32_S16,7.92,5,0.3125,0.014938390140134608,0.01955596552916363
n128_L32_S16,7.92,6,0.375,0.004443118005283054,0.0058165211738497756
n128_L32_S16,7.92,7,0.4375,0.020269435785000286,0.026534879849073854
n128_L32_S16,7.92,8,0.5,0.03914748500273772,0.0512482844593916
n128_L32_S16,7.92,9,0.5625,0.05901110444004476,0.07725190689503517
n128_L32_S16,7.92,10,0.625,0.07925542582951571,0.10375390928886451
n128_L32_S16,7.92,11,0.6875,0.10025968806479174,0.13125075629749874
n128_L32_S16,7.92,12,0.75,0.12145157181311994,0.15899322012343112
n128_L32_S16,7.92,13,0.8125,0.14530397632457562,0.19021859287363638
n128_L32_S16,7.92,14,0.875,0.16900386891109537,0.22124431104802358
n128_L32_S16,7.92,15,0.9375,0.1930238220463848,0.2526890230363539
n128_L32_S16,7.92,16,1.0,0.2198069034225309,0.28775096821540636
n128_L32_S16,7.96,0,0.0,0.08629266914849672,0.11296642057524396
n128_L32_S16,7.96,1,0.0625,0.07399434229077455,0.09686658291938831
n128_L32_S16,7.96,2,0.125,0.05976801951749143,0.07824279045237932
n128_L32_S16,7.96,3,0.1875,0.045028918554761196,0.05894771597285996
n128_L32_S16,7.96,4,0.25,0.030249491840132325,0.03959985073030191
n128_L32_S16,7.96,5,0.3125,0.014938390142067461,0.019555965531693944
n128_L32_S16,7.96,6,0.375,0.004443118003004137,0.005816521170866428
n128_L32_S16,7.96,7,0.4375,0.02026943578285784,0.02653487984626916
n128_L32_S16,7.96,8,0.5,0.03914748500046003,0.05124828445640985
n128_L32_S16,7.96,9,0.5625,0.059011104437747125,0.07725190689202732
n128_L32_S16,7.96,10,0.625,0.07925542582714808,0.10375390928576501
n128_L32_S16,7.96,11,0.6875,0.10025968806233863,0.13125075629428737
n128_L32_S16,7.96,12,0.75,0.12145157181055644,0.15899322012007522
n128_L32_S16,7.96,13,0.8125,0.14530397632194167,0.19021859287018827
n128_L32_S16,7.96,14,0.875,0.16900386890839356,0.22124431104448664
n128_L32_S16,7.96,15,0.9375,0.19302382204367788,0.25268902303281027
n128_L32_S16,7.96,16,1.0,0.21980690341977968,0.28775096821180474
n128_L32_S16,8.0,0,0.0,0.0862926691502245,0.11296642057750582
n128_L32_S16,8.0,1,0.0625,0.07399434229252605,0.09686658292168121
n128_L32_S16,8.0,2,0.125,0.05976801951925648,0.07824279045468996
n128_L32_S16,8.0,3,0.1875,0.04502891855659001,0.05894771597525408
n128_L32_S16,8.0,4,0.25,0.030249491841880426,0.03959985073259036
n128_L32_S16,8.0,5,0.3125,0.014938390143801739,0.0195559655339643
n128_L32_S16,8.0,6,0.375,0.00444311800095576,0.005816521168184881
n128_L32_S16,8.0,7,0.4375,0.020269435780935676,0.02653487984375284
n128_L32_S16,8.0,8,0.5,0.039147484998415895,0.051248284453733854
n128_L32_S16,8.0,9,0.5625,0.059011104435685496,0.07725190688932843
n128_L32_S16,8.0,10,0.625,0.07925542582502332,0.10375390928298348
n128_L32_S16,8.0,11,0.6875,0.10025968806013749,0.13125075629140584
n128_L32_S16,8.0,12,0.75,0.1214515718082563,0.1589932201170641
n128_L32_S16,8.0,13,0.8125,0.14530397631957784,0.19021859286709375
n128_L32_S16,8.0,14,0.875,0.16900386890596872,0.22124431104131226
n128_L32_S16,8.0,15,0.9375,0.19302382204124865,0.25268902302963014
n128_L32_S16,8.0,16,1.0,0.21980690341731074,0.2877509682085726
n128_L64_S8,0.0,0,0.0,0.0,0.0
n128_L64_S8,0.0,1,0.0625,0.0,0.0
n128_L64_S8,0.0,2,0.125,0.0,0.0
n128_L64_S8,0.0,3,0.1875,0.0,0.0
n128_L64_S8,0.0,4,0.25,0.0,0.0
n128_L64_S8,0.0,5,0.3125,0.0,0.0
n128_L64_S8,0.0,6,0.375,0.0,0.0
n128_L64_S8,0.0,7,0.4375,0.0,0.0
n128_L64_S8,0.0,8,0.5,0.0,0.0
n128_L64_S8,0.0,9,0.5625,0.0,0.0
n128_L64_S8,0.0,10,0.625,0.0,0.0
n128_L64_S8,0.0,11,0.6875,0.0,0.0
n128_L64_S8,0.0,12,0.75,0.0,0.0
n128_L64_S8,0.0,13,0.8125,0.0,0.0
n128_L64_S8,0.0,14,0.875,0.0,0.0
n128_L64_S8,0.0,15,0.9375,0.0,0.0
n128_L64_S8,0.0,16,1.0,0.0,0.0
n128_L64_S8,0.04,0,0.0,0.0012953424231158307,0.0016957430845816839
n128_L64_S8,0.04,1,0.0625,0.0015267466286500216,0.0019986761733736306
n128_L64_S8,0.04,2,0.125,0.0017479843208997783,0.002288300198640182
n128_L64_S8,0.04,3,0.1875,0.0020776912687243956,0.002719922190427703
n128_L64_S8,0.04,4,0.25,0.002375169918630827,0.003109353860685305
n128_L64_S8,0.04,5,0.3125,0.0027237070565019543,0.003565626604260852
n128_L64_S8,0.04,6,0.375,0.0030076812597645518,0.003937379495842851
n128_L64_S8,0.04,7,0.4375,0.003286634712410033,0.004302559682797524
n128_L64_S8,0.04,8,0.5,0.0036602597658416847,0.004791675216479487
n128_L64_S8,0.04,9,0.5625,0.0038351319053008693,0.005020601727247674
n128_L64_S8,0.04,10,0.625,0.004160951184541492,0.005447134341123371
n128_L64_S8,0.04,11,0.6875,0.0045939524303956186,0.006013979721286398
n128_L64_S8,0.04,12,0.75,0.005036946012077605,0.006593906147878949
n128_L64_S8,0.04,13,0.8125,0.005473603415498834,0.007165537833037407
n128_L64_S8,0.04,14,0.875,0.0059009079946569665,0.007724925661450015
n128_L64_S8,0.04,15,0.9375,0.0064115439071367455,0.008393403202117433
n128_L64_S8,0.04,16,1.0,0.006565885130213075,0.008595452526702983
n128_L64_S8,0.08,0,0.0,0.0041598199384774714,0.005445653417889646
n128_L64_S8,0.08,1,0.0625,0.005067800658232159,0.006634298210942817
n128_L64_S8,0.08,2,0.125,0.0059472894260538135,0.00778564396275834
n128_L64_S8,0.08,3,0.1875,0.00705581528821407,0.009236823999243653
n128_L64_S8,0.08,4,0.25,0.00810591747998586,0.010611521143430253
n128_L64_S8,0.08,5,0.3125,0.009277680330379982,0.012145485224947773
n128_L64_S8,0.08,6,0.375,0.010317199590192864,0.013506328168605102
n128_L64_S8,0.08,7,0.4375,0.011356093229870435,0.014866352107959712
n128_L64_S8,0.08,8,0.5,0.012574916398554712,0.016461923227025485
n128_L64_S8,0.08,9,0.5625,0.01342217539421356,0.017571076727365714
n128_L64_S8,0.08,10,0.625,0.014573870924211136,0.019078770519899202
n128_L64_S8,0.08,11,0.6875,0.015964733498071395,0.020899559794717935
n128_L64_S8,0.08,12,0.75,0.017418338636148334,0.022802485860149484
n128_L64_S8,0.08,13,0.8125,0.018887103127651406,0.02472525715590805
n128_L64_S8,0.08,14,0.875,0.020293209508757595,0.026566002220222047
n128_L64_S8,0.08,15,0.9375,0.021945412783525537,0.028728914688395273
n128_L64_S8,0.08,16,1.0,0.0228516676321161,0.029915300129759494
n128_L64_S8,0.12,0,0.0,0.007646371169698952,0.010009925407964734
n128_L64_S8,0.12,1,0.0625,0.009534517698980317,0.012481713070105925
n128_L64_S8,0.12,2,0.125,0.01140045982050793,0.014924432765180086
n128_L64_S8,0.12,3,0.1875,0.013616243340940108,0.017825132622338192
n128_L64_S8,0.12,4,0.25,0.01577022247911045,0.02064492387035397
n128_L64_S8,0.12,5,0.3125,0.0181125419085793,0.02371127289399584
n128_L64_S8,0.12,6,0.375,0.020285023208570088,0.026555285469435884
n128_L64_S8,0.12,7,0.4375,0.022474554768814863,0.029421618676393944
n128_L64_S8,0.12,8,0.5,0.024931207405203153,0.032637642211973225
n128_L64_S8,0.12,9,0.5625,0.0268806659569454,0.03518969393111925
n128_L64_S8,0.12,10,0.625,0.029282551272504845,0.03833402113073419
n128_L64_S8,0.12,11,0.6875,0.03203878504056142,0.04194222871219353
n128_L64_S8,0.12,12,0.75,0.03492229593708623,0.04571705579639892
n128_L64_S8,0.12,13,0.8125,0.037833639525137235,0.04952831887879181
n128_L64_S8,0.12,14,0.875,0.040671788292021865,0.053243762037738125
n128_L64_S8,0.12,15,0.9375,0.04390721565236321,0.05747928576803334
n128_L64_S8,0.12,16,1.0,0.046083394968402865,0.06032813944574073
n128_L64_S8,0.16,0,0.0,0.0111016296671606,0.014533231831002151
n128_L64_S8,0.16,1,0.0625,0.014159224326406901,0.018535953355708342
n128_L64_S8,0.16,2,0.125,0.017225650642114378,0.02255023647223935
n128_L64_S8,0.16,3,0.1875,0.020763097884879483,0.0271811368364553
n128_L64_S8,0.16,4,0.25,0.024253597134531183,0.031750577208906644
n128_L64_S8,0.16,5,0.3125,0.02799696497172547,0.0366510498636188
n128_L64_S8,0.16,6,0.375,0.03155856478033857,0.041313568544181646
n128_L64_S8,0.16,7,0.4375,0.035165919028860675,0.04603598472650159
n128_L64_S8,0.16,8,0.5,0.03913461992979012,0.05123144268991488
n128_L64_S8,0.16,9,0.5625,0.0424867527432899,0.05561974645859588
n128_L64_S8,0.16,10,0.625,0.04643811973521412,0.060792512463651416
n128_L64_S8,0.16,11,0.6875,0.05085296783801696,0.06657202528297104
n128_L64_S8,0.16,12,0.75,0.05547164729011218,0.0726183753453357
n128_L64_S8,0.16,13,0.8125,0.06013007160427897,0.07871675572323916
n128_L64_S8,0.16,14,0.875,0.06473660263010207,0.08474720218399866
n128_L64_S8,0.16,15,0.9375,0.0698914272260302,0.09149542412499738
n128_L64_S8,0.16,16,1.0,0.0737224170859314,0.0965106034676175
n128_L64_S8,0.2,0,0.0,0.014056691653307904,0.018401727016596345
n128_L64_S8,0.2,1,0.0625,0.018380268218476,0.024061755538944542
n128_L64_S8,0.2,2,0.125,0.0227685816043774,0.029806531548997376
n128_L64_S8,0.2,3,0.1875,0.027750059212867238,0.03632782356788757
n128_L64_S8,0.2,4,0.25,0.03271350109566141,0.0428255048746
n128_L64_S8,0.2,5,0.3125,0.03799347119975111,0.04973755579722119
n128_L64_S8,0.2,6,0.375,0.043101214599763904,0.056424143369606224
n128_L64_S8,0.2,7,0.4375,0.048293396382243885,0.06322126990110107
n128_L64_S8,0.2,8,0.5,0.053948678691328,0.0706246450209546
n128_L64_S8,0.2,9,0.5625,0.05890160231245133,0.07710855678752701
n128_L64_S8,0.2,10,0.625,0.06460083501310243,0.08456946771508234
n128_L64_S8,0.2,11,0.6875,0.07087085269552984,0.09277759780905857
n128_L64_S8,0.2,12,0.75,0.07743103798486957,0.10136558862867029
n128_L64_S8,0.2,13,0.8125,0.08404777122963866,0.11002760682718611
n128_L64_S8,0.2,14,0.875,0.09065758355523434,0.11868056479528115
n128_L64_S8,0.2,15,0.9375,0.09797174947908198,0.1282555976696106
n128_L64_S8,0.2,16,1.0,0.10373450948668149,0.13579967270073998
n128_L64_S8,0.24,0,0.0,0.01618457642247625,0.02118735791828824
n128_L64_S8,0.24,1,0.0625,0.02179067047133929,0.028526340294860918
n128_L64_S8,0.24,2,0.125,0.02754291324558596,0.03605664713202957
n128_L64_S8,0.24,3,0.1875,0.03401187282107472,0.04452521364295023
n128_L64_S8,0.24,4,0.25,0.0405020177527283,0.053021514072385235
n128_L64_S8,0.24,5,0.3125,0.04737224053589673,0.06201537744487484
n128_L64_S8,0.24,6,0.375,0.05409698340352632,0.07081879190106391
n128_L64_S8,0.24,7,0.4375,0.06095338362532943,0.07979456004836195
n128_L64_S8,0.24,8,0.5,0.06838051188704942,0.08951747281903916
n128_L64_S8,0.24,9,0.5625,0.07504180607829733,0.09823782610755544
n128_L64_S8,0.24,10,0.625,0.0825964257582277,0.10812763890938713
n128_L64_S8,0.24,11,0.6875,0.09082886888768764,0.11890479578842603
n128_L64_S8,0.24,12,0.75,0.09944373959271884,0.13018259165299925
n128_L64_S8,0.24,13,0.8125,0.10813964643273853,0.1415664725674062
n128_L64_S8,0.24,14,0.875,0.11689087431660869,0.15302277470099598
n128_L64_S8,0.24,15,0.9375,0.1265083596374477,0.16561310134578328
n128_L64_S8,0.24,16,1.0,0.13437811505613736,0.1759154608535433
n128_L64_S8,0.28,0,0.0,0.017285254756549483,0.022628264693242736
n128_L64_S8,0.28,1,0.0625,0.024119433794252323,0.031574942911424896
n128_L64_S8,0.28,2,0.125,0.031209802531331432,0.040857001105824756
n128_L64_S8,0.28,3,0.1875,0.03914222122229746,0.05124139360248686
n128_L64_S8,0.28,4,0.25,0.04714221547591154,0.06171424980650713
n128_L64_S8,0.28,5,0.3125,0.05558588245998682,0.07276792151619682
n128_L64_S8,0.28,6,0.375,0.06392400650316794,0.08368342612122456
n128_L64_S8,0.28,7,0.4375,0.0724473838639977,0.09484144732008304
n128_L64_S8,0.28,8,0.5,0.08165209161142624,0.1068914035554017
n128_L64_S8,0.28,9,0.5625,0.09004805097771841,0.11788262084262063
n128_L64_S8,0.28,10,0.625,0.09948210963441151,0.13023282218022847
n128_L64_S8,0.28,11,0.6875,0.10970080327564681,0.14361019542637132
n128_L64_S8,0.28,12,0.75,0.12039629774665656,0.15761175243688746
n128_L64_S8,0.28,13,0.8125,0.13120532233065452,0.17176193262267833
n128_L64_S8,0.28,14,0.875,0.14214374650760786,0.18608151084638255
n128_L64_S8,0.28,15,0.9375,0.1541140871557579,0.20175197914260412
n128_L64_S8,0.28,16,1.0,0.16416853985652552,0.21491434326526496
n128_L64_S8,0.32,0,0.0,0.017279795016727332,0.022621117304350187
n128_L64_S8,0.32,1,0.0625,0.025221863232881055,0.033018142071302
n128_L64_S8,0.32,2,0.125,0.033568239577515986,0.04394444982989938
n128_L64_S8,0.32,3,0.1875,0.042884972025985235,0.05614105849372045
n128_L64_S8,0.32,4,0.25,0.05232053938363729,0.0684932348837717
n128_L64_S8,0.32,5,0.3125,0.06226301498637711,0.08150900889541352
n128_L64_S8,0.32,6,0.375,0.07214933353926108,0.09445126726575137
n128_L64_S8,0.32,7,0.4375,0.08227838606109551,0.10771129060842043
n128_L64_S8,0.32,8,0.5,0.09319895187823021,0.12200749031102938
n128_L64_S8,0.32,9,0.5625,0.10328582142133694,0.13521229158022344
n128_L64_S8,0.32,10,0.625,0.11455036395301894,0.14995879393990716
n128_L64_S8,0.32,11,0.6875,0.12670479976461343,0.1658702626810651
n128_L64_S8,0.32,12,0.75,0.1394295845195853,0.1825283797673025
n128_L64_S8,0.32,13,0.8125,0.15230692874627325,0.19938621367322662
n128_L64_S8,0.32,14,0.875,0.16539470128717843,0.21651952096152924
n128_L64_S8,0.32,15,0.9375,0.17968014732738752,0.23522071216823703
n128_L64_S8,0.32,16,1.0,0.19190754773992677,0.25122769944971557
n128_L64_S8,0.36,0,0.0,0.01620862292123968,0.02121883738136983
n128_L64_S8,0.36,1,0.0625,0.025068630658402972,0.03281754408742772
n128_L64_S8,0.36,2,0.125,0.03454346358879408,0.045221123351534644
n128_L64_S8,0.36,3,0.1875,0.04512340340800599,0.05907140684689323
n128_L64_S8,0.36,4,0.25,0.055877134039139076,0.07314920127852632
n128_L64_S8,0.36,5,0.3125,0.06720003772072497,0.08797210468444436
n128_L64_S8,0.36,6,0.375,0.07852205137736133,0.10279384295161118
n128_L64_S8,0.36,7,0.4375,0.09014585923127744,0.11801066240647892
n128_L64_S8,0.36,8,0.5,0.10266769392049982,0.13440309594497746
n128_L64_S8,0.36,9,0.5625,0.11434570250344253,0.14969087000596787
n128_L64_S8,0.36,10,0.625,0.12733288180694888,0.16669248988588276
n128_L64_S8,0.36,11,0.6875,0.14131145632655492,0.184991953140482
n128_L64_S8,0.36,12,0.75,0.15595105856787836,0.20415677305121757
n128_L64_S8,0.36,13,0.8125,0.1707862670438897,0.2235776626419496
n128_L64_S8,0.36,14,0.875,0.18591557837012063,0.2433835646166781
n128_L64_S8,0.36,15,0.9375,0.20240426609832288,0.26496903706779196
n128_L64_S8,0.36,16,1.0,0.21671656209160264,0.2837053777619468
n128_L64_S8,0.4,0,0.0,0.01424237039025954,0.018644800530225446
n128_L64_S8,0.4,1,0.0625,0.02373120480700199,0.031066709251648405
n128_L64_S8,0.4,2,0.125,0.034169412341357126,0.04473144988388535
n128_L64_S8,0.4,3,0.1875,0.04586222388315859,0.060038602616235635
n128_L64_S8,0.4,4,0.25,0.057787778371049696,0.0756504409933032
n128_L64_S8,0.4,5,0.3125,0.07034345752282892,0.0920871805873342
n128_L64_S8,0.4,6,0.375,0.08295613388754088,0.1085985356868457
n128_L64_S8,0.4,7,0.4375,0.09592942313416342,0.12558197198264817
n128_L64_S8,0.4,8,0.5,0.10990089563444591,0.14387213792717746
n128_L64_S8,0.4,9,0.5625,0.12302990619218505,0.16105943023181252
n128_L64_S8,0.4,10,0.625,0.13758919540237985,0.18011911171373743
n128_L64_S8,0.4,11,0.6875,0.15323526591458886,0.20060150725524697
n128_L64_S8,0.4,12,0.75,0.16962873763278924,0.2220623316691926
n128_L64_S8,0.4,13,0.8125,0.18626201223148467,0.24383708394422388
n128_L64_S8,0.4,14,0.875,0.2032721766351251,0.2661052256651497
n128_L64_S8,0.4,15,0.9375,0.22179547704772296,0.29035422578878967
n128_L64_S8,0.4,16,1.0,0.2380453528920382,0.3116270677003716
n128_L64_S8,0.44,0,0.0,0.011740873341799761,0.015370070817580307
n128_L64_S8,0.44,1,0.0625,0.02136699196236108,0.027971699383805518
n128_L64_S8,0.44,2,0.125,0.03256624470420886,0.04263273035952971
n128_L64_S8,0.44,3,0.1875,0.045203077475609095,0.059175708803462734
n128_L64_S8,0.44,4,0.25,0.058138004675368574,0.07610892503813112
n128_L64_S8,0.44,5,0.3125,0.07176303493691104,0.09394556068822499
n128_L64_S8,0.44,6,0.375,0.08550290606790871,0.1119325354353258
n128_L64_S8,0.44,7,0.4375,0.09966070871307567,0.13046662765679806
n128_L64_S8,0.44,8,0.5,0.11490856058468758,0.15042771200375893
n128_L64_S8,0.44,9,0.5625,0.12932361069790085,0.16929856893484085
n128_L64_S8,0.44,10,0.625,0.14527815897510704,0.1901847951757904
n128_L64_S8,0.44,11,0.6875,0.16240680794914178,0.21260804599164765
n128_L64_S8,0.44,12,0.75,0.18036386200072682,0.23611576849346208
n128_L64_S8,0.44,13,0.8125,0.19860344091914264,0.2599933465489904
n128_L64_S8,0.44,14,0.875,0.2172991035207809,0.28446798738731155
n128_L64_S8,0.44,15,0.9375,0.2376505769944274,0.3111102634280906
n128_L64_S8,0.44,16,1.0,0.2556501671462794,0.3346736702776
n128_L64_S8,0.48,0,0.0,0.009457094452284976,0.01238035768111644
n128_L64_S8,0.48,1,0.0625,0.018213683821054302,0.023843678577296395
n128_L64_S8,0.48,2,0.125,0.02991649416280165,0.0391639208183046
n128_L64_S8,0.48,3,0.1875,0.04331686853152073,0.05670645764953218
n128_L64_S8,0.48,4,0.25,0.05709302740860335,0.0747409369740949
n128_L64_S8,0.48,5,0.3125,0.07161966138757815,0.09375786923270363
n128_L64_S8,0.48,6,0.375,0.08631711477932001,0.11299842254528453
n128_L64_S8,0.48,7,0.4375,0.1014875963889773,0.13285822086600207
n128_L64_S8,0.48,8,0.5,0.11783055506248007,0.1542529182507556
n128_L64_S8,0.48,9,0.5625,0.13335583191529293,0.1745771818505276
n128_L64_S8,0.48,10,0.625,0.15051728797751965,0.19704338068687272
n128_L64_S8,0.48,11,0.6875,0.16893084013544601,0.22114870849608603
n128_L64_S8,0.48,12,0.75,0.18824763455702256,0.24643647794772036
n128_L64_S8,0.48,13,0.8125,0.20788620229101876,0.27214548340583555
n128_L64_S8,0.48,14,0.875,0.22805451318459918,0.2985479798540077
n128_L64_S8,0.48,15,0.9375,0.2500080848073429,0.3272875753438154
n128_L64_S8,0.48,16,1.0,0.269547082782959,0.35286623323807925
n128_L64_S8,0.52,0,0.0,0.008826827611945786,0.011555270339828339
n128_L64_S8,0.52,1,0.0625,0.014616719522147376,0.019134863960782286
n128_L64_S8,0.52,2,0.125,0.026444440587638424,0.034618627825261275
n128_L64_S8,0.52,3,0.1875,0.040416733281465764,0.05290986749169364
n128_L64_S8,0.52,4,0.25,0.05486763240170979,0.0718276546434467
n128_L64_S8,0.52,5,0.3125,0.0701325827081223,0.09181112268760831
n128_L64_S8,0.52,6,0.375,0.08562161045409628,0.1120879322928632
n128_L64_S8,0.52,7,0.4375,0.1016362973896948,0.13305288653056863
n128_L64_S8,0.52,8,0.5,0.11889602395920534,0.1556477320708054
n128_L64_S8,0.52,9,0.5625,0.1353563303251048,0.1771960502544475
n128_L64_S8,0.52,10,0.625,0.1535370321256106,0.2009965518059146
n128_L64_S8,0.52,11,0.6875,0.17303798119667252,0.22652539957613532
n128_L64_S8,0.52,12,0.75,0.19351029080921084,0.25332586316889816
n128_L64_S8,0.52,13,0.8125,0.21433891020990262,0.28059277474363675
n128_L64_S8,0.52,14,0.875,0.23576413086709122,0.308640701775681
n128_L64_S8,0.52,15,0.9375,0.2590897380488728,0.3391764399452306
n128_L64_S8,0.52,16,1.0,0.2799511476426075,0.36648627742288287
n128_L64_S8,0.56,0,0.0,0.01090986271333205,0.014282188184161769
n128_L64_S8,0.56,1,0.0625,0.011159494318058547,0.014608982906432772
n128_L64_S8,0.56,2,0.125,0.022404530088328982,0.029329948809365004
n128_L64_S8,0.56,3,0.1875,0.03673483262984055,0.04808986201924727
n128_L64_S8,0.56,4,0.25,0.0516993803424224,0.06768007063486842
n128_L64_S8,0.56,5,0.3125,0.06754975543248225,0.08842992292669852
n128_L64_S8,0.56,6,0.375,0.08367489832339346,0.10953947593537741
n128_L64_S8,0.56,7,0.4375,0.10037603911711135,0.13140307238692334
n128_L64_S8,0.56,8,0.5,0.11838509341071371,0.15497886881978784
n128_L64_S8,0.56,9,0.5625,0.13561438682638993,0.17753387407591473
n128_L64_S8,0.56,10,0.625,0.15463643915579317,0.20243579430681885
n128_L64_S8,0.56,11,0.6875,0.17503715636326742,0.22914253571181917
n128_L64_S8,0.56,12,0.75,0.1964703323198686,0.257200877089695
n128_L64_S8,0.56,13,0.8125,0.21828910785153488,0.28576400994291024
n128_L64_S8,0.56,14,0.875,0.24076386000405495,0.31518588701588496
n128_L64_S8,0.56,15,0.9375,0.265239620873336,0.34722730053967177
n128_L64_S8,0.56,16,1.0,0.2872121575239548,0.37599172329854297
n128_L64_S8,0.6,0,0.0,0.014909653918507114,0.01951834671252315
n128_L64_S8,0.6,1,0.0625,0.009007948633837233,0.01179237731236615
n128_L64_S8,0.6,2,0.125,0.01808956772123699,0.023681197202337495
n128_L64_S8,0.6,3,0.1875,0.032505155892306015,0.04255275850924446
n128_L64_S8,0.6,4,0.25,0.04782718830941801,0.0626109531992293
n128_L64_S8,0.6,5,0.3125,0.06412371153963967,0.08394486157528656
n128_L64_S8,0.6,6,0.375,0.08074433256689535,0.10570304895914985
n128_L64_S8,0.6,7,0.4375,0.09798953759214858,0.1282788842301232
n128_L64_S8,0.6,8,0.5,0.11659648265948316,0.15263738423757833
n128_L64_S8,0.6,9,0.5625,0.13444352298067305,0.17600108688858151
n128_L64_S8,0.6,10,0.625,0.15414480047402962,0.20179218619221082
n128_L64_S8,0.6,11,0.6875,0.17527399917124642,0.22945258851839462
n128_L64_S8,0.6,12,0.75,0.1974896869955215,0.25853532241560084
n128_L64_S8,0.6,13,0.8125,0.22011502754706885,0.2881543359613042
n128_L64_S8,0.6,14,0.875,0.24344804660754515,0.31869977708029484
n128_L64_S8,0.6,15,0.9375,0.2688687255091626,0.3519781903272719
n128_L64_S8,0.6,16,1.0,0.29175559328510486,0.3819395712457127
n128_L64_S8,0.64,0,0.0,0.019767639963445605,0.025877974941855165
n128_L64_S8,0.64,1,0.0625,0.009670085012148643,0.012659185319681087
n128_L64_S8,0.64,2,0.125,0.013887353777667297,0.018180045454678075
n128_L64_S8,0.64,3,0.1875,0.027953884431532766,0.03659465278528016
n128_L64_S8,0.64,4,0.25,0.04347608100006235,0.05691488396035987
n128_L64_S8,0.64,5,0.3125,0.06009388113624536,0.07866937849324915
n128_L64_S8,0.64,6,0.375,0.07708615859756474,0.1009141042754981
n128_L64_S8,0.64,7,0.4375,0.09475072473651969,0.12403892852097877
n128_L64_S8,0.64,8,0.5,0.11382277721693121,0.14900630434786066
n128_L64_S8,0.64,9,0.5625,0.13215423693133144,0.17300416428531923
n128_L64_S8,0.64,10,0.625,0.15239169341587286,0.19949717977742062
n128_L64_S8,0.64,11,0.6875,0.17409802680636252,0.22791311372792625
n128_L64_S8,0.64,12,0.75,0.19693799910994772,0.2578131034099429
n128_L64_S8,0.64,13,0.8125,0.22020681130092992,0.2882744908046177
n128_L64_S8,0.64,14,0.875,0.24422752621960456,0.3197202000496458
n128_L64_S8,0.64,15,0.9375,0.2704095978615328,0.3539953585980908
n128_L64_S8,0.64,16,1.0,0.29403389560674525,0.3849221149635468
n128_L64_S8,0.68,0,0.0,0.024934094463558376,0.03264142168306387
n128_L64_S8,0.68,1,0.0625,0.01284966159550079,0.01682159435292181
n128_L64_S8,0.68,2,0.125,0.010459896594027072,0.013693133953024893
n128_L64_S8,0.68,3,0.1875,0.023299319873263735,0.03050132524456862
n128_L64_S8,0.68,4,0.25,0.03884793764993386,0.05085614463369203
n128_L64_S8,0.68,5,0.3125,0.05567519439447845,0.07288484048108371
n128_L64_S8,0.68,6,0.375,0.0729323364187999,0.09547630257262542
n128_L64_S8,0.68,7,0.4375,0.09090978172210254,0.11901071942449666
n128_L64_S8,0.68,8,0.5,0.1103335481197194,0.14443852674208618
n128_L64_S8,0.68,9,0.5625,0.1290351056786205,0.1689208847159183
n128_L64_S8,0.68,10,0.625,0.14968594307749716,0.19595506045589908
n128_L64_S8,0.68,11,0.6875,0.17183931475892644,0.22495621579410588
n128_L64_S8,0.68,12,0.75,0.195166975489919,0.2554946422812858
n128_L64_S8,0.68,13,0.8125,0.21893836628730495,0.2866139593330608
n128_L64_S8,0.68,14,0.875,0.24349888186628843,0.3187663259224608
n128_L64_S8,0.68,15,0.9375,0.2702827909844783,0.3538293547052165
n128_L64_S8,0.68,16,1.0,0.29449010719011154,0.38551934518143666
n128_L64_S8,0.72,0,0.0,0.030134211412566926,0.039448936204271465
n128_L64_S8,0.72,1,0.0625,0.017143932093826374,0.02244325806971926
n128_L64_S8,0.72,2,0.125,0.008992342114825953,0.011771946694009567
n128_L64_S8,0.72,3,0.1875,0.018766342431337336,0.024567168366403824
n128_L64_S8,0.72,4,0.25,0.03411751783534916,0.044663514372687375
n128_L64_S8,0.72,5,0.3125,0.0510520719194012,0.0668326740219409
n128_L64_S8,0.72,6,0.375,0.06848325437517237,0.08965197382867036
n128_L64_S8,0.72,7,0.4375,0.08668459490945556,0.11347949371093013
n128_L64_S8,0.72,8,0.5,0.10636544940670946,0.13924385710767526
n128_L64_S8,0.72,9,0.5625,0.12534142280874394,0.16408545504770392
n128_L64_S8,0.72,10,0.625,0.14630270968358153,0.19152604266965365
n128_L64_S8,0.72,11,0.6875,0.168793923885617,0.22096947034278297
n128_L64_S8,0.72,12,0.75,0.1924940967774305,0.2519955554670631
n128_L64_S8,0.72,13,0.8125,0.21664923875411643,0.2836172442445572
n128_L64_S8,0.72,14,0.875,0.24162438008903522,0.3163124007138915
n128_L64_S8,0.72,15,0.9375,0.26887469731110825,0.35198600806076935
n128_L64_S8,0.72,16,1.0,0.29353357026922217,0.3842671350786875
n128_L64_S8,0.76,0,0.0,0.0352128071543839,0.046097366345127
n128_L64_S8,0.76,1,0.0625,0.021767492505548536,0.028495997835212453
n128_L64_S8,0.76,2,0.125,0.010290098252066431,0.01347084959097907
n128_L64_S8,0.76,3,0.1875,0.014628795524134111,0.01915067275117853
n128_L64_S8,0.76,4,0.25,0.02943293790433953,0.03853089346842369
n128_L64_S8,0.76,5,0.3125,0.04637659273517679,0.06071196697778877
n128_L64_S8,0.76,6,0.375,0.06390505336962525,0.08365861442312635
n128_L64_S8,0.76,7,0.4375,0.08225729233126045,0.10768367663866422
n128_L64_S8,0.76,8,0.5,0.10211789183262543,0.13368334565210976
n128_L64_S8,0.76,9,0.5625,0.12128992112716735,0.1587816019227683
n128_L64_S8,0.76,10,0.625,0.14247719919993249,0.18651803642213302
n128_L64_S8,0.76,11,0.6875,0.16521652479135787,0.21628626869152642
n128_L64_S8,0.76,12,0.75,0.18919409776075538,0.2476755004670943
n128_L64_S8,0.76,13,0.8125,0.21363486983462954,0.2796711098800991
n128_L64_S8,0.76,14,0.875,0.23892091562952253,0.3127732738545984
n128_L64_S8,0.76,15,0.9375,0.2665250628553774,0.34891008287797765
n128_L64_S8,0.76,16,1.0,0.2915259670510476,0.3816389657135443
n128_L64_S8,0.8,0,0.0,0.0400754687546556,0.0524631153811904
n128_L64_S8,0.8,1,0.0625,0.0263861152907433,0.03454227371448632
n128_L64_S8,0.8,2,0.125,0.013393227989006624,0.017533181448619133
n128_L64_S8,0.8,3,0.1875,0.011305155848194779,0.014799669575849462
n128_L64_S8,0.8,4,0.25,0.024920076054250114,0.03262307007177012
n128_L64_S8,0.8,5,0.3125,0.0417696030688901,0.05468092010714493
n128_L64_S8,0.8,6,0.375,0.05933022298166935,0.07766966751992077
n128_L64_S8,0.8,7,0.4375,0.07777442778985708,0.1018151229577651
n128_L64_S8,0.8,8,0.5,0.0977527632316264,0.12796892102865873
n128_L64_S8,0.8,9,0.5625,0.11705795839401693,0.15324150579769488
n128_L64_S8,0.8,10,0.625,0.1384032782007624,0.18118483398994722
n128_L64_S8,0.8,11,0.6875,0.1613183973550058,0.21118319901276777
n128_L64_S8,0.8,12,0.75,0.18549630066098674,0.24283468482775494
n128_L64_S8,0.8,13,0.8125,0.21014321558463164,0.27510015748749395
n128_L64_S8,0.8,14,0.875,0.23565584977935353,0.30849895014117457
n128_L64_S8,0.8,15,0.9375,0.2635219674410467,0.34497870674892234
n128_L64_S8,0.8,16,1.0,0.28877539503259725,0.37803816997359496
n128_L64_S8,0.84,0,0.0,0.04466441754873717,0.05847054480231995
n128_L64_S8,0.84,1,0.0625,0.030843688831403312,0.04037771874484845
n128_L64_S8,0.84,2,0.125,0.0171447918868421,0.02244438363160511
n128_L64_S8,0.84,3,0.1875,0.009459431107844732,0.012383416615523123
n128_L64_S8,0.84,4,0.25,0.020691156433710126,0.027086957709655947
n128_L64_S8,0.84,5,0.3125,0.03732368155888415,0.04886072884293017
n128_L64_S8,0.84,6,0.375,0.05486027612681616,0.0718180244853846
n128_L64_S8,0.84,7,0.4375,0.07334951927687716,0.09602243997534313
n128_L64_S8,0.84,8,0.5,0.09339679756615674,0.1222664916770996
n128_L64_S8,0.84,9,0.5625,0.11278566374344792,0.14764861083825148
n128_L64_S8,0.84,10,0.625,0.13423538045127234,0.17572860584531452
n128_L64_S8,0.84,11,0.6875,0.15726907546441915,0.20588219946958095
n128_L64_S8,0.84,12,0.75,0.18158595876564612,0.23771562510343605
n128_L64_S8,0.84,13,0.8125,0.2063757666009358,0.2701681600120702
n128_L64_S8,0.84,14,0.875,0.2320476566143128,0.30377543572655746
n128_L64_S8,0.84,15,0.9375,0.260102055660791,0.3405016729949452
n128_L64_S8,0.84,16,1.0,0.2855361382191784,0.3737976330757712
n128_L64_S8,0.88,0,0.0,0.04894652036580257,0.06407627971065398
n128_L64_S8,0.88,1,0.0625,0.03506044777385111,0.045897911466402215
n128_L64_S8,0.88,2,0.125,0.021003312855003852,0.027495604167357322
n128_L64_S8,0.88,3,0.1875,0.009631364128227867,0.012608495502096325
n128_L64_S8,0.88,4,0.25,0.01685911044319286,0.02207039577803337
n128_L64_S8,0.88,5,0.3125,0.033107108778653915,0.04334077982781835
n128_L64_S8,0.88,6,0.375,0.05056954833205579,0.06620099855004496
n128_L64_S8,0.88,7,0.4375,0.06906689808905604,0.09041602646372353
n128_L64_S8,0.88,8,0.5,0.08914545380139074,0.11670102368915218
n128_L64_S8,0.88,9,0.5625,0.10857980870706826,0.14214269250699021
n128_L64_S8,0.88,10,0.625,0.13009236648318173,0.17030495325713185
n128_L64_S8,0.88,11,0.6875,0.15320018883646172,0.2005555875728526
n128_L64_S8,0.88,12,0.75,0.17760805376203803,0.2325081179758878
n128_L64_S8,0.88,13,0.8125,0.20249129379363798,0.265082965716977
n128_L64_S8,0.88,14,0.875,0.2282695852612295,0.2988295324227526
n128_L64_S8,0.88,15,0.9375,0.2564540986774569,0.33572610344904835
n128_L64_S8,0.88,16,1.0,0.28201208956671486,0.36918427291284994
n128_L64_S8,0.92,0,0.0,0.052906116248428996,0.06925981822207773
n128_L64_S8,0.92,1,0.0625,0.03899559936580418,0.05104944976218635
n128_L64_S8,0.92,2,0.125,0.024747081897467313,0.032396602043083284
n128_L64_S8,0.92,3,0.1875,0.011419022659224332,0.01494873352521219
n128_L64_S8,0.92,4,0.25,0.013560721898433672,0.017752449059678505
n128_L64_S8,0.92,5,0.3125,0.029168232257598656,0.038184365197674375
n128_L64_S8,0.92,6,0.375,0.04650942467041086,0.060885858322320636
n128_L64_S8,0.92,7,0.4375,0.06498609927408092,0.08507382022807984
n128_L64_S8,0.92,8,0.5,0.08506745761471328,0.11136248639653823
n128_L64_S8,0.92,9,0.5625,0.10451847540517849,0.13682596872958555
n128_L64_S8,0.92,10,0.625,0.12606232367967854,0.16502919212041997
n128_L64_S8,0.92,11,0.6875,0.14921039883810883,0.19533252170401005
n128_L64_S8,0.92,12,0.75,0.1736723516320379,0.22735585896636076
n128_L64_S8,0.92,13,0.8125,0.19861102679712886,0.26000327728229006
n128_L64_S8,0.92,14,0.875,0.22445494321951953,0.2938357541391506
n128_L64_S8,0.92,15,0.9375,0.2527243817744773,0.3308435013410577
n128_L64_S8,0.92,16,1.0,0.27836221070507733,0.36440618742075664
n128_L64_S8,0.96,0,0.0,0.056540116007565026,0.07401711625459603
n128_L64_S8,0.96,1,0.0625,0.04263113543832412,0.055808758994793546
n128_L64_S8,0.96,2,0.125,0.028280305271599814,0.03702197290722566
n128_L64_S8,0.96,3,0.1875,0.013962991926203086,0.0182790639574471
n128_L64_S8,0.96,4,0.25,0.010987395382898241,0.014383686819503127
n128_L64_S8,0.96,5,0.3125,0.025539832000401014,0.033434397517748314
n128_L64_S8,0.96,6,0.375,0.04271252788551649,0.055915310495771677
n128_L64_S8,0.96,7,0.4375,0.061146273046928594,0.08004707312670224
n128_L64_S8,0.96,8,0.5,0.08120942741752071,0.10631190833297118
n128_L64_S8,0.96,9,0.5625,0.1006558823854615,0.1317694174387051
n128_L64_S8,0.96,10,0.625,0.12220760277353204,0.15998294627612258
n128_L64_S8,0.96,11,0.6875,0.1453706554142357,0.19030588300106485
n128_L64_S8,0.96,12,0.75,0.16985887297016028,0.22236360367256458
n128_L64_S8,0.96,13,0.8125,0.194824345196323,0.2550461022346038
n128_L64_S8,0.96,14,0.875,0.22070300167977633,0.28892405758213496
n128_L64_S8,0.96,15,0.9375,0.24902283261161265,0.325997773846031
n128_L64_S8,0.96,16,1.0,0.27470685785712023,0.35962093588956756
n128_L64_S8,1.0,0,0.0,0.05985439667640998,0.07835586747918558
n128_L64_S8,1.0,1,0.0625,0.045963460101149836,0.060171131755638735
n128_L64_S8,1.0,2,0.125,0.031561601110735825,0.041317543428491595
n128_L64_S8,1.0,3,0.1875,0.016717865927211233,0.021885491457031666
n128_L64_S8,1.0,4,0.25,0.009388053955752158,0.012289976217140298
n128_L64_S8,1.0,5,0.3125,0.022243254409271496,0.029118821533215804
n128_L64_S8,1.0,6,0.375,0.03919658627043791,0.05131256332007038
n128_L64_S8,1.0,7,0.4375,0.05757029836670968,0.0753657361872124
n128_L64_S8,1.0,8,0.5,0.07760022545372862,0.1015870732918727
n128_L64_S8,1.0,9,0.5625,0.09702696599499776,0.12701877408460896
n128_L64_S8,1.0,10,0.625,0.1185696431614844,0.15522046436861417
n128_L64_S8,1.0,11,0.6875,0.1417292790176562,0.18553892815370826
n128_L64_S8,1.0,12,0.75,0.16622323055442817,0.2176041552252112
n128_L64_S8,1.0,13,0.8125,0.19119438141688863,0.25029408773526285
n128_L64_S8,1.0,14,0.875,0.21708486436598456,0.2841875252031744
n128_L64_S8,1.0,15,0.9375,0.24542916963219769,0.3212932810131616
n128_L64_S8,1.0,16,1.0,0.2711341905357656,0.3549439286399128
n128_L64_S8,1.04,0,0.0,0.06286106034942773,0.08229191484411226
n128_L64_S8,1.04,1,0.0625,0.048998393249598954,0.06414418691604253
n128_L64_S8,1.04,2,0.125,0.034576435646903686,0.04526428733545582
n128_L64_S8,1.04,3,0.1875,0.019435160026018264,0.02544272280728955
n128_L64_S8,1.04,4,0.25,0.008936557526435174,0.011698918644976512
n128_L64_S8,1.04,5,0.3125,0.019292179419495476,0.025255545756331006
n128_L64_S8,1.04,6,0.375,0.035967836445091654,0.04708578120402936
n128_L64_S8,1.04,7,0.4375,0.054268429622462006,0.07104323351198448
n128_L64_S8,1.04,8,0.5,0.07425483895882577,0.09720760118260698
n128_L64_S8,1.04,9,0.5625,0.09365149434151387,0.12259991725459148
n128_L64_S8,1.04,10,0.625,0.11517333436259056,0.15077432946555527
n128_L64_S8,1.04,11,0.6875,0.13831658309147626,0.18107134073178205
n128_L64_S8,1.04,12,0.75,0.16280151572453389,0.21312476108458947
n128_L64_S8,1.04,13,0.8125,0.18776318105410683,0.2458022760079779
n128_L64_S8,1.04,14,0.875,0.21364890711001291,0.27968948618912204
n128_L64_S8,1.04,15,0.9375,0.2419986361830436,0.3168023423478192
n128_L64_S8,1.04,16,1.0,0.2677061858634622,0.35045630041648945
n128_L64_S8,1.08,0,0.0,0.06557633223714233,0.08584649890172046
n128_L64_S8,1.08,1,0.0625,0.05174788741652627,0.06774357163197703
n128_L64_S8,1.08,2,0.125,0.03732489770081368,0.0488623209040177
n128_L64_S8,1.08,3,0.1875,0.022008205066768954,0.02881111656658204
n128_L64_S8,1.08,4,0.25,0.009499694248191408,0.012436125413280388
n128_L64_S8,1.08,5,0.3125,0.016695893442095752,0.021856727101737854
n128_L64_S8,1.08,6,0.375,0.03302390975000059,0.04323186331665876
n128_L64_S8,1.08,7,0.4375,0.05124141062461181,0.06708053882917252
n128_L64_S8,1.08,8,0.5,0.07117771050288241,0.09317930780904171
n128_L64_S8,1.08,9,0.5625,0.09053761636821842,0.11852351479512008
n128_L64_S8,1.08,10,0.625,0.11203079835392799,0.1466604105436997
n128_L64_S8,1.08,11,0.6875,0.13514890274400632,0.17692450515569813
n128_L64_S8,1.08,12,0.75,0.1596145784001132,0.2089527160465815
n128_L64_S8,1.08,13,0.8125,0.18455624366683512,0.24160404872837452
n128_L64_S8,1.08,14,0.875,0.21042558725373256,0.2754698124888394
n128_L64_S8,1.08,15,0.9375,0.23876709367598942,0.31257190430990833
n128_L64_S8,1.08,16,1.0,0.26446400499739664,0.3462119356180534
n128_L64_S8,1.12,0,0.0,0.0680189565756641,0.0890441578808156
n128_L64_S8,1.12,1,0.0625,0.054227747997231714,0.07098997687233248
n128_L64_S8,1.12,2,0.125,0.039815472029748895,0.05212275159752468
n128_L64_S8,1.12,3,0.1875,0.02439316350715087,0.03193328465906542
n128_L64_S8,1.12,4,0.25,0.010694778229655973,0.01400061937325445
n128_L64_S8,1.12,5,0.3125,0.014461816285132637,0.018932078899273057
n128_L64_S8,1.12,6,0.375,0.030356210268785086,0.03973955667535236
n128_L64_S8,1.12,7,0.4375,0.04848305600638537,0.06346955482586147
n128_L64_S8,1.12,8,0.5,0.06836551023048364,0.0894978340309282
n128_L64_S8,1.12,9,0.5625,0.08768483016242326,0.11478890964829662
n128_L64_S8,1.12,10,0.625,0.10914456755591401,0.14288202281478857
n128_L64_S8,1.12,11,0.6875,0.13223199428617236,0.17310595705794354
n128_L64_S8,1.12,12,0.75,0.15667165409505032,0.20510011039598167
n128_L64_S8,1.12,13,0.8125,0.1815863855960564,0.23771618387052618
n128_L64_S8,1.12,14,0.875,0.2074315511390727,0.27155029596114805
n128_L64_S8,1.12,15,0.9375,0.23575538776924929,0.30862925611665004
n128_L64_S8,1.12,16,1.0,0.26143261040671173,0.3422435128118063
n128_L64_S8,1.16,0,0.0,0.07020898794417842,0.0919111453907607
n128_L64_S8,1.16,1,0.0625,0.056456008607845214,0.07390701058763736
n128_L64_S8,1.16,2,0.125,0.04206149581973932,0.055063039232450414
n128_L64_S8,1.16,3,0.1875,0.026575601713206786,0.03479033189955037
n128_L64_S8,1.16,4,0.25,0.01217179611360286,0.015934195250806357
n128_L64_S8,1.16,5,0.3125,0.012596724907524797,0.016490472919841154
n128_L64_S8,1.16,6,0.375,0.027951826496018312,0.03659195872550502
n128_L64_S8,1.16,7,0.4375,0.04598233837141427,0.060195845449623045
n128_L64_S8,1.16,8,0.5,0.06580938602809257,0.08615159147592086
n128_L64_S8,1.16,9,0.5625,0.0850864032334901,0.11138728825699658
n128_L64_S8,1.16,10,0.625,0.1065101874594449,0.1394333348454703
n128_L64_S8,1.16,11,0.6875,0.12956383051291936,0.1696130426082324
n128_L64_S8,1.16,12,0.75,0.15397335791218944,0.2015677493688231
n128_L64_S8,1.16,13,0.8125,0.17885693973349642,0.2341430445495404
n128_L64_S8,1.16,14,0.875,0.20467304856577612,0.26793911826867606
n128_L64_S8,1.16,15,0.9375,0.23297298996427396,0.30498679698604203
n128_L64_S8,1.16,16,1.0,0.25862462914224105,0.3385675621705794
n128_L64_S8,1.2,0,0.0,0.07216689732613879,0.09447426015906317
n128_L64_S8,1.2,1,0.0625,0.05845176575435748,0.07651967216600368
n128_L64_S8,1.2,2,0.125,0.044078978894359085,0.05770414239636735
n128_L64_S8,1.2,3,0.1875,0.028555743219964957,0.03738255091952303
n128_L64_S8,1.2,4,0.25,0.01371922624579002,0.01795994836342178
n128_L64_S8,1.2,5,0.3125,0.011105692338618219,0.014538550306569881
n128_L64_S8,1.2,6,0.375,0.025795035165305815,0.033768486013830847
n128_L64_S8,1.2,7,0.4375,0.04372503856464302,0.05724079629130668
n128_L64_S8,1.2,8,0.5,0.06349674981714828,0.08312410099010105
n128_L64_S8,1.2,9,0.5625,0.08273130292505387,0.10830420768288819
n128_L64_S8,1.2,10,0.625,0.10411830179432706,0.13630209826790401
n128_L64_S8,1.2,11,0.6875,0.1271368492577306,0.1664358621141387
n128_L64_S8,1.2,12,0.75,0.1515141022157906,0.19834831814664844
n128_L64_S8,1.2,13,0.8125,0.17636434812910243,0.23087997302466107
n128_L64_S8,1.2,14,0.875,0.2021487087034519,0.264634484846439
n128_L64_S8,1.2,15,0.9375,0.23042096758996491,0.3016459241668514
n128_L64_S8,1.2,16,1.0,0.25604351296144895,0.3351886024175653
n128_L64_S8,1.24,0,0.0,0.07391292711912015,0.09676000166963591
n128_L64_S8,1.24,1,0.0625,0.06023434885956158,0.07885326590878478
n128_L64_S8,1.24,2,0.125,0.04588519769699631,0.06006867781893615
n128_L64_S8,1.24,3,0.1875,0.030341386493325382,0.03972015075281435
n128_L64_S8,1.24,4,0.25,0.015228732032803137,0.01993605441367088
n128_L64_S8,1.24,5,0.3125,0.009987700528149433,0.013074978321749715
n128_L64_S8,1.24,6,0.375,0.02386846083744818,0.031246392214464062
n128_L64_S8,1.24,7,0.4375,0.04169502300308147,0.05458328674890255
n128_L64_S8,1.24,8,0.5,0.061412666457107856,0.0803958108620132
n128_L64_S8,1.24,9,0.5625,0.08060570523868085,0.10552157081950217
n128_L64_S8,1.24,10,0.625,0.10195629023258639,0.13347179171020737
n128_L64_S8,1.24,11,0.6875,0.12493972699366337,0.16355959185634036
n128_L64_S8,1.24,12,0.75,0.14928401130255703,0.19542888836760375
n128_L64_S8,1.24,13,0.8125,0.17410022242426812,0.2279159880288164
n128_L64_S8,1.24,14,0.875,0.19985175379755354,0.26162752288196944
n128_L64_S8,1.24,15,0.9375,0.2280943599337866,0.29860014355078146
n128_L64_S8,1.24,16,1.0,0.25368607404600496,0.3321024603543941
n128_L64_S8,1.28,0,0.0,0.07546664097610505,0.09879398085643915
n128_L64_S8,1.28,1,0.0625,0.061822740002879975,0.08093264140736064
n128_L64_S8,1.28,2,0.125,0.047497767796212294,0.06217970618128307
n128_L64_S8,1.28,3,0.1875,0.03194421264119497,0.041818423230835025
n128_L64_S8,1.28,4,0.25,0.016649046390304845,0.021795399253062613
n128_L64_S8,1.28,5,0.3125,0.0092283030308295,0.01208084500877494
n128_L64_S8,1.28,6,0.375,0.02215395296309493,0.029001916298665702
n128_L64_S8,1.28,7,0.4375,0.0398752110123906,0.05220095637557167
n128_L64_S8,1.28,8,0.5,0.0595409115236135,0.07794548156848949
n128_L64_S8,1.28,9,0.5625,0.0786941510002056,0.10301913993879337
n128_L64_S8,1.28,10,0.625,0.10000953026056157,0.13092327272326587
n128_L64_S8,1.28,11,0.6875,0.12295875197928645,0.16096628168490443
n128_L64_S8,1.28,12,0.75,0.14727041035100238,0.1927928673219157
n128_L64_S8,1.28,13,0.8125,0.1720529523296974,0.22523589043980324
n128_L64_S8,1.28,14,0.875,0.19777173370226397,0.2589045520061342
n128_L64_S8,1.28,15,0.9375,0.22598404652118678,0.2958375154519439
n128_L64_S8,1.28,16,1.0,0.25154448496131876,0.3292988890240915
n128_L64_S8,1.32,0,0.0,0.07684662416027796,0.10060052783555479
n128_L64_S8,1.32,1,0.0625,0.06323518079094208,0.08278167889427945
n128_L64_S8,1.32,2,0.125,0.048934030988957815,0.06405992976793823
n128_L64_S8,1.32,3,0.1875,0.03337772988492778,0.04369505207376387
n128_L64_S8,1.32,4,0.25,0.017958416142083235,0.023509505625335804
n128_L64_S8,1.32,5,0.3125,0.008793070983278369,0.011511079268340172
n128_L64_S8,1.32,6,0.375,0.02063323634820847,0.027011134064344033
n128_L64_S8,1.32,7,0.4375,0.038248289988726765,0.050071141103713
n128_L64_S8,1.32,8,0.5,0.057864759254852315,0.07575121728150604
n128_L64_S8,1.32,9,0.5625,0.07698041360618829,0.10077567266494031
n128_L64_S8,1.32,10,0.625,0.09826235051912663,0.12863602580601224
n128_L64_S8,1.32,11,0.6875,0.1211788675199981,0.1586362207609886
n128_L64_S8,1.32,12,0.75,0.14545896249671492,0.19042148650617782
n128_L64_S8,1.32,13,0.8125,0.1702089394362758,0.22282187847192722
n128_L64_S8,1.32,14,0.875,0.19589586196296152,0.25644883336933333
n128_L64_S8,1.32,15,0.9375,0.22407819188662642,0.2933425459681222
n128_L64_S8,1.32,16,1.0,0.24960783059360525,0.3267635993642535
n128_L64_S8,1.36,0,0.0,0.07807029846977191,0.10220244962169787
n128_L64_S8,1.36,1,0.0625,0.06448891917734927,0.08442295780299507
n128_L64_S8,1.36,2,0.125,0.050210657536914005,0.0657311717512609
n128_L64_S8,1.36,3,0.1875,0.03465607641391338,0.04536854569795322
n128_L64_S8,1.36,4,0.25,0.01915034836461027,0.025069873592578357
n128_L64_S8,1.36,5,0.3125,0.008627718703131237,0.011294615281230998
n128_L64_S8,1.36,6,0.375,0.019288383301709445,0.025250576228298075
n128_L64_S8,1.36,7,0.4375,0.0367972291787489,0.04817154583846364
n128_L64_S8,1.36,8,0.5,0.0563675547171693,0.07379121489474466
n128_L64_S8,1.36,9,0.5625,0.07544813528045666,0.09876975490285257
n128_L64_S8,1.36,10,0.625,0.09669873559211711,0.1265890850495695
n128_L64_S8,1.36,11,0.6875,0.11958444859614788,0.1565489542469022
n128_L64_S8,1.36,12,0.75,0.1438345206088993,0.18829491669080647
n128_L64_S8,1.36,13,0.8125,0.1685535264102675,0.2206547640928369
n128_L64_S8,1.36,14,0.875,0.19421002703785223,0.25424189343979414
n128_L64_S8,1.36,15,0.9375,0.22236334415134656,0.29109762513767756
n128_L64_S8,1.36,16,1.0,0.24786329294465156,0.32447981123131353
n128_L64_S8,1.4000000000000001,0,0.0,0.07915382291628728,0.10362090010580538
n128_L64_S8,1.4000000000000001,1,0.0625,0.06560006012889308,0.08587756127382376
n128_L64_S8,1.4000000000000001,2,0.125,0.051343398828804565,0.06721405239970221
n128_L64_S8,1.4000000000000001,3,0.1875,0.03579330665710962,0.04685730286830703
n128_L64_S8,1.4000000000000001,4,0.25,0.02022630738677671,0.026478420119405776
n128_L64_S8,1.4000000000000001,5,0.3125,0.008666919460781809,0.01134593330533803
n128_L64_S8,1.4000000000000001,6,0.375,0.01810214755019796,0.023697665556639106
n128_L64_S8,1.4000000000000001,7,0.4375,0.035505635323643626,0.046480710034125045
n128_L64_S8,1.4000000000000001,8,0.5,0.055033116284853016,0.0720442909130864
n128_L64_S8,1.4000000000000001,9,0.5625,0.07408128057161073,0.09698039451536673
n128_L64_S8,1.4000000000000001,10,0.625,0.09530283381047855,0.1247616989077067
n128_L64_S8,1.4000000000000001,11,0.6875,0.11815986647218249,0.15468402244043658
n128_L64_S8,1.4000000000000001,12,0.75,0.14238175150099988,0.18639308507913996
n128_L64_S8,1.4000000000000001,13,0.8125,0.16707168255652124,0.21871487049977778
n128_L64_S8,1.4000000000000001,14,0.875,0.19269954299066325,0.2522645067413562
n128_L64_S8,1.4000000000000001,15,0.9375,0.2208252552607808,0.28908410071887947
n128_L64_S8,1.4000000000000001,16,1.0,0.2462970400462252,0.3224294170854754
n128_L64_S8,1.44,0,0.0,0.08011205733331084,0.10487533241426576
n128_L64_S8,1.44,1,0.0625,0.06658349238014598,0.0871649802677955
n128_L64_S8,1.44,2,0.125,0.05234694620697665,0.0685278042665576
n128_L64_S8,1.44,3,0.1875,0.03680296583398751,0.048179055739533745
n128_L64_S8,1.44,4,0.25,0.021191865433645665,0.027742439850035577
n128_L64_S8,1.44,5,0.3125,0.008846615897460254,0.011581175342025496
n128_L64_S8,1.44,6,0.375,0.017058192104921734,0.022331015167253804
n128_L64_S8,1.44,7,0.4375,0.03435798613578814,0.04497831334032225
n128_L64_S8,1.44,8,0.5,0.05384600677050466,0.07049023639153744
n128_L64_S8,1.44,9,0.5625,0.07286444774685304,0.09538742897138999
n128_L64_S8,1.44,10,0.625,0.09405931125604103,0.1231337936260002
n128_L64_S8,1.44,11,0.6875,0.11688988718478649,0.1530214824388642
n128_L64_S8,1.44,12,0.75,0.14108558126220894,0.18469625829446376
n128_L64_S8,1.44,13,0.8125,0.16574849733580693,0.21698267818706887
n128_L64_S8,1.44,14,0.875,0.1913496942503675,0.25049740900276607
n128_L64_S8,1.44,15,0.9375,0.21944948063930955,0.2872830632027213
n128_L64_S8,1.44,16,1.0,0.24489487983598865,0.32059383798488134
n128_L64_S8,1.48,0,0.0,0.08095857105455087,0.10598351026992758
n128_L64_S8,1.48,1,0.0625,0.06745286996014707,0.0883030893830911
n128_L64_S8,1.48,2,0.125,0.05323486465579659,0.0696901853809174
n128_L64_S8,1.48,3,0.1875,0.037697843894762086,0.049350547737342466
n128_L64_S8,1.48,4,0.25,0.022054602425273594,0.02887185571819405
n128_L64_S8,1.48,5,0.3125,0.009112925398046349,0.011929803230619622
n128_L64_S8,1.48,6,0.375,0.016141236186394358,0.021130620869992376
n128_L64_S8,1.48,7,0.4375,0.033339770974121455,0.04364535976125298
n128_L64_S8,1.48,8,0.5,0.05279170446545592,0.06911004084560259
n128_L64_S8,1.48,9,0.5625,0.07178307132990067,0.09397179048989425
n128_L64_S8,1.48,10,0.625,0.09295358740277232,0.12168628172167514
n128_L64_S8,1.48,11,0.6875,0.11575994169298287,0.1515422617945876
n128_L64_S8,1.48,12,0.75,0.1399315019071013,0.18318544381748952
n128_L64_S8,1.48,13,0.8125,0.1645695245375063,0.2154392755053137
n128_L64_S8,1.48,14,0.875,0.19014611975359552,0.24892180004156905
n128_L64_S8,1.48,15,0.9375,0.21822180632216903,0.2856759049747047
n128_L64_S8,1.48,16,1.0,0.24364272974523454,0.31895463832665727
n128_L64_S8,1.52,0,0.0,0.08170568285946013,0.10696156028510179
n128_L64_S8,1.52,1,0.0625,0.06822063220241192,0.08930817305030543
n128_L64_S8,1.52,2,0.125,0.05401957876177506,0.07071746086795493
n128_L64_S8,1.52,3,0.1875,0.03848984431435017,0.050387361795567895
n128_L64_S8,1.52,4,0.25,0.022822927156580727,0.02987767574429432
n128_L64_S8,1.52,5,0.3125,0.009425257162152204,0.012338679230993108
n128_L64_S8,1.52,6,0.375,0.015337140353986273,0.020077972610494252
n128_L64_S8,1.52,7,0.4375,0.03243756232218497,0.04246427122815994
n128_L64_S8,1.52,8,0.5,0.051856699166326,0.06788601796041602
n128_L64_S8,1.52,9,0.5625,0.07082354253481425,0.09271566370080099
n128_L64_S8,1.52,10,0.625,0.0919719810053039,0.12040125296743712
n128_L64_S8,1.52,11,0.6875,0.11475629828167913,0.15022838420999457
n128_L64_S8,1.52,12,0.75,0.1389057719765725,0.18184265259464147
n128_L64_S8,1.52,13,0.8125,0.1635210118539899,0.21406665919904597
n128_L64_S8,1.52,14,0.875,0.18907507343211483,0.24751968477034308
n128_L64_S8,1.52,15,0.9375,0.21712854285184,0.28424470505694327
n128_L64_S8,1.52,16,1.0,0.24252694357359664,0.3174939537612004
n128_L64_S8,1.56,0,0.0,0.08236452165342313,0.10782405139847821
n128_L64_S8,1.56,1,0.0625,0.06889804988440926,0.09019498593400391
n128_L64_S8,1.56,2,0.125,0.054712394469109325,0.07162443142928007
n128_L64_S8,1.56,3,0.1875,0.03918992755019687,0.051303846336360585
n128_L64_S8,1.56,4,0.25,0.023505404842875534,0.030771112719925775
n128_L64_S8,1.56,5,0.3125,0.009755343682398462,0.01277079812406141
n128_L64_S8,1.56,6,0.375,0.014632944273414357,0.01915610391190954
n128_L64_S8,1.56,7,0.4375,0.031639036777862006,0.04141891507716603
n128_L64_S8,1.56,8,0.5,0.05102853302211805,0.06680185906400063
n128_L64_S8,1.56,9,0.5625,0.06997326882576904,0.09160256361515197
n128_L64_S8,1.56,10,0.625,0.09110178901605244,0.11926207770250441
n128_L64_S8,1.56,11,0.6875,0.11386616164619684,0.14906309924980538
n128_L64_S8,1.56,12,0.75,0.13799553721401225,0.18065105701619621
n128_L64_S8,1.56,13,0.8125,0.16259004373325567,0.2128479214162567
n128_L64_S8,1.56,14,0.875,0.188123590766259,0.24627409123311972
n128_L64_S8,1.56,15,0.9375,0.21615671759463043,0.28297248087133303
n128_L64_S8,1.56,16,1.0,0.24153452921555765,0.316194776219685
n128_L64_S8,1.6,0,0.0,0.08294509995598112,0.10858409107914638
n128_L64_S8,1.6,1,0.0625,0.06949528821714325,0.0909768353928865
n128_L64_S8,1.6,2,0.125,0.055323544570935974,0.07242449289590068
n128_L64_S8,1.6,3,0.1875,0.03980810315157139,0.05211310494040326
n128_L64_S8,1.6,4,0.25,0.024110373924424614,0.03156308256366404
n128_L64_S8,1.6,5,0.3125,0.010084649159777236,0.01320189454769023
n128_L64_S8,1.6,6,0.375,0.014016868051216085,0.018349593621869803
n128_L64_S8,1.6,7,0.4375,0.030932960187747213,0.04049458458855892
n128_L64_S8,1.6,8,0.5,0.05029580169183965,0.06584263464271814
n128_L64_S8,1.6,9,0.5625,0.06922068924500685,0.09061735569105332
n128_L64_S8,1.6,10,0.625,0.090331316451829,0.11825344593122412
n128_L64_S8,1.6,11,0.6875,0.11307771792773773,0.14803094129735997
n128_L64_S8,1.6,12,0.75,0.13718889197695153,0.1795950713107592
n128_L64_S8,1.6,13,0.8125,0.1617646196041972,0.21176735211371592
n128_L64_S8,1.6,14,0.875,0.18727958501202208,0.2451691965770397
n128_L64_S8,1.6,15,0.9375,0.2152941906734266,0.2818433400080401
n128_L64_S8,1.6,16,1.0,0.24065328400492608,0.3150411310945955
n128_L64_S8,1.6400000000000001,0,0.0,0.08345639432359205,0.10925343060867113
n128_L64_S8,1.6400000000000001,1,0.0625,0.07002147979746094,0.09166567698223436
n128_L64_S8,1.6400000000000001,2,0.125,0.05586224912618537,0.0731297153204079
n128_L64_S8,1.6400000000000001,3,0.1875,0.04035345320302933,0.052827027036933996
n128_L64_S8,1.6400000000000001,4,0.25,0.02464573346448775,0.0322639260021451
n128_L64_S8,1.6400000000000001,5,0.3125,0.010401682504134506,0.013616925424222846
n128_L64_S8,1.6400000000000001,6,0.375,0.013478285612979295,0.01764453106171654
n128_L64_S8,1.6400000000000001,7,0.4375,0.030309148218551633,0.03967794737050334
n128_L64_S8,1.6400000000000001,8,0.5,0.0496481277647517,0.06499475954550529
n128_L64_S8,1.6400000000000001,9,0.5625,0.06855525840583002,0.08974623487877634
n128_L64_S8,1.6400000000000001,10,0.625,0.08964987114938577,0.11736136045751658
n128_L64_S8,1.6400000000000001,11,0.6875,0.11238014073239379,0.14711773743415216
n128_L64_S8,1.6400000000000001,12,0.75,0.13647489754361175,0.17866037551051403
n128_L64_S8,1.6400000000000001,13,0.8125,0.16103368479489136,0.21081047953234938
n128_L64_S8,1.6400000000000001,14,0.875,0.18653189165005352,0.2441903852408866
n128_L64_S8,1.6400000000000001,15,0.9375,0.21452971435449225,0.28084255796923285
n128_L64_S8,1.6400000000000001,16,1.0,0.23987186879212088,0.31401817421488953
n128_L64_S8,1.68,0,0.0,0.08390642843407627,0.10984257384760235
n128_L64_S8,1.68,1,0.0625,0.07048480248583881,0.09227221640434076
n128_L64_S8,1.68,2,0.125,0.056336784408060274,0.0737509332379789
n128_L64_S8,1.68,3,0.1875,0.040834175354606095,0.05345634423491528
n128_L64_S8,1.68,4,0.25,0.02511883355154452,0.032883265094747156
n128_L64_S8,1.68,5,0.3125,0.01069980198580128,0.01400719601244267
n128_L64_S8,1.68,6,0.375,0.013007676960950747,0.01702845352655628
n128_L64_S8,1.68,7,0.4375,0.029758410957282003,0.0389569728346945
n128_L64_S8,1.68,8,0.5,0.04907611555518727,0.06424593380541106
n128_L64_S8,1.68,9,0.5625,0.06796740903248154,0.0889766765814162
n128_L64_S8,1.68,10,0.625,0.08904773413371757,0.11657309809378273
n128_L64_S8,1.68,11,0.6875,0.11176356973497553,0.14631057942993062
n128_L64_S8,1.68,12,0.75,0.13584356982070533,0.17783389935940638
n128_L64_S8,1.68,13,0.8125,0.16038712758173432,0.20996406633423906
n128_L64_S8,1.68,14,0.875,0.18587027548138205,0.2433242582441552
n128_L64_S8,1.68,15,0.9375,0.21385295135125396,0.2799566021307129
n128_L64_S8,1.68,16,1.0,0.23917983724606073,0.3131122302053348
n128_L64_S8,1.72,0,0.0,0.0843023557950855,0.11036088550979058
n128_L64_S8,1.72,1,0.0625,0.07089255859365039,0.09280601317319373
n128_L64_S8,1.72,2,0.125,0.05675455579543839,0.07429784108909247
n128_L64_S8,1.72,3,0.1875,0.04125763738608322,0.054010701753549585
n128_L64_S8,1.72,4,0.25,0.025536428769862025,0.03342994232154016
n128_L64_S8,1.72,5,0.3125,0.010975598952495566,0.014368244018494597
n128_L64_S8,1.72,6,0.375,0.012596565050079857,0.016490263649186584
n128_L64_S8,1.72,7,0.4375,0.0292724879756606,0.03832084718867285
n128_L64_S8,1.72,8,0.5,0.04857129413124677,0.06358506805800766
n128_L64_S8,1.72,9,0.5625,0.06744850052987493,0.08829736932711568
n128_L64_S8,1.72,10,0.625,0.08851611375622158,0.11587714962280385
n128_L64_S8,1.72,11,0.6875,0.11121907072323904,0.14559777143627847
n128_L64_S8,1.72,12,0.75,0.13528584602940213,0.17710377870147706
n128_L64_S8,1.72,13,0.8125,0.1598157526881851,0.2092160749096171
n128_L64_S8,1.72,14,0.875,0.18528541147589653,0.24255860811564542
n128_L64_S8,1.72,15,0.9375,0.21325446398056108,0.2791731175462887
n128_L64_S8,1.72,16,1.0,0.23856763313890086,0.3123107889319365
n128_L64_S8,1.76,0,0.0,0.08465053998207962,0.11081669620256149
n128_L64_S8,1.76,1,0.0625,0.07125125284721523,0.09327558267783381
n128_L64_S8,1.76,2,0.125,0.057122171368559925,0.07477908956422996
n128_L64_S8,1.76,3,0.1875,0.0416304377701002,0.05449873770593162
n128_L64_S8,1.76,4,0.25,0.02590467039494478,0.03391201036628709
n128_L64_S8,1.76,5,0.3125,0.011227767653463193,0.014698360073664946
n128_L64_S8,1.76,6,0.375,0.012237442229387305,0.016020133103905734
n128_L64_S8,1.76,7,0.4375,0.028843978593280053,0.03775988214276452
n128_L64_S8,1.76,8,0.5,0.04812605366872639,0.06300220022181129
n128_L64_S8,1.76,9,0.5625,0.0669907591767071,0.08769813647539275
n128_L64_S8,1.76,10,0.625,0.08804708973167603,0.11526314653610448
n128_L64_S8,1.76,11,0.6875,0.11073858376340752,0.1449687621296844
n128_L64_S8,1.76,12,0.75,0.13479353762144777,0.1764592938429777
n128_L64_S8,1.76,13,0.8125,0.15931123907204534,0.20855561211585757
n128_L64_S8,1.76,14,0.875,0.1847688478362478,0.24188237054012185
n128_L64_S8,1.76,15,0.9375,0.21272568329276217,0.2784808865357128
n128_L64_S8,1.76,16,1.0,0.2380265653885134,0.31160247282984915
n128_L64_S8,1.8,0,0.0,0.0849566310235935,0.11121740242327727
n128_L64_S8,1.8,1,0.0625,0.0715666674143396,0.09368849440019593
n128_L64_S8,1.8,2,0.125,0.05744551397765448,0.0752023799494887
n128_L64_S8,1.8,3,0.1875,0.041958468447783115,0.05492816527912375
n128_L64_S8,1.8,4,0.25,0.02622912209766397,0.0343367526748447
n128_L64_S8,1.8,5,0.3125,0.011456335758786733,0.01499758040107923
n128_L64_S8,1.8,6,0.375,0.011923690529702106,0.01560939825455436
n128_L64_S8,1.8,7,0.4375,0.02846627074818032,0.03726542179398704
n128_L64_S8,1.8,8,0.5,0.047733578847519026,0.06248840830698005
n128_L64_S8,1.8,9,0.5625,0.06658721406088673,0.08716985234969951
n128_L64_S8,1.8,10,0.625,0.0876335516149791,0.11472178049336115
n128_L64_S8,1.8,11,0.6875,0.11031486446108656,0.14441406781573904
n128_L64_S8,1.8,12,0.75,0.13435927484898363,0.1758907969882804
n128_L64_S8,1.8,13,0.8125,0.15886608788658976,0.20797286115297792
n128_L64_S8,1.8,14,0.875,0.18431295765364417,0.2412855610705306
n128_L64_S8,1.8,15,0.9375,0.21225886507223796,0.2778697710846288
n128_L64_S8,1.8,16,1.0,0.23754876827154597,0.3109769848179753
n128_L64_S8,1.84,0,0.0,0.08522563708286099,0.11156956039832154
n128_L64_S8,1.84,1,0.0625,0.0718439328911953,0.09405146484459806
n128_L64_S8,1.84,2,0.125,0.05772981030115166,0.07557455453123574
n128_L64_S8,1.84,3,0.1875,0.0422469772614335,0.05530585446528635
n128_L64_S8,1.84,4,0.25,0.02651478946619447,0.03471072210256638
n128_L64_S8,1.84,5,0.3125,0.011662148028892667,0.015267010883340974
n128_L64_S8,1.84,6,0.375,0.011649499435655356,0.015250452509177436
n128_L64_S8,1.84,7,0.4375,0.028133470863035883,0.03682975081331632
n128_L64_S8,1.84,8,0.5,0.04738778194942799,0.06203572283312891
n128_L64_S8,1.84,9,0.5625,0.06623163173534848,0.08670435669482814
n128_L64_S8,1.84,10,0.625,0.08726913502587846,0.114244719833688
n128_L64_S8,1.84,11,0.6875,0.10994142196363506,0.1439251912675449
n128_L64_S8,1.84,12,0.75,0.13397644698587624,0.1753896339831439
n128_L64_S8,1.84,13,0.8125,0.15847356497458676,0.207459006282103
n128_L64_S8,1.84,14,0.875,0.18391088389929097,0.24075920311585466
n128_L64_S8,1.84,15,0.9375,0.21184703786083067,0.27733064480162894
n128_L64_S8,1.84,16,1.0,0.23712715236505696,0.31042504407626886
n128_L64_S8,1.8800000000000001,0,0.0,0.08546199097558532,0.11187897316204248
n128_L64_S8,1.8800000000000001,1,0.0625,0.07208759459968703,0.09437044432815293
n128_L64_S8,1.8800000000000001,2,0.125,0.05797969596137648,0.07590168183958337
n128_L64_S8,1.8800000000000001,3,0.1875,0.042500628361693084,0.055637911141178345
n128_L64_S8,1.8800000000000001,4,0.25,0.026766157099167798,0.035039789473244216
n128_L64_S8,1.8800000000000001,5,0.3125,0.01184652309570504,0.015508377752005949
n128_L64_S8,1.8800000000000001,6,0.375,0.01140978412208248,0.014936639282647154
n128_L64_S8,1.8800000000000001,7,0.4375,0.027840336319723415,0.036446006047605305
n128_L64_S8,1.8800000000000001,8,0.5,0.047083237508809765,0.061637041279965596
n128_L64_S8,1.8800000000000001,9,0.5625,0.06591845169728257,0.08629437021225633
n128_L64_S8,1.8800000000000001,10,0.625,0.08694815798113015,0.11382452622755862
n128_L64_S8,1.8800000000000001,11,0.6875,0.10961245632520898,0.14349453972979617
n128_L64_S8,1.8800000000000001,12,0.75,0.13363914109562275,0.17494806415529082
n128_L64_S8,1.8800000000000001,13,0.8125,0.15812764107150773,0.2070061545450104
n128_L64_S8,1.8800000000000001,14,0.875,0.18355648122738383,0.2402952517549487
n128_L64_S8,1.8800000000000001,15,0.9375,0.21148394679970914,0.2768553194011922
n128_L64_S8,1.8800000000000001,16,1.0,0.2367553503292788,0.30993831506951897
n128_L64_S8,1.92,0,0.0,0.08566961134602662,0.11215077064285627
n128_L64_S8,1.92,1,0.0625,0.07230167387492205,0.09465069721268275
n128_L64_S8,1.92,2,0.125,0.05819927616787519,0.07618913603704996
n128_L64_S8,1.92,3,0.1875,0.04272355952715064,0.05592975210571115
n128_L64_S8,1.92,4,0.25,0.026987229224284367,0.03532919675325783
n128_L64_S8,1.92,5,0.3125,0.012011027273471048,0.015723731481532152
n128_L64_S8,1.92,6,0.375,0.011200106471025513,0.014662148599391434
n128_L64_S8,1.92,7,0.4375,0.02758221157411855,0.03610809288695549
n128_L64_S8,1.92,8,0.5,0.04681511975720422,0.06128604619555768
n128_L64_S8,1.92,9,0.5625,0.06564272412877728,0.08593341305592644
n128_L64_S8,1.92,10,0.625,0.08666555896969524,0.1134545736105528
n128_L64_S8,1.92,11,0.6875,0.10932279707173823,0.1431153444937005
n128_L64_S8,1.92,12,0.75,0.13334208139515621,0.17455918093508227
n128_L64_S8,1.92,13,0.8125,0.15782293198496225,0.20660725745255218
n128_L64_S8,1.92,14,0.875,0.18324425708890987,0.23988651664814728
n128_L64_S8,1.92,15,0.9375,0.2111639960376764,0.276436469309941
n128_L64_S8,1.92,16,1.0,0.2364276605261169,0.30950933373787765
n128_L64_S8,1.96,0,0.0,0.08585195852316607,0.1123894827849966
n128_L64_S8,1.96,1,0.0625,0.072489724257936,0.09489687546706416
n128_L64_S8,1.96,2,0.125,0.058392181647970685,0.07644167013769572
n128_L64_S8,1.96,3,0.1875,0.04291943577467736,0.05618617526166576
n128_L64_S8,1.96,4,0.25,0.02718157123145445,0.035583611422940066
n128_L64_S8,1.96,5,0.3125,0.012157327146889425,0.015915253811224432
n128_L64_S8,1.96,6,0.375,0.01101660054600563,0.014421919531170446
n128_L64_S8,1.96,7,0.4375,0.027354968514506254,0.03581060718743689
n128_L64_S8,1.96,8,0.5,0.046579143646921894,0.060977127989840924
n128_L64_S8,1.96,9,0.5625,0.06540005083642049,0.08561572751580737
n128_L64_S8,1.96,10,0.625,0.0864168378596778,0.11312897082415826
n128_L64_S8,1.96,11,0.6875,0.10906784420878303,0.14278158366989405
n128_L64_S8,1.96,12,0.75,0.1330805706208461,0.1742168350972819
n128_L64_S8,1.96,13,0.8125,0.1575546403243366,0.20625603470246073
n128_L64_S8,1.96,14,0.875,0.18296931390917118,0.23952658634140003
n128_L64_S8,1.96,15,0.9375,0.21088219165152378,0.276067556943222
n128_L64_S8,1.96,16,1.0,0.23613899060984564,0.3091314336509907
n128_L64_S8,2.0,0,0.0,0.08601208521565391,0.11259910591367484
n128_L64_S8,2.0,1,0.0625,0.07265488267320208,0.09511308566411325
n128_L64_S8,2.0,2,0.125,0.05856161982868502,0.07666348300978502
n128_L64_S8,2.0,3,0.1875,0.043091498949054195,0.056411424533868895
n128_L64_S8,2.0,4,0.25,0.027352350459392688,0.03580717987063273
n128_L64_S8,2.0,5,0.3125,0.012287095124786821,0.01608513410479989
n128_L64_S8,2.0,6,0.375,0.010855903619546433,0.014211549904657915
n128_L64_S8,2.0,7,0.4375,0.027154951356485536,0.03554876313256879
n128_L64_S8,2.0,8,0.5,0.046371509901703675,0.06070531300000012
n128_L64_S8,2.0,9,0.5625,0.06518652995518255,0.08533620562930722
n128_L64_S8,2.0,10,0.625,0.08619800031689297,0.11284248885367544
n128_L64_S8,2.0,11,0.6875,0.10884351246938653,0.14248790920286106
n128_L64_S8,2.0,12,0.75,0.1328504343188591,0.17391556183112344
n128_L64_S8,2.0,13,0.8125,0.1573184998312085,0.2059469013018511
n128_L64_S8,2.0,14,0.875,0.18272729351666686,0.23920975551767873
n128_L64_S8,2.0,15,0.9375,0.2106340864145824,0.2757427604011773
n128_L64_S8,2.0,16,1.0,0.23588480257308317,0.30879867406724565
n128_L64_S8,2.04,0,0.0,0.08615268229416723,0.1127831626691294
n128_L64_S8,2.04,1,0.0625,0.07279991578127679,0.0953029496612033
n128_L64_S8,2.04,2,0.125,0.058710421375059094,0.0768582802994715
n128_L64_S8,2.04,3,0.1875,0.04324261319645089,0.05660924939888669
n128_L64_S8,2.04,4,0.25,0.027502375210113245,0.03600357846687304
n128_L64_S8,2.04,5,0.3125,0.01240195058546945,0.01623549230329888
n128_L64_S8,2.04,6,0.375,0.010715093353932585,0.01402721406427184
n128_L64_S8,2.04,7,0.4375,0.026978926147110074,0.035318327128788046
n128_L64_S8,2.04,8,0.5,0.04618885429761685,0.060466197093686114
n128_L64_S8,2.04,9,0.5625,0.06499870470876905,0.08509032210304285
n128_L64_S8,2.04,10,0.625,0.0860055061133595,0.1125904931584532
n128_L64_S8,2.04,11,0.6875,0.10864617926853241,0.1422295787376997
n128_L64_S8,2.04,12,0.75,0.1326479686216437,0.17365051237409096
n128_L64_S8,2.04,13,0.8125,0.15711072296992373,0.20567489895762756
n128_L64_S8,2.04,14,0.875,0.1825143245870975,0.23893095619550464
n128_L64_S8,2.04,15,0.9375,0.2104157272910454,0.2754569047331428
n128_L64_S8,2.04,16,1.0,0.2356610602380452,0.30850577119415346
n128_L64_S8,2.08,0,0.0,0.08627611996490271,0.11294475590717303
n128_L64_S8,2.08,1,0.0625,0.07292726176790901,0.09546965930672033
n128_L64_S8,2.08,2,0.125,0.05884108228338088,0.07702932953537847
n128_L64_S8,2.08,3,0.1875,0.043375306373724984,0.05678295909426783
n128_L64_S8,2.08,4,0.25,0.027634131393345703,0.03617606153589034
n128_L64_S8,2.08,5,0.3125,0.01250342489989006,0.016368333136634286
n128_L64_S8,2.08,6,0.375,0.010591631337359618,0.013865588954898426
n128_L64_S8,2.08,7,0.4375,0.026824034799116218,0.035115557631290754
n128_L64_S8,2.08,8,0.5,0.04602820120261242,0.060255884847280165
n128_L64_S8,2.08,9,0.5625,0.0648335163216969,0.08487407266966368
n128_L64_S8,2.08,10,0.625,0.08583622148489267,0.11236888130283428
n128_L64_S8,2.08,11,0.6875,0.10847263658935911,0.142002392633982
n128_L64_S8,2.08,12,0.75,0.13246989180751098,0.17341739059817973
n128_L64_S8,2.08,13,0.8125,0.15692795214905997,0.20543563222011305
n128_L64_S8,2.08,14,0.875,0.18232697355203215,0.23868569346309365
n128_L64_S8,2.08,15,0.9375,0.21022360619227318,0.27520539747233563
n128_L64_S8,2.08,16,1.0,0.2354641798147968,0.30824803346376256
n128_L64_S8,2.12,0,0.0,0.08638448466753532,0.11308661700260443
n128_L64_S8,2.12,1,0.0625,0.07303906787257677,0.0956160255689696
n128_L64_S8,2.12,2,0.125,0.05895580178638348,0.07717950975059552
n128_L64_S8,2.12,3,0.1875,0.04349180754310911,0.05693547170313738
n128_L64_S8,2.12,4,0.25,0.02774981649066428,0.036327505818318194
n128_L64_S8,2.12,5,0.3125,0.012592942407580828,0.016485521219033742
n128_L64_S8,2.12,6,0.375,0.010483312878893977,0.01372378839807436
n128_L64_S8,2.12,7,0.4375,0.02668775347516288,0.034937150664509246
n128_L64_S8,2.12,8,0.5,0.045886921281687684,0.06007093417738542
n128_L64_S8,2.12,9,0.5625,0.06468826103945564,0.08468391782260241
n128_L64_S8,2.12,10,0.625,0.08568737554106595,0.11217402589208886
n128_L64_S8,2.12,11,0.6875,0.10832004685311193,0.14180263619475655
n128_L64_S8,2.12,12,0.75,0.13231329974905812,0.173212394687073
n128_L64_S8,2.12,13,0.8125,0.15676721473467095,0.20522520959052906
n128_L64_S8,2.12,14,0.875,0.18216219919219567,0.23846998603606676
n128_L64_S8,2.12,15,0.9375,0.21005461428059205,0.2749841688145926
n128_L64_S8,2.12,16,1.0,0.23529098387649106,0.30802130128127664
n128_L64_S8,2.16,0,0.0,0.0864796120422403,0.11321114900659947
n128_L64_S8,2.16,1,0.0625,0.07313722397975356,0.09574452251076984
n128_L64_S8,2.16,2,0.125,0.059056516360495914,0.07731135600184152
n128_L64_S8,2.16,3,0.1875,0.04359408076339948,0.05706935839051085
n128_L64_S8,2.16,4,0.25,0.027851370721649758,0.03646045127106527
n128_L64_S8,2.16,5,0.3125,0.01267181196340622,0.01658876998282643
n128_L64_S8,2.16,6,0.375,0.010388222757574426,0.013599305162782958
n128_L64_S8,2.16,7,0.4375,0.02656785507869003,0.034780190718596095
n128_L64_S8,2.16,8,0.5,0.04576269319318802,0.05990830619715037
n128_L64_S8,2.16,9,0.5625,0.06456055111820931,0.084516731747383
n128_L64_S8,2.16,10,0.625,0.08555652062282203,0.11200272267624739
n128_L64_S8,2.16,11,0.6875,0.10818590270360251,0.14162702702006394
n128_L64_S8,2.16,12,0.75,0.13217562522100237,0.173032163865703
n128_L64_S8,2.16,13,0.8125,0.15662588186670648,0.20504018960724282
n128_L64_S8,2.16,14,0.875,0.18201731097051999,0.23828031171091582
n128_L64_S8,2.16,15,0.9375,0.20990599992483625,0.2747896165776356
n128_L64_S8,2.16,16,1.0,0.2351386589040684,0.3078218914464829
n128_L64_S8,2.2,0,0.0,0.0865631163087517,0.11332046510707053
n128_L64_S8,2.2,1,0.0625,0.07322339260137518,0.09585732653973952
n128_L64_S8,2.2,2,0.125,0.05914493013989889,0.07742709918474731
n128_L64_S8,2.2,3,0.1875,0.04368385542435323,0.05718688311429531
n128_L64_S8,2.2,4,0.25,0.027940505421443277,0.036577138216597055
n128_L64_S8,2.2,5,0.3125,0.012741225388925312,0.016679639651109197
n128_L64_S8,2.2,6,0.375,0.010304696490069362,0.013489960260635826
n128_L64_S8,2.2,7,0.4375,0.026462375571949727,0.034642106656090285
n128_L64_S8,2.2,8,0.5,0.045653469050204176,0.059765320001508984
n128_L64_S8,2.2,9,0.5625,0.06444827958352611,0.08436975618699298
n128_L64_S8,2.2,10,0.625,0.0854414964311013,0.11185214359060233
n128_L64_S8,2.2,11,0.6875,0.1080679905549501,0.14147266728699467
n128_L64_S8,2.2,12,0.75,0.13205460094526283,0.17287373002227324
n128_L64_S8,2.2,13,0.8125,0.15650163098627357,0.2048775317899064
n128_L64_S8,2.2,14,0.875,0.18188993104463605,0.23811355763525402
n128_L64_S8,2.2,15,0.9375,0.20977533028375095,0.2746185559095984
n128_L64_S8,2.2,16,1.0,0.23500471641217577,0.30764654626338284
n128_L64_S8,2.24,0,0.0,0.08663641638998751,0.1134164228273125
n128_L64_S8,2.24,1,0.0625,0.07329903557358962,0.09595635135722468
n128_L64_S8,2.24,2,0.125,0.05922254204385501,0.0775287015464597
n128_L64_S8,2.24,3,0.1875,0.043762653388180764,0.05729003815643332
n128_L64_S8,2.24,4,0.25,0.028018728720806487,0.036679540960907135
n128_L64_S8,2.24,5,0.3125,0.012802260326794612,0.016759540974467985
n128_L64_S8,2.24,6,0.375,0.010231286611319558,0.01339385880359366
n128_L64_S8,2.24,7,0.4375,0.02636958382523979,0.034520632241308795
n128_L64_S8,2.24,8,0.5,0.0455574433914559,0.059639612046717305
n128_L64_S8,2.24,9,0.5625,0.06434958852010056,0.08424055892970611
n128_L64_S8,2.24,10,0.625,0.08534039770487231,0.11171979444276045
n128_L64_S8,2.24,11,0.6875,0.10796435769873068,0.14133700068939584
n128_L64_S8,2.24,12,0.75,0.1319482261902855,0.17273447398316896
n128_L64_S8,2.24,13,0.8125,0.15639241191210654,0.2047345522298935
n128_L64_S8,2.24,14,0.875,0.18177795982017736,0.23796697521337112
n128_L64_S8,2.24,15,0.9375,0.20966045640529474,0.2744681736002453
n128_L64_S8,2.24,16,1.0,0.23488695757031022,0.30749238722544947
n128_L64_S8,2.2800000000000002,0,0.0,0.08670075909655571,0.11350065437702415
n128_L64_S8,2.2800000000000002,1,0.0625,0.07336543777840941,0.0960432790125031
n128_L64_S8,2.2800000000000002,2,0.125,0.05929066991660639,0.07761788828737376
n128_L64_S8,2.2800000000000002,3,0.1875,0.04383181320625253,0.057380575825186596
n128_L64_S8,2.2800000000000002,4,0.25,0.028087368670145437,0.03676939806536109
n128_L64_S8,2.2800000000000002,5,0.3125,0.012855885792098697,0.01682974249826904
n128_L64_S8,2.2800000000000002,6,0.375,0.010166733438309322,0.013309351730586198
n128_L64_S8,2.2800000000000002,7,0.4375,0.02628795469847368,0.03441377090121533
n128_L64_S8,2.2800000000000002,8,0.5,0.04547302539241393,0.05952909977171182
n128_L64_S8,2.2800000000000002,9,0.5625,0.06426284063485029,0.08412699658210586
n128_L64_S8,2.2800000000000002,10,0.625,0.08525154520170435,0.1116034769230791
n128_L64_S8,2.2800000000000002,11,0.6875,0.10787328273567204,0.14121777372976788
n128_L64_S8,2.2800000000000002,12,0.75,0.131854736704377,0.17261208615244455
n128_L64_S8,2.2800000000000002,13,0.8125,0.15629641626099616,0.20460888355833962
n128_L64_S8,2.2800000000000002,14,0.875,0.18167954485583723,0.23783813939959633
n128_L64_S8,2.2800000000000002,15,0.9375,0.20955948167196023,0.27433598677248927
n128_L64_S8,2.2800000000000002,16,1.0,0.2347834411679013,0.3073568730784616
n128_L64_S8,2.32,0,0.0,0.08675723966874514,0.11357459354399212
n128_L64_S8,2.32,1,0.0625,0.07342372818387219,0.09611958744662603
n128_L64_S8,2.32,2,0.125,0.05935047196601787,0.07769617562663143
n128_L64_S8,2.32,3,0.1875,0.04389251167454964,0.05746003667354817
n128_L64_S8,2.32,4,0.25,0.02814759397759571,0.036848239495088954
n128_L64_S8,2.32,5,0.3125,0.012902969260888218,0.016891379842320423
n128_L64_S8,2.32,6,0.375,0.010109939794614253,0.013235002719216332
n128_L64_S8,2.32,7,0.4375,0.026216145062647578,0.03431976433493185
n128_L64_S8,2.32,8,0.5,0.045398814045185566,0.059431949105900016
n128_L64_S8,2.32,9,0.5625,0.06418659382901153,0.08402718128121306
n128_L64_S8,2.32,10,0.625,0.0851734597231621,0.11150125460110362
n128_L64_S8,2.32,11,0.6875,0.10779324908189848,0.14111300103607824
n128_L64_S8,2.32,12,0.75,0.1317725777429553,0.17250453120158288
n128_L64_S8,2.32,13,0.8125,0.15621204998223784,0.20449843899076947
n128_L64_S8,2.32,14,0.875,0.18159305290124092,0.2377249120928539
n128_L64_S8,2.32,15,0.9375,0.20947073338667596,0.27421980568526966
n128_L64_S8,2.32,16,1.0,0.23469245473085923,0.3072377620089471
n128_L64_S8,2.36,0,0.0,0.08680681995102207,0.11363949948646906
n128_L64_S8,2.36,1,0.0625,0.0734748984766968,0.09618657488457671
n128_L64_S8,2.36,2,0.125,0.05940296577041511,0.07776489568412472
n128_L64_S8,2.36,3,0.1875,0.04394578298090902,0.057529774565053544
n128_L64_S8,2.36,4,0.25,0.028200432544943484,0.036917410884507104
n128_L64_S8,2.36,5,0.3125,0.012944284513262252,0.016945465968313655
n128_L64_S8,2.36,6,0.375,0.010059949201477543,0.013169559635524374
n128_L64_S8,2.36,7,0.4375,0.026152972481256847,0.034237064605411045
n128_L64_S8,2.36,8,0.5,0.045333576041319774,0.05934654551536429
n128_L64_S8,2.36,9,0.5625,0.06411957851727391,0.0839394510027846
n128_L64_S8,2.36,10,0.625,0.08510483892663484,0.11141142256974801
n128_L64_S8,2.36,11,0.6875,0.10772292129584742,0.1410209343711394
n128_L64_S8,2.36,12,0.75,0.13170037994224598,0.17241001648555873
n128_L64_S8,2.36,13,0.8125,0.15613790876515574,0.20440138013289078
n128_L64_S8,2.36,14,0.875,0.18151704483383876,0.2376254093263502
n128_L64_S8,2.36,15,0.9375,0.20939273727467092,0.2741177003537399
n128_L64_S8,2.36,16,1.0,0.2346124885737026,0.3071330776756164
n128_L64_S8,2.4,0,0.0,0.08685034445177102,0.1136964777571084
n128_L64_S8,2.4,1,0.0625,0.07351981954051796,0.09624538140705867
n128_L64_S8,2.4,2,0.125,0.05944904510422662,0.07782521850707762
n128_L64_S8,2.4,3,0.1875,0.04399253568299749,0.05759097889978175
n128_L64_S8,2.4,4,0.25,0.02824678798871006,0.036978095165201626
n128_L64_S8,2.4,5,0.3125,0.012980519709402963,0.01699290175222496
n128_L64_S8,2.4,6,0.375,0.010015927081226908,0.013111929927231432
n128_L64_S8,2.4,7,0.4375,0.026097396288001045,0.03416430936810923
n128_L64_S8,2.4,8,0.5,0.045276226102670306,0.05927146825383827
n128_L64_S8,2.4,9,0.5625,0.06406067744053211,0.08386234313402578
n128_L64_S8,2.4,10,0.625,0.0850445366716004,0.11133248040732477
n128_L64_S8,2.4,11,0.6875,0.10766112397611241,0.14094003500760724
n128_L64_S8,2.4,12,0.75,0.13163693779343896,0.1723269638631859
n128_L64_S8,2.4,13,0.8125,0.15607275607756524,0.20431608823057065
n128_L64_S8,2.4,14,0.875,0.1814502532569639,0.2375379719410128
n128_L64_S8,2.4,15,0.9375,0.2093241946694034,0.2740279706831853
n128_L64_S8,2.4,16,1.0,0.23454221256094002,0.3070410787875019
n128_L64_S8,2.44,0,0.0,0.0868885545188748,0.11374649886032895
n128_L64_S8,2.44,1,0.0625,0.073559256011573,0.09629700800546113
n128_L64_S8,2.44,2,0.125,0.05948949481333917,0.07787817154349246
n128_L64_S8,2.44,3,0.1875,0.04403356773968638,0.05764469429204766
n128_L64_S8,2.44,4,0.25,0.02828745433051302,0.03703133179719715
n128_L64_S8,2.44,5,0.3125,0.01301228535801648,0.01703448641586475
n128_L64_S8,2.44,6,0.375,0.009977144564482496,0.01306115942562629
n128_L64_S8,2.44,7,0.4375,0.026048500815451753,0.03410029991550181
n128_L64_S8,2.44,8,0.5,0.0452258095197467,0.05920546750352293
n128_L64_S8,2.44,9,0.5625,0.06400890773149304,0.08379457099553392
n128_L64_S8,2.44,10,0.625,0.08499154465942486,0.11126310814206028
n128_L64_S8,2.44,11,0.6875,0.1076068229898693,0.1408689491539638
n128_L64_S8,2.44,12,0.75,0.1315811904788324,0.1722539846095607
n128_L64_S8,2.44,13,0.8125,0.15601550359859315,0.20424113855428463
n128_L64_S8,2.44,14,0.875,0.18139156252466238,0.23746113943583633
n128_L64_S8,2.44,15,0.9375,0.20926396215171147,0.2739491198144726
n128_L64_S8,2.44,16,1.0,0.23448045535006667,0.3069602319308
n128_L64_S8,2.48,0,0.0,0.08692210084029942,0.11379041461693029
n128_L64_S8,2.48,1,0.0625,0.07359387912288691,0.09634233339628409
n128_L64_S8,2.48,2,0.125,0.05952500395128981,0.07792465683884349
n128_L64_S8,2.48,3,0.1875,0.0440695798012954,0.057691837968766084
n128_L64_S8,2.48,4,0.25,0.028323129033254527,0.03707803383473476
n128_L64_S8,2.48,5,0.3125,0.013040121962134383,0.017070927536057223
n128_L64_S8,2.48,6,0.375,0.00994296453950289,0.013016414082653135
n128_L64_S8,2.48,7,0.4375,0.026005480548605128,0.03404398174148065
n128_L64_S8,2.48,8,0.5,0.0451814866732737,0.05914744411213675
n128_L64_S8,2.48,9,0.5625,0.06396340500746524,0.08373500301704204
n128_L64_S8,2.48,10,0.625,0.084944976139827,0.11120214492209769
n128_L64_S8,2.48,11,0.6875,0.1075591088044466,0.14080648613374375
n128_L64_S8,2.48,12,0.75,0.13153220484302444,0.17218985712351312
n128_L64_S8,2.48,13,0.8125,0.15596519381937993,0.20417527762155732
n128_L64_S8,2.48,14,0.875,0.18133999096747688,0.23739362669951442
n128_L64_S8,2.48,15,0.9375,0.20921103341816918,0.273879830387771
n128_L64_S8,2.48,16,1.0,0.2344261858936777,0.3068891873531398
n128_L64_S8,2.52,0,0.0,0.08695155445844047,0.11382897258306132
n128_L64_S8,2.52,1,0.0625,0.07362427802799158,0.0963821288451092
n128_L64_S8,2.52,2,0.125,0.05955617736812861,0.07796546620714938
n128_L64_S8,2.52,3,0.1875,0.04410118694676455,0.05773321513467697
n128_L64_S8,2.52,4,0.25,0.028354424549480332,0.0371190030443208
n128_L64_S8,2.52,5,0.3125,0.013064507213943422,0.017102850463449264
n128_L64_S8,2.52,6,0.375,0.00991282962737672,0.012976964229139104
n128_L64_S8,2.52,7,0.4375,0.025967626996571697,0.03399442735497863
n128_L64_S8,2.52,8,0.5,0.045142519331798255,0.05909643165500393
n128_L64_S8,2.52,9,0.5625,0.0639234092810699,0.08368264429301865
n128_L64_S8,2.52,10,0.625,0.08490405147286281,0.11114857011457582
n128_L64_S8,2.52,11,0.6875,0.10751718170953392,0.14075159903980936
n128_L64_S8,2.52,12,0.75,0.13148916028613308,0.17213350715120093
n128_L64_S8,2.52,13,0.8125,0.1559209845981556,0.2041174029778893
n128_L64_S8,2.52,14,0.875,0.18129467510529215,0.23733430334334982
n128_L64_S8,2.52,15,0.9375,0.20916452316527173,0.27381894344521
n128_L64_S8,2.52,16,1.0,0.2343784969876004,0.3068267574263122
n128_L64_S8,2.56,0,0.0,0.08697741646791542,0.11386282874567742
n128_L64_S8,2.56,1,0.0625,0.07365096977631586,0.0964170712254625
n128_L64_S8,2.56,2,0.125,0.059583545925353934,0.07800129460342639
n128_L64_S8,2.56,3,0.1875,0.044128929038760464,0.05776953252829768
n128_L64_S8,2.56,4,0.25,0.028381878536568383,0.037154943277511635
n128_L64_S8,2.56,5,0.3125,0.01308586266984855,0.017130807060888653
n128_L64_S8,2.56,6,0.375,0.009886251808886515,0.012942170995239127
n128_L64_S8,2.56,7,0.4375,0.02593431709445509,0.03395082109677668
n128_L64_S8,2.56,8,0.5,0.04510825853554382,0.05905158057371149
n128_L64_S8,2.56,9,0.5625,0.06388825249644288,0.08363662026621035
n128_L64_S8,2.56,10,0.625,0.08486808535170078,0.11110148657886251
n128_L64_S8,2.56,11,0.6875,0.10748033873341178,0.14070336760628288
n128_L64_S8,2.56,12,0.75,0.13145133538133127,0.172083990267018
n128_L64_S8,2.56,13,0.8125,0.1558821354707661,0.20406654527575807
n128_L64_S8,2.56,14,0.875,0.18125485564718424,0.23728217537354562
n128_L64_S8,2.56,15,0.9375,0.2091236527890344,0.2737654397101112
n128_L64_S8,2.56,16,1.0,0.2343365906640351,0.3067718975243141
n128_L64_S8,2.6,0,0.0,0.08700012654876724,0.11389255869342524
n128_L64_S8,2.6,1,0.0625,0.07367440809475245,0.09644775451483356
n128_L64_S8,2.6,2,0.125,0.059607575492990617,0.07803275190183508
n128_L64_S8,2.6,3,0.1875,0.044153279851398684,0.057801410371096866
n128_L64_S8,2.6,4,0.25,0.028405962881120655,0.03718647228481686
n128_L64_S8,2.6,5,0.3125,0.013104559877411938,0.01715528372424871
n128_L64_S8,2.6,6,0.375,0.009862803466960661,0.012911474584038426
n128_L64_S8,2.6,7,0.4375,0.025905002965459084,0.03391244573699657
n128_L64_S8,2.6,8,0.5,0.04507813389367091,0.05901214416506781
n128_L64_S8,2.6,9,0.5625,0.06385734751526677,0.08359616230916882
n128_L64_S8,2.6,10,0.625,0.0848364755079648,0.11106010588062903
n128_L64_S8,2.6,11,0.6875,0.10744796207282813,0.14066098306200575
n128_L64_S8,2.6,12,0.75,0.13141809603471613,0.17204047637358508
n128_L64_S8,2.6,13,0.8125,0.15584799553304893,0.2040218524113395
n128_L64_S8,2.6,14,0.875,0.1812198650930865,0.23723636896044736
n128_L64_S8,2.6,15,0.9375,0.20908773771382355,0.2737184229990592
n128_L64_S8,2.6,16,1.0,0.2342997652423728,0.30672368907147085
n128_L64_S8,2.64,0,0.0,0.08702007047079484,0.11391866744062151
n128_L64_S8,2.64,1,0.0625,0.07369499111363666,0.09647469990881576
n128_L64_S8,2.64,2,0.125,0.05962867486875088,0.07806037326271693
n128_L64_S8,2.64,3,0.1875,0.04417465510984392,0.05782939289219925
n128_L64_S8,2.64,4,0.25,0.028427091662554554,0.037214132140900316
n128_L64_S8,2.64,5,0.3125,0.013120925952796125,0.017176708683903565
n128_L64_S8,2.64,6,0.375,0.009842109642370853,0.01288438413342437
n128_L64_S8,2.64,7,0.4375,0.025879202890163943,0.03387867065290862
n128_L64_S8,2.64,8,0.5,0.04505164413839101,0.05897746621541794
n128_L64_S8,2.64,9,0.5625,0.06383017839312526,0.08356059499494868
n128_L64_S8,2.64,10,0.625,0.08480869273751777,0.11102373523452393
n128_L64_S8,2.64,11,0.6875,0.107419508872065,0.14062373475023332
n128_L64_S8,2.64,12,0.75,0.131388885021246,0.17200223600316128
n128_L64_S8,2.64,13,0.8125,0.15581799272691862,0.203982575498837
n128_L64_S8,2.64,14,0.875,0.18118911676722396,0.2371961160821247
n128_L64_S8,2.64,15,0.9375,0.20905617617899508,0.2736771055424013
n128_L64_S8,2.64,16,1.0,0.23426740386471764,0.30668132453419716
n128_L64_S8,2.68,0,0.0,0.0870375866899071,0.11394159806259264
n128_L64_S8,2.68,1,0.0625,0.07371306816046862,0.0964983647148222
n128_L64_S8,2.68,2,0.125,0.05964720274439498,0.07808462825231258
n128_L64_S8,2.68,3,0.1875,0.044193419566740125,0.057853957592196595
n128_L64_S8,2.68,4,0.25,0.02844562817383971,0.037238398435482455
n128_L64_S8,2.68,5,0.3125,0.013135248624871823,0.017195458608009865
n128_L64_S8,2.68,6,0.375,0.009823841329783463,0.012860468939893899
n128_L64_S8,2.68,7,0.4375,0.025856493345587626,0.033848941407203334
n128_L64_S8,2.68,8,0.5,0.04502834879476803,0.05894697009551429
n128_L64_S8,2.68,9,0.5625,0.06380629180208335,0.08352932486833914
n128_L64_S8,2.68,10,0.625,0.08478427209996282,0.11099176598337003
n128_L64_S8,2.68,11,0.6875,0.10739450220211995,0.1405909983194093
n128_L64_S8,2.68,12,0.75,0.1313632127457018,0.17196862822274533
n128_L64_S8,2.68,13,0.8125,0.15579162437706856,0.20394805648200243
n128_L64_S8,2.68,14,0.875,0.18116209512821352,0.2371607418392463
n128_L64_S8,2.68,15,0.9375,0.20902843932660353,0.27364079500798844
n128_L64_S8,2.68,16,1.0,0.2342389643576097,0.3066440941488978
n128_L64_S8,2.72,0,0.0,0.08705297214393104,0.11396173928301333
n128_L64_S8,2.72,1,0.0625,0.07372894573114307,0.0965191501690702
n128_L64_S8,2.72,2,0.125,0.05966347383083182,0.0781059288611798
n128_L64_S8,2.72,3,0.1875,0.04420989322717746,0.05787552339230153
n128_L64_S8,2.72,4,0.25,0.028461891105854762,0.037259688369331155
n128_L64_S8,2.72,5,0.3125,0.013147780773059208,0.017211864543030964
n128_L64_S8,2.72,6,0.375,0.009807709666743832,0.012839350851306592
n128_L64_S8,2.72,7,0.4375,0.025836501991146534,0.033822770565856725
n128_L64_S8,2.72,8,0.5,0.04500786083938933,0.05892014914992442
n128_L64_S8,2.72,9,0.5625,0.0637852894698341,0.08350183054789058
n128_L64_S8,2.72,10,0.625,0.08476280515965924,0.11096366344081657
n128_L64_S8,2.72,11,0.6875,0.10737252310545238,0.14056222530888
n128_L64_S8,2.72,12,0.75,0.13134064909213308,0.17193908996412022
n128_L64_S8,2.72,13,0.8125,0.15576844883971347,0.20391771720143842
n128_L64_S8,2.72,14,0.875,0.18113834721513042,0.23712965325705732
n128_L64_S8,2.72,15,0.9375,0.20900406244773395,0.27360888304167813
n128_L64_S8,2.72,16,1.0,0.2342139702756423,0.3066113741970956
n128_L64_S8,2.7600000000000002,0,0.0,0.08706648734320843,0.11397943213804718
n128_L64_S8,2.7600000000000002,1,0.0625,0.07374289273619256,0.09653740830447999
n128_L64_S8,2.7600000000000002,2,0.125,0.05967776424117254,0.07812463655119185
n128_L64_S8,2.7600000000000002,3,0.1875,0.044224356821829014,0.05789445779927445
n128_L64_S8,2.7600000000000002,4,0.25,0.028476159991031848,0.037278367880580025
n128_L64_S8,2.7600000000000002,5,0.3125,0.013158744492246001,0.017226217235153544
n128_L64_S8,2.7600000000000002,6,0.375,0.009793460889959716,0.012820697664115137
n128_L64_S8,2.7600000000000002,7,0.4375,0.02581890149179666,0.033799729611955175
n128_L64_S8,2.7600000000000002,8,0.5,0.04498984023430928,0.058896558232264994
n128_L64_S8,2.7600000000000002,9,0.5625,0.06376682151912168,0.08347765400650035
n128_L64_S8,2.7600000000000002,10,0.625,0.08474393314952916,0.110938957942024
n128_L64_S8,2.7600000000000002,11,0.6875,0.10735320358535141,0.14053693397121975
n128_L64_S8,2.7600000000000002,12,0.75,0.1313208162388519,0.17191312661790464
n128_L64_S8,2.7600000000000002,13,0.8125,0.15574807813838243,0.20389104975405636
n128_L64_S8,2.7600000000000002,14,0.875,0.18111747510250711,0.2371023294081584
n128_L64_S8,2.7600000000000002,15,0.9375,0.2089826372586074,0.27358083515592313
n128_L64_S8,2.7600000000000002,16,1.0,0.23419200299622983,0.30658261665662906
n128_L64_S8,2.8000000000000003,0,0.0,0.08707836084038,0.11399497582777676
n128_L64_S8,2.8000000000000003,1,0.0625,0.073755145108478,0.0965534479826392
n128_L64_S8,2.8000000000000003,2,0.125,0.059690316219831896,0.07814106844644177
n128_L64_S8,2.8000000000000003,3,0.1875,0.04423705661690571,0.057911083202173794
n128_L64_S8,2.8000000000000003,4,0.25,0.028488679991976087,0.03729475791354836
n128_L64_S8,2.8000000000000003,5,0.3125,0.013168334721209537,0.017238771880283867
n128_L64_S8,2.8000000000000003,6,0.375,0.009780871951872796,0.012804217384984178
n128_L64_S8,2.8000000000000003,7,0.4375,0.025803404080702544,0.03377944182764209
n128_L64_S8,2.8000000000000003,8,0.5,0.04497398823486107,0.05887580625351297
n128_L64_S8,2.8000000000000003,9,0.5625,0.0637505806034889,0.08345639289447307
n128_L64_S8,2.8000000000000003,10,0.625,0.08472734095143838,0.1109172369633327
n128_L64_S8,2.8000000000000003,11,0.6875,0.10733622043155609,0.14051470118930134
n128_L64_S8,2.8000000000000003,12,0.75,0.13130338232870067,0.17189030374725006
n128_L64_S8,2.8000000000000003,13,0.8125,0.15573017147452362,0.2038676079977573
n128_L64_S8,2.8000000000000003,14,0.875,0.18109912925000823,0.2370783127065121
n128_L64_S8,2.8000000000000003,15,0.9375,0.20896380509044127,0.2735561818145629
n128_L64_S8,2.8000000000000003,16,1.0,0.23417269474761457,0.3065573400745606
n128_L64_S8,2.84,0,0.0,0.08708879315403509,0.1140086328526847
n128_L64_S8,2.84,1,0.0625,0.07376590984885853,0.09656754019002148
n128_L64_S8,2.84,2,0.125,0.059701342295743004,0.07815550277024888
n128_L64_S8,2.84,3,0.1875,0.044248208639616315,0.057925682403939395
n128_L64_S8,2.84,4,0.25,0.028499666111544458,0.0373091399301889
n128_L64_S8,2.84,5,0.3125,0.013176722471890874,0.017249752351516223
n128_L64_S8,2.84,6,0.375,0.009769746706275766,0.012789653237351265
n128_L64_S8,2.84,7,0.4375,0.025789756774575272,0.03376157603047872
n128_L64_S8,2.84,8,0.5,0.04496004238093705,0.05885754962505071
n128_L64_S8,2.84,9,0.5625,0.06373629674660213,0.08343769378363979
n128_L64_S8,2.84,10,0.625,0.08471275179828645,0.11089813818672675
n128_L64_S8,2.84,11,0.6875,0.10732128978529515,0.1404951553613461
n128_L64_S8,2.84,12,0.75,0.13128805589594114,0.17187023979203678
n128_L64_S8,2.84,13,0.8125,0.1557144295124067,0.2038470000697522
n128_L64_S8,2.84,14,0.875,0.18108300264435087,0.23705720123858423
n128_L64_S8,2.84,15,0.9375,0.20894725088888733,0.27353451057744066
n128_L64_S8,2.84,16,1.0,0.234155722464179,0.30653512152311674
n128_L64_S8,2.88,0,0.0,0.08709796021215417,0.11402063352149164
n128_L64_S8,2.88,1,0.0625,0.07377536857749203,0.09657992268702224
n128_L64_S8,2.88,2,0.125,0.05971102892876283,0.07816818361869722
n128_L64_S8,2.88,3,0.1875,0.04425800238891869,0.057938503479166494
n128_L64_S8,2.88,4,0.25,0.02850930689250121,0.03732176075333623
n128_L64_S8,2.88,5,0.3125,0.013184057696315879,0.017259354952242165
n128_L64_S8,2.88,6,0.375,0.009759912585149674,0.012776779311048135
n128_L64_S8,2.88,7,0.4375,0.025777737164661425,0.0337458410633943
n128_L64_S8,2.88,8,0.5,0.04494777209139612,0.0588414864912696
n128_L64_S8,2.88,9,0.5625,0.06372373280265607,0.08342124622453773
n128_L64_S8,2.88,10,0.625,0.0846999226133643,0.11088134339855002
n128_L64_S8,2.88,11,0.6875,0.10730816235744123,0.14047797014097166
n128_L64_S8,2.88,12,0.75,0.13127458096176137,0.17185259964836297
n128_L64_S8,2.88,13,0.8125,0.15570058934854922,0.20382888180099795
n128_L64_S8,2.88,14,0.875,0.18106882564194257,0.2370386420117999
n128_L64_S8,2.88,15,0.9375,0.20893269792987684,0.2735154591828736
n128_L64_S8,2.88,16,1.0,0.23414080237415316,0.30651558951441293
n128_L64_S8,2.92,0,0.0,0.08710601637354529,0.11403117990654278
n128_L64_S8,2.92,1,0.0625,0.07378368065049305,0.09659080408800046
n128_L64_S8,2.92,2,0.125,0.05971953971033408,0.07817932515064761
n128_L64_S8,2.92,3,0.1875,0.04426660409328215,0.05794976403886844
n128_L64_S8,2.92,4,0.25,0.028517767667266932,0.037332836820979154
n128_L64_S8,2.92,5,0.3125,0.0131904718264986,0.01726775174115825
n128_L64_S8,2.92,6,0.375,0.00975121770016843,0.012765396767857191
n128_L64_S8,2.92,7,0.4375,0.02576714971508244,0.03373198094881261
n128_L64_S8,2.92,8,0.5,0.04493697479025861,0.058827351658341
n128_L64_S8,2.92,9,0.5625,0.06371268046454574,0.08340677752067642
n128_L64_S8,2.92,10,0.625,0.08468863991189485,0.11086657312418026
n128_L64_S8,2.92,11,0.6875,0.10729661922301896,0.14046285893174879
n128_L64_S8,2.92,12,0.75,0.13126273272004957,0.17183708902075692
n128_L64_S8,2.92,13,0.8125,0.15568842008571285,0.20381295092208057
n128_L64_S8,2.92,14,0.875,0.1810563614305728,0.2370223250134079
n128_L64_S8,2.92,15,0.9375,0.20891990316867695,0.2734987094590659
n128_L64_S8,2.92,16,1.0,0.23412768523494223,0.306498417762983
n128_L64_S8,2.96,0,0.0,0.08711309707855533,0.11404044931387514
n128_L64_S8,2.96,1,0.0625,0.07379098589465787,0.09660036744132897
n128_L64_S8,2.96,2,0.125,0.05972701817229607,0.07818911526477423
n128_L64_S8,2.96,3,0.1875,0.04427415957004431,0.057959654973683446
n128_L64_S8,2.96,4,0.25,0.028525193411436278,0.03734255792182348
n128_L64_S8,2.96,5,0.3125,0.013196080020613147,0.01727509347274754
n128_L64_S8,2.96,6,0.375,0.009743528311976293,0.012755330528522487
n128_L64_S8,2.96,7,0.4375,0.02575782250811968,0.03371977062787869
n128_L64_S8,2.96,8,0.5,0.04492747250149473,0.05881491213642656
n128_L64_S8,2.96,9,0.5625,0.06370295675481016,0.08339404813480414
n128_L64_S8,2.96,10,0.625,0.08467871619815488,0.11085358191147263
n128_L64_S8,2.96,11,0.6875,0.10728646812391097,0.1404495700470446
n128_L64_S8,2.96,12,0.75,0.131252313743826,0.17182344945598685
n128_L64_S8,2.96,13,0.8125,0.15567771894034385,0.20379894196743448
n128_L64_S8,2.96,14,0.875,0.1810454020375447,0.23700797798469414
n128_L64_S8,2.96,15,0.9375,0.20890865314809726,0.2734839819675092
n128_L64_S8,2.96,16,1.0,0.23411615214053583,0.30648331969722487
n128_L64_S8,3.0,0,0.0,0.08711932117423463,0.11404859732710901
n128_L64_S8,3.0,1,0.0625,0.0737974070066774,0.09660877337022325
n128_L64_S8,3.0,2,0.125,0.059733590251387164,0.07819771882586446
n128_L64_S8,3.0,3,0.1875,0.04428079673454006,0.05796834373859537
n128_L64_S8,3.0,4,0.25,0.028531711248575353,0.03735109047434224
n128_L64_S8,3.0,5,0.3125,0.013200983146372287,0.01728151219373631
n128_L64_S8,3.0,6,0.375,0.009736726618397824,0.012746426377277761
n128_L64_S8,3.0,7,0.4375,0.025749604383008756,0.03370901221483177
n128_L64_S8,3.0,8,0.5,0.04491910885644186,0.05880396322206446
n128_L64_S8,3.0,9,0.5625,0.0636944009417922,0.08338284765182814
n128_L64_S8,3.0,10,0.625,0.08466998679916238,0.11084215418571461
n128_L64_S8,3.0,11,0.6875,0.10727754021935296,0.14043788245606947
n128_L64_S8,3.0,12,0.75,0.13124315065058909,0.17181145397763872
n128_L64_S8,3.0,13,0.8125,0.1556683078203612,0.20378662179529777
n128_L64_S8,3.0,14,0.875,0.18103576481973696,0.23699536182609354
n128_L64_S8,3.0,15,0.9375,0.20889876040001035,0.2734710312921847
n128_L64_S8,3.0,16,1.0,0.23410601083379512,0.30647004363178665
n128_L64_S8,3.04,0,0.0,0.08712479295372016,0.11405576047722081
n128_L64_S8,3.04,1,0.0625,0.07380305165775142,0.09661616282790858
n128_L64_S8,3.04,2,0.125,0.05973936645131212,0.07820528049519847
n128_L64_S8,3.04,3,0.1875,0.04428662780148987,0.05797597723478867
n128_L64_S8,3.04,4,0.25,0.028537432648319115,0.03735858040432251
n128_L64_S8,3.04,5,0.3125,0.013205269530054716,0.01728712353275959
n128_L64_S8,3.04,6,0.375,0.009730708819653539,0.012738548429004841
n128_L64_S8,3.04,7,0.4375,0.025742362421079225,0.033699531704781564
n128_L64_S8,3.04,8,0.5,0.04491174646441722,0.05879432505601742
n128_L64_S8,3.04,9,0.5625,0.06368687183010566,0.08337299123174365
n128_L64_S8,3.04,10,0.625,0.08466230708272059,0.11083210060774533
n128_L64_S8,3.04,11,0.6875,0.10726968723073414,0.140427602046113
n128_L64_S8,3.04,12,0.75,0.13123509117189106,0.17180090324987468
n128_L64_S8,3.04,13,0.8125,0.15566003031734957,0.20377578565016805
n128_L64_S8,3.04,14,0.875,0.18102728937837118,0.23698426655828767
n128_L64_S8,3.04,15,0.9375,0.2088900602817701,0.2734596418980927
n128_L64_S8,3.04,16,1.0,0.23409709246397362,0.30645836852281105
n128_L64_S8,3.08,0,0.0,0.08712960394480009,0.11406205858396708
n128_L64_S8,3.08,1,0.0625,0.07380801433957655,0.09662265951421777
n128_L64_S8,3.08,2,0.125,0.059744443739270535,0.07821192721330965
n128_L64_S8,3.08,3,0.1875,0.04429175121609314,0.057982684337658075
n128_L64_S8,3.08,4,0.25,0.028542455354868324,0.03736515566947612
n128_L64_S8,3.08,5,0.3125,0.013209016497124014,0.017292028717197722
n128_L64_S8,3.08,6,0.375,0.009725383424501959,0.012731576911790702
n128_L64_S8,3.08,7,0.4375,0.02573597973558392,0.03369117608035625
n128_L64_S8,3.08,8,0.5,0.04490526460283057,0.058785839599380905
n128_L64_S8,3.08,9,0.5625,0.0636802453804412,0.08336431649370273
n128_L64_S8,3.08,10,0.625,0.08465555001367235,0.1108232548748286
n128_L64_S8,3.08,11,0.6875,0.10726277893343325,0.14041855833908606
n128_L64_S8,3.08,12,0.75,0.13122800157875789,0.17179162220702954
n128_L64_S8,3.08,13,0.8125,0.15565274906365895,0.20376625370296042
n128_L64_S8,3.08,14,0.875,0.18101983484786835,0.23697450777302487
n128_L64_S8,3.08,15,0.9375,0.2088824081957804,0.2734496244913684
n128_L64_S8,3.08,16,1.0,0.234089248736579,0.30644810023679697
n128_L64_S8,3.12,0,0.0,0.08713383447841141,0.1140675968092174
n128_L64_S8,3.12,1,0.0625,0.07381237798336449,0.0966283719950606
n128_L64_S8,3.12,2,0.125,0.05974890720937768,0.07821777037758217
n128_L64_S8,3.12,3,0.1875,0.0442962533477964,0.057988578114134035
n128_L64_S8,3.12,4,0.25,0.028546865078608086,0.037370928473950966
n128_L64_S8,3.12,5,0.3125,0.01321229172793441,0.01729631634794155
n128_L64_S8,3.12,6,0.375,0.00972066976616943,0.012725406224119376
n128_L64_S8,3.12,7,0.4375,0.02573035352951895,0.03368381076917919
n128_L64_S8,3.12,8,0.5,0.04489955718828844,0.0587783679775395
n128_L64_S8,3.12,9,0.5625,0.06367441261901895,0.08335668077926205
n128_L64_S8,3.12,10,0.625,0.08464960400763066,0.11081547091095453
n128_L64_S8,3.12,11,0.6875,0.1072567009539239,0.1404106016076942
n128_L64_S8,3.12,12,0.75,0.13122176442022318,0.1717834570931076
n128_L64_S8,3.12,13,0.8125,0.1556463434106592,0.20375786801159207
n128_L64_S8,3.12,14,0.875,0.18101327751397167,0.2369659235149861
n128_L64_S8,3.12,15,0.9375,0.20887567714642183,0.27344081282103466
n128_L64_S8,3.12,16,1.0,0.23408234940878053,0.3064390682718171
n128_L64_S8,3.16,0,0.0,0.08713755506407878,0.1140724674575521
n128_L64_S8,3.16,1,0.0625,0.07381621537971324,0.0966333955611888
n128_L64_S8,3.16,2,0.125,0.05975283154153017,0.07822290775206356
n128_L64_S8,3.16,3,0.1875,0.04430020997574201,0.05799375776729547
n128_L64_S8,3.16,4,0.25,0.028550736979693327,0.037375997210504566
n128_L64_S8,3.16,5,0.3125,0.013215154449701332,0.01730006395981059
n128_L64_S8,3.16,6,0.375,0.009716496701202029,0.012719943231528615
n128_L64_S8,3.16,7,0.4375,0.025725393389067208,0.03367731740980217
n128_L64_S8,3.16,8,0.5,0.044894530994698756,0.05877178814747343
n128_L64_S8,3.16,9,0.5625,0.06366927780167937,0.08334995874897971
n128_L64_S8,3.16,10,0.625,0.08464437104625425,0.11080862039953178
n128_L64_S8,3.16,11,0.6875,0.10725135283531684,0.1404036003430235
n128_L64_S8,3.16,12,0.75,0.1312162765372325,0.17177627286176894
n128_L64_S8,3.16,13,0.8125,0.15564070738949465,0.20375048985138997
n128_L64_S8,3.16,14,0.875,0.18100750872157803,0.23695837154291036
n128_L64_S8,3.16,15,0.9375,0.20886975559385945,0.2734330608694051
n128_L64_S8,3.16,16,1.0,0.23407628008895384,0.3064311228768848
n128_L64_S8,3.2,0,0.0,0.0871408275960205,0.11407675155518546
n128_L64_S8,3.2,1,0.0625,0.07381959042376574,0.09663781385824297
n128_L64_S8,3.2,2,0.125,0.05975628228078176,0.07822742514230582
n128_L64_S8,3.2,3,0.1875,0.044303687591413614,0.05799831034167327
n128_L64_S8,3.2,4,0.25,0.028554136968993723,0.03738044816358146
n128_L64_S8,3.2,5,0.3125,0.013217656483727363,0.01730333939248485
n128_L64_S8,3.2,6,0.375,0.009712801467966105,0.012715105772263858
n128_L64_S8,3.2,7,0.4375,0.025721019784171684,0.03367159188879403
n128_L64_S8,3.2,8,0.5,0.044890104088464736,0.05876599284925848
n128_L64_S8,3.2,9,0.5625,0.06366475680178622,0.08334404027200606
n128_L64_S8,3.2,10,0.625,0.08463976502239111,0.11080259061700173
n128_L64_S8,3.2,11,0.6875,0.1072466463388471,0.1403974390310038
n128_L64_S8,3.2,12,0.75,0.13121144731864606,0.1717699508932487
n128_L64_S8,3.2,13,0.8125,0.15563574792025647,0.20374399737070398
n128_L64_S8,3.2,14,0.875,0.18100243303735644,0.23695172692426383
n128_L64_S8,3.2,15,0.9375,0.20886454556900094,0.2734262403843607
n128_L64_S8,3.2,16,1.0,0.2340709403038191,0.3064241325216291
n128_L64_S8,3.24,0,0.0,0.08714370641075032,0.11408052023448043
n128_L64_S8,3.24,1,0.0625,0.07382255920713618,0.09664170031620205
n128_L64_S8,3.24,2,0.125,0.05975931695927719,0.07823139786409794
n128_L64_S8,3.24,3,0.1875,0.044306744540893145,0.05800231221858807
n128_L64_S8,3.24,4,0.25,0.028557122848749405,0.037384357002554644
n128_L64_S8,3.24,5,0.3125,0.013219843164863762,0.017306201994179246
n128_L64_S8,3.24,6,0.375,0.009709528684623964,0.012710821345520217
n128_L64_S8,3.24,7,0.4375,0.025717162751147285,0.03366654261613731
n128_L64_S8,3.24,8,0.5,0.04488620445440982,0.05876088780725336
n128_L64_S8,3.24,9,0.5625,0.06366077569475216,0.08333882857307495
n128_L64_S8,3.24,10,0.625,0.08463571028719984,0.11079728253086349
n128_L64_S8,3.24,11,0.6875,0.10724250395268974,0.14039201620028763
n128_L64_S8,3.24,12,0.75,0.1312071971700129,0.17176438698981703
n128_L64_S8,3.24,13,0.8125,0.15563138323951095,0.2037382835323717
n128_L64_S8,3.24,14,0.875,0.18099796663634135,0.23694587992311636
n128_L64_S8,3.24,15,0.9375,0.20885996101808885,0.27342023871224186
n128_L64_S8,3.24,16,1.0,0.23406624180090277,0.30641798167403383
n128_L64_S8,3.2800000000000002,0,0.0,0.08714623921446664,0.11408383594800134
n128_L64_S8,3.2800000000000002,1,0.0625,0.07382517097543437,0.09664511940288611
n128_L64_S8,3.2800000000000002,2,0.125,0.059761986080083526,0.07823489203140728
n128_L64_S8,3.2800000000000002,3,0.1875,0.04430943202643429,0.05800583042731804
n128_L64_S8,3.2800000000000002,4,0.25,0.028559745312583436,0.03738779009084988
n128_L64_S8,3.2800000000000002,5,0.3125,0.013221754148336635,0.01730870367786616
n128_L64_S8,3.2800000000000002,6,0.375,0.009706629469094495,0.012707025959375924
n128_L64_S8,3.2800000000000002,7,0.4375,0.025713760735263796,0.033662089010044347
n128_L64_S8,3.2800000000000002,8,0.5,0.04488276878924278,0.05875639015061525
n128_L64_S8,3.2800000000000002,9,0.5625,0.06365726951531114,0.08333423860563907
n128_L64_S8,3.2800000000000002,10,0.625,0.08463214037469084,0.11079260912996064
n128_L64_S8,3.2800000000000002,11,0.6875,0.10723885758292216,0.14038724270857852
n128_L64_S8,3.2800000000000002,12,0.75,0.13120345616928844,0.17175948961596846
n128_L64_S8,3.2800000000000002,13,0.8125,0.15562754151970606,0.20373325430637262
n128_L64_S8,3.2800000000000002,14,0.875,0.18099403588537663,0.23694073414571673
n128_L64_S8,3.2800000000000002,15,0.9375,0.20885592634911893,0.2734149568949539
n128_L64_S8,3.2800000000000002,16,1.0,0.2340621070578745,0.3064125688489988
n128_L64_S8,3.3200000000000003,0,0.0,0.0871484678962511,0.11408675353307868
n128_L64_S8,3.3200000000000003,1,0.0625,0.07382746896794169,0.09664812772318288
n128_L64_S8,3.3200000000000003,2,0.125,0.059764333979913126,0.07823796568577719
n128_L64_S8,3.3200000000000003,3,0.1875,0.04431179498464683,0.058008923794737016
n128_L64_S8,3.3200000000000003,4,0.25,0.028562048822147332,0.03739080563356935
n128_L64_S8,3.3200000000000003,5,0.3125,0.013223424117379557,0.01731088984764294
n128_L64_S8,3.3200000000000003,6,0.375,0.009704060665760393,0.012703663118468595
n128_L64_S8,3.3200000000000003,7,0.4375,0.02571075957386838,0.03365816016575486
n128_L64_S8,3.3200000000000003,8,0.5,0.044879741442185775,0.05875242702646759
n128_L64_S8,3.3200000000000003,9,0.5625,0.06365418116648605,0.08333019562359087
n128_L64_S8,3.3200000000000003,10,0.625,0.08462899688208822,0.11078849395875401
n128_L64_S8,3.3200000000000003,11,0.6875,0.10723564740443835,0.14038304023835363
n128_L64_S8,3.3200000000000003,12,0.75,0.13120016288675396,0.17175517835356885
n128_L64_S8,3.3200000000000003,13,0.8125,0.15562415965714446,0.20372882708315387
n128_L64_S8,3.3200000000000003,14,0.875,0.18099057609950261,0.236936204912469
n128_L64_S8,3.3200000000000003,15,0.9375,0.20885237515562938,0.27341030799926846
n128_L64_S8,3.3200000000000003,16,1.0,0.2340584679737003,0.3064078048949181
n128_L64_S8,3.36,0,0.0,0.08715042924116977,0.11408932114533546
n128_L64_S8,3.36,1,0.0625,0.07382949115395325,0.096650774982999
n128_L64_S8,3.36,2,0.125,0.05976639958564226,0.07824066978669146
n128_L64_S8,3.36,3,0.1875,0.04431387285648194,0.05801164395330833
n128_L64_S8,3.36,4,0.25,0.028564072375568704,0.037393454683472556
n128_L64_S8,3.36,5,0.3125,0.013224883403600627,0.017312800210859375
n128_L64_S8,3.36,6,0.375,0.009701784165679081,0.012700682934077931
n128_L64_S8,3.36,7,0.4375,0.02570811160298761,0.03365469368598155
n128_L64_S8,3.36,8,0.5,0.04487707348481089,0.05874893438221562
n128_L64_S8,3.36,9,0.5625,0.06365146046176504,0.08332663392736792
n128_L64_S8,3.36,10,0.625,0.08462622848700542,0.11078486983069855
n128_L64_S8,3.36,11,0.6875,0.10723282085233911,0.14037933997648466
n128_L64_S8,3.36,12,0.75,0.13119726334915113,0.17175138254579575
n128_L64_S8,3.36,13,0.8125,0.1556211822080119,0.2037249292807766
n128_L64_S8,3.36,14,0.875,0.18098753045024815,0.23693221782876886
n128_L64_S8,3.36,15,0.9375,0.20884924909629723,0.2734062156500951
n128_L64_S8,3.36,16,1.0,0.23405526471953442,0.3064036114893729
n128_L64_S8,3.4,0,0.0,0.08715215555560804,0.11409158107731814
n128_L64_S8,3.4,1,0.0625,0.07383127087850455,0.0966531048345861
n128_L64_S8,3.4,2,0.125,0.05976821707771231,0.07824304908003821
n128_L64_S8,3.4,3,0.1875,0.04431570026233789,0.05801403622487116
n128_L64_S8,3.4,4,0.25,0.028565850181026673,0.03739578202275928
n128_L64_S8,3.4,5,0.3125,0.013226158530633402,0.017314469489815427
n128_L64_S8,3.4,6,0.375,0.009699766308744662,0.012698041341491172
n128_L64_S8,3.4,7,0.4375,0.025705774872389456,0.033651634653341506
n128_L64_S8,3.4,8,0.5,0.04487472189434306,0.05874585589640181
n128_L64_S8,3.4,9,0.5625,0.06364906328424277,0.083323495763178
n128_L64_S8,3.4,10,0.625,0.08462379008474329,0.11078167769887329
n128_L64_S8,3.4,11,0.6875,0.10723033173663674,0.14037608145529082
n128_L64_S8,3.4,12,0.75,0.13119471013043002,0.17174804010682942
n128_L64_S8,3.4,13,0.8125,0.15561856045441402,0.20372149712225715
n128_L64_S8,3.4,14,0.875,0.1809848490073393,0.23692870753049694
n128_L64_S8,3.4,15,0.9375,0.20884649691138438,0.27340261274290223
n128_L64_S8,3.4,16,1.0,0.23405244472992842,0.30639991981851616
n128_L64_S8,3.44,0,0.0,0.08715367521566231,0.11409357047640054
n128_L64_S8,3.44,1,0.0625,0.07383283742866673,0.09665515561788228
n128_L64_S8,3.44,2,0.125,0.05976981647188103,0.07824514285968498
n128_L64_S8,3.44,3,0.1875,0.04431730759398876,0.058016140395539054
n128_L64_S8,3.44,4,0.25,0.02856741224714824,0.03739782693596218
n128_L64_S8,3.44,5,0.3125,0.01322727269040167,0.01731592804524328
n128_L64_S8,3.44,6,0.375,0.009697977357724744,0.012695699411460513
n128_L64_S8,3.44,7,0.4375,0.025703712455915472,0.033648934727506546
n128_L64_S8,3.44,8,0.5,0.04487264883656764,0.05874314203995438
n128_L64_S8,3.44,9,0.5625,0.06364695084842627,0.08332073035662331
n128_L64_S8,3.44,10,0.625,0.08462164203102977,0.11077886566464588
n128_L64_S8,3.44,11,0.6875,0.10722813946521971,0.1403732115353155
n128_L64_S8,3.44,12,0.75,0.13119246155366265,0.17174509647707148
n128_L64_S8,3.44,13,0.8125,0.15561625158456152,0.20371847456234116
n128_L64_S8,3.44,14,0.875,0.18098248789752858,0.2369256165828355
n128_L64_S8,3.44,15,0.9375,0.20884407355935483,0.27339944031345637
n128_L64_S8,3.44,16,1.0,0.23404996181726037,0.30639666941776394
n128_L64_S8,3.48,0,0.0,0.0871550131480858,0.11409532197439387
n128_L64_S8,3.48,1,0.0625,0.073834216530196,0.09665696101067994
n128_L64_S8,3.48,2,0.125,0.05977122412939613,0.07824698563535117
n128_L64_S8,3.48,3,0.1875,0.044318721533590934,0.058017991395135464
n128_L64_S8,3.48,4,0.25,0.028568784900486456,0.037399623887381564
n128_L64_S8,3.48,5,0.3125,0.01322824616022287,0.017317202422340708
n128_L64_S8,3.48,6,0.375,0.009696391035358468,0.012693622744214443
n128_L64_S8,3.48,7,0.4375,0.025701891845495234,0.03364655135190273
n128_L64_S8,3.48,8,0.5,0.04487082103618993,0.058740749251919966
n128_L64_S8,3.48,9,0.5625,0.06364508905217302,0.08331829306431743
n128_L64_S8,3.48,10,0.625,0.08461974947731633,0.11077638810750386
n128_L64_S8,3.48,11,0.6875,0.10722620836183343,0.14037068351248969
n128_L64_S8,3.48,12,0.75,0.13119048099053096,0.17174250370609895
n128_L64_S8,3.48,13,0.8125,0.15561421797316624,0.2037158123454642
n128_L64_S8,3.48,14,0.875,0.18098040856627207,0.23692289451372403
n128_L64_S8,3.48,15,0.9375,0.20884193945900836,0.2733966465456929
n128_L64_S8,3.48,16,1.0,0.23404777539437888,0.3063938071541531
n128_L64_S8,3.52,0,0.0,0.08715619125209775,0.1140968642397405
n128_L64_S8,3.52,1,0.0625,0.07383543078311938,0.09665855059885448
n128_L64_S8,3.52,2,0.125,0.05977246320441024,0.0782486077183224
n128_L64_S8,3.52,3,0.1875,0.04431996550875418,0.058019619892930974
n128_L64_S8,3.52,4,0.25,0.028569991239087825,0.037401203114854106
n128_L64_S8,3.52,5,0.3125,0.013229096668008405,0.017318315828857754
n128_L64_S8,3.52,6,0.375,0.009694984116837665,0.012691780935971583
n128_L64_S8,3.52,7,0.4375,0.02570028441866502,0.03364444705663481
n128_L64_S8,3.52,8,0.5,0.04486920922395284,0.05873863921568097
n128_L64_S8,3.52,9,0.5625,0.06364344790774072,0.08331614462906801
n128_L64_S8,3.52,10,0.625,0.08461808178729727,0.11077420492121536
n128_L64_S8,3.52,11,0.6875,0.10722450706745584,0.14036845633446776
n128_L64_S8,3.52,12,0.75,0.13118873624646138,0.1717402196477391
n128_L64_S8,3.52,13,0.8125,0.15561242654979593,0.20371346717885994
n128_L64_S8,3.52,14,0.875,0.18097857712966506,0.23692049696547288
n128_L64_S8,3.52,15,0.9375,0.20884005982423465,0.27339418590083775
n128_L64_S8,3.52,16,1.0,0.2340458497922299,0.3063912863330408
n128_L64_S8,3.56,0,0.0,0.08715722876936023,0.1140982224618535
n128_L64_S8,3.56,1,0.0625,0.0738365000437969,0.09665995037652496
n128_L64_S8,3.56,2,0.125,0.05977355403637852,0.07825003573514146
n128_L64_S8,3.56,3,0.1875,0.04432106009158021,0.05802105282002779
n128_L64_S8,3.56,4,0.25,0.02857105153003831,0.03740259115018349
n128_L64_S8,3.56,5,0.3125,0.013229839711944231,0.017319288553593108
n128_L64_S8,3.56,6,0.375,0.009693736070920988,0.012690147109120335
n128_L64_S8,3.56,7,0.4375,0.025698864970628264,0.03364258884590281
n128_L64_S8,3.56,8,0.5,0.044867787651139746,0.05873677822338733
n128_L64_S8,3.56,9,0.5625,0.06364200104226445,0.08331425052594754
n128_L64_S8,3.56,10,0.625,0.08461661202472112,0.11077228084331904
n128_L64_S8,3.56,11,0.6875,0.10722300801485844,0.1403664939127713
n128_L64_S8,3.56,12,0.75,0.13118719902092146,0.17173820725353953
n128_L64_S8,3.56,13,0.8125,0.1556108482444269,0.20371140100672883
n128_L64_S8,3.56,14,0.875,0.1809769638056083,0.23691838495009868
n128_L64_S8,3.56,15,0.9375,0.20883840408007573,0.27339201835296995
n128_L64_S8,3.56,16,1.0,0.2340441536608796,0.3063890659139791
n128_L64_S8,3.6,0,0.0,0.08715814260850539,0.11409941877595792
n128_L64_S8,3.6,1,0.0625,0.07383744176004613,0.09666118318476838
n128_L64_S8,3.6,2,0.125,0.05977451449422602,0.07825129307816046
n128_L64_S8,3.6,3,0.1875,0.04432202334857081,0.058022313827427334
n128_L64_S8,3.6,4,0.25,0.028571983557914904,0.03740381127530112
n128_L64_S8,3.6,5,0.3125,0.013230488840270968,0.017320138332656488
n128_L64_S8,3.6,6,0.375,0.00969262874378889,0.012688697498350924
n128_L64_S8,3.6,7,0.4375,0.025697611303022443,0.033640947659653524
n128_L64_S8,3.6,8,0.5,0.04486653366322338,0.05873513661781696
n128_L64_S8,3.6,9,0.5625,0.06364072525917572,0.08331258038814342
n128_L64_S8,3.6,10,0.625,0.08461531650376874,0.11077058486652039
n128_L64_S8,3.6,11,0.6875,0.10722168696738844,0.1403647645190051
n128_L64_S8,3.6,12,0.75,0.1311858444336827,0.17173643395259486
n128_L64_S8,3.6,13,0.8125,0.15560945750075952,0.20370958037311543
n128_L64_S8,3.6,14,0.875,0.18097554241451244,0.23691652419569253
n128_L64_S8,3.6,15,0.9375,0.20883694535015573,0.27339010871801167
n128_L64_S8,3.6,16,1.0,0.2340426594437327,0.30638710982240935
n128_L64_S8,3.64,0,0.0,0.08715894762982591,0.11410047263578127
n128_L64_S8,3.64,1,0.0625,0.0738382712651281,0.09666226909647889
n128_L64_S8,3.64,2,0.125,0.05977536027822435,0.07825240030073005
n128_L64_S8,3.64,3,0.1875,0.044322871147476364,0.05802342368772801
n128_L64_S8,3.64,4,0.25,0.028572802930214046,0.037404883922104906
n128_L64_S8,3.64,5,0.3125,0.013231055896097382,0.017320880669955917
n128_L64_S8,3.64,6,0.375,0.009691646080473723,0.012687411085977308
n128_L64_S8,3.64,7,0.4375,0.025696503862482623,0.03363949790042116
n128_L64_S8,3.64,8,0.5,0.04486542732543004,0.0587336883021988
n128_L64_S8,3.64,9,0.5625,0.06363960015311164,0.08331110750283252
n128_L64_S8,3.64,10,0.625,0.08461417439431848,0.11076908972194119
n128_L64_S8,3.64,11,0.6875,0.10722052261410708,0.14036324025484942
n128_L64_S8,3.64,12,0.75,0.13118465060896775,0.17173487110715072
n128_L64_S8,3.64,13,0.8125,0.15560823184899145,0.20370797586262251
n128_L64_S8,3.64,14,0.875,0.18097428994101805,0.23691488457266405
n128_L64_S8,3.64,15,0.9375,0.20883566000673523,0.2733884260647011
n128_L64_S8,3.64,16,1.0,0.2340413429159965,0.30638538634546264
n128_L64_S8,3.68,0,0.0,0.08715965689503002,0.11410140114050986
n128_L64_S8,3.68,1,0.0625,0.07383900203565265,0.09666322575399378
n128_L64_S8,3.68,2,0.125,0.05977610518479888,0.07825337546386057
n128_L64_S8,3.68,3,0.1875,0.04432361742639785,0.058024400647408866
n128_L64_S8,3.68,4,0.25,0.028573523345071416,0.037405827022933394
n128_L64_S8,3.68,5,0.3125,0.01323155123158865,0.0173215291175933
n128_L64_S8,3.68,6,0.375,0.009690773879339717,0.012686269280524973
n128_L64_S8,3.68,7,0.4375,0.025695525422947674,0.033638217017431866
n128_L64_S8,3.68,8,0.5,0.044864451093880466,0.05873241030970075
n128_L64_S8,3.68,9,0.5625,0.06363860777175662,0.08330980836849551
n128_L64_S8,3.68,10,0.625,0.08461316737540625,0.11076777142546144
n128_L64_S8,3.68,11,0.6875,0.10721949621438188,0.14036189658679302
n128_L64_S8,3.68,12,0.75,0.13118359831039553,0.17173349353470738
n128_L64_S8,3.68,13,0.8125,0.1556071515307726,0.20370656160943656
n128_L64_S8,3.68,14,0.875,0.18097318614927796,0.23691343959010447
n128_L64_S8,3.68,15,0.9375,0.20883452727573912,0.27338694319753093
n128_L64_S8,3.68,16,1.0,0.2340401827795219,0.30638386760156233
n128_L64_S8,3.72,0,0.0,0.08716028188637498,0.11410221932165812
n128_L64_S8,3.72,1,0.0625,0.07383964591785896,0.09666406866531913
n128_L64_S8,3.72,2,0.125,0.0597767613388339,0.07825423444033464
n128_L64_S8,3.72,3,0.1875,0.044324274429796806,0.05802526073579201
n128_L64_S8,3.72,4,0.25,0.028574156825944486,0.03740665631779053
n128_L64_S8,3.72,5,0.3125,0.01323198389533329,0.01732209552114793
n128_L64_S8,3.72,6,0.375,0.00968999957562618,0.012685255633365608
n128_L64_S8,3.72,7,0.4375,0.02569466080638006,0.033637085140995816
n128_L64_S8,3.72,8,0.5,0.04486358952672827,0.05873128242527871
n128_L64_S8,3.72,9,0.5625,0.06363773231888534,0.08330866230616801
n128_L64_S8,3.72,10,0.625,0.08461227933094784,0.11076660887938693
n128_L64_S8,3.72,11,0.6875,0.10721859128587156,0.14036071193767166
n128_L64_S8,3.72,12,0.75,0.1311826706204995,0.17173227908847466
n128_L64_S8,3.72,13,0.8125,0.1556061991699512,0.20370531486629895
n128_L64_S8,3.72,14,0.875,0.18097221324521634,0.23691216595364742
n128_L64_S8,3.72,15,0.9375,0.2088335288900155,0.27338563620282713
n128_L64_S8,3.72,16,1.0,0.23403916030713184,0.30638252907481167
n128_L64_S8,3.7600000000000002,0,0.0,0.0871608326989441,0.11410294039478004
n128_L64_S8,3.7600000000000002,1,0.0625,0.07384021332615814,0.09666481146404346
n128_L64_S8,3.7600000000000002,2,0.125,0.05977733939747688,0.07825499118150887
n128_L64_S8,3.7600000000000002,3,0.1875,0.04432485291550228,0.05802601803603718
n128_L64_S8,3.7600000000000002,4,0.25,0.02857471392733758,0.037407385623662005
n128_L64_S8,3.7600000000000002,5,0.3125,0.013232361796225275,0.017322590234215923
n128_L64_S8,3.7600000000000002,6,0.375,0.0096893120505775,0.012684355588847672
n128_L64_S8,3.7600000000000002,7,0.4375,0.025693896637247103,0.03363608476109662
n128_L64_S8,3.7600000000000002,8,0.5,0.04486282903041998,0.058730286853503545
n128_L64_S8,3.7600000000000002,9,0.5625,0.0636369598935677,0.08330765111803168
n128_L64_S8,3.7600000000000002,10,0.625,0.0846114960825752,0.11076558352270309
n128_L64_S8,3.7600000000000002,11,0.6875,0.10721779333058755,0.14035966732805297
n128_L64_S8,3.7600000000000002,12,0.75,0.13118185265935972,0.17173120828903085
n128_L64_S8,3.7600000000000002,13,0.8125,0.1556053594835025,0.20370421562608013
n128_L64_S8,3.7600000000000002,14,0.875,0.18097135558004113,0.23691104317733452
n128_L64_S8,3.7600000000000002,15,0.9375,0.20883264878493105,0.27338448405025034
n128_L64_S8,3.7600000000000002,16,1.0,0.2340382590303699,0.3063813492062232
n128_L64_S8,3.8000000000000003,0,0.0,0.08716131820937864,0.11410357598035739
n128_L64_S8,3.8000000000000003,1,0.0625,0.07384071341736007,0.09666546613741954
n128_L64_S8,3.8000000000000003,2,0.125,0.05977784872896047,0.07825565795141129
n128_L64_S8,3.8000000000000003,3,0.1875,0.04432536233628468,0.058026684922841375
n128_L64_S8,3.8000000000000003,4,0.25,0.028575203915155226,0.03740802707061725
n128_L64_S8,3.8000000000000003,5,0.3125,0.0132326918467954,0.017323022306046404
n128_L64_S8,3.8000000000000003,6,0.375,0.009688701463096748,0.01268355626391278
n128_L64_S8,3.8000000000000003,7,0.4375,0.025693221126639094,0.03363520044477867
n128_L64_S8,3.8000000000000003,8,0.5,0.04486215763677354,0.058729407926732785
n128_L64_S8,3.8000000000000003,9,0.5625,0.0636362782611037,0.08330675878754329
n128_L64_S8,3.8000000000000003,10,0.625,0.08461080515502371,0.11076467902394162
n128_L64_S8,3.8000000000000003,11,0.6875,0.1072170895943698,0.14035874606136448
n128_L64_S8,3.8000000000000003,12,0.75,0.13118113133756137,0.1717302640009187
n128_L64_S8,3.8000000000000003,13,0.8125,0.15560461902772602,0.2037032462895248
n128_L64_S8,3.8000000000000003,14,0.875,0.18097059938993001,0.23691005324283637
n128_L64_S8,3.8000000000000003,15,0.9375,0.20883187283110835,0.2733834682429199
n128_L64_S8,3.8000000000000003,16,1.0,0.23403746446536267,0.3063803090348428
n128_L64_S8,3.84,0,0.0,0.08716174622396021,0.11410413629765562
n128_L64_S8,3.84,1,0.0625,0.07384115424357285,0.09666604322652624
n128_L64_S8,3.84,2,0.125,0.05977829756950866,0.07825624553214831
n128_L64_S8,3.84,3,0.1875,0.044325810999142075,0.05802727227096196
n128_L64_S8,3.84,4,0.25,0.02857563492482155,0.03740859130880478
n128_L64_S8,3.84,5,0.3125,0.01323298008855378,0.017323399645628384
n128_L64_S8,3.84,6,0.375,0.009688159101218475,0.01268284625365757
n128_L64_S8,3.84,7,0.4375,0.025692623882440844,0.03363441858764119
n128_L64_S8,3.84,8,0.5,0.044861564807128156,0.058728631848721624
n128_L64_S8,3.84,9,0.5625,0.0636356766518214,0.08330597121603953
n128_L64_S8,3.84,10,0.625,0.08461019557009958,0.11076388101146158
n128_L64_S8,3.84,11,0.6875,0.10721646885568296,0.14035793344740483
n128_L64_S8,3.84,12,0.75,0.13118049513927119,0.17172943114866918
n128_L64_S8,3.84,13,0.8125,0.15560396597537807,0.203702391373494
n128_L64_S8,3.84,14,0.875,0.18096993256747743,0.2369091803002519
n128_L64_S8,3.84,15,0.9375,0.2088311885997686,0.2733825725102226
n128_L64_S8,3.84,16,1.0,0.23403676387211364,0.30637939188263974
n128_L64_S8,3.88,0,0.0,0.08716212360858422,0.11410463033487309
n128_L64_S8,3.88,1,0.0625,0.07384154288639944,0.09666655200194639
n128_L64_S8,3.88,2,0.125,0.0597786931610382,0.07825676340417084
n128_L64_S8,3.88,3,0.1875,0.04432620620503742,0.0580277896381477
n128_L64_S8,3.88,4,0.25,0.02857601409991061,0.03740908768993432
n128_L64_S8,3.88,5,0.3125,0.013233231801594072,0.017323729165174533
n128_L64_S8,3.88,6,0.375,0.009687677251058253,0.012682215459774486
n128_L64_S8,3.88,7,0.4375,0.02569209574239095,0.033633727195294796
n128_L64_S8,3.88,8,0.5,0.04486104126024822,0.05872794646933062
n128_L64_S8,3.88,9,0.5625,0.06363514558432451,0.08330527599134895
n128_L64_S8,3.88,10,0.625,0.08460965766572023,0.11076317683655372
n128_L64_S8,3.88,11,0.6875,0.10721592124014545,0.14035721655954247
n128_L64_S8,3.88,12,0.75,0.13117993393174618,0.1717286964674277
n128_L64_S8,3.88,13,0.8125,0.15560338991997164,0.2037016372547727
n128_L64_S8,3.88,14,0.875,0.18096934446100396,0.23690841040538274
n128_L64_S8,3.88,15,0.9375,0.2088305851566778,0.2733817825380655
n128_L64_S8,3.88,16,1.0,0.2340361460431572,0.30637858307783133
n128_L64_S8,3.92,0,0.0,0.0871624564028496,0.11410506599849689
n128_L64_S8,3.92,1,0.0625,0.07384188557473126,0.09666700061797137
n128_L64_S8,3.92,2,0.125,0.059779041872003294,0.07825721990447303
n128_L64_S8,3.92,3,0.1875,0.044326554371503395,0.05802824542564174
n128_L64_S8,3.92,4,0.25,0.028576347713705354,0.03740952442641053
n128_L64_S8,3.92,5,0.3125,0.013233451600427788,0.01732401690557863
n128_L64_S8,3.92,6,0.375,0.009687249081145589,0.012681654939131088
n128_L64_S8,3.92,7,0.4375,0.02569162862723819,0.03363311569112736
n128_L64_S8,3.92,8,0.5,0.04486057882109193,0.058727341086547404
n128_L64_S8,3.92,9,0.5625,0.0636346767102064,0.08330466218450594
n128_L64_S8,3.92,10,0.625,0.08460918293696953,0.11076255536536457
n128_L64_S8,3.92,11,0.6875,0.10721543805763852,0.1403565840214737
n128_L64_S8,3.92,12,0.75,0.13117943879804417,0.17172804828395424
n128_L64_S8,3.92,13,0.8125,0.15560288170390382,0.20370097194506995
n128_L64_S8,3.92,14,0.875,0.18096882569832365,0.23690773128902556
n128_L64_S8,3.92,15,0.9375,0.20883005288120374,0.27338108573200237
n128_L64_S8,3.92,16,1.0,0.23403560111796362,0.3063778697119196
n128_L64_S8,3.96,0,0.0,0.08716274992022104,0.11410545024442593
n128_L64_S8,3.96,1,0.0625,0.07384218778815609,0.0966673962479732
n128_L64_S8,3.96,2,0.125,0.05977934930346977,0.07825762236545475
n128_L64_S8,3.96,3,0.1875,0.044326861140220976,0.0580286470190136
n128_L64_S8,3.96,4,0.25,0.028576641275786893,0.03740990873086994
n128_L64_S8,3.96,5,0.3125,0.013233643517776065,0.017324268146108043
n128_L64_S8,3.96,6,0.375,0.009686868540308166,0.012681156770089493
n128_L64_S8,3.96,7,0.4375,0.025691215411585096,0.03363257474722429
n128_L64_S8,3.96,8,0.5,0.04486017028789651,0.05872680627248697
n128_L64_S8,3.96,9,0.5625,0.06363426267760496,0.08330412017112929
n128_L64_S8,3.96,10,0.625,0.08460876389647315,0.11076200679611276
n128_L64_S8,3.96,11,0.6875,0.10721501165923647,0.14035602581992895
n128_L64_S8,3.96,12,0.75,0.1311790018900879,0.17172747632426835
n128_L64_S8,3.96,13,0.8125,0.15560243326750328,0.20370038489340583
n128_L64_S8,3.96,14,0.875,0.18096836803196895,0.2369071321543549
n128_L64_S8,3.96,15,0.9375,0.20882958330740428,0.273380471009201
n128_L64_S8,3.96,16,1.0,0.2340351204199452,0.30637724042631453
n128_L64_S8,4.0,0,0.0,0.08716300883596495,0.11410578919308878
n128_L64_S8,4.0,1,0.0625,0.07384245434774211,0.09666774520325064
n128_L64_S8,4.0,2,0.125,0.05977962038222273,0.0782579772368096
n128_L64_S8,4.0,3,0.1875,0.04432713147142259,0.05802900091174304
n128_L64_S8,4.0,4,0.25,0.028576899625509272,0.037410246938549475
n128_L64_S8,4.0,5,0.3125,0.013233811077825102,0.017324487500302993
n128_L64_S8,4.0,6,0.375,0.009686530267518981,0.012680713934486547
n128_L64_S8,4.0,7,0.4375,0.0256908498102451,0.03363209613559778
n128_L64_S8,4.0,8,0.5,0.044859809315349546,0.058726333720450295
n128_L64_S8,4.0,9,0.5625,0.06363389701130849,0.08330364147446774
n128_L64_S8,4.0,10,0.625,0.08460839395172794,0.11076152249849988
n128_L64_S8,4.0,11,0.6875,0.10721463531153015,0.14035553314014867
n128_L64_S8,4.0,12,0.75,0.13117861629960217,0.17172697154469194
n128_L64_S8,4.0,13,0.8125,0.15560203751643545,0.20369986681253044
n128_L64_S8,4.0,14,0.875,0.18096796420325384,0.23690660349896714
n128_L64_S8,4.0,15,0.9375,0.20882916898445766,0.2733799286157311
n128_L64_S8,4.0,16,1.0,0.23403469631331128,0.3063766852249417
n128_L64_S8,4.04,0,0.0,0.08716323726437156,0.11410608823053549
n128_L64_S8,4.04,1,0.0625,0.0738426894957516,0.09666805303738299
n128_L64_S8,4.04,2,0.125,0.059779859442512635,0.07825829019253944
n128_L64_S8,4.04,3,0.1875,0.04432736972674256,0.05802931281368032
n128_L64_S8,4.04,4,0.25,0.02857712701397895,0.03741054461460647
n128_L64_S8,4.04,5,0.3125,0.013233957360270795,0.017324678999817912
n128_L64_S8,4.04,6,0.375,0.009686229512271693,0.012680320213396556
n128_L64_S8,4.04,7,0.4375,0.02569052627825848,0.033631672597296894
n128_L64_S8,4.04,8,0.5,0.0448594903118873,0.05872591611047674
n128_L64_S8,4.04,9,0.5625,0.06363357400738623,0.08330321862746012
n128_L64_S8,4.04,10,0.625,0.08460806729732684,0.11076109487262133
n128_L64_S8,4.04,11,0.6875,0.10721430308622062,0.14035509822134953
n128_L64_S8,4.04,12,0.75,0.13117827594473686,0.17172652598342653
n128_L64_S8,4.04,13,0.8125,0.15560168820522505,0.20369940952644236
n128_L64_S8,4.04,14,0.875,0.1809676078228698,0.23690613695856755
n128_L64_S8,4.04,15,0.9375,0.20882880335406429,0.2733794499660706
n128_L64_S8,4.04,16,1.0,0.23403432207732516,0.30637619530963117
n128_L64_S8,4.08,0,0.0,0.08716343882656358,0.11410635209720667
n128_L64_S8,4.08,1,0.0625,0.07384289696564544,0.0966683246378737
n128_L64_S8,4.08,2,0.125,0.05978007029782225,0.07825856622490489
n128_L64_S8,4.08,3,0.1875,0.044327579741933305,0.05802958774623947
n128_L64_S8,4.08,4,0.25,0.028577327175956287,0.037410806648245455
n128_L64_S8,4.08,5,0.3125,0.013234085056304672,0.017324846167713064
n128_L64_S8,4.08,6,0.375,0.009685962064248068,0.012679970095058382
n128_L64_S8,4.08,7,0.4375,0.02569023992290539,0.033631297727223106
n128_L64_S8,4.08,8,0.5,0.04485920834940484,0.05872554699114489
n128_L64_S8,4.08,9,0.5625,0.06363328864056994,0.08330284505148773
n128_L64_S8,4.08,10,0.625,0.0846077788202483,0.11076071722497985
n128_L64_S8,4.08,11,0.6875,0.10721400976311819,0.14035471422973958
n128_L64_S8,4.08,12,0.75,0.1311779754704518,0.17172613263014644
n128_L64_S8,4.08,13,0.8125,0.15560137983492534,0.20369900583642656
n128_L64_S8,4.08,14,0.875,0.18096729326599265,0.23690572516965394
n128_L64_S8,4.08,15,0.9375,0.20882848064275078,0.2733790275021194
n128_L64_S8,4.08,16,1.0,0.23403399179585668,0.3063757629355298
n128_L64_S8,4.12,0,0.0,0.08716361671005841,0.11410658496590675
n128_L64_S8,4.12,1,0.0625,0.07384308004355628,0.09666856430662514
n128_L64_S8,4.12,2,0.125,0.05978025630388705,0.07825880972692602
n128_L64_S8,4.12,3,0.1875,0.04432776489069875,0.058029830125963175
n128_L64_S8,4.12,4,0.25,0.028577503392924256,0.03741103733528194
n128_L64_S8,4.12,5,0.3125,0.013234196517557669,0.017324992082527243
n128_L64_S8,4.12,6,0.375,0.009685724191182474,0.012679658693533356
n128_L64_S8,4.12,7,0.4375,0.02568998642626109,0.03363096587274674
n128_L64_S8,4.12,8,0.5,0.04485895908385769,0.058725220675631504
n128_L64_S8,4.12,9,0.5625,0.0636330364828451,0.0833025149498015
n128_L64_S8,4.12,10,0.625,0.08460752401662225,0.11076038365952326
n128_L64_S8,4.12,11,0.6875,0.10721375074490488,0.14035437514693325
n128_L64_S8,4.12,12,0.75,0.13117771016099994,0.1717257853114296
n128_L64_S8,4.12,13,0.8125,0.15560110756320258,0.20369864940334545
n128_L64_S8,4.12,14,0.875,0.18096701558012426,0.23690536164887163
n128_L64_S8,4.12,15,0.9375,0.20882819576725178,0.2733786545693344
n128_L64_S8,4.12,16,1.0,0.23403370026034268,0.3063753812840661
n128_L64_S8,4.16,0,0.0,0.08716377372108247,0.11410679051028907
n128_L64_S8,4.16,1,0.0625,0.07384324162229161,0.09666877583063467
n128_L64_S8,4.16,2,0.125,0.05978042041404036,0.07825902456483498
n128_L64_S8,4.16,3,0.1875,0.044327928140726856,0.05803004383787539
n128_L64_S8,4.16,4,0.25,0.028577658548415413,0.037411240450571356
n128_L64_S8,4.16,5,0.3125,0.013234293798881991,0.01732511943428384
n128_L64_S8,4.16,6,0.375,0.009685512583951936,0.01267938167682223
n128_L64_S8,4.16,7,0.4375,0.02568976197703282,0.03363067204447409
n128_L64_S8,4.16,8,0.5,0.04485873868544557,0.05872493215031454
n128_L64_S8,4.16,9,0.5625,0.06363281363187655,0.08330222321382337
n128_L64_S8,4.16,10,0.625,0.08460729891857881,0.1107600889818815
n128_L64_S8,4.16,11,0.6875,0.10721352198223275,0.14035407567189687
n128_L64_S8,4.16,12,0.75,0.13117747586301096,0.17172547859006584
n128_L64_S8,4.16,13,0.8125,0.15560086712532709,0.20369833464420734
n128_L64_S8,4.16,14,0.875,0.18096677040412437,0.23690504068701715
n128_L64_S8,4.16,15,0.9375,0.20882794425137802,0.2733783253079005
n128_L64_S8,4.16,16,1.0,0.23403344288453326,0.30637504435134383
n128_L64_S8,4.2,0,0.0,0.08716391233053183,0.11410697196502337
n128_L64_S8,4.2,1,0.0625,0.0738433842487656,0.09666896254408792
n128_L64_S8,4.2,2,0.125,0.05978056522782126,0.07825921414170912
n128_L64_S8,4.2,3,0.1875,0.04432807210288867,0.058030232299888206
n128_L64_S8,4.2,4,0.25,0.02857779517655162,0.03741141931155282
n128_L64_S8,4.2,5,0.3125,0.013234378695750027,0.017325230573450062
n128_L64_S8,4.2,6,0.375,0.009685324308045994,0.012679135203333986
n128_L64_S8,4.2,7,0.4375,0.025689563210545677,0.03363041183768243
n128_L64_S8,4.2,8,0.5,0.04485854377720402,0.05872467699438292
n128_L64_S8,4.2,9,0.5625,0.06363261664807851,0.08330196534076421
n128_L64_S8,4.2,10,0.625,0.08460710002993924,0.11075982861517912
n128_L64_S8,4.2,11,0.6875,0.10721331990788793,0.14035381113476236
n128_L64_S8,4.2,12,0.75,0.13117726891790005,0.17172520767657268
n128_L64_S8,4.2,13,0.8125,0.15560065476473786,0.20369805664126836
n128_L64_S8,4.2,14,0.875,0.1809665538970557,0.23690475725588891
n128_L64_S8,4.2,15,0.9375,0.20882772215295467,0.2733780345570853
n128_L64_S8,4.2,16,1.0,0.2340332156295744,0.3063747468500669
n128_L64_S8,4.24,0,0.0,0.08716403471435262,0.11410713217865805
n128_L64_S8,4.24,1,0.0625,0.07384351016567686,0.09666912738291948
n128_L64_S8,4.24,2,0.125,0.059780693033670715,0.07825938145336472
n128_L64_S8,4.24,3,0.1875,0.04432819907443716,0.05803039851935377
n128_L64_S8,4.24,4,0.25,0.028577915504626565,0.037411576833994244
n128_L64_S8,4.24,5,0.3125,0.013234452776943332,0.017325327553730334
n128_L64_S8,4.24,6,0.375,0.009685156760667696,0.012678915865726403
n128_L64_S8,4.24,7,0.4375,0.025689387155899735,0.033630181363143004
n128_L64_S8,4.24,8,0.5,0.044858371380989165,0.05872445130912478
n128_L64_S8,4.24,9,0.5625,0.06363244249927463,0.08330173736117782
n128_L64_S8,4.24,10,0.625,0.08460692426968298,0.11075959852602758
n128_L64_S8,4.24,11,0.6875,0.10721314137892769,0.1403535774210784
n128_L64_S8,4.24,12,0.75,0.13117708610245576,0.1717249683514183
n128_L64_S8,4.24,13,0.8125,0.15560046717201037,0.20369781106213447
n128_L64_S8,4.24,14,0.875,0.1809663626756483,0.23690450692642123
n128_L64_S8,4.24,15,0.9375,0.20882752599962634,0.2733777777712007
n128_L64_S8,4.24,16,1.0,0.23403301493817288,0.3063744841233545
n128_L64_S8,4.28,0,0.0,0.08716414278902417,0.11410727366007148
n128_L64_S8,4.28,1,0.0625,0.07384362134812311,0.09666927293274552
n128_L64_S8,4.28,2,0.125,0.059780805846437544,0.07825952913745643
n128_L64_S8,4.28,3,0.1875,0.04432831107694301,0.05803054514272637
n128_L64_S8,4.28,4,0.25,0.028578021490478205,0.037411715580916896
n128_L64_S8,4.28,5,0.3125,0.013234517413126957,0.0173254121694732
n128_L64_S8,4.28,6,0.375,0.009685007632798321,0.012678720641244678
n128_L64_S8,4.28,7,0.4375,0.025689231189441147,0.033629977186209664
n128_L64_S8,4.28,8,0.5,0.044858218869958,0.058724251655719
n128_L64_S8,4.28,9,0.5625,0.06363228851202567,0.08330153577524356
n128_L64_S8,4.28,10,0.625,0.08460676892223945,0.11075939515945178
n128_L64_S8,4.28,11,0.6875,0.10721298362580933,0.14035337090521452
n128_L64_S8,4.28,12,0.75,0.13117692457661553,0.17172475689665415
n128_L64_S8,4.28,13,0.8125,0.1556003014312074,0.20369759408952903
n128_L64_S8,4.28,14,0.875,0.18096619375934025,0.2369042857967368
n128_L64_S8,4.28,15,0.9375,0.20882735273242428,0.27337755094572624
n128_L64_S8,4.28,16,1.0,0.2340328376767347,0.3063742520689937
n128_L64_S8,4.32,0,0.0,0.087164238242742,0.11410739861929385
n128_L64_S8,4.32,1,0.0625,0.07384371953578404,0.0966694014709946
n128_L64_S8,4.32,2,0.125,0.05978090544034001,0.0782596595166275
n128_L64_S8,4.32,3,0.1875,0.04432840988960965,0.058030674499175386
n128_L64_S8,4.32,4,0.25,0.028578114855280418,0.0374118378055232
n128_L64_S8,4.32,5,0.3125,0.01323457380182396,0.017325485988365627
n128_L64_S8,4.32,6,0.375,0.009684874875656708,0.01267854684781307
n128_L64_S8,4.32,7,0.4375,0.025689092993772932,0.03362979627315956
n128_L64_S8,4.32,8,0.5,0.04485808392675378,0.05872407500049542
n128_L64_S8,4.32,9,0.5625,0.0636321523288212,0.08330135749672579
n128_L64_S8,4.32,10,0.625,0.08460663159377903,0.11075921538167031
n128_L64_S8,4.32,11,0.6875,0.10721284420766103,0.140353188391806
n128_L64_S8,4.32,12,0.75,0.13117678183754555,0.1717245700358006
n128_L64_S8,4.32,13,0.8125,0.15560015497271823,0.2036974023595542
n128_L64_S8,4.32,14,0.875,0.1809660445219588,0.23690409042889196
n128_L64_S8,4.32,15,0.9375,0.20882719965616,0.27337735055236934
n128_L64_S8,4.32,16,1.0,0.23403268108449987,0.3063740470728517
n128_L64_S8,4.36,0,0.0,0.0871643225628275,0.11410750900338947
n128_L64_S8,4.36,1,0.0625,0.07384380626119806,0.09666951500392493
n128_L64_S8,4.36,2,0.125,0.05978099337791761,0.07825977463641083
n128_L64_S8,4.36,3,0.1875,0.044328497078540086,0.05803078863889875
n128_L64_S8,4.36,4,0.25,0.028578197112320486,0.0374119454888696
n128_L64_S8,4.36,5,0.3125,0.013234622989246762,0.017325550380012638
n128_L64_S8,4.36,6,0.375,0.009684756671022822,0.012678392105185251
n128_L64_S8,4.36,7,0.4375,0.02568897052165473,0.033629635943934026
n128_L64_S8,4.36,8,0.5,0.04485796450671646,0.05872391866677328
n128_L64_S8,4.36,9,0.5625,0.06363203187042063,0.08330119980367405
n128_L64_S8,4.36,10,0.625,0.08460651017376848,0.1107590564297673
n128_L64_S8,4.36,11,0.6875,0.10721272097295732,0.1403530270642737
n128_L64_S8,4.36,12,0.75,0.13117665567927456,0.17172440488100307
n128_L64_S8,4.36,13,0.8125,0.15560002553178595,0.20369723290739866
n128_L64_S8,4.36,14,0.875,0.1809659126492461,0.2369039177932733
n128_L64_S8,4.36,15,0.9375,0.20882706439581997,0.2733771734819807
n128_L64_S8,4.36,16,1.0,0.23403254272883323,0.30637386595034644
n128_L64_S8,4.4,0,0.0,0.0871643970598194,0.114107606527995
n128_L64_S8,4.4,1,0.0625,0.07384388287462462,0.09666961529917192
n128_L64_S8,4.4,2,0.125,0.05978107103548301,0.0782598762985483
n128_L64_S8,4.4,3,0.1875,0.04432857402244331,0.05803088936677538
n128_L64_S8,4.4,4,0.25,0.028578269592262617,0.03741204037293921
n128_L64_S8,4.4,5,0.3125,0.013234665889376678,0.017325606540914446
n128_L64_S8,4.4,6,0.375,0.009684651404994884,0.012678254300589546
n128_L64_S8,4.4,7,0.4375,0.025688861964193035,0.033629493830496175
n128_L64_S8,4.4,8,0.5,0.0448578588054947,0.05872378029246188
n128_L64_S8,4.4,9,0.5625,0.06363192530271272,0.08330106029503873
n128_L64_S8,4.4,10,0.625,0.08460640280116158,0.11075891586743228
n128_L64_S8,4.4,11,0.6875,0.10721261202493255,0.1403528844395466
n128_L64_S8,4.4,12,0.75,0.13117654415718857,0.17172425888655196
n128_L64_S8,4.4,13,0.8125,0.15559991111204224,0.20369708311960072
n128_L64_S8,4.4,14,0.875,0.18096579610150984,0.23690376521970335
n128_L64_S8,4.4,15,0.9375,0.2088269448582212,0.27337701699435796
n128_L64_S8,4.4,16,1.0,0.2340324204659106,0.3063737058949805
n128_L64_S8,4.44,0,0.0,0.08716446288865676,0.11410769270505036
n128_L64_S8,4.44,1,0.0625,0.07384395056589656,0.09666970391435524
n128_L64_S8,4.44,2,0.125,0.05978113962548697,0.07825996609026886
n128_L64_S8,4.44,3,0.1875,0.044328641935219786,0.05803097827193206
n128_L64_S8,4.44,4,0.25,0.028578333465319645,0.03741212398966696
n128_L64_S8,4.44,5,0.3125,0.013234703300641606,0.017325655516299374
n128_L64_S8,4.44,6,0.375,0.009684557644758148,0.012678131558316756
n128_L64_S8,4.44,7,0.4375,0.025688765722815803,0.033629367840142595
n128_L64_S8,4.44,8,0.5,0.04485776523054725,0.05872365779275277
n128_L64_S8,4.44,9,0.5625,0.06363183100756609,0.08330093685251112
n128_L64_S8,4.44,10,0.625,0.08460630783464913,0.11075879154601435
n128_L64_S8,4.44,11,0.6875,0.10721251569115635,0.1403527583282328
n128_L64_S8,4.44,12,0.75,0.1311764455568064,0.17172412980800622
n128_L64_S8,4.44,13,0.8125,0.15559980995343584,0.20369695069206326
n128_L64_S8,4.44,14,0.875,0.18096569308078247,0.2369036303544485
n128_L64_S8,4.44,15,0.9375,0.20882683919829442,0.27337687867410615
n128_L64_S8,4.44,16,1.0,0.23403231240615416,0.30637356443309255
n128_L64_S8,4.48,0,0.0,0.08716452106730313,0.11410776886717977
n128_L64_S8,4.48,1,0.0625,0.07384401038363493,0.09666978222223305
n128_L64_S8,4.48,2,0.125,0.059781200216181274,0.07826004541002943
n128_L64_S8,4.48,3,0.1875,0.04432870188580612,0.05803105675372218
n128_L64_S8,4.48,4,0.25,0.028578389760719417,0.037412197686423246
n128_L64_S8,4.48,5,0.3125,0.013234735920491774,0.017325698219205075
n128_L64_S8,4.48,6,0.375,0.009684474118029598,0.012678022212811052
n128_L64_S8,4.48,7,0.4375,0.025688680384568906,0.033629256123163795
n128_L64_S8,4.48,8,0.5,0.04485768237604071,0.058723549327258255
n128_L64_S8,4.48,9,0.5625,0.06363174755716054,0.08330082760692048
n128_L64_S8,4.48,10,0.625,0.08460622382649,0.11075868157026403
n128_L64_S8,4.48,11,0.6875,0.10721243049678,0.14035264679959608
n128_L64_S8,4.48,12,0.75,0.13117635836631497,0.17172401566623935
n128_L64_S8,4.48,13,0.8125,0.15559972050402207,0.20369683359312316
n128_L64_S8,4.48,14,0.875,0.18096560200193507,0.23690351112240385
n128_L64_S8,4.48,15,0.9375,0.2088267457894305,0.2733767563918183
n128_L64_S8,4.48,16,1.0,0.23403221688382964,0.3063734393840566
n128_L64_S8,4.5200000000000005,0,0.0,0.08716457249312552,0.1141078361891335
n128_L64_S8,4.5200000000000005,1,0.0625,0.07384406325214274,0.09666985143281775
n128_L64_S8,4.5200000000000005,2,0.125,0.05978125374890202,0.0782601154901406
n128_L64_S8,4.5200000000000005,3,0.1875,0.044328754815614976,0.05803112604455658
n128_L64_S8,4.5200000000000005,4,0.25,0.028578439383797113,0.037412262648389545
n128_L64_S8,4.5200000000000005,5,0.3125,0.013234764358139911,0.017325735447156782
n128_L64_S8,4.5200000000000005,6,0.375,0.009684399694864535,0.012677924784852827
n128_L64_S8,4.5200000000000005,7,0.4375,0.02568860470034324,0.033629157044341086
n128_L64_S8,4.5200000000000005,8,0.5,0.044857609000761085,0.058723453271095204
n128_L64_S8,4.5200000000000005,9,0.5625,0.06363167369140597,0.08330073090867277
n128_L64_S8,4.5200000000000005,10,0.625,0.08460614949948242,0.11075858426818634
n128_L64_S8,4.5200000000000005,11,0.6875,0.10721235514098926,0.14035254815073014
n128_L64_S8,4.5200000000000005,12,0.75,0.13117628125240666,0.1717239147158077
n128_L64_S8,4.5200000000000005,13,0.8125,0.1555996413951496,0.20369673003106803
n128_L64_S8,4.5200000000000005,14,0.875,0.1809655214672717,0.23690340569383453
n128_L64_S8,4.5200000000000005,15,0.9375,0.20882666319739704,0.27337664826992936
n128_L64_S8,4.5200000000000005,16,1.0,0.23403213243031262,0.30637332882528473
n128_L64_S8,4.5600000000000005,0,0.0,0.08716461795729888,0.11410789570664501
n128_L64_S8,4.5600000000000005,1,0.0625,0.07384410998626562,0.09666991261283028
n128_L64_S8,4.5600000000000005,2,0.125,0.05978130105327063,0.07826017741666637
n128_L64_S8,4.5600000000000005,3,0.1875,0.044328801553862415,0.05803118722996862
n128_L64_S8,4.5600000000000005,4,0.25,0.02857848313100055,0.03741231991820204
n128_L64_S8,4.5600000000000005,5,0.3125,0.013234789145695168,0.01732576789674282
n128_L64_S8,4.5600000000000005,6,0.375,0.009684333371542151,0.012677837960463172
n128_L64_S8,4.5600000000000005,7,0.4375,0.02568853756568343,0.03362906915782315
n128_L64_S8,4.5600000000000005,8,0.5,0.04485754400865155,0.0587233681894069
n128_L64_S8,4.5600000000000005,9,0.5625,0.06363160829805822,0.08330064530172032
n128_L64_S8,4.5600000000000005,10,0.625,0.08460608372669792,0.11075849816451022
n128_L64_S8,4.5600000000000005,11,0.6875,0.10721228847629102,0.14035246087944264
n128_L64_S8,4.5600000000000005,12,0.75,0.13117621303902494,0.1717238254171263
n128_L64_S8,4.5600000000000005,13,0.8125,0.15559957141962424,0.20369663842555039
n128_L64_S8,4.5600000000000005,14,0.875,0.18096545024417732,0.23690331245511428
n128_L64_S8,4.5600000000000005,15,0.9375,0.20882659015739782,0.27337655265268457
n128_L64_S8,4.5600000000000005,16,1.0,0.23403205775056807,0.3063732310614362
n128_L64_S8,4.6000000000000005,0,0.0,0.0871646581574773,0.11410794833301881
n128_L64_S8,4.6000000000000005,1,0.0625,0.07384415130445944,0.09666996670280696
n128_L64_S8,4.6000000000000005,2,0.125,0.05978134286055278,0.07826023214691245
n128_L64_S8,4.6000000000000005,3,0.1875,0.04432884283103791,0.05803124126624787
n128_L64_S8,4.6000000000000005,4,0.25,0.02857852170306977,0.03741237041320512
n128_L64_S8,4.6000000000000005,5,0.3125,0.013234810747895056,0.017325796176354772
n128_L64_S8,4.6000000000000005,6,0.375,0.009684274256305024,0.012677760572235347
n128_L64_S8,4.6000000000000005,7,0.4375,0.025688478003862272,0.03362899118496861
n128_L64_S8,4.6000000000000005,8,0.5,0.04485748643167533,0.058723292814928676
n128_L64_S8,4.6000000000000005,9,0.5625,0.06363155039521198,0.08330056950064306
n128_L64_S8,4.6000000000000005,10,0.625,0.08460602551364162,0.1107584219573345
n128_L64_S8,4.6000000000000005,11,0.6875,0.10721222949028483,0.14035238366039207
n128_L64_S8,4.6000000000000005,12,0.75,0.1311761526886512,0.17172374641197133
n128_L64_S8,4.6000000000000005,13,0.8125,0.15559950951249688,0.2036965573824368
n128_L64_S8,4.6000000000000005,14,0.875,0.18096538724545674,0.23690322998298735
n128_L64_S8,4.6000000000000005,15,0.9375,0.20882652555388367,0.2733764680797096
n128_L64_S8,4.6000000000000005,16,1.0,0.23403199170245775,0.3063731445973289
n128_L64_S8,4.64,0,0.0,0.08716469370894121,0.11410799487372342
n128_L64_S8,4.64,1,0.0625,0.07384418784028898,0.09667001453215245
n128_L64_S8,4.64,2,0.125,0.059781379815419214,0.07826028052482248
n128_L64_S8,4.64,3,0.1875,0.04432887929074949,0.05803128899594672
n128_L64_S8,4.64,4,0.25,0.02857855571661058,0.03741241494060234
n128_L64_S8,4.64,5,0.3125,0.013234829570609875,0.017325820817320682
n128_L64_S8,4.64,6,0.375,0.009684221556721861,0.012677691582791233
n128_L64_S8,4.64,7,0.4375,0.02568842515095341,0.0336289219948046
n128_L64_S8,4.64,8,0.5,0.044857435414721626,0.05872322602822819
n128_L64_S8,4.64,9,0.5625,0.06363149911588598,0.0833005023704689
n128_L64_S8,4.64,10,0.625,0.08460597398254842,0.1107583544975699
n128_L64_S8,4.64,11,0.6875,0.10721217728961793,0.1403523153240832
n128_L64_S8,4.64,12,0.75,0.13117609928584675,0.1717236765019346
n128_L64_S8,4.64,13,0.8125,0.15559945473416067,0.20369648567168053
n128_L64_S8,4.64,14,0.875,0.18096533151202857,0.23690315702191256
n128_L64_S8,4.64,15,0.9375,0.20882646840279062,0.2733763932627584
n128_L64_S8,4.64,16,1.0,0.23403193327853888,0.3063730681141113
n128_L64_S8,4.68,0,0.0,0.08716472515440674,0.11410803603923282
n128_L64_S8,4.68,1,0.0625,0.07384422015253975,0.09667005683237732
n128_L64_S8,4.68,2,0.125,0.059781412486276816,0.07826032329450242
n128_L64_S8,4.68,3,0.1875,0.044328911500133614,0.058031331161508055
n128_L64_S8,4.68,4,0.25,0.028578585714260942,0.03741245421076539
n128_L64_S8,4.68,5,0.3125,0.013234845968276803,0.017325842283637077
n128_L64_S8,4.68,6,0.375,0.009684174568495447,0.012677630070129734
n128_L64_S8,4.68,7,0.4375,0.025688378242672033,0.033628860586799786
n128_L64_S8,4.68,8,0.5,0.044857390202301346,0.058723166840288644
n128_L64_S8,4.68,9,0.5625,0.06363145369444545,0.08330044290889929
n128_L64_S8,4.68,10,0.625,0.08460592835856016,0.11075829477084344
n128_L64_S8,4.68,11,0.6875,0.10721213108586068,0.14035225483837654
n128_L64_S8,4.68,12,0.75,0.13117605202276028,0.17172361462945163
n128_L64_S8,4.68,13,0.8125,0.15559940625546065,0.20369642220782813
n128_L64_S8,4.68,14,0.875,0.1809652821976978,0.23690309246412933
n128_L64_S8,4.68,15,0.9375,0.2088264178359085,0.2733763270652502
n128_L64_S8,4.68,16,1.0,0.23403188159003785,0.30637300044828286
n128_L64_S8,4.72,0,0.0,0.08716475297265479,0.11410807245632294
n128_L64_S8,4.72,1,0.0625,0.07384424873412106,0.09667009424875309
n128_L64_S8,4.72,2,0.125,0.05978144137437085,0.07826036111213644
n128_L64_S8,4.72,3,0.1875,0.0443289399590133,0.05803136841725415
n128_L64_S8,4.72,4,0.25,0.0285786121736211,0.03741248884892454
n128_L64_S8,4.72,5,0.3125,0.013234860250395337,0.01732586098047222
n128_L64_S8,4.72,6,0.375,0.009684132665545136,0.01267757521464369
n128_L64_S8,4.72,7,0.4375,0.025688336602760257,0.03362880607565959
n128_L64_S8,4.72,8,0.5,0.04485735012683131,0.058723114377171585
n128_L64_S8,4.72,9,0.5625,0.063631413454647,0.08330039023065859
n128_L64_S8,4.72,10,0.625,0.08460588795754946,0.1107582418815585
n128_L64_S8,4.72,11,0.6875,0.10721209018307391,0.14035220129221257
n128_L64_S8,4.72,12,0.75,0.1311760101863715,0.17172355986110183
n128_L64_S8,4.72,13,0.8125,0.15559936334460236,0.20369636603288174
n128_L64_S8,4.72,14,0.875,0.1809652385557541,0.2369030353321132
n128_L64_S8,4.72,15,0.9375,0.20882637308712032,0.27337626848425517
n128_L64_S8,4.72,16,1.0,0.23403183585275303,0.306372940573239
n128_L64_S8,4.76,0,0.0,0.08716477758612803,0.11410810467801684
n128_L64_S8,4.76,1,0.0625,0.07384427401989616,0.0966701273505627
n128_L64_S8,4.76,2,0.125,0.05978146692178039,0.07826039455645377
n128_L64_S8,4.76,3,0.1875,0.04432896510794787,0.05803140133992473
n128_L64_S8,4.76,4,0.25,0.028578635515099954,0.03741251940544044
n128_L64_S8,4.76,5,0.3125,0.013234872687204158,0.017325877261597716
n128_L64_S8,4.76,6,0.375,0.009684095291220468,0.01267752628761755
n128_L64_S8,4.76,7,0.4375,0.025688299632742616,0.033628757677915
n128_L64_S8,4.76,8,0.5,0.04485731459830523,0.05872306786649508
n128_L64_S8,4.76,9,0.5625,0.06363137779909632,0.08330034355369317
n128_L64_S8,4.76,10,0.625,0.08460585217539568,0.11075819503885595
n128_L64_S8,4.76,11,0.6875,0.1072120539668634,0.1403521538812829
n128_L64_S8,4.76,12,0.75,0.13117597314725715,0.17172351137290215
n128_L64_S8,4.76,13,0.8125,0.15559932535561405,0.20369631630119453
n128_L64_S8,4.76,14,0.875,0.18096519992716925,0.23690298476312505
n128_L64_S8,4.76,15,0.9375,0.2088263334802953,0.273376216634645
n128_L64_S8,4.76,16,1.0,0.23403179537464472,0.30637288758302494
n128_L64_S8,4.8,0,0.0,0.08716479936761859,0.11410813319233963
n128_L64_S8,4.8,1,0.0625,0.07384429639357812,0.09667015664012797
n128_L64_S8,4.8,2,0.125,0.059781489518463723,0.07826042413795192
n128_L64_S8,4.8,3,0.1875,0.044328987335314304,0.05803143043794719
n128_L64_S8,4.8,4,0.25,0.028578656108807058,0.03741254636482646
n128_L64_S8,4.8,5,0.3125,0.01323488351464381,0.017325891435885213
n128_L64_S8,4.8,6,0.375,0.009684061950512031,0.012677482641030548
n128_L64_S8,4.8,7,0.4375,0.025688266802880885,0.03362871470008148
n128_L64_S8,4.8,8,0.5,0.04485728309518806,0.058723026625513444
n128_L64_S8,4.8,9,0.5625,0.0636313461999757,0.08330030218703265
n128_L64_S8,4.8,10,0.625,0.0846058204785472,0.11075815354425912
n128_L64_S8,4.8,11,0.6875,0.10721202189473314,0.14035211189540167
n128_L64_S8,4.8,12,0.75,0.13117594034970415,0.17172346843736425
n128_L64_S8,4.8,13,0.8125,0.15559929171819084,0.20369627226617584
n128_L64_S8,4.8,14,0.875,0.18096516573021199,0.23690293999561587
n128_L64_S8,4.8,15,0.9375,0.20882629841862219,0.27337617073512943
n128_L64_S8,4.8,16,1.0,0.23403175954490718,0.3063728406780301
n128_L64_S8,4.84,0,0.0,0.08716481864615234,0.11410815843002174
n128_L64_S8,4.84,1,0.0625,0.07384431619379635,0.09667018256075138
n128_L64_S8,4.84,2,0.125,0.05978150950845276,0.0782604503070058
n128_L64_S8,4.84,3,0.1875,0.04432900698353778,0.058031456159593056
n128_L64_S8,4.84,4,0.25,0.02857867428061118,0.037412570153679985
n128_L64_S8,4.84,5,0.3125,0.013234892938691276,0.017325903772980822
n128_L64_S8,4.84,6,0.375,0.00968403220314308,0.01267744369851289
n128_L64_S8,4.84,7,0.4375,0.02568823764420184,0.033628676528222476
n128_L64_S8,4.84,8,0.5,0.04485725515639255,0.05872299005061369
n128_L64_S8,4.84,9,0.5625,0.06363131819085442,0.08330026552006888
n128_L64_S8,4.84,10,0.625,0.084605792395696,0.1107581167807749
n128_L64_S8,4.84,11,0.6875,0.10721199348759884,0.14035207470739589
n128_L64_S8,4.84,12,0.75,0.13117591130299816,0.17172343041209007
n128_L64_S8,4.84,13,0.8125,0.15559926192875018,0.20369623326858177
n128_L64_S8,4.84,14,0.875,0.18096513545130136,0.23690290035725278
n128_L64_S8,4.84,15,0.9375,0.20882626737522347,0.2733761300959689
n128_L64_S8,4.84,16,1.0,0.2340317278243481,0.30637279915239357
n128_L64_S8,4.88,0,0.0,0.08716483571217411,0.11410818077128677
n128_L64_S8,4.88,1,0.0625,0.0738443337194403,0.09667020550371148
n128_L64_S8,4.88,2,0.125,0.05978152719530877,0.0782604734610099
n128_L64_S8,4.88,3,0.1875,0.04432902435457075,0.05803147890015069
n128_L64_S8,4.88,4,0.25,0.028578690317462727,0.037412591147650096
n128_L64_S8,4.88,5,0.3125,0.013234901139149267,0.0173259145082657
n128_L64_S8,4.88,6,0.375,0.009684005657452355,0.012677408947337706
n128_L64_S8,4.88,7,0.4375,0.02568821174144701,0.03362864261871979
n128_L64_S8,4.88,8,0.5,0.04485723037420458,0.05872295760805401
n128_L64_S8,4.88,9,0.5625,0.06363129335948585,0.08330023301312647
n128_L64_S8,4.88,10,0.625,0.08460576751045036,0.1107580842033016
n128_L64_S8,4.88,11,0.6875,0.10721196832230613,0.14035204176331073
n128_L64_S8,4.88,12,0.75,0.13117588557375168,0.17172339672972856
n128_L64_S8,4.88,13,0.8125,0.15559923554255675,0.20369619872620578
n128_L64_S8,4.88,14,0.875,0.18096510863694715,0.2369028652543681
n128_L64_S8,4.88,15,0.9375,0.20882623988488438,0.273376094108147
n128_L64_S8,4.88,16,1.0,0.23403169973691879,0.3063727623829161
n128_L64_S8,4.92,0,0.0,0.0871648508221088,0.11410820055182264
n128_L64_S8,4.92,1,0.0625,0.07384434923436384,0.09667022581442149
n128_L64_S8,4.92,2,0.125,0.059781542846922095,0.07826049395066158
n128_L64_S8,4.92,3,0.1875,0.04432903971471346,0.05803149900823587
n128_L64_S8,4.92,4,0.25,0.02857870447207424,0.03741260967756478
n128_L64_S8,4.92,5,0.3125,0.013234908272957884,0.01732592384719139
n128_L64_S8,4.92,6,0.375,0.009683981964958559,0.012677377931305345
n128_L64_S8,4.92,7,0.4375,0.025688188726856357,0.03362861249013584
n128_L64_S8,4.92,8,0.5,0.044857208388039284,0.05872292882578988
n128_L64_S8,4.92,9,0.5625,0.06363127134144902,0.08330020418913907
n128_L64_S8,4.92,10,0.625,0.08460574545487663,0.11075805533017435
n128_L64_S8,4.92,11,0.6875,0.1072119460250389,0.14035201257378058
n128_L64_S8,4.92,12,0.75,0.13117586277914373,0.1717233668891257
n128_L64_S8,4.92,13,0.8125,0.15559921216678047,0.20369616812479083
n128_L64_S8,4.92,14,0.875,0.1809650848866605,0.23690283416267865
n128_L64_S8,4.92,15,0.9375,0.208826215536773,0.2733760622338405
n128_L64_S8,4.92,16,1.0,0.23403167486225143,0.3063727298192909
n128_L64_S8,4.96,0,0.0,0.08716486420238484,0.11410821806804859
n128_L64_S8,4.96,1,0.0625,0.07384436297152823,0.09667024379785281
n128_L64_S8,4.96,2,0.125,0.05978155669974157,0.0782605120854979
n128_L64_S8,4.96,3,0.1875,0.04432905329885989,0.058031516791350164
n128_L64_S8,4.96,4,0.25,0.028578716967030404,0.03741262603481143
n128_L64_S8,4.96,5,0.3125,0.01323491447708697,0.017325931969066198
n128_L64_S8,4.96,6,0.375,0.009683960815546663,0.01267735024444176
n128_L64_S8,4.96,7,0.4375,0.025688168274675207,0.03362858571602257
n128_L64_S8,4.96,8,0.5,0.044857188878941474,0.05872290328627453
n128_L64_S8,4.96,9,0.5625,0.0636312518145485,0.08330017862631804
n128_L64_S8,4.96,10,0.625,0.08460572590380183,0.11075802973570659
n128_L64_S8,4.96,11,0.6875,0.10721192626551569,0.14035198670643134
n128_L64_S8,4.96,12,0.75,0.13117584258096573,0.17172334044753
n128_L64_S8,4.96,13,0.8125,0.1555991914543818,0.20369614101002476
n128_L64_S8,4.96,14,0.875,0.1809650638466968,0.23690280661909457
n128_L64_S8,4.96,15,0.9375,0.2088261939680232,0.2733760339980183
n128_L64_S8,4.96,16,1.0,0.23403165282908808,0.30637270097550123
n128_L64_S8,5.0,0,0.0,0.08716487605297008,0.11410823358174413
n128_L64_S8,5.0,1,0.0625,0.07384437513665058,0.09667025972331139
n128_L64_S8,5.0,2,0.125,0.05978156896249346,0.07826052813876408
n128_L64_S8,5.0,3,0.1875,0.04432906531422911,0.058031532520765726
n128_L64_S8,5.0,4,0.25,0.028578727998406803,0.03741264047607414
n128_L64_S8,5.0,5,0.3125,0.013234919871064782,0.017325939030365518
n128_L64_S8,5.0,6,0.375,0.009683941933195056,0.012677325525404858
n128_L64_S8,5.0,7,0.4375,0.02568815009630709,0.033628561918576064
n128_L64_S8,5.0,8,0.5,0.04485717156472841,0.05872288062010029
n128_L64_S8,5.0,9,0.5625,0.0636312344938691,0.08330015595167867
n128_L64_S8,5.0,10,0.625,0.08460570856980348,0.11075800704363127
n128_L64_S8,5.0,11,0.6875,0.10721190875186885,0.14035196377917677
n128_L64_S8,5.0,12,0.75,0.13117582468037492,0.17172331701372395
n128_L64_S8,5.0,13,0.8125,0.15559917309872703,0.2036961169804909
n128_L64_S8,5.0,14,0.875,0.1809650452045543,0.23690278221451733
n128_L64_S8,5.0,15,0.9375,0.2088261748580841,0.2733760089810448
n128_L64_S8,5.0,16,1.0,0.23403163330949076,0.3063726754222409
n128_L64_S8,5.04,0,0.0,0.08716488655049633,0.11410824732413936
n128_L64_S8,5.04,1,0.0625,0.07384438591141815,0.09667027382864544
n128_L64_S8,5.04,2,0.125,0.0597815798194627,0.078260542351709
n128_L64_S8,5.04,3,0.1875,0.0443290759436537,0.05803154643583013
n128_L64_S8,5.04,4,0.25,0.028578737738946147,0.03741265322749179
n128_L64_S8,5.04,5,0.3125,0.013234924559187412,0.017325945167624198
n128_L64_S8,5.04,6,0.375,0.009683925072184971,0.012677303452522245
n128_L64_S8,5.04,7,0.4375,0.02568813393602558,0.03362854076302281
n128_L64_S8,5.04,8,0.5,0.0448571561957095,0.0587228605003952
n128_L64_S8,5.04,9,0.5625,0.06363121912742521,0.08330013583534457
n128_L64_S8,5.04,10,0.625,0.08460569319877924,0.110757986921301
n128_L64_S8,5.04,11,0.6875,0.10721189322613689,0.14035194345431737
n128_L64_S8,5.04,12,0.75,0.1311758088132687,0.17172329624196883
n128_L64_S8,5.04,13,0.8125,0.1555991568288355,0.20369609568144625
n128_L64_S8,5.04,14,0.875,0.18096502868411785,0.23690276058748236
n128_L64_S8,5.04,15,0.9375,0.2088261579237387,0.27337598681215836
n128_L64_S8,5.04,16,1.0,0.23403161601373906,0.30637265278023457
n128_L64_S8,5.08,0,0.0,0.08716489585100334,0.11410825949950718
n128_L64_S8,5.08,1,0.0625,0.0738443954563216,0.09667028632395458
n128_L64_S8,5.08,2,0.125,0.05978158943337846,0.07826055493736271
n128_L64_S8,5.08,3,0.1875,0.04432908534847253,0.058031558747753384
n128_L64_S8,5.08,4,0.25,0.028578746340856435,0.03741266448832107
n128_L64_S8,5.08,5,0.3125,0.01323492863244878,0.017325950499963102
n128_L64_S8,5.08,6,0.375,0.009683910013731766,0.0126772837393812
n128_L64_S8,5.08,7,0.4375,0.02568811956719075,0.033628521952666676
n128_L64_S8,5.08,8,0.5,0.044857142550904755,0.05872284263787262
n128_L64_S8,5.08,9,0.5625,0.06363120549231217,0.08330011798550947
n128_L64_S8,5.08,10,0.625,0.08460567956604667,0.11075796907458219
n128_L64_S8,5.08,11,0.6875,0.10721187946028748,0.14035192543333427
n128_L64_S8,5.08,12,0.75,0.13117579474620628,0.17172327782666535
n128_L64_S8,5.08,13,0.8125,0.15559914240520045,0.20369607679935073
n128_L64_S8,5.08,14,0.875,0.18096501404138401,0.23690274141856285
n128_L64_S8,5.08,15,0.9375,0.20882614291471693,0.27337596716372836
n128_L64_S8,5.08,16,1.0,0.2340316006858378,0.30637263271435694
n128_L64_S8,5.12,0,0.0,0.08716490409236402,0.11410827028833809
n128_L64_S8,5.12,1,0.0625,0.07384440391314881,0.09667029739485444
n128_L64_S8,5.12,2,0.125,0.05978159794795731,0.07826056608386571
n128_L64_S8,5.12,3,0.1875,0.04432909367107819,0.058031569642942746
n128_L64_S8,5.12,4,0.25,0.028578753938265738,0.03741267443415011
n128_L64_S8,5.12,5,0.3125,0.013234932170226163,0.017325955131295655
n128_L64_S8,5.12,6,0.375,0.009683896563003268,0.012677266130925378
n128_L64_S8,5.12,7,0.4375,0.025688106788906543,0.03362850522451303
n128_L64_S8,5.12,8,0.5,0.044857130434708646,0.05872282677646378
n128_L64_S8,5.12,9,0.5625,0.06363119339132,0.08330010214400424
n128_L64_S8,5.12,10,0.625,0.08460566747290908,0.11075795324335944
n128_L64_S8,5.12,11,0.6875,0.10721186725270951,0.1403519094522967
n128_L64_S8,5.12,12,0.75,0.1311757822728182,0.17172326149765366
n128_L64_S8,5.12,13,0.8125,0.15559912961609199,0.20369606005702698
n128_L64_S8,5.12,14,0.875,0.18096500106069113,0.23690272442543442
n128_L64_S8,5.12,15,0.9375,0.20882612960982483,0.2733759497461881
n128_L64_S8,5.12,16,1.0,0.2340315870995519,0.30637261492844187
n128_L64_S8,5.16,0,0.0,0.08716491139641715,0.11410827985013222
n128_L64_S8,5.16,1,0.0625,0.07384441140718451,0.09667030720535628
n128_L64_S8,5.16,2,0.125,0.05978160549014509,0.07826057595740381
n128_L64_S8,5.16,3,0.1875,0.04432910103716081,0.05803157928594018
n128_L64_S8,5.16,4,0.25,0.028578760649387167,0.03741268321973263
n128_L64_S8,5.16,5,0.3125,0.01323493524175543,0.017325959152259086
n128_L64_S8,5.16,6,0.375,0.00968388454646201,0.012677250399975493
n128_L64_S8,5.16,7,0.4375,0.025688095423060643,0.03362849034539362
n128_L64_S8,5.16,8,0.5,0.04485711967394879,0.05872281268946734
n128_L64_S8,5.16,9,0.5625,0.06363118264993897,0.08330008808237677
n128_L64_S8,5.16,10,0.625,0.08460565674361459,0.11075793919755456
n128_L64_S8,5.16,11,0.6875,0.10721185642512596,0.1403518952778208
n128_L64_S8,5.16,12,0.75,0.13117577121063292,0.1717232470160588
n128_L64_S8,5.16,13,0.8125,0.1555991182743097,0.20369604520940943
n128_L64_S8,5.16,14,0.875,0.18096498955139598,0.23690270935852445
n128_L64_S8,5.16,15,0.9375,0.20882611781353597,0.27337593430357243
n128_L64_S8,5.16,16,1.0,0.23403157505491534,0.3063725991607122
n128_L64_S8,5.2,0,0.0,0.08716491787085033,0.11410828832586428
n128_L64_S8,5.2,1,0.0625,0.07384441804914951,0.09667031590040558
n128_L64_S8,5.2,2,0.125,0.05978161217209126,0.07826058470479277
n128_L64_S8,5.2,3,0.1875,0.04432910755768359,0.0580315878220085
n128_L64_S8,5.2,4,0.25,0.028578766578418832,0.03741269098147521
n128_L64_S8,5.2,5,0.3125,0.013234937907416809,0.017325962641897633
n128_L64_S8,5.2,6,0.375,0.009683873809515261,0.012677236344152977
n128_L64_S8,5.2,7,0.4375,0.025688085311715313,0.03362847710855091
n128_L64_S8,5.2,8,0.5,0.0448571101152844,0.05872280017614363
n128_L64_S8,5.2,9,0.5625,0.06363117311372202,0.08330007559843919
n128_L64_S8,5.2,10,0.625,0.08460564722268185,0.11075792673362567
n128_L64_S8,5.2,11,0.6875,0.10721184681986465,0.14035188270349672
n128_L64_S8,5.2,12,0.75,0.1311757613982863,0.17172323417063765
n128_L64_S8,5.2,13,0.8125,0.15559910821431253,0.20369603203978698
n128_L64_S8,5.2,14,0.875,0.18096497934494413,0.23690269599717703
n128_L64_S8,5.2,15,0.9375,0.20882610735298393,0.27337592060958044
n128_L64_S8,5.2,16,1.0,0.23403156437515066,0.30637258517974714
n128_L64_S8,5.24,0,0.0,0.08716492361085722,0.11410829584015302
n128_L64_S8,5.24,1,0.0625,0.07384442393690725,0.09667032360811613
n128_L64_S8,5.24,2,0.125,0.059781618092887755,0.07826059245575462
n128_L64_S8,5.24,3,0.1875,0.0443291133306226,0.05803159537940894
n128_L64_S8,5.24,4,0.25,0.028578771817218046,0.03741269783962899
n128_L64_S8,5.24,5,0.3125,0.013234940219860413,0.017325965669135975
n128_L64_S8,5.24,6,0.375,0.00968386421442107,0.012677223783138738
n128_L64_S8,5.24,7,0.4375,0.025688076314794236,0.033628465330609855
n128_L64_S8,5.24,8,0.5,0.04485710162291074,0.05872278905870963
n128_L64_S8,5.24,9,0.5625,0.06363116464595361,0.08330006451321612
n128_L64_S8,5.24,10,0.625,0.08460563877254251,0.11075791567148094
n128_L64_S8,5.24,11,0.6875,0.10721183829745295,0.14035187154673967
n128_L64_S8,5.24,12,0.75,0.13117575269305354,0.1717232227745481
n128_L64_S8,5.24,13,0.8125,0.15559909928968554,0.2036960203564867
n128_L64_S8,5.24,14,0.875,0.18096497029228464,0.2369026841462684
n128_L64_S8,5.24,15,0.9375,0.20882609807531147,0.2733759084641055
n128_L64_S8,5.24,16,1.0,0.23403155490395755,0.30637257278093283
n128_L64_S8,5.28,0,0.0,0.08716492870060277,0.11410830250317947
n128_L64_S8,5.28,1,0.0625,0.07384442915697287,0.09667033044174561
n128_L64_S8,5.28,2,0.125,0.05978162334010271,0.07826059932492552
n128_L64_S8,5.28,3,0.1875,0.044329118442499156,0.05803160207140726
n128_L64_S8,5.28,4,0.25,0.028578776446773018,0.03741270390021629
n128_L64_S8,5.28,5,0.3125,0.013234942224987636,0.017325968294063993
n128_L64_S8,5.28,6,0.375,0.009683855638430454,0.012677212556241109
n128_L64_S8,5.28,7,0.4375,0.025688068308042017,0.033628454848906746
n128_L64_S8,5.28,8,0.5,0.04485709407653609,0.05872277917969046
n128_L64_S8,5.28,9,0.5625,0.06363115712559483,0.08330005466825453
n128_L64_S8,5.28,10,0.625,0.08460563127145367,0.11075790585174577
n128_L64_S8,5.28,11,0.6875,0.10721183073449828,0.14035186164601546
n128_L64_S8,5.28,12,0.75,0.13117574496867643,0.1717232126625045
n128_L64_S8,5.28,13,0.8125,0.15559909137091307,0.2036960099899586
n128_L64_S8,5.28,14,0.875,0.18096496226159423,0.2369026736332276
n128_L64_S8,5.28,15,0.9375,0.20882608984533224,0.2733758976901741
n128_L64_S8,5.28,16,1.0,0.23403154650311478,0.3063725617833226
n128_L64_S8,5.32,0,0.0,0.08716493321451003,0.11410830841237142
n128_L64_S8,5.32,1,0.0625,0.07384443378583931,0.09667033650143154
n128_L64_S8,5.32,2,0.125,0.059781627991135664,0.07826060541362981
n128_L64_S8,5.32,3,0.1875,0.044329122969730766,0.05803160799804222
n128_L64_S8,5.32,4,0.25,0.028578780538496995,0.03741270925672474
n128_L64_S8,5.32,5,0.3125,0.013234943962810585,0.01732597056906186
n128_L64_S8,5.32,6,0.375,0.009683847972138584,0.012677202520237352
n128_L64_S8,5.32,7,0.4375,0.02568806118121664,0.033628445519122876
n128_L64_S8,5.32,8,0.5,0.044857087369587274,0.05872277039957034
n128_L64_S8,5.32,9,0.5625,0.06363115044546482,0.08330004592324311
n128_L64_S8,5.32,10,0.625,0.084605624611658,0.11075789713335422
n128_L64_S8,5.32,11,0.6875,0.10721182402181588,0.14035185285838947
n128_L64_S8,5.32,12,0.75,0.1311757381134459,0.17172320368826763
n128_L64_S8,5.32,13,0.8125,0.15559908434340508,0.2036960007901919
n128_L64_S8,5.32,14,0.875,0.18096495513626504,0.23690266430540238
n128_L64_S8,5.32,15,0.9375,0.2088260825434676,0.27337588813124497
n128_L64_S8,5.32,16,1.0,0.23403153905037063,0.3063725520268759
n128_L64_S8,5.36,0,0.0,0.08716493721840178,0.11410831365389801
n128_L64_S8,5.36,1,0.0625,0.073844437891152,0.0966703418757291
n128_L64_S8,5.36,2,0.125,0.05978163211440505,0.07826061081143461
n128_L64_S8,5.36,3,0.1875,0.04432912697982216,0.058031613247684806
n128_L64_S8,5.36,4,0.25,0.02857878415537044,0.03741271399160258
n128_L64_S8,5.36,5,0.3125,0.013234945468200813,0.017325972539780198
n128_L64_S8,5.36,6,0.375,0.00968384111801412,0.012677193547448418
n128_L64_S8,5.36,7,0.4375,0.025688054836490077,0.03362843721319079
n128_L64_S8,5.36,8,0.5,0.04485708140762985,0.05872276259472438
n128_L64_S8,5.36,9,0.5625,0.06363114451063902,0.08330003815391539
n128_L64_S8,5.36,10,0.625,0.08460561869776452,0.11075788939142917
n128_L64_S8,5.36,11,0.6875,0.10721181806277272,0.1403518450573586
n128_L64_S8,5.36,12,0.75,0.1311757320285048,0.17172319572242276
n128_L64_S8,5.36,13,0.8125,0.1555990781057618,0.20369599262444338
n128_L64_S8,5.36,14,0.875,0.18096494881312938,0.23690265602773514
n128_L64_S8,5.36,15,0.9375,0.20882607606392672,0.27337587964882637
n128_L64_S8,5.36,16,1.0,0.2340315324375789,0.30637254337001757
n128_L64_S8,5.4,0,0.0,0.08716494077050063,0.1141083183039789
n128_L64_S8,5.4,1,0.0625,0.07384444153273774,0.09667034664295798
n128_L64_S8,5.4,2,0.125,0.059781635770404316,0.07826061559753236
n128_L64_S8,5.4,3,0.1875,0.0443291305324115,0.05803161789840781
n128_L64_S8,5.4,4,0.25,0.028578787352941934,0.037412718177568895
n128_L64_S8,5.4,5,0.3125,0.013234946771543625,0.017325974245996658
n128_L64_S8,5.4,6,0.375,0.009683834989100254,0.012677185524038454
n128_L64_S8,5.4,7,0.4375,0.025688049187036238,0.033628429817445765
n128_L64_S8,5.4,8,0.5,0.04485707610697158,0.05872275565559042
n128_L64_S8,5.4,9,0.5625,0.06363113923703519,0.0833000312501986
n128_L64_S8,5.4,10,0.625,0.08460561344531231,0.11075788251540213
n128_L64_S8,5.4,11,0.6875,0.10721181277183736,0.14035183813095298
n128_L64_S8,5.4,12,0.75,0.13117572662636104,0.17172318865043332
n128_L64_S8,5.4,13,0.8125,0.1555990725682411,0.20369598537523093
n128_L64_S8,5.4,14,0.875,0.18096494320089876,0.2369026486807193
n128_L64_S8,5.4,15,0.9375,0.20882607031310346,0.27337587212037784
n128_L64_S8,5.4,16,1.0,0.2340315265690573,0.3063725356874892
n128_L64_S8,5.44,0,0.0,0.08716494392231693,0.11410832243004672
n128_L64_S8,5.44,1,0.0625,0.07384444476351999,0.09667035087240078
n128_L64_S8,5.44,2,0.125,0.05978163901262242,0.07826061984194592
n128_L64_S8,5.44,3,0.1875,0.0443291336801971,0.058031622019199015
n128_L64_S8,5.44,4,0.25,0.028578790180212605,0.03741272187877145
n128_L64_S8,5.44,5,0.3125,0.013234947899310942,0.017325975722365834
n128_L64_S8,5.44,6,0.375,0.009683829507851478,0.012677178348492017
n128_L64_S8,5.44,7,0.4375,0.025688044155780132,0.033628423230988316
n128_L64_S8,5.44,8,0.5,0.044857071393425894,0.05872274948505021
n128_L64_S8,5.44,9,0.5625,0.06363113455015755,0.08330002511456974
n128_L64_S8,5.44,10,0.625,0.0846056087795067,0.11075787640735883
n128_L64_S8,5.44,11,0.6875,0.10721180807328479,0.14035183198004036
n128_L64_S8,5.44,12,0.75,0.1311757218295617,0.1717231823709051
n128_L64_S8,5.44,13,0.8125,0.15559906765140394,0.20369597893856023
n128_L64_S8,5.44,14,0.875,0.18096493821878262,0.2369026421585914
n128_L64_S8,5.44,15,0.9375,0.20882606520815622,0.27337586543745074
n128_L64_S8,5.44,16,1.0,0.23403152136013516,0.30637252886844774
n128_L64_S8,5.48,0,0.0,0.08716494671942908,0.11410832609176852
n128_L64_S8,5.48,1,0.0625,0.07384444763032229,0.09667035462535449
n128_L64_S8,5.48,2,0.125,0.05978164188836855,0.07826062360660808
n128_L64_S8,5.48,3,0.1875,0.04432913646975149,0.05803162567102689
n128_L64_S8,5.48,4,0.25,0.028578792680413367,0.03741272515180418
n128_L64_S8,5.48,5,0.3125,0.01323494887455971,0.017325976999071766
n128_L64_S8,5.48,6,0.375,0.009683824605106743,0.012677171930269831
n128_L64_S8,5.48,7,0.4375,0.025688039674289193,0.03362841736423283
n128_L64_S8,5.48,8,0.5,0.04485706720122247,0.058722743997003314
n128_L64_S8,5.48,9,0.5625,0.06363113038399651,0.08330001966061515
n128_L64_S8,5.48,10,0.625,0.08460560463409877,0.1107578709805723
n128_L64_S8,5.48,11,0.6875,0.10721180390006384,0.14035182651684358
n128_L64_S8,5.48,12,0.75,0.13117571756953364,0.17172317679406843
n128_L64_S8,5.48,13,0.8125,0.15559906328491924,0.20369597322236033
n128_L64_S8,5.48,14,0.875,0.18096493379526568,0.23690263636773012
n128_L64_S8,5.48,15,0.9375,0.20882606067576046,0.27337585950405535
n128_L64_S8,5.48,16,1.0,0.23403151673587372,0.3063725228147902
n128_L64_S8,5.5200000000000005,0,0.0,0.08716494920217319,0.1141083293419486
n128_L64_S8,5.5200000000000005,1,0.0625,0.07384445017457805,0.09667035795605998
n128_L64_S8,5.5200000000000005,2,0.125,0.05978164443948889,0.07826062694630004
n128_L64_S8,5.5200000000000005,3,0.1875,0.044329138942238173,0.0580316289077789
n128_L64_S8,5.5200000000000005,4,0.25,0.028578794891688228,0.03741272804660172
n128_L64_S8,5.5200000000000005,5,0.3125,0.013234949717368183,0.017325978102399053
n128_L64_S8,5.5200000000000005,6,0.375,0.009683820219168615,0.012677166188603291
n128_L64_S8,5.5200000000000005,7,0.4375,0.025688035681792874,0.033628412137624096
n128_L64_S8,5.5200000000000005,8,0.5,0.044857063472039306,0.05872273911509993
n128_L64_S8,5.5200000000000005,9,0.5625,0.06363112668005004,0.08330001481174931
n128_L64_S8,5.5200000000000005,10,0.625,0.0846056009504059,0.11075786615822061
n128_L64_S8,5.5200000000000005,11,0.6875,0.1072118001927951,0.14035182166362856
n128_L64_S8,5.5200000000000005,12,0.75,0.13117571378555248,0.17172317184042854
n128_L64_S8,5.5200000000000005,13,0.8125,0.15559905940650984,0.20369596814510368
n128_L64_S8,5.5200000000000005,14,0.875,0.18096492986703466,0.2369026312252516
n128_L64_S8,5.5200000000000005,15,0.9375,0.20882605665100182,0.27337585423521177
n128_L64_S8,5.5200000000000005,16,1.0,0.23403151262993852,0.30637251743967775
n128_L64_S8,5.5600000000000005,0,0.0,0.08716495140625241,0.11410833222732628
n128_L64_S8,5.5600000000000005,1,0.0625,0.07384445243295558,0.09667036091251999
n128_L64_S8,5.5600000000000005,2,0.125,0.05978164670300421,0.07826062990948598
n128_L64_S8,5.5600000000000005,3,0.1875,0.044329141134047866,0.05803163177709443
n128_L64_S8,5.5600000000000005,4,0.25,0.028578796847699373,0.03741273060723149
n128_L64_S8,5.5600000000000005,5,0.3125,0.013234950445216817,0.017325979055231495
n128_L64_S8,5.5600000000000005,6,0.375,0.009683816294993345,0.012677161051434186
n128_L64_S8,5.5600000000000005,7,0.4375,0.02568803212431557,0.03362840748050222
n128_L64_S8,5.5600000000000005,8,0.5,0.04485706015415399,0.058722734771629835
n128_L64_S8,5.5600000000000005,9,0.5625,0.06363112338646,0.08330001050008436
n128_L64_S8,5.5600000000000005,10,0.625,0.08460559767643022,0.11075786187223298
n128_L64_S8,5.5600000000000005,11,0.6875,0.10721179689888002,0.1403518173515381
n128_L64_S8,5.5600000000000005,12,0.75,0.131175710423838,0.17172316743958133
n128_L64_S8,5.5600000000000005,13,0.8125,0.15559905596102044,0.20369596363458609
n128_L64_S8,5.5600000000000005,14,0.875,0.18096492637802977,0.2369026266577675
n128_L64_S8,5.5600000000000005,15,0.9375,0.20882605307640395,0.2733758495556772
n128_L64_S8,5.5600000000000005,16,1.0,0.23403150898359848,0.30637251266622495
n128_L64_S8,5.6000000000000005,0,0.0,0.08716495336327346,0.11410833478927812
n128_L64_S8,5.6000000000000005,1,0.0625,0.07384445443791408,0.09667036353722715
n128_L64_S8,5.6000000000000005,2,0.125,0.05978164871167163,0.0782606325390485
n128_L64_S8,5.6000000000000005,3,0.1875,0.0443291430773556,0.05803163432109407
n128_L64_S8,5.6000000000000005,4,0.25,0.028578798578155793,0.03741273287258577
n128_L64_S8,5.6000000000000005,5,0.3125,0.013234951073320574,0.017325979877487126
n128_L64_S8,5.6000000000000005,6,0.375,0.009683812783462972,0.012677156454461802
n128_L64_S8,5.6000000000000005,7,0.4375,0.02568802895391014,0.03362840333009922
n128_L64_S8,5.6000000000000005,8,0.5,0.04485705720168503,0.0587227309065292
n128_L64_S8,5.6000000000000005,9,0.5625,0.06363112045725132,0.08330000666543394
n128_L64_S8,5.6000000000000005,10,0.625,0.0846055947660943,0.11075785806228905
n128_L64_S8,5.6000000000000005,11,0.6875,0.10721179397172252,0.14035181351957288
n128_L64_S8,5.6000000000000005,12,0.75,0.1311757074367493,0.17172316352915973
n128_L64_S8,5.6000000000000005,13,0.8125,0.15559905289959466,0.20369595962684922
n128_L64_S8,5.6000000000000005,14,0.875,0.18096492327860048,0.23690262260027994
n128_L64_S8,5.6000000000000005,15,0.9375,0.20882604990106632,0.27337584539881743
n128_L64_S8,5.6000000000000005,16,1.0,0.23403150574484732,0.30637250842635
n128_L64_S8,5.64,0,0.0,0.0871649551012219,0.11410833706444026
n128_L64_S8,5.64,1,0.0625,0.07384445621818905,0.09667036586779928
n128_L64_S8,5.64,2,0.125,0.05978165049448076,0.07826063487293813
n128_L64_S8,5.64,3,0.1875,0.044329144800612785,0.058031636577023774
n128_L64_S8,5.64,4,0.25,0.02857880010928177,0.03741273487699499
n128_L64_S8,5.64,5,0.3125,0.013234951614918484,0.017325980586497265
n128_L64_S8,5.64,6,0.375,0.009683809640739418,0.012677152340297362
n128_L64_S8,5.64,7,0.4375,0.025688026127973395,0.033628399630642916
n128_L64_S8,5.64,8,0.5,0.04485705457392646,0.05872272746650953
n128_L64_S8,5.64,9,0.5625,0.063631117851656,0.08330000325442835
n128_L64_S8,5.64,10,0.625,0.08460559217855852,0.11075785467492534
n128_L64_S8,5.64,11,0.6875,0.1072117913700357,0.14035181011368394
n128_L64_S8,5.64,12,0.75,0.1311757047820784,0.17172316005390892
n128_L64_S8,5.64,13,0.8125,0.15559905017895004,0.20369595606523166
n128_L64_S8,5.64,14,0.875,0.1809649205247714,0.23690261899522033
n128_L64_S8,5.64,15,0.9375,0.20882604707990501,0.2733758417056127
n128_L64_S8,5.64,16,1.0,0.2340315028676275,0.3063725046597586
n128_L64_S8,5.68,0,0.0,0.08716495664488164,0.11410833908525753
n128_L64_S8,5.68,1,0.0625,0.07384445779922398,0.0966703679375447
n128_L64_S8,5.68,2,0.125,0.059781652077090776,0.07826063694474551
n128_L64_S8,5.68,3,0.1875,0.04432914632898224,0.058031638577824396
n128_L64_S8,5.68,4,0.25,0.028578801464228573,0.03741273665076664
n128_L64_S8,5.68,5,0.3125,0.013234952081527977,0.01732598119733947
n128_L64_S8,5.68,6,0.375,0.009683806827691916,0.01267714865771447
n128_L64_S8,5.68,7,0.4375,0.025688023608646544,0.033628396332572065
n128_L64_S8,5.68,8,0.5,0.04485705223475976,0.05872272440428777
n128_L64_S8,5.68,9,0.5625,0.06363111553351783,0.0833000002197352
n128_L64_S8,5.68,10,0.625,0.08460558987762087,0.11075785166274954
n128_L64_S8,5.68,11,0.6875,0.10721178905722958,0.14035180708597103
n128_L64_S8,5.68,12,0.75,0.13117570242242318,0.17172315696486545
n128_L64_S8,5.68,13,0.8125,0.15559904776073255,0.20369595289952389
n128_L64_S8,5.68,14,0.875,0.18096491807758147,0.23690261579158453
n128_L64_S8,5.68,15,0.9375,0.20882604457298176,0.2733758384237795
n128_L64_S8,5.68,16,1.0,0.23403150031113948,0.3063725013130398
n128_L64_S8,5.72,0,0.0,0.08716495801620121,0.1141083408804629
n128_L64_S8,5.72,1,0.0625,0.0738444592035532,0.09667036977596327
n128_L64_S8,5.72,2,0.125,0.05978165348221644,0.07826063878420671
n128_L64_S8,5.72,3,0.1875,0.0443291476847238,0.05803164035263647
n128_L64_S8,5.72,4,0.25,0.028578802663437514,0.037412738220660616
n128_L64_S8,5.72,5,0.3125,0.013234952483165124,0.01732598172312586
n128_L64_S8,5.72,6,0.375,0.009683804309386389,0.012677145360980644
n128_L64_S8,5.72,7,0.4375,0.02568802136227865,0.03362839339183396
n128_L64_S8,5.72,8,0.5,0.04485705015212796,0.05872272167789788
n128_L64_S8,5.72,9,0.5625,0.06363111347076608,0.08329999751937046
n128_L64_S8,5.72,10,0.625,0.08460558783118248,0.11075784898374073
n128_L64_S8,5.72,11,0.6875,0.10721178700087237,0.14035180439397743
n128_L64_S8,5.72,12,0.75,0.13117570032463616,0.17172315421863577
n128_L64_S8,5.72,13,0.8125,0.155599045610952,0.20369595008522903
n128_L64_S8,5.72,14,0.875,0.18096491590251063,0.23690261294418194
n128_L64_S8,5.72,15,0.9375,0.20882604234490854,0.27337583550699107
n128_L64_S8,5.72,16,1.0,0.23403149803923706,0.30637249833887426
n128_L64_S8,5.76,0,0.0,0.08716495923462758,0.11410834247551457
n128_L64_S8,5.76,1,0.0625,0.07384446045113502,0.09667037140918257
n128_L64_S8,5.76,2,0.125,0.05978165472996862,0.07826064041764902
n128_L64_S8,5.76,3,0.1875,0.04432914888752901,0.05803164192723836
n128_L64_S8,5.76,4,0.25,0.028578803724958895,0.037412739610306715
n128_L64_S8,5.76,5,0.3125,0.01323495282853794,0.017325982175256164
n128_L64_S8,5.76,6,0.375,0.009683802054629837,0.012677142409260881
n128_L64_S8,5.76,7,0.4375,0.025688019358956437,0.03362839076926889
n128_L64_S8,5.76,8,0.5,0.04485704829757499,0.05872271925008782
n128_L64_S8,5.76,9,0.5625,0.06363111163494678,0.0832999951160848
n128_L64_S8,5.76,10,0.625,0.0846055860107795,0.11075784660063669
n128_L64_S8,5.76,11,0.6875,0.1072117851722127,0.14035180200006447
n128_L64_S8,5.76,12,0.75,0.13117569845933313,0.1717231517767527
n128_L64_S8,5.76,13,0.8125,0.1555990436994798,0.20369594758290555
n128_L64_S8,5.76,14,0.875,0.18096491396896558,0.23690261041296273
n128_L64_S8,5.76,15,0.9375,0.20882604036432714,0.2733758329141962
n128_L64_S8,5.76,16,1.0,0.23403149601989262,0.30637249569533437
n128_L64_S8,5.8,0,0.0,0.08716496031738921,0.11410834389296645
n128_L64_S8,5.8,1,0.0625,0.07384446155965045,0.09667037286034895
n128_L64_S8,5.8,2,0.125,0.05978165583815846,0.07826064186838917
n128_L64_S8,5.8,3,0.1875,0.04432914995482212,0.058031643324440274
n128_L64_S8,5.8,4,0.25,0.028578804664734073,0.03741274084057388
n128_L64_S8,5.8,5,0.3125,0.013234953125215243,0.017325982563638785
n128_L64_S8,5.8,6,0.375,0.00968380003556376,0.012677139766085395
n128_L64_S8,5.8,7,0.4375,0.02568801757208082,0.03362838843005579
n128_L64_S8,5.8,8,0.5,0.04485704664583669,0.05872271708778405
n128_L64_S8,5.8,9,0.5625,0.06363111000081054,0.08329999297682401
n128_L64_S8,5.8,10,0.625,0.08460558439116571,0.11075784448038738
n128_L64_S8,5.8,11,0.6875,0.10721178354575782,0.14035179987085944
n128_L64_S8,5.8,12,0.75,0.13117569680046315,0.17172314960511278
n128_L64_S8,5.8,13,0.8125,0.15559904199960528,0.20369594535758628
n128_L64_S8,5.8,14,0.875,0.18096491224983038,0.23690260816242914
n128_L64_S8,5.8,15,0.9375,0.20882603860344093,0.273375830609006
n128_L64_S8,5.8,16,1.0,0.2340314942247196,0.30637249334525907
n128_L64_S8,5.84,0,0.0,0.08716496127975162,0.11410834515280276
n128_L64_S8,5.84,1,0.0625,0.07384446254476668,0.09667037414997245
n128_L64_S8,5.84,2,0.125,0.05978165682255887,0.0782606431570756
n128_L64_S8,5.84,3,0.1875,0.04432915090202344,0.05803164456442906
n128_L64_S8,5.84,4,0.25,0.02857880549684422,0.03741274192989591
n128_L64_S8,5.84,5,0.3125,0.01323495337977204,0.017325982896881115
n128_L64_S8,5.84,6,0.375,0.009683798227307463,0.012677137398882673
n128_L64_S8,5.84,7,0.4375,0.025688015977997698,0.03362838634322888
n128_L64_S8,5.84,8,0.5,0.04485704517448122,0.058722715161620885
n128_L64_S8,5.84,9,0.5625,0.06363110854595101,0.08329999107225583
n128_L64_S8,5.84,10,0.625,0.08460558294994663,0.110757842593676
n128_L64_S8,5.84,11,0.6875,0.10721178209889914,0.14035179797676522
n128_L64_S8,5.84,12,0.75,0.13117569532492693,0.17172314767347657
n128_L64_S8,5.84,13,0.8125,0.1555990404876443,0.20369594337826613
n128_L64_S8,5.84,14,0.875,0.18096491072106508,0.2369026061611103
n128_L64_S8,5.84,15,0.9375,0.2088260370376119,0.27337582855916676
n128_L64_S8,5.84,16,1.0,0.23403149262855732,0.3063724912557103
n128_L64_S8,5.88,0,0.0,0.08716496213524681,0.11410834627273832
n128_L64_S8,5.88,1,0.0625,0.0738444634203664,0.09667037529622702
n128_L64_S8,5.88,2,0.125,0.059781657697142485,0.07826064430199997
n128_L64_S8,5.88,3,0.1875,0.04432915174278146,0.05803164566507208
n128_L64_S8,5.88,4,0.25,0.028578806233729156,0.03741274289455784
n128_L64_S8,5.88,5,0.3125,0.013234953597919447,0.017325983182459623
n128_L64_S8,5.88,6,0.375,0.009683796607632598,0.012677135278553405
n128_L64_S8,5.88,7,0.4375,0.02568801455566944,0.03362838448124762
n128_L64_S8,5.88,8,0.5,0.044857043863583614,0.058722713445514385
n128_L64_S8,5.88,9,0.5625,0.06363110725047699,0.08329998937634046
n128_L64_S8,5.88,10,0.625,0.0846055816672512,0.11075784091448919
n128_L64_S8,5.88,11,0.6875,0.10721178081158544,0.1403517962915326
n128_L64_S8,5.88,12,0.75,0.13117569401223741,0.17172314595502428
n128_L64_S8,5.88,13,0.8125,0.15559903914259224,0.20369594161744775
n128_L64_S8,5.88,14,0.875,0.1809649093613551,0.23690260438110314
n128_L64_S8,5.88,15,0.9375,0.2088260356449923,0.27337582673607735
n128_L64_S8,5.88,16,1.0,0.23403149120909994,0.30637248939748735
n128_L64_S8,5.92,0,0.0,0.08716496289586935,0.11410834726847534
n128_L64_S8,5.92,1,0.0625,0.07384446419875418,0.09667037631522066
n128_L64_S8,5.92,2,0.125,0.05978165847428959,0.07826064531936944
n128_L64_S8,5.92,3,0.1875,0.04432915248917857,0.058031646642186484
n128_L64_S8,5.92,4,0.25,0.0285788068863786,0.03741274374894643
n128_L64_S8,5.92,5,0.3125,0.013234953784615465,0.017325983426864866
n128_L64_S8,5.92,6,0.375,0.009683795156678849,0.012677133379098295
n128_L64_S8,5.92,7,0.4375,0.025688013286378444,0.03362838281960867
n128_L64_S8,5.92,8,0.5,0.04485704269544498,0.058722711916294794
n128_L64_S8,5.92,9,0.5625,0.06363110609672917,0.08329998786596
n128_L64_S8,5.92,10,0.625,0.08460558052544868,0.11075783941974643
n128_L64_S8,5.92,11,0.6875,0.10721177966602659,0.14035179479187238
n128_L64_S8,5.92,12,0.75,0.13117569284422126,0.17172314442596504
n128_L64_S8,5.92,13,0.8125,0.1555990379458179,0.20369594005074093
n128_L64_S8,5.92,14,0.875,0.18096490815179894,0.23690260279766354
n128_L64_S8,5.92,15,0.9375,0.2088260344062105,0.27337582511437825
n128_L64_S8,5.92,16,1.0,0.23403148994656808,0.30637248774469683
n128_L64_S8,5.96,0,0.0,0.08716496357225262,0.11410834815393406
n128_L64_S8,5.96,1,0.0625,0.07384446489083889,0.09667037722123427
n128_L64_S8,5.96,2,0.125,0.05978165916496994,0.07826064622354459
n128_L64_S8,5.96,3,0.1875,0.04432915315191167,0.058031647509775665
n128_L64_S8,5.96,4,0.25,0.028578807464504086,0.037412744505775114
n128_L64_S8,5.96,5,0.3125,0.013234953944162381,0.017325983635729007
n128_L64_S8,5.96,6,0.375,0.00968379385670046,0.01267713167728623
n128_L64_S8,5.96,7,0.4375,0.025688012153471638,0.033628381336511345
n128_L64_S8,5.96,8,0.5,0.04485704165434254,0.0587227105533793
n128_L64_S8,5.96,9,0.5625,0.06363110506902778,0.08329998652058793
n128_L64_S8,5.96,10,0.625,0.08460557950888925,0.11075783808896038
n128_L64_S8,5.96,11,0.6875,0.10721177864643913,0.14035179345712231
n128_L64_S8,5.96,12,0.75,0.13117569180475694,0.171723143065194
n128_L64_S8,5.96,13,0.8125,0.15559903688079377,0.20369593865650934
n128_L64_S8,5.96,14,0.875,0.18096490707562868,0.23690260138884048
n128_L64_S8,5.96,15,0.9375,0.20882603330408234,0.2733758236715735
n128_L64_S8,5.96,16,1.0,0.2340314888234201,0.30637248627437486
n128_L64_S8,6.0,0,0.0,0.08716496417382712,0.11410834894146003
n128_L64_S8,6.0,1,0.0625,0.07384446550629112,0.09667037802692768
n128_L64_S8,6.0,2,0.125,0.05978165977890558,0.07826064702725262
n128_L64_S8,6.0,3,0.1875,0.04432915374045442,0.058031648280241675
n128_L64_S8,6.0,4,0.25,0.028578807976688807,0.03741274517628021
n128_L64_S8,6.0,5,0.3125,0.013234954080292466,0.017325983813937983
n128_L64_S8,6.0,6,0.375,0.009683792691835728,0.01267713015235253
n128_L64_S8,6.0,7,0.4375,0.025688011142128486,0.03362838001255397
n128_L64_S8,6.0,8,0.5,0.0448570407263027,0.05872270933847495
n128_L64_S8,6.0,9,0.5625,0.06363110415344644,0.0832999853219931
n128_L64_S8,6.0,10,0.625,0.08460557860368084,0.11075783690394483
n128_L64_S8,6.0,11,0.6875,0.10721177773881682,0.14035179226894673
n128_L64_S8,6.0,12,0.75,0.1311756908795376,0.171723141853982
n128_L64_S8,6.0,13,0.8125,0.15559903593285243,0.2036959374155518
n128_L64_S8,6.0,14,0.875,0.18096490611797236,0.23690260013516498
n128_L64_S8,6.0,15,0.9375,0.20882603232336613,0.2733758223877101
n128_L64_S8,6.0,16,1.0,0.23403148782409755,0.30637248496615377
n128_L64_S8,6.04,0,0.0,0.0871649647089555,0.11410834964200087
n128_L64_S8,6.04,1,0.0625,0.07384446605368766,0.09667037874352886
n128_L64_S8,6.04,2,0.125,0.05978166032471406,0.07826064774177485
n128_L64_S8,6.04,3,0.1875,0.04432915426319631,0.05803164896456724
n128_L64_S8,6.04,4,0.25,0.0285788084305185,0.037412745770392275
n128_L64_S8,6.04,5,0.3125,0.013234954196241648,0.017325983965727983
n128_L64_S8,6.04,6,0.375,0.009683791647906276,0.012677128785736168
n128_L64_S8,6.04,7,0.4375,0.025688010239156425,0.03362837883046605
n128_L64_S8,6.04,8,0.5,0.04485703989890804,0.05872270825532601
n128_L64_S8,6.04,9,0.5625,0.0636311033376147,0.08329998425398126
n128_L64_S8,6.04,10,0.625,0.08460557779748902,0.1107578358485527
n128_L64_S8,6.04,11,0.6875,0.10721177693072531,0.1403517912110677
n128_L64_S8,6.04,12,0.75,0.13117569005586677,0.17172314077570794
n128_L64_S8,6.04,13,0.8125,0.15559903508897954,0.20369593631083108
n128_L64_S8,6.04,14,0.875,0.18096490526563289,0.23690259901936056
n128_L64_S8,6.04,15,0.9375,0.20882603145053724,0.2733758212450828
n128_L64_S8,6.04,16,1.0,0.2340314869347961,0.30637248380196214
n128_L64_S8,6.08,0,0.0,0.08716496518505622,0.1141083502652681
n128_L64_S8,6.08,1,0.0625,0.07384446654063409,0.0966703793809943
n128_L64_S8,6.08,2,0.125,0.059781660810035525,0.07826064837711305
n128_L64_S8,6.08,3,0.1875,0.044329154727568355,0.05803164957248039
n128_L64_S8,6.08,4,0.25,0.02857880883269948,0.0374127462968906
n128_L64_S8,6.08,5,0.3125,0.013234954294814071,0.017325984094769927
n128_L64_S8,6.08,6,0.375,0.009683790712238658,0.012677127560846237
n128_L64_S8,6.08,7,0.4375,0.025688009432814064,0.033628377774876844
n128_L64_S8,6.08,8,0.5,0.044857039161119085,0.05872270728948061
n128_L64_S8,6.08,9,0.5625,0.06363110261054236,0.08329998330216508
n128_L64_S8,6.08,10,0.625,0.08460557707936285,0.11075783490844801
n128_L64_S8,6.08,11,0.6875,0.10721177621112948,0.14035179026903905
n128_L64_S8,6.08,12,0.75,0.13117568932247478,0.17172313981561865
n128_L64_S8,6.08,13,0.8125,0.15559903433762226,0.20369593532722327
n128_L64_S8,6.08,14,0.875,0.18096490450689853,0.2369025980260954
n128_L64_S8,6.08,15,0.9375,0.20882603067359587,0.2733758202279827
n128_L64_S8,6.08,16,1.0,0.23403148614326907,0.3063724827657678
n128_L64_S8,6.12,0,0.0,0.08716496560871008,0.11410835081987675
n128_L64_S8,6.12,1,0.0625,0.07384446697387866,0.09667037994815822
n128_L64_S8,6.12,2,0.125,0.05978166124164416,0.07826064894213534
n128_L64_S8,6.12,3,0.1875,0.04432915514015575,0.05803165011260183
n128_L64_S8,6.12,4,0.25,0.02857880918916083,0.037412746763536994
n128_L64_S8,6.12,5,0.3125,0.01323495437843864,0.017325984204243517
n128_L64_S8,6.12,6,0.375,0.009683789873497939,0.01267712646284408
n128_L64_S8,6.12,7,0.4375,0.025688008712642887,0.03362837683209502
n128_L64_S8,6.12,8,0.5,0.04485703850312134,0.05872270642809052
n128_L64_S8,6.12,9,0.5625,0.06363110196246377,0.08329998245376023
n128_L64_S8,6.12,10,0.625,0.08460557643957259,0.11075783407089348
n128_L64_S8,6.12,11,0.6875,0.1072117755702287,0.14035178943003074
n128_L64_S8,6.12,12,0.75,0.13117568866935558,0.1717231389606151
n128_L64_S8,6.12,13,0.8125,0.15559903366852412,0.20369593445130157
n128_L64_S8,6.12,14,0.875,0.18096490383137537,0.23690259714176262
n128_L64_S8,6.12,15,0.9375,0.20882602998188987,0.27337581932246485
n128_L64_S8,6.12,16,1.0,0.2340314854386461,0.30637248184334026
n128_L64_S8,6.16,0,0.0,0.08716496598575735,0.11410835131347233
n128_L64_S8,6.16,1,0.0625,0.07384446735940653,0.09667038045285584
n128_L64_S8,6.16,2,0.125,0.0597816616255482,0.07826064944470719
n128_L64_S8,6.16,3,0.1875,0.04432915550679209,0.05803165059256838
n128_L64_S8,6.16,4,0.25,0.0285788095051453,0.03741274717719478
n128_L64_S8,6.16,5,0.3125,0.0132349544492184,0.017325984296901863
n128_L64_S8,6.16,6,0.375,0.009683789121549522,0.012677125478462418
n128_L64_S8,6.16,7,0.4375,0.025688008069331587,0.03362837598993107
n128_L64_S8,6.16,8,0.5,0.04485703791618916,0.058722705659732935
n128_L64_S8,6.16,9,0.5625,0.06363110138470016,0.08329998169740528
n128_L64_S8,6.16,10,0.625,0.08460557586947799,0.1107578333245781
n128_L64_S8,6.16,11,0.6875,0.10721177499932166,0.14035178868265177
n128_L64_S8,6.16,12,0.75,0.13117568808762498,0.17172313819906693
n128_L64_S8,6.16,13,0.8125,0.1555990330725789,0.20369593367114494
n128_L64_S8,6.16,14,0.875,0.18096490322983558,0.2369025963542821
n128_L64_S8,6.16,15,0.9375,0.20882602936596406,0.27337581851615145
n128_L64_S8,6.16,16,1.0,0.23403148481128042,0.30637248102205084
n128_L64_S8,6.2,0,0.0,0.08716496632138096,0.11410835175283987
n128_L64_S8,6.2,1,0.0625,0.0738444677025304,0.09667038090204204
n128_L64_S8,6.2,2,0.125,0.05978166196707624,0.07826064989180426
n128_L64_S8,6.2,3,0.1875,0.04432915583264736,0.05803165101914812
n128_L64_S8,6.2,4,0.25,0.028578809785289403,0.03741274754393366
n128_L64_S8,6.2,5,0.3125,0.013234954508972016,0.017325984375125798
n128_L64_S8,6.2,6,0.375,0.009683788447329,0.012677124595834963
n128_L64_S8,6.2,7,0.4375,0.025688007494587207,0.033628375237528624
n128_L64_S8,6.2,8,0.5,0.04485703739255938,0.05872270497424502
n128_L64_S8,6.2,9,0.5625,0.06363110086953586,0.0832999810229996
n128_L64_S8,6.2,10,0.625,0.08460557536140197,0.11075783265945173
n128_L64_S8,6.2,11,0.6875,0.10721177449067776,0.140351788016782
n128_L64_S8,6.2,12,0.75,0.131175687569393,0.17172313752064533
n128_L64_S8,6.2,13,0.8125,0.15559903254169896,0.20369593297616578
n128_L64_S8,6.2,14,0.875,0.18096490269408533,0.23690259565292718
n128_L64_S8,6.2,15,0.9375,0.20882602881742374,0.273375817798053
n128_L64_S8,6.2,16,1.0,0.23403148425260542,0.3063724802906849
n128_L64_S8,6.24,0,0.0,0.08716496662018025,0.1141083521440004
n128_L64_S8,6.24,1,0.0625,0.07384446800796397,0.09667038130188754
n128_L64_S8,6.24,2,0.125,0.05978166227095624,0.078260650289616
n128_L64_S8,6.24,3,0.1875,0.04432915612230425,0.05803165139834026
n128_L64_S8,6.24,4,0.25,0.028578810033693638,0.03741274786912162
n128_L64_S8,6.24,5,0.3125,0.013234954559272613,0.01732598444097471
n128_L64_S8,6.24,6,0.375,0.009683787842727798,0.012677123804346713
n128_L64_S8,6.24,7,0.4375,0.025688006981018727,0.03362837456521204
n128_L64_S8,6.24,8,0.5,0.04485703692532749,0.05872270436258803
n128_L64_S8,6.24,9,0.5625,0.0636311004101131,0.08329998042156561
n128_L64_S8,6.24,10,0.625,0.08460557490852233,0.11075783206658339
n128_L64_S8,6.24,11,0.6875,0.1072117740374322,0.14035178742343463
n128_L64_S8,6.24,12,0.75,0.1311756871076515,0.17172313691617588
n128_L64_S8,6.24,13,0.8125,0.1555990320687019,0.20369593235696157
n128_L64_S8,6.24,14,0.875,0.18096490221684988,0.23690259502817446
n128_L64_S8,6.24,15,0.9375,0.20882602832881497,0.27337581715841136
n128_L64_S8,6.24,16,1.0,0.23403148375501714,0.30637247963928815
n128_L64_S8,6.28,0,0.0,0.08716496688623934,0.11410835249230049
n128_L64_S8,6.28,1,0.0625,0.07384446827989237,0.09667038165787117
n128_L64_S8,6.28,2,0.125,0.05978166254138182,0.07826065064363227
n128_L64_S8,6.28,3,0.1875,0.04432915637982536,0.058031651735463194
n128_L64_S8,6.28,4,0.25,0.028578810253986286,0.03741274815750848
n128_L64_S8,6.28,5,0.3125,0.0132349546014795,0.017325984496228082
n128_L64_S8,6.28,6,0.375,0.00968378730049077,0.0126771230944999
n128_L64_S8,6.28,7,0.4375,0.02568800652204241,0.03362837396436248
n128_L64_S8,6.28,8,0.5,0.044857036508352106,0.05872270381672223
n128_L64_S8,6.28,9,0.5625,0.06363110000033229,0.08329997988511828
n128_L64_S8,6.28,10,0.625,0.08460557450477472,0.11075783153803419
n128_L64_S8,6.28,11,0.6875,0.10721177363348251,0.14035178689462088
n128_L64_S8,6.28,12,0.75,0.13117568669617324,0.17172313637750639
n128_L64_S8,6.28,13,0.8125,0.15559903164720518,0.20369593180517684
n128_L64_S8,6.28,14,0.875,0.18096490179166666,0.2369025944715637
n128_L64_S8,6.28,15,0.9375,0.20882602789351531,0.2733758165885571
n128_L64_S8,6.28,16,1.0,0.23403148331176138,0.30637247905901854
n128_L64_S8,6.32,0,0.0,0.08716496712318468,0.11410835280248752
n128_L64_S8,6.32,1,0.0625,0.07384446852203005,0.09667038197485556
n128_L64_S8,6.32,2,0.125,0.05978166278207553,0.07826065095872632
n128_L64_S8,6.32,3,0.1875,0.04432915660881277,0.05803165203523244
n128_L64_S8,6.32,4,0.25,0.02857881044937676,0.037412748413295706
n128_L64_S8,6.32,5,0.3125,0.01323495463676599,0.01732598454242191
n128_L64_S8,6.32,6,0.375,0.009683786814126679,0.012677122457796793
n128_L64_S8,6.32,7,0.4375,0.025688006111793248,0.03362837342730204
n128_L64_S8,6.32,8,0.5,0.04485703613616577,0.05872270332949013
n128_L64_S8,6.32,9,0.5625,0.06363109963476941,0.083299979406557
n128_L64_S8,6.32,10,0.625,0.08460557414477034,0.11075783106674958
n128_L64_S8,6.32,11,0.6875,0.10721177327340875,0.14035178642324544
n128_L64_S8,6.32,12,0.75,0.13117568632942606,0.17172313589739474
n128_L64_S8,6.32,13,0.8125,0.1555990312715397,0.20369593131339017
n128_L64_S8,6.32,14,0.875,0.1809649014127946,0.23690259397557925
n128_L64_S8,6.32,15,0.9375,0.20882602750564502,0.273375816080793
n128_L64_S8,6.32,16,1.0,0.23403148291683937,0.306372478542023
n128_L64_S8,6.36,0,0.0,0.08716496733423655,0.1141083530787772
n128_L64_S8,6.36,1,0.0625,0.07384446873767626,0.09667038225715972
n128_L64_S8,6.36,2,0.125,0.05978166299634105,0.07826065123922303
n128_L64_S8,6.36,3,0.1875,0.04432915681246098,0.05803165230182993
n128_L64_S8,6.36,4,0.25,0.028578810622704523,0.03741274864020046
n128_L64_S8,6.36,5,0.3125,0.013234954666144123,0.017325984580881054
n128_L64_S8,6.36,6,0.375,0.009683786377826208,0.012677121886632371
n128_L64_S8,6.36,7,0.4375,0.025688005745039558,0.03362837294718186
n128_L64_S8,6.36,8,0.5,0.04485703580390385,0.05872270289452341
n128_L64_S8,6.36,9,0.5625,0.06363109930859985,0.08329997897956583
n128_L64_S8,6.36,10,0.625,0.08460557382371654,0.11075783064645549
n128_L64_S8,6.36,11,0.6875,0.10721177295239194,0.14035178600299977
n128_L64_S8,6.36,12,0.75,0.1311756860024937,0.17172313546940499
n128_L64_S8,6.36,13,0.8125,0.155599030936666,0.20369593087500434
n128_L64_S8,6.36,14,0.875,0.18096490107513405,0.23690259353354517
n128_L64_S8,6.36,15,0.9375,0.20882602715997886,0.2733758156282787
n128_L64_S8,6.36,16,1.0,0.2340314825649225,0.3063724780813258
n128_L64_S8,6.4,0,0.0,0.0871649675222549,0.11410835332491352
n128_L64_S8,6.4,1,0.0625,0.07384446892976046,0.09667038250861867
n128_L64_S8,6.4,2,0.125,0.05978166318711159,0.07826065148896226
n128_L64_S8,6.4,3,0.1875,0.0443291569936029,0.058031652538964265
n128_L64_S8,6.4,4,0.25,0.028578810776483807,0.037412748841514146
n128_L64_S8,6.4,5,0.3125,0.013234954690487374,0.017325984612749
n128_L64_S8,6.4,6,0.375,0.009683785986391314,0.012677121374201834
n128_L64_S8,6.4,7,0.4375,0.025688005417119877,0.033628372517899595
n128_L64_S8,6.4,8,0.5,0.044857035507236374,0.05872270250615365
n128_L64_S8,6.4,9,0.5625,0.06363109901753126,0.08329997859852563
n128_L64_S8,6.4,10,0.625,0.08460557353735249,0.11075783027157403
n128_L64_S8,6.4,11,0.6875,0.1072117726661473,0.14035178562827463
n128_L64_S8,6.4,12,0.75,0.13117568571100488,0.17172313508781464
n128_L64_S8,6.4,13,0.8125,0.15559903063810504,0.20369593048415582
n128_L64_S8,6.4,14,0.875,0.180964900774151,0.23690259313952586
n128_L64_S8,6.4,15,0.9375,0.2088260268518715,0.27337581522493287
n128_L64_S8,6.4,16,1.0,0.2340314822512747,0.30637247767072695
n128_L64_S8,6.44,0,0.0,0.08716496768978081,0.11410835354422302
n128_L64_S8,6.44,1,0.0625,0.07384446910088513,0.09667038273263934
n128_L64_S8,6.44,2,0.125,0.059781663356990734,0.0782606517113524
n128_L64_S8,6.44,3,0.1875,0.04432915715475103,0.05803165274992456
n128_L64_S8,6.44,4,0.25,0.02857881091293866,0.03741274902014828
n128_L64_S8,6.44,5,0.3125,0.013234954710547428,0.017325984639009775
n128_L64_S8,6.44,6,0.375,0.009683785635165988,0.012677120914409961
n128_L64_S8,6.44,7,0.4375,0.025688005123877897,0.033628372134014185
n128_L64_S8,6.44,8,0.5,0.04485703524230669,0.05872270215933209
n128_L64_S8,6.44,9,0.5625,0.06363109875774389,0.08329997825843591
n128_L64_S8,6.44,10,0.625,0.08460557328188771,0.11075782993714306
n128_L64_S8,6.44,11,0.6875,0.10721177241086811,0.14035178529408662
n128_L64_S8,6.44,12,0.75,0.13117568545107441,0.1717231347475376
n128_L64_S8,6.44,13,0.8125,0.15559903037187567,0.2036959301356328
n128_L64_S8,6.44,14,0.875,0.18096490050581795,0.23690259278824893
n128_L64_S8,6.44,15,0.9375,0.20882602657719881,0.27337581486535667
n128_L64_S8,6.44,16,1.0,0.23403148197168844,0.30637247730471834
n128_L64_S8,6.48,0,0.0,0.08716496783907159,0.11410835373966076
n128_L64_S8,6.48,1,0.0625,0.07384446925336144,0.09667038293224729
n128_L64_S8,6.48,2,0.125,0.0597816635082907,0.07826065190942039
n128_L64_S8,6.48,3,0.1875,0.044329157298135614,0.05803165293763046
n128_L64_S8,6.48,4,0.25,0.028578811034038042,0.03741274917868045
n128_L64_S8,6.48,5,0.3125,0.01323495472697081,0.017325984660509757
n128_L64_S8,6.48,6,0.375,0.009683785319984217,0.012677120501802993
n128_L64_S8,6.48,7,0.4375,0.025688004861606658,0.033628371790672816
n128_L64_S8,6.48,8,0.5,0.044857035005683395,0.05872270184956665
n128_L64_S8,6.48,9,0.5625,0.06363109852583833,0.08329997795484649
n128_L64_S8,6.48,10,0.625,0.08460557305395215,0.11075782963875079
n128_L64_S8,6.48,11,0.6875,0.107211772183167,0.1403517849960013
n128_L64_S8,6.48,12,0.75,0.13117568521924847,0.1717231344440524
n128_L64_S8,6.48,13,0.8125,0.15559903013443815,0.20369592982480147
n128_L64_S8,6.48,14,0.875,0.18096490026655368,0.23690259247502615
n128_L64_S8,6.48,15,0.9375,0.20882602633229136,0.27337581454474635
n128_L64_S8,6.48,16,1.0,0.2340314817224239,0.3063724769784042
n128_L64_S8,6.5200000000000005,0,0.0,0.08716496797213398,0.11410835391385381
n128_L64_S8,6.5200000000000005,1,0.0625,0.07384446938924355,0.09667038311013165
n128_L64_S8,6.5200000000000005,2,0.125,0.059781663643065364,0.07826065208585498
n128_L64_S8,6.5200000000000005,3,0.1875,0.044329157425735115,0.05803165310467198
n128_L64_S8,6.5200000000000005,4,0.25,0.02857881114152565,0.03741274931939333
n128_L64_S8,6.5200000000000005,5,0.3125,0.013234954740313864,0.017325984677977253
n128_L64_S8,6.5200000000000005,6,0.375,0.009683785037114713,0.012677120131496272
n128_L64_S8,6.5200000000000005,7,0.4375,0.02568800462700067,0.03362837148354825
n128_L64_S8,6.5200000000000005,8,0.5,0.044857034794306784,0.058722701572851844
n128_L64_S8,6.5200000000000005,9,0.5625,0.06363109831878967,0.08329997768379745
n128_L64_S8,6.5200000000000005,10,0.625,0.08460557285054499,0.11075782937246885
n128_L64_S8,6.5200000000000005,11,0.6875,0.10721177198003089,0.14035178473007417
n128_L64_S8,6.5200000000000005,12,0.75,0.13117568501245402,0.17172313417333615
n128_L64_S8,6.5200000000000005,13,0.8125,0.15559902992264307,0.20369592954753885
n128_L64_S8,6.5200000000000005,14,0.875,0.18096490005317423,0.23690259219568943
n128_L64_S8,6.5200000000000005,15,0.9375,0.20882602611388706,0.27337581425883156
n128_L64_S8,6.5200000000000005,16,1.0,0.23403148150015604,0.30637247668743156
n128_L64_S8,6.5600000000000005,0,0.0,0.08716496809075101,0.1141083540691363
n128_L64_S8,6.5600000000000005,1,0.0625,0.07384446951035716,0.09667038326868244
n128_L64_S8,6.5600000000000005,2,0.125,0.05978166376313856,0.07826065224304375
n128_L64_S8,6.5600000000000005,3,0.1875,0.04432915753930497,0.058031653253347186
n128_L64_S8,6.5600000000000005,4,0.25,0.028578811236945532,0.03741274944430826
n128_L64_S8,6.5600000000000005,5,0.3125,0.013234954751054292,0.017325984692037635
n128_L64_S8,6.5600000000000005,6,0.375,0.009683784783216803,0.012677119799116496
n128_L64_S8,6.5600000000000005,7,0.4375,0.025688004417109642,0.03362837120877823
n128_L64_S8,6.5600000000000005,8,0.5,0.04485703460545507,0.058722701325624564
n128_L64_S8,6.5600000000000005,9,0.5625,0.06363109813390437,0.08329997744176262
n128_L64_S8,6.5600000000000005,10,0.625,0.08460557266899815,0.11075782913480445
n128_L64_S8,6.5600000000000005,11,0.6875,0.10721177179878105,0.1403517844927986
n128_L64_S8,6.5600000000000005,12,0.75,0.1311756848279588,0.171723133931812
n128_L64_S8,6.5600000000000005,13,0.8125,0.15559902973369194,0.20369592930018143
n128_L64_S8,6.5600000000000005,14,0.875,0.180964899862848,0.23690259194653185
n128_L64_S8,6.5600000000000005,15,0.9375,0.20882602591908725,0.27337581400381755
n128_L64_S8,6.5600000000000005,16,1.0,0.23403148130192758,0.3063724764279291
n128_L64_S8,6.6000000000000005,0,0.0,0.0871649681965075,0.11410835420758296
n128_L64_S8,6.6000000000000005,1,0.0625,0.07384446961832454,0.09667038341002339
n128_L64_S8,6.6000000000000005,2,0.125,0.05978166387013202,0.07826065238310974
n128_L64_S8,6.6000000000000005,3,0.1875,0.04432915764040392,0.05803165338569662
n128_L64_S8,6.6000000000000005,4,0.25,0.028578811321664396,0.0374127495552144
n128_L64_S8,6.6000000000000005,5,0.3125,0.013234954759601578,0.017325984703226955
n128_L64_S8,6.6000000000000005,6,0.375,0.009683784555297163,0.012677119500745081
n128_L64_S8,6.6000000000000005,7,0.4375,0.02568800422930223,0.03362837096291805
n128_L64_S8,6.6000000000000005,8,0.5,0.04485703443670069,0.05872270110470686
n128_L64_S8,6.6000000000000005,9,0.5625,0.06363109796878287,0.08329997722560076
n128_L64_S8,6.6000000000000005,10,0.625,0.08460557250693725,0.11075782892264922
n128_L64_S8,6.6000000000000005,11,0.6875,0.10721177163703391,0.1403517842810541
n128_L64_S8,6.6000000000000005,12,0.75,0.1311756846633309,0.1717231337162963
n128_L64_S8,6.6000000000000005,13,0.8125,0.15559902956509256,0.20369592907946663
n128_L64_S8,6.6000000000000005,14,0.875,0.1809648996930573,0.23690259172425746
n128_L64_S8,6.6000000000000005,15,0.9375,0.20882602574531153,0.2733758137763264
n128_L64_S8,6.6000000000000005,16,1.0,0.23403148112511138,0.3063724761964576
n128_L64_S8,6.640000000000001,0,0.0,0.08716496829081258,0.1141083543310385
n128_L64_S8,6.640000000000001,1,0.0625,0.07384446971458801,0.09667038353604267
n128_L64_S8,6.640000000000001,2,0.125,0.05978166396548455,0.0782606525079365
n128_L64_S8,6.640000000000001,3,0.1875,0.04432915773041622,0.05803165350353245
n128_L64_S8,6.640000000000001,4,0.25,0.02857881139689344,0.03741274965369734
n128_L64_S8,6.640000000000001,5,0.3125,0.013234954766306721,0.01732598471200471
n128_L64_S8,6.640000000000001,6,0.375,0.00968378435067526,0.012677119232872918
n128_L64_S8,6.640000000000001,7,0.4375,0.025688004061230927,0.03362837074289457
n128_L64_S8,6.640000000000001,8,0.5,0.04485703428588194,0.05872270090726883
n128_L64_S8,6.640000000000001,9,0.5625,0.06363109782128994,0.08329997703251658
n128_L64_S8,6.640000000000001,10,0.625,0.08460557236224657,0.1107578287332335
n128_L64_S8,6.640000000000001,11,0.6875,0.10721177149266671,0.14035178409206187
n128_L64_S8,6.640000000000001,12,0.75,0.1311756845164079,0.1717231335239582
n128_L64_S8,6.640000000000001,13,0.8125,0.15559902941462844,0.20369592888249285
n128_L64_S8,6.640000000000001,14,0.875,0.1809648995415608,0.2369025915259322
n128_L64_S8,6.640000000000001,15,0.9375,0.20882602559026667,0.27337581357335594
n128_L64_S8,6.640000000000001,16,1.0,0.23403148096736778,0.3063724759899542
n128_L64_S8,6.68,0,0.0,0.08716496837492022,0.11410835444114448
n128_L64_S8,6.68,1,0.0625,0.07384446980042944,0.09667038364841837
n128_L64_S8,6.68,2,0.125,0.05978166405047706,0.07826065261920087
n128_L64_S8,6.68,3,0.1875,0.044329157810569196,0.058031653608461346
n128_L64_S8,6.68,4,0.25,0.0285788114637049,0.03741274974116075
n128_L64_S8,6.68,5,0.3125,0.013234954771469661,0.017325984718763555
n128_L64_S8,6.68,6,0.375,0.009683784166949094,0.01267711899235553
n128_L64_S8,6.68,7,0.4375,0.025688003910799725,0.03362837054596388
n128_L64_S8,6.68,8,0.5,0.044857034151072034,0.058722700730788106
n128_L64_S8,6.68,9,0.5625,0.06363109768952284,0.08329997686001922
n128_L64_S8,6.68,10,0.625,0.08460557223304456,0.11075782856409414
n128_L64_S8,6.68,11,0.6875,0.10721177136379202,0.140351783923351
n128_L64_S8,6.68,12,0.75,0.1311756843852654,0.1717231333522785
n128_L64_S8,6.68,13,0.8125,0.1555990292803282,0.20369592870667935
n128_L64_S8,6.68,14,0.875,0.18096489940636645,0.2369025913489482
n128_L64_S8,6.68,15,0.9375,0.20882602545191079,0.27337581339223316
n128_L64_S8,6.68,16,1.0,0.23403148082661698,0.3063724758056962
n128_L64_S8,6.72,0,0.0,0.08716496844994456,0.11410835453935944
n128_L64_S8,6.72,1,0.0625,0.07384446987698949,0.09667038374864374
n128_L64_S8,6.72,2,0.125,0.059781664126246935,0.07826065271839182
n128_L64_S8,6.72,3,0.1875,0.04432915788195484,0.058031653701912864
n128_L64_S8,6.72,4,0.25,0.028578811523049755,0.037412749818849574
n128_L64_S8,6.72,5,0.3125,0.013234954775346917,0.017325984723839304
n128_L64_S8,6.72,6,0.375,0.00968378400196817,0.012677118776377687
n128_L64_S8,6.72,7,0.4375,0.025688003776137374,0.03362837036967633
n128_L64_S8,6.72,8,0.5,0.04485703403055261,0.05872270057301517
n128_L64_S8,6.72,9,0.5625,0.06363109757178682,0.08329997670589007
n128_L64_S8,6.72,10,0.625,0.08460557211765486,0.11075782841303655
n128_L64_S8,6.72,11,0.6875,0.10721177124872946,0.14035178377272167
n128_L64_S8,6.72,12,0.75,0.13117568426818874,0.17172313319901253
n128_L64_S8,6.72,13,0.8125,0.15559902916043622,0.2036959285497278
n128_L64_S8,6.72,14,0.875,0.18096489928570056,0.23690259119098353
n128_L64_S8,6.72,15,0.9375,0.20882602532842812,0.273375813230581
n128_L64_S8,6.72,16,1.0,0.23403148070100815,0.3063724756412607
n128_L64_S8,6.76,0,0.0,0.08716496851687702,0.11410835462698125
n128_L64_S8,6.76,1,0.0625,0.0738444699452829,0.0966703838380472
n128_L64_S8,6.76,2,0.125,0.05978166419380571,0.07826065280683356
n128_L64_S8,6.76,3,0.1875,0.04432915794554199,0.05803165378515531
n128_L64_S8,6.76,4,0.25,0.02857881157576974,0.03741274988786573
n128_L64_S8,6.76,5,0.3125,0.013234954778157131,0.017325984727518177
n128_L64_S8,6.76,6,0.375,0.009683783853803685,0.01267711858241438
n128_L64_S8,6.76,7,0.4375,0.025688003655574203,0.03362837021184612
n128_L64_S8,6.76,8,0.5,0.0448570339227923,0.05872270043194529
n128_L64_S8,6.76,9,0.5625,0.06363109746657063,0.0832999765681507
n128_L64_S8,6.76,10,0.625,0.08460557201458517,0.1107578282781072
n128_L64_S8,6.76,11,0.6875,0.10721177114598231,0.14035178363821454
n128_L64_S8,6.76,12,0.75,0.13117568416365336,0.17172313306216444
n128_L64_S8,6.76,13,0.8125,0.15559902905338935,0.2036959284095919
n128_L64_S8,6.76,14,0.875,0.18096489917798467,0.2369025910499718
n128_L64_S8,6.76,15,0.9375,0.20882602521820184,0.2733758130862829
n128_L64_S8,6.76,16,1.0,0.23403148058889492,0.30637247549449237
n128_L64_S8,6.8,0,0.0,0.08716496857659978,0.1141083547051648
n128_L64_S8,6.8,1,0.0625,0.07384447000621142,0.09667038391780919
n128_L64_S8,6.8,2,0.125,0.05978166425405202,0.07826065288570247
n128_L64_S8,6.8,3,0.1875,0.044329158002191074,0.05803165385931507
n128_L64_S8,6.8,4,0.25,0.028578811622611378,0.03741274994918649
n128_L64_S8,6.8,5,0.3125,0.013234954780086398,0.017325984730043795
n128_L64_S8,6.8,6,0.375,0.009683783720726749,0.012677118408202303
n128_L64_S8,6.8,7,0.4375,0.025688003547618528,0.03362837007052048
n128_L64_S8,6.8,8,0.5,0.04485703382642658,0.05872270030579216
n128_L64_S8,6.8,9,0.5625,0.0636310973725301,0.0832999764450415
n128_L64_S8,6.8,10,0.625,0.08460557192250512,0.11075782815756448
n128_L64_S8,6.8,11,0.6875,0.1072117710542175,0.1403517835180845
n128_L64_S8,6.8,12,0.75,0.13117568407030084,0.17172313293995592
n128_L64_S8,6.8,13,0.8125,0.15559902895779681,0.20369592828445093
n128_L64_S8,6.8,14,0.875,0.1809648990818144,0.23690259092407454
n128_L64_S8,6.8,15,0.9375,0.20882602511979365,0.27337581295745594
n128_L64_S8,6.8,16,1.0,0.23403148048881103,0.30637247536347173
n128_L64_S8,6.84,0,0.0,0.08716496862989764,0.11410835477493746
n128_L64_S8,6.84,1,0.0625,0.07384447006057747,0.09667038398898023
n128_L64_S8,6.84,2,0.125,0.059781664307786316,0.07826065295604646
n128_L64_S8,6.84,3,0.1875,0.04432915805266742,0.058031653925394056
n128_L64_S8,6.84,4,0.25,0.028578811664235655,0.037412750003677164
n128_L64_S8,6.84,5,0.3125,0.013234954781292952,0.017325984731623306
n128_L64_S8,6.84,6,0.375,0.009683783601190026,0.012677118251715828
n128_L64_S8,6.84,7,0.4375,0.025688003450938458,0.033628369943955835
n128_L64_S8,6.84,8,0.5,0.04485703374023778,0.05872270019296171
n128_L64_S8,6.84,9,0.5625,0.06363109728846403,0.08329997633498994
n128_L64_S8,6.84,10,0.625,0.0846055718402312,0.11075782804985902
n128_L64_S8,6.84,11,0.6875,0.10721177097224864,0.14035178341077842
n128_L64_S8,6.84,12,0.75,0.1311756839869226,0.1717231328308048
n128_L64_S8,6.84,13,0.8125,0.15559902887241908,0.20369592817268226
n128_L64_S8,6.84,14,0.875,0.1809648989959367,0.23690259081165135
n128_L64_S8,6.84,15,0.9375,0.20882602503192216,0.2733758128424227
n128_L64_S8,6.84,16,1.0,0.23403148039945124,0.3063724752464901
n128_L64_S8,6.88,0,0.0,0.08716496867746881,0.11410835483721325
n128_L64_S8,6.88,1,0.0625,0.07384447010909631,0.09667038405249663
n128_L64_S8,6.88,2,0.125,0.05978166435572005,0.0782606530187969
n128_L64_S8,6.88,3,0.1875,0.044329158097650596,0.058031653984281895
n128_L64_S8,6.88,4,0.25,0.02857881170122949,0.037412750052106085
n128_L64_S8,6.88,5,0.3125,0.01323495478191069,0.01732598473243199
n128_L64_S8,6.88,6,0.375,0.009683783493803182,0.012677118111134854
n128_L64_S8,6.88,7,0.4375,0.025688003364344084,0.03362836983059445
n128_L64_S8,6.88,8,0.5,0.04485703366313856,0.05872270009203052
n128_L64_S8,6.88,9,0.5625,0.06363109721330358,0.0832999762365968
n128_L64_S8,6.88,10,0.625,0.0846055717667065,0.11075782795360725
n128_L64_S8,6.88,11,0.6875,0.10721177089901922,0.1403517833149132
n128_L64_S8,6.88,12,0.75,0.13117568391244072,0.17172313273329998
n128_L64_S8,6.88,13,0.8125,0.15559902879615273,0.20369592807284137
n128_L64_S8,6.88,14,0.875,0.18096489891924103,0.23690259071124845
n128_L64_S8,6.88,15,0.9375,0.20882602495344774,0.2733758127396912
n128_L64_S8,6.88,16,1.0,0.23403148031965523,0.30637247514202853
n128_L64_S8,6.92,0,0.0,0.08716496871993573,0.11410835489280703
n128_L64_S8,6.92,1,0.0625,0.0738444701524024,0.09667038410918899
n128_L64_S8,6.92,2,0.125,0.05978166439848576,0.07826065307478183
n128_L64_S8,6.92,3,0.1875,0.04432915813774412,0.058031654036768646
n128_L64_S8,6.92,4,0.25,0.028578811734112548,0.03741275009515356
n128_L64_S8,6.92,5,0.3125,0.01323495478205269,0.017325984732617886
n128_L64_S8,6.92,6,0.375,0.009683783397323077,0.01267711798483198
n128_L64_S8,6.92,7,0.4375,0.025688003286773075,0.03362836972904563
n128_L64_S8,6.92,8,0.5,0.04485703359416201,0.05872270000173276
n128_L64_S8,6.92,9,0.5625,0.06363109714609565,0.08329997614861435
n128_L64_S8,6.92,10,0.625,0.08460557170099199,0.11075782786757987
n128_L64_S8,6.92,11,0.6875,0.10721177083358774,0.14035178322925632
n128_L64_S8,6.92,12,0.75,0.1311756838458961,0.17172313264618586
n128_L64_S8,6.92,13,0.8125,0.1555990287280164,0.20369592798364355
n128_L64_S8,6.92,14,0.875,0.18096489885073194,0.23690259062156266
n128_L64_S8,6.92,15,0.9375,0.20882602488335333,0.27337581264793004
n128_L64_S8,6.92,16,1.0,0.23403148024838677,0.3063724750487304
n128_L64_S8,6.96,0,0.0,0.08716496875785153,0.1141083549424429
n128_L64_S8,6.96,1,0.0625,0.0738444701910621,0.0966703841597987
n128_L64_S8,6.96,2,0.125,0.059781664436647085,0.07826065312473912
n128_L64_S8,6.96,3,0.1875,0.04432915817348534,0.05803165408355775
n128_L64_S8,6.96,4,0.25,0.028578811763345625,0.037412750133422816
n128_L64_S8,6.96,5,0.3125,0.013234954781815184,0.017325984732306964
n128_L64_S8,6.96,6,0.375,0.009683783310632294,0.012677117871344385
n128_L64_S8,6.96,7,0.4375,0.025688003217275324,0.033628369638065564
n128_L64_S8,6.96,8,0.5,0.04485703353244132,0.058722699920933714
n128_L64_S8,6.96,9,0.5625,0.06363109708598914,0.08329997606992845
n128_L64_S8,6.96,10,0.625,0.08460557164224822,0.11075782779067793
n128_L64_S8,6.96,11,0.6875,0.10721177077511357,0.14035178315270733
n128_L64_S8,6.96,12,0.75,0.1311756837864336,0.17172313256834304
n128_L64_S8,6.96,13,0.8125,0.15559902866713157,0.20369592790393876
n128_L64_S8,6.96,14,0.875,0.18096489878952818,0.2369025905414403
n128_L64_S8,6.96,15,0.9375,0.20882602482073503,0.27337581256595594
n128_L64_S8,6.96,16,1.0,0.2340314801847253,0.30637247496539066
n128_L64_S8,7.0,0,0.0,0.08716496879170921,0.11410835498676626
n128_L64_S8,7.0,1,0.0625,0.07384447022557941,0.09667038420498558
n128_L64_S8,7.0,2,0.125,0.059781664470704196,0.07826065316932357
n128_L64_S8,7.0,3,0.1875,0.044329158205352104,0.05803165412527479
n128_L64_S8,7.0,4,0.25,0.028578811789337855,0.03741275016744945
n128_L64_S8,7.0,5,0.3125,0.013234954781277914,0.017325984731603617
n128_L64_S8,7.0,6,0.375,0.009683783232730041,0.012677117769361926
n128_L64_S8,7.0,7,0.4375,0.025688003155002376,0.03362836955654355
n128_L64_S8,7.0,8,0.5,0.044857033477206244,0.058722699848625035
n128_L64_S8,7.0,9,0.5625,0.06363109703222608,0.0832999759995468
n128_L64_S8,7.0,10,0.625,0.0846055715897282,0.11075782772192357
n128_L64_S8,7.0,11,0.6875,0.1072117707228498,0.14035178308428842
n128_L64_S8,7.0,12,0.75,0.1311756837332908,0.17172313249877338
n128_L64_S8,7.0,13,0.8125,0.15559902861272007,0.2036959278327082
n128_L64_S8,7.0,14,0.875,0.18096489873484145,0.2369025904698495
n128_L64_S8,7.0,15,0.9375,0.20882602476478665,0.2733758124927135
n128_L64_S8,7.0,16,1.0,0.2340314801278499,0.30637247489093467
n128_L64_S8,7.04,0,0.0,0.08716496882194771,0.11410835502635173
n128_L64_S8,7.04,1,0.0625,0.07384447025640288,0.09667038424533683
n128_L64_S8,7.04,2,0.125,0.05978166450110359,0.07826065320911965
n128_L64_S8,7.04,3,0.1875,0.04432915823376811,0.05803165416247441
n128_L64_S8,7.04,4,0.25,0.028578811812452067,0.03741275019770845
n128_L64_S8,7.04,5,0.3125,0.013234954780509013,0.017325984730597044
n128_L64_S8,7.04,6,0.375,0.009683783162717277,0.012677117677707659
n128_L64_S8,7.04,7,0.4375,0.025688003099195354,0.03362836948348614
n128_L64_S8,7.04,8,0.5,0.04485703342776871,0.058722699783905964
n128_L64_S8,7.04,9,0.5625,0.06363109698413011,0.08329997593658398
n128_L64_S8,7.04,10,0.625,0.08460557154276568,0.11075782766044455
n128_L64_S8,7.04,11,0.6875,0.10721177067612996,0.1403517830231271
n128_L64_S8,7.04,12,0.75,0.1311756836857903,0.1717231324365901
n128_L64_S8,7.04,13,0.8125,0.15559902856408583,0.20369592776904075
n128_L64_S8,7.04,14,0.875,0.1809648986859707,0.23690259040587242
n128_L64_S8,7.04,15,0.9375,0.20882602471479056,0.27337581242726317
n128_L64_S8,7.04,16,1.0,0.23403148007703,0.30637247482440594
n128_L64_S8,7.08,0,0.0,0.08716496884895807,0.1141083550617112
n128_L64_S8,7.08,1,0.0625,0.07384447028393183,0.0966703842813752
n128_L64_S8,7.08,2,0.125,0.05978166452824207,0.07826065324464686
n128_L64_S8,7.08,3,0.1875,0.04432915825911116,0.0580316541956512
n128_L64_S8,7.08,4,0.25,0.0285788118330096,0.037412750224620483
n128_L64_S8,7.08,5,0.3125,0.013234954779563943,0.017325984729359846
n128_L64_S8,7.08,6,0.375,0.009683783099790755,0.012677117595330047
n128_L64_S8,7.08,7,0.4375,0.02568800304917671,0.03362836941800633
n128_L64_S8,7.08,8,0.5,0.0448570333835126,0.05872269972596994
n128_L64_S8,7.08,9,0.5625,0.06363109694109749,0.08329997588024964
n128_L64_S8,7.08,10,0.625,0.084605571500766,0.11075782760546243
n128_L64_S8,7.08,11,0.6875,0.10721177063435924,0.14035178296844472
n128_L64_S8,7.08,12,0.75,0.13117568364332508,0.17172313238099854
n128_L64_S8,7.08,13,0.8125,0.1555990285206086,0.20369592771212436
n128_L64_S8,7.08,14,0.875,0.18096489864229054,0.23690259034869035
n128_L64_S8,7.08,15,0.9375,0.20882602467010605,0.27337581236876635
n128_L64_S8,7.08,16,1.0,0.23403148003161395,0.3063724747649514
n128_L64_S8,7.12,0,0.0,0.08716496887308828,0.11410835509330025
n128_L64_S8,7.12,1,0.0625,0.07384447030852162,0.0966703843135659
n128_L64_S8,7.12,2,0.125,0.05978166455247328,0.07826065327636812
n128_L64_S8,7.12,3,0.1875,0.044329158281716505,0.05803165422524404
n128_L64_S8,7.12,4,0.25,0.02857881185129548,0.03741275024855867
n128_L64_S8,7.12,5,0.3125,0.013234954778489957,0.01732598472795388
n128_L64_S8,7.12,6,0.375,0.009683783043226847,0.012677117521281785
n128_L64_S8,7.12,7,0.4375,0.025688003004340734,0.0336283693593112
n128_L64_S8,7.12,8,0.5,0.0448570333438901,0.058722699674099814
n128_L64_S8,7.12,9,0.5625,0.06363109690258938,0.08329997582983836
n128_L64_S8,7.12,10,0.625,0.08460557146319982,0.11075782755628424
n128_L64_S8,7.12,11,0.6875,0.10721177059700843,0.14035178291954847
n128_L64_S8,7.12,12,0.75,0.13117568360535706,0.1717231323312943
n128_L64_S8,7.12,13,0.8125,0.15559902848173585,0.20369592766123573
n128_L64_S8,7.12,14,0.875,0.1809648986032444,0.23690259029757474
n128_L64_S8,7.12,15,0.9375,0.20882602463016364,0.2733758123164774
n128_L64_S8,7.12,16,1.0,0.23403147999102022,0.30637247471180984
n128_L64_S8,7.16,0,0.0,0.08716496889464878,0.11410835512152528
n128_L64_S8,7.16,1,0.0625,0.0738444703304903,0.09667038434232526
n128_L64_S8,7.16,2,0.125,0.05978166457411181,0.0782606533046953
n128_L64_S8,7.16,3,0.1875,0.04432915830188393,0.05803165425164537
n128_L64_S8,7.16,4,0.25,0.02857881186756363,0.03741275026985544
n128_L64_S8,7.16,5,0.3125,0.01323495477732556,0.01732598472642956
n128_L64_S8,7.16,6,0.375,0.009683782992377264,0.01267711745471419
n128_L64_S8,7.16,7,0.4375,0.025688002964143596,0.033628369306688805
n128_L64_S8,7.16,8,0.5,0.044857033308411245,0.05872269962765416
n128_L64_S8,7.16,9,0.5625,0.06363109686812517,0.08329997578472098
n128_L64_S8,7.16,10,0.625,0.08460557142959375,0.11075782751229028
n128_L64_S8,7.16,11,0.6875,0.10721177056360466,0.14035178287581931
n128_L64_S8,7.16,12,0.75,0.13117568357140402,0.1717231322868461
n128_L64_S8,7.16,13,0.8125,0.15559902844697515,0.20369592761573022
n128_L64_S8,7.16,14,0.875,0.18096489856833428,0.23690259025187363
n128_L64_S8,7.16,15,0.9375,0.20882602459445415,0.27337581226972985
n128_L64_S8,7.16,16,1.0,0.2340314799547316,0.3063724746643041
n128_L64_S8,7.2,0,0.0,0.08716496891391579,0.11410835514674787
n128_L64_S8,7.2,1,0.0625,0.07384447035011932,0.09667038436802176
n128_L64_S8,7.2,2,0.125,0.05978166459343798,0.07826065332999534
n128_L64_S8,7.2,3,0.1875,0.04432915831987841,0.05803165427520209
n128_L64_S8,7.2,4,0.25,0.028578811882038573,0.0374127502888047
n128_L64_S8,7.2,5,0.3125,0.013234954776102474,0.017325984724828408
n128_L64_S8,7.2,6,0.375,0.009683782946661086,0.012677117394866778
n128_L64_S8,7.2,7,0.4375,0.025688002928101784,0.03362836925950618
n128_L64_S8,7.2,8,0.5,0.04485703327663745,0.05872269958605882
n128_L64_S8,7.2,9,0.5625,0.06363109683727589,0.08329997574433595
n128_L64_S8,7.2,10,0.625,0.08460557139952571,0.11075782747292796
n128_L64_S8,7.2,11,0.6875,0.1072117705337263,0.14035178283670532
n128_L64_S8,7.2,12,0.75,0.13117568354103723,0.1717231322470927
n128_L64_S8,7.2,13,0.8125,0.15559902841588663,0.203695927575032
n128_L64_S8,7.2,14,0.875,0.1809648985371179,0.23690259021100799
n128_L64_S8,7.2,15,0.9375,0.2088260245625243,0.2733758122279302
n128_L64_S8,7.2,16,1.0,0.23403147992228665,0.30637247462183015
n128_L64_S8,7.24,0,0.0,0.08716496893113605,0.11410835516929106
n128_L64_S8,7.24,1,0.0625,0.07384447036766072,0.09667038439098535
n128_L64_S8,7.24,2,0.125,0.05978166461070142,0.07826065335259504
n128_L64_S8,7.24,3,0.1875,0.04432915833593667,0.05803165429622409
n128_L64_S8,7.24,4,0.25,0.028578811894919808,0.037412750305667625
n128_L64_S8,7.24,5,0.3125,0.013234954774846715,0.017325984723184484
n128_L64_S8,7.24,6,0.375,0.009683782905555813,0.012677117341055538
n128_L64_S8,7.24,7,0.4375,0.02568800289578149,0.03362836921719543
n128_L64_S8,7.24,8,0.5,0.044857033248178434,0.0587226995488029
n128_L64_S8,7.24,9,0.5625,0.06363109680965902,0.08329997570818248
n128_L64_S8,7.24,10,0.625,0.08460557137261993,0.11075782743770539
n128_L64_S8,7.24,11,0.6875,0.10721177050699743,0.14035178280171434
n128_L64_S8,7.24,12,0.75,0.1311756835138742,0.17172313221153337
n128_L64_S8,7.24,13,0.8125,0.15559902838807801,0.2036959275386275
n128_L64_S8,7.24,14,0.875,0.1809648985092013,0.23690259017446216
n128_L64_S8,7.24,15,0.9375,0.208826024533969,0.27337581219054824
n128_L64_S8,7.24,16,1.0,0.23403147989327416,0.3063724745838497
n128_L64_S8,7.28,0,0.0,0.08716496894652952,0.11410835518944276
n128_L64_S8,7.28,1,0.0625,0.07384447038333904,0.09667038441150996
n128_L64_S8,7.28,2,0.125,0.059781664626124484,0.0782606533727855
n128_L64_S8,7.28,3,0.1875,0.04432915835026843,0.058031654314985914
n128_L64_S8,7.28,4,0.25,0.028578811906384078,0.03741275032067559
n128_L64_S8,7.28,5,0.3125,0.013234954773579357,0.017325984721525377
n128_L64_S8,7.28,6,0.375,0.009683782868593265,0.012677117292667572
n128_L64_S8,7.28,7,0.4375,0.02568800286679545,0.03362836917924957
n128_L64_S8,7.28,8,0.5,0.0448570332226853,0.05872269951542964
n128_L64_S8,7.28,9,0.5625,0.06363109678493135,0.08329997567581131
n128_L64_S8,7.28,10,0.625,0.0846055713485401,0.1107578274061823
n128_L64_S8,7.28,11,0.6875,0.1072117704830826,0.14035178277040725
n128_L64_S8,7.28,12,0.75,0.1311756834895732,0.17172313217972074
n128_L64_S8,7.28,13,0.8125,0.15559902836319991,0.2036959275060594
n128_L64_S8,7.28,14,0.875,0.18096489848423084,0.23690259014177312
n128_L64_S8,7.28,15,0.9375,0.20882602450842924,0.27337581215711393
n128_L64_S8,7.28,16,1.0,0.2340314798673276,0.3063724745498828
n128_L64_S8,7.32,0,0.0,0.08716496896029155,0.11410835520745875
n128_L64_S8,7.32,1,0.0625,0.07384447039735387,0.0966703844298569
n128_L64_S8,7.32,2,0.125,0.05978166463990562,0.0782606533908265
n128_L64_S8,7.32,3,0.1875,0.04432915836306263,0.0580316543317349
n128_L64_S8,7.32,4,0.25,0.028578811916589408,0.03741275033403547
n128_L64_S8,7.32,5,0.3125,0.013234954772317316,0.01732598471987323
n128_L64_S8,7.32,6,0.375,0.00968378283535222,0.012677117249151455
n128_L64_S8,7.32,7,0.4375,0.025688002840795126,0.03362836914521234
n128_L64_S8,7.32,8,0.5,0.04485703319984522,0.05872269948552951
n128_L64_S8,7.32,9,0.5625,0.06363109676278876,0.08329997564682426
n128_L64_S8,7.32,10,0.625,0.0846055713269865,0.1107578273779663
n128_L64_S8,7.32,11,0.6875,0.10721177046168297,0.14035178274239282
n128_L64_S8,7.32,12,0.75,0.1311756834678294,0.17172313215125576
n128_L64_S8,7.32,13,0.8125,0.1555990283409407,0.20369592747691967
n128_L64_S8,7.32,14,0.875,0.18096489846189254,0.23690259011252987
n128_L64_S8,7.32,15,0.9375,0.20882602448558246,0.273375812127205
n128_L64_S8,7.32,16,1.0,0.234031479844119,0.3063724745195003
n128_L64_S8,7.36,0,0.0,0.08716496897259698,0.1141083552235679
n128_L64_S8,7.36,1,0.0625,0.07384447040988376,0.09667038444625987
n128_L64_S8,7.36,2,0.125,0.05978166465222169,0.07826065340694956
n128_L64_S8,7.36,3,0.1875,0.04432915837448474,0.05803165434668768
n128_L64_S8,7.36,4,0.25,0.028578811925674893,0.03741275034592935
n128_L64_S8,7.36,5,0.3125,0.01323495477107383,0.017325984718245372
n128_L64_S8,7.36,6,0.375,0.009683782805455546,0.01267711721001348
n128_L64_S8,7.36,7,0.4375,0.025688002817470523,0.03362836911467792
n128_L64_S8,7.36,8,0.5,0.044857033179379474,0.05872269945873764
n128_L64_S8,7.36,9,0.5625,0.06363109674295687,0.08329997562086218
n128_L64_S8,7.36,10,0.625,0.08460557130769122,0.1107578273527067
n128_L64_S8,7.36,11,0.6875,0.10721177044253001,0.14035178271731955
n128_L64_S8,7.36,12,0.75,0.13117568344837124,0.1717231321257829
n128_L64_S8,7.36,13,0.8125,0.15559902832102102,0.20369592745084267
n128_L64_S8,7.36,14,0.875,0.18096489844190644,0.23690259008636594
n128_L64_S8,7.36,15,0.9375,0.20882602446514234,0.2733758121004467
n128_L64_S8,7.36,16,1.0,0.23403147982335493,0.30637247449231786
n128_L64_S8,7.4,0,0.0,0.08716496898360164,0.11410835523797418
n128_L64_S8,7.4,1,0.0625,0.0738444704210875,0.09667038446092677
n128_L64_S8,7.4,2,0.125,0.05978166466322933,0.07826065342135975
n128_L64_S8,7.4,3,0.1875,0.044329158384684035,0.05803165436003965
n128_L64_S8,7.4,4,0.25,0.028578811933764235,0.03741275035651918
n128_L64_S8,7.4,5,0.3125,0.013234954769859508,0.017325984716655692
n128_L64_S8,7.4,6,0.375,0.00968378277856487,0.012677117174810683
n128_L64_S8,7.4,7,0.4375,0.02568800279654387,0.033628369087282665
n128_L64_S8,7.4,8,0.5,0.044857033161038645,0.058722699434727514
n128_L64_S8,7.4,9,0.5625,0.0636310967251933,0.08329997559760775
n128_L64_S8,7.4,10,0.625,0.08460557129041536,0.11075782733009074
n128_L64_S8,7.4,11,0.6875,0.10721177042538702,0.1403517826948775
n128_L64_S8,7.4,12,0.75,0.13117568343095545,0.17172313210298376
n128_L64_S8,7.4,13,0.8125,0.15559902830319292,0.20369592742750375
n128_L64_S8,7.4,14,0.875,0.18096489842402183,0.23690259006295303
n128_L64_S8,7.4,15,0.9375,0.20882602444685203,0.27337581207650274
n128_L64_S8,7.4,16,1.0,0.23403147980477795,0.3063724744679986
n128_L64_S8,7.44,0,0.0,0.08716496899344424,0.1141083552508592
n128_L64_S8,7.44,1,0.0625,0.07384447043110723,0.09667038447404369
n128_L64_S8,7.44,2,0.125,0.05978166467306916,0.07826065343424116
n128_L64_S8,7.44,3,0.1875,0.044329158393792666,0.05803165437196384
n128_L64_S8,7.44,4,0.25,0.028578811940968347,0.03741275036595013
n128_L64_S8,7.44,5,0.3125,0.013234954768681946,0.017325984715114137
n128_L64_S8,7.44,6,0.375,0.009683782754375547,0.012677117143144246
n128_L64_S8,7.44,7,0.4375,0.025688002777767,0.03362836906270172
n128_L64_S8,7.44,8,0.5,0.044857033144600426,0.05872269941320811
n128_L64_S8,7.44,9,0.5625,0.06363109670927981,0.08329997557677526
n128_L64_S8,7.44,10,0.625,0.08460557127494535,0.11075782730983882
n128_L64_S8,7.44,11,0.6875,0.10721177041004011,0.14035178267478676
n128_L64_S8,7.44,12,0.75,0.13117568341536603,0.17172313208257553
n128_L64_S8,7.44,13,0.8125,0.15559902828723512,0.20369592740661327
n128_L64_S8,7.44,14,0.875,0.1809648984080159,0.23690259004199957
n128_L64_S8,7.44,15,0.9375,0.20882602443048362,0.2733758120550747
n128_L64_S8,7.44,16,1.0,0.2340314797881545,0.30637247444623666
n128_L64_S8,7.48,0,0.0,0.0871649690022485,0.11410835526238493
n128_L64_S8,7.48,1,0.0625,0.07384447044006856,0.09667038448577504
n128_L64_S8,7.48,2,0.125,0.05978166468186687,0.07826065344575829
n128_L64_S8,7.48,3,0.1875,0.04432915840192796,0.05803165438261381
n128_L64_S8,7.48,4,0.25,0.028578811947384535,0.037412750374349615
n128_L64_S8,7.48,5,0.3125,0.013234954767547191,0.01732598471362862
n128_L64_S8,7.48,6,0.375,0.009683782732614317,0.012677117114656447
n128_L64_S8,7.48,7,0.4375,0.025688002760916217,0.033628369040642224
n128_L64_S8,7.48,8,0.5,0.044857033129865644,0.05872269939391869
n128_L64_S8,7.48,9,0.5625,0.06363109669502186,0.08329997555811007
n128_L64_S8,7.48,10,0.625,0.08460557126109089,0.11075782729170183
n128_L64_S8,7.48,11,0.6875,0.10721177039629927,0.1403517826567985
n128_L64_S8,7.48,12,0.75,0.13117568340140937,0.17172313206430476
n128_L64_S8,7.48,13,0.8125,0.15559902827294805,0.20369592738790995
n128_L64_S8,7.48,14,0.875,0.18096489839368932,0.2369025900232445
n128_L64_S8,7.48,15,0.9375,0.20882602441583298,0.27337581203589545
n128_L64_S8,7.48,16,1.0,0.23403147977327607,0.3063724744267592
n128_L64_S8,7.5200000000000005,0,0.0,0.08716496901012595,0.11410835527269736
n128_L64_S8,7.5200000000000005,1,0.0625,0.07384447044808536,0.09667038449626988
n128_L64_S8,7.5200000000000005,2,0.125,0.0597816646897334,0.07826065345605644
n128_L64_S8,7.5200000000000005,3,0.1875,0.04432915840919585,0.05803165439212827
n128_L64_S8,7.5200000000000005,4,0.25,0.028578811953100275,0.03741275038183214
n128_L64_S8,7.5200000000000005,5,0.3125,0.013234954766459637,0.017325984712204895
n128_L64_S8,7.5200000000000005,6,0.375,0.009683782713035901,0.012677117089026187
n128_L64_S8,7.5200000000000005,7,0.4375,0.025688002745792707,0.033628369020843915
n128_L64_S8,7.5200000000000005,8,0.5,0.0448570331166549,0.058722699376624395
n128_L64_S8,7.5200000000000005,9,0.5625,0.06363109668224519,0.08329997554138403
n128_L64_S8,7.5200000000000005,10,0.625,0.08460557124868112,0.1107578272754561
n128_L64_S8,7.5200000000000005,11,0.6875,0.10721177038399442,0.14035178264069012
n128_L64_S8,7.5200000000000005,12,0.75,0.13117568338891256,0.1717231320479451
n128_L64_S8,7.5200000000000005,13,0.8125,0.1555990282601559,0.20369592737116365
n128_L64_S8,7.5200000000000005,14,0.875,0.18096489838086355,0.2369025900064542
n128_L64_S8,7.5200000000000005,15,0.9375,0.2088260244027176,0.273375812018726
n128_L64_S8,7.5200000000000005,16,1.0,0.23403147975995842,0.30637247440932497
n128_L64_S8,7.5600000000000005,0,0.0,0.08716496901717415,0.11410835528192421
n128_L64_S8,7.5600000000000005,1,0.0625,0.07384447045525727,0.09667038450565871
n128_L64_S8,7.5600000000000005,2,0.125,0.059781664696768676,0.07826065346526638
n128_L64_S8,7.5600000000000005,3,0.1875,0.04432915841568906,0.05803165440062858
n128_L64_S8,7.5600000000000005,4,0.25,0.028578811958191796,0.037412750388497486
n128_L64_S8,7.5600000000000005,5,0.3125,0.013234954765422068,0.017325984710846603
n128_L64_S8,7.5600000000000005,6,0.375,0.009683782695419895,0.012677117065964933
n128_L64_S8,7.5600000000000005,7,0.4375,0.02568800273221721,0.033628369003072124
n128_L64_S8,7.5600000000000005,8,0.5,0.044857033104810665,0.05872269936111902
n128_L64_S8,7.5600000000000005,9,0.5625,0.06363109667079428,0.08329997552639355
n128_L64_S8,7.5600000000000005,10,0.625,0.08460557123756395,0.11075782726090252
n128_L64_S8,7.5600000000000005,11,0.6875,0.10721177037297447,0.14035178262626383
n128_L64_S8,7.5600000000000005,12,0.75,0.1311756833777213,0.17172313203329453
n128_L64_S8,7.5600000000000005,13,0.8125,0.15559902824870084,0.20369592735616773
n128_L64_S8,7.5600000000000005,14,0.875,0.18096489836938026,0.23690258999142133
n128_L64_S8,7.5600000000000005,15,0.9375,0.20882602439097503,0.2733758120033537
n128_L64_S8,7.5600000000000005,16,1.0,0.2340314797480356,0.3063724743937167
n128_L64_S8,7.6000000000000005,0,0.0,0.08716496902348171,0.1141083552901815
n128_L64_S8,7.6000000000000005,1,0.0625,0.07384447046167499,0.09667038451406018
n128_L64_S8,7.6000000000000005,2,0.125,0.059781664703060976,0.07826065347350368
n128_L64_S8,7.6000000000000005,3,0.1875,0.04432915842149141,0.058031654408224484
n128_L64_S8,7.6000000000000005,4,0.25,0.02857881196272896,0.03741275039443713
n128_L64_S8,7.6000000000000005,5,0.3125,0.013234954764435824,0.017325984709555504
n128_L64_S8,7.6000000000000005,6,0.375,0.0096837826795677,0.012677117045212698
n128_L64_S8,7.6000000000000005,7,0.4375,0.025688002720030106,0.03362836898711789
n128_L64_S8,7.6000000000000005,8,0.5,0.04485703309418884,0.05872269934721391
n128_L64_S8,7.6000000000000005,9,0.5625,0.06363109666053095,0.08329997551295774
n128_L64_S8,7.6000000000000005,10,0.625,0.08460557122760388,0.11075782724786373
n128_L64_S8,7.6000000000000005,11,0.6875,0.10721177036310413,0.14035178261334247
n128_L64_S8,7.6000000000000005,12,0.75,0.13117568336769814,0.1717231320201731
n128_L64_S8,7.6000000000000005,13,0.8125,0.15559902823844102,0.20369592734273653
n128_L64_S8,7.6000000000000005,14,0.875,0.18096489835909707,0.23690258997795952
n128_L64_S8,7.6000000000000005,15,0.9375,0.20882602438046086,0.2733758119895895
n128_L64_S8,7.6000000000000005,16,1.0,0.23403147973736055,0.3063724743797419
n128_L64_S8,7.640000000000001,0,0.0,0.08716496902912757,0.11410835529757253
n128_L64_S8,7.640000000000001,1,0.0625,0.07384447046741822,0.0966703845215787
n128_L64_S8,7.640000000000001,2,0.125,0.059781664708689966,0.07826065348087263
n128_L64_S8,7.640000000000001,3,0.1875,0.04432915842667662,0.05803165441501248
n128_L64_S8,7.640000000000001,4,0.25,0.028578811966771995,0.0374127503997299
n128_L64_S8,7.640000000000001,5,0.3125,0.013234954763502085,0.017325984708333138
n128_L64_S8,7.640000000000001,6,0.375,0.009683782665302119,0.012677117026537513
n128_L64_S8,7.640000000000001,7,0.4375,0.025688002709088425,0.033628368972794045
n128_L64_S8,7.640000000000001,8,0.5,0.04485703308466311,0.05872269933474369
n128_L64_S8,7.640000000000001,9,0.5625,0.06363109665133075,0.08329997550091368
n128_L64_S8,7.640000000000001,10,0.625,0.08460557121867868,0.11075782723617968
n128_L64_S8,7.640000000000001,11,0.6875,0.10721177035426138,0.14035178260176637
n128_L64_S8,7.640000000000001,12,0.75,0.13117568335871999,0.17172313200841974
n128_L64_S8,7.640000000000001,13,0.8125,0.15559902822925106,0.20369592733070588
n128_L64_S8,7.640000000000001,14,0.875,0.18096489834988763,0.23690258996590338
n128_L64_S8,7.640000000000001,15,0.9375,0.20882602437104464,0.2733758119772627
n128_L64_S8,7.640000000000001,16,1.0,0.23403147972780142,0.306372474367228
n128_L64_S8,7.68,0,0.0,0.08716496903418085,0.11410835530418782
n128_L64_S8,7.68,1,0.0625,0.07384447047255864,0.09667038452830806
n128_L64_S8,7.68,2,0.125,0.05978166471372582,0.07826065348746511
n128_L64_S8,7.68,3,0.1875,0.04432915843131123,0.05803165442107969
n128_L64_S8,7.68,4,0.25,0.028578811970375546,0.03741275040444733
n128_L64_S8,7.68,5,0.3125,0.01323495476262051,0.017325984707179064
n128_L64_S8,7.68,6,0.375,0.009683782652462988,0.012677117009729705
n128_L64_S8,7.68,7,0.4375,0.025688002699263836,0.0336283689599326
n128_L64_S8,7.68,8,0.5,0.044857033076118415,0.05872269932355776
n128_L64_S8,7.68,9,0.5625,0.06363109664308228,0.08329997549011554
n128_L64_S8,7.68,10,0.625,0.08460557121067978,0.11075782722570826
n128_L64_S8,7.68,11,0.6875,0.107211770346339,0.1403517825913951
n128_L64_S8,7.68,12,0.75,0.1311756833506766,0.17172313199789008
n128_L64_S8,7.68,13,0.8125,0.15559902822101798,0.2036959273199279
n128_L64_S8,7.68,14,0.875,0.18096489834163904,0.23690258995510508
n128_L64_S8,7.68,15,0.9375,0.20882602436261072,0.27337581196622174
n128_L64_S8,7.68,16,1.0,0.23403147971924035,0.3063724743560206
n128_L64_S8,7.72,0,0.0,0.08716496903870517,0.11410835531011065
n128_L64_S8,7.72,1,0.0625,0.07384447047716017,0.09667038453433195
n128_L64_S8,7.72,2,0.125,0.059781664718232264,0.07826065349336453
n128_L64_S8,7.72,3,0.1875,0.04432915843545465,0.058031654426503876
n128_L64_S8,7.72,4,0.25,0.02857881197358759,0.037412750408652246
n128_L64_S8,7.72,5,0.3125,0.013234954761790594,0.017325984706092614
n128_L64_S8,7.72,6,0.375,0.009683782640907083,0.012677116994601776
n128_L64_S8,7.72,7,0.4375,0.02568800269044113,0.033628368948382725
n128_L64_S8,7.72,8,0.5,0.04485703306845328,0.05872269931352328
n128_L64_S8,7.72,9,0.5625,0.06363109663568614,0.0832999754804332
n128_L64_S8,7.72,10,0.625,0.08460557120351074,0.1107578272163232
n128_L64_S8,7.72,11,0.6875,0.10721177033924024,0.14035178258210207
n128_L64_S8,7.72,12,0.75,0.13117568334346963,0.17172313198845537
n128_L64_S8,7.72,13,0.8125,0.15559902821364155,0.20369592731027134
n128_L64_S8,7.72,14,0.875,0.18096489833424947,0.23690258994543134
n128_L64_S8,7.72,15,0.9375,0.20882602435505554,0.2733758119563312
n128_L64_S8,7.72,16,1.0,0.23403147971157173,0.3063724743459816
n128_L64_S8,7.76,0,0.0,0.08716496904275634,0.11410835531541405
n128_L64_S8,7.76,1,0.0625,0.07384447048127987,0.0966703845397251
n128_L64_S8,7.76,2,0.125,0.059781664722265024,0.07826065349864385
n128_L64_S8,7.76,3,0.1875,0.04432915843915895,0.058031654431353205
n128_L64_S8,7.76,4,0.25,0.028578811976451464,0.037412750412401365
n128_L64_S8,7.76,5,0.3125,0.013234954761011282,0.01732598470507241
n128_L64_S8,7.76,6,0.375,0.00968378263050555,0.012677116980985049
n128_L64_S8,7.76,7,0.4375,0.025688002682517048,0.033628368938009245
n128_L64_S8,7.76,8,0.5,0.04485703306157696,0.05872269930452143
n128_L64_S8,7.76,9,0.5625,0.06363109662905307,0.0832999754717498
n128_L64_S8,7.76,10,0.625,0.08460557119708423,0.1107578272079102
n128_L64_S8,7.76,11,0.6875,0.1072117703328781,0.14035178257377334
n128_L64_S8,7.76,12,0.75,0.13117568333701146,0.17172313198000094
n128_L64_S8,7.76,13,0.8125,0.15559902820703175,0.2036959273016184
n128_L64_S8,7.76,14,0.875,0.1809648983276281,0.23690258993676325
n128_L64_S8,7.76,15,0.9375,0.2088260243482871,0.27337581194747057
n128_L64_S8,7.76,16,1.0,0.23403147970470106,0.3063724743369871
n128_L64_S8,7.8,0,0.0,0.08716496904638425,0.11410835532016339
n128_L64_S8,7.8,1,0.0625,0.07384447048496852,0.09667038454455393
n128_L64_S8,7.8,2,0.125,0.059781664725874525,0.07826065350336907
n128_L64_S8,7.8,3,0.1875,0.04432915844247142,0.058031654435689584
n128_L64_S8,7.8,4,0.25,0.028578811979004737,0.03741275041574388
n128_L64_S8,7.8,5,0.3125,0.013234954760280984,0.017325984704116372
n128_L64_S8,7.8,6,0.375,0.009683782621142013,0.012677116968727167
n128_L64_S8,7.8,7,0.4375,0.025688002675399953,0.0336283689286922
n128_L64_S8,7.8,8,0.5,0.044857033055406385,0.058722699296443484
n128_L64_S8,7.8,9,0.5625,0.06363109662310379,0.08329997546396155
n128_L64_S8,7.8,10,0.625,0.0846055711913233,0.11075782720036852
n128_L64_S8,7.8,11,0.6875,0.10721177032717608,0.14035178256630879
n128_L64_S8,7.8,12,0.75,0.13117568333122384,0.17172313197242434
n128_L64_S8,7.8,13,0.8125,0.1555990282011071,0.2036959272938624
n128_L64_S8,7.8,14,0.875,0.1809648983216959,0.23690258992899735
n128_L64_S8,7.8,15,0.9375,0.20882602434222175,0.27337581193953037
n128_L64_S8,7.8,16,1.0,0.2340314796985463,0.3063724743289299
n128_L64_S8,7.84,0,0.0,0.08716496904963329,0.11410835532441674
n128_L64_S8,7.84,1,0.0625,0.07384447048827186,0.09667038454887837
n128_L64_S8,7.84,2,0.125,0.05978166472910548,0.07826065350759874
n128_L64_S8,7.84,3,0.1875,0.044329158445433746,0.058031654439567586
n128_L64_S8,7.84,4,0.25,0.02857881198128163,0.03741275041872458
n128_L64_S8,7.84,5,0.3125,0.013234954759598424,0.017325984703222826
n128_L64_S8,7.84,6,0.375,0.00968378261271149,0.012677116957690701
n128_L64_S8,7.84,7,0.4375,0.025688002669005713,0.03362836892032145
n128_L64_S8,7.84,8,0.5,0.044857033049868544,0.05872269928919385
n128_L64_S8,7.84,9,0.5625,0.06363109661776796,0.08329997545697637
n128_L64_S8,7.84,10,0.625,0.08460557118615665,0.11075782719360483
n128_L64_S8,7.84,11,0.6875,0.10721177032206426,0.14035178255961686
n128_L64_S8,7.84,12,0.75,0.13117568332603563,0.1717231319656324
n128_L64_S8,7.84,13,0.8125,0.15559902819579768,0.2036959272869118
n128_L64_S8,7.84,14,0.875,0.18096489831637913,0.2369025899220371
n128_L64_S8,7.84,15,0.9375,0.20882602433678657,0.27337581193241517
n128_L64_S8,7.84,16,1.0,0.23403147969303048,0.30637247432170905
n128_L64_S8,7.88,0,0.0,0.08716496905254373,0.11410835532822682
n128_L64_S8,7.88,1,0.0625,0.07384447049123015,0.09667038455275108
n128_L64_S8,7.88,2,0.125,0.05978166473199847,0.07826065351138597
n128_L64_S8,7.88,3,0.1875,0.04432915844808363,0.058031654443036575
n128_L64_S8,7.88,4,0.25,0.028578811983312438,0.03741275042138312
n128_L64_S8,7.88,5,0.3125,0.013234954758961201,0.017325984702388633
n128_L64_S8,7.88,6,0.375,0.009683782605121424,0.012677116947754485
n128_L64_S8,7.88,7,0.4375,0.025688002663261173,0.03362836891280123
n128_L64_S8,7.88,8,0.5,0.044857033044899255,0.058722699282688515
n128_L64_S8,7.88,9,0.5625,0.06363109661298043,0.08329997545070898
n128_L64_S8,7.88,10,0.625,0.08460557118152388,0.11075782718754004
n128_L64_S8,7.88,11,0.6875,0.10721177031748164,0.14035178255361772
n128_L64_S8,7.88,12,0.75,0.1311756833213846,0.1717231319595437
n128_L64_S8,7.88,13,0.8125,0.1555990281910376,0.20369592728068034
n128_L64_S8,7.88,14,0.875,0.18096489831161391,0.23690258991579893
n128_L64_S8,7.88,15,0.9375,0.20882602433191513,0.27337581192603794
n128_L64_S8,7.88,16,1.0,0.23403147968808727,0.3063724743152379
n128_L64_S8,7.92,0,0.0,0.0871649690551511,0.11410835533164014
n128_L64_S8,7.92,1,0.0625,0.07384447049388039,0.09667038455622054
n128_L64_S8,7.92,2,0.125,0.05978166473458875,0.07826065351477693
n128_L64_S8,7.92,3,0.1875,0.04432915845045396,0.058031654446139586
n128_L64_S8,7.92,4,0.25,0.02857881198512395,0.03741275042375459
n128_L64_S8,7.92,5,0.3125,0.013234954758367517,0.017325984701611435
n128_L64_S8,7.92,6,0.375,0.00968378259828686,0.012677116938807303
n128_L64_S8,7.92,7,0.4375,0.02568800265810043,0.03362836890604526
n128_L64_S8,7.92,8,0.5,0.044857033040438025,0.058722699276848284
n128_L64_S8,7.92,9,0.5625,0.06363109660868554,0.08329997544508651
n128_L64_S8,7.92,10,0.625,0.08460557117736879,0.11075782718210057
n128_L64_S8,7.92,11,0.6875,0.10721177031337273,0.1403517825482387
n128_L64_S8,7.92,12,0.75,0.13117568331721513,0.17172313195408542
n128_L64_S8,7.92,13,0.8125,0.15559902818676966,0.20369592727509314
n128_L64_S8,7.92,14,0.875,0.18096489830734247,0.23690258991020716
n128_L64_S8,7.92,15,0.9375,0.20882602432754824,0.2733758119203212
n128_L64_S8,7.92,16,1.0,0.2340314796836567,0.30637247430943776
n128_L64_S8,7.96,0,0.0,0.08716496905748734,0.11410835533469854
n128_L64_S8,7.96,1,0.0625,0.07384447049625463,0.09667038455932866
n128_L64_S8,7.96,2,0.125,0.059781664736908234,0.07826065351781339
n128_L64_S8,7.96,3,0.1875,0.044329158452574485,0.05803165444891558
n128_L64_S8,7.96,4,0.25,0.028578811986739897,0.037412750425870035
n128_L64_S8,7.96,5,0.3125,0.013234954757815384,0.017325984700888634
n128_L64_S8,7.96,6,0.375,0.009683782592132463,0.012677116930750533
n128_L64_S8,7.96,7,0.4375,0.025688002653462053,0.03362836889997312
n128_L64_S8,7.96,8,0.5,0.04485703303643346,0.05872269927160587
n128_L64_S8,7.96,9,0.5625,0.06363109660483135,0.08329997544004095
n128_L64_S8,7.96,10,0.625,0.08460557117364242,0.11075782717722235
n128_L64_S8,7.96,11,0.6875,0.10721177030968781,0.14035178254341477
n128_L64_S8,7.96,12,0.75,0.13117568331347607,0.17172313194919056
n128_L64_S8,7.96,13,0.8125,0.15559902818294305,0.2036959272700837
n128_L64_S8,7.96,14,0.875,0.1809648983035124,0.23690258990519317
n128_L64_S8,7.96,15,0.9375,0.20882602432363354,0.2733758119151964
n128_L64_S8,7.96,16,1.0,0.2340314796796847,0.30637247430423803
n128_L64_S8,8.0,0,0.0,0.08716496905958061,0.11410835533743885
n128_L64_S8,8.0,1,0.0625,0.07384447049838197,0.09667038456211359
n128_L64_S8,8.0,2,0.125,0.05978166473898571,0.07826065352053303
n128_L64_S8,8.0,3,0.1875,0.04432915845447179,0.05803165445139936
n128_L64_S8,8.0,4,0.25,0.028578811988181775,0.03741275042775761
n128_L64_S8,8.0,5,0.3125,0.013234954757302285,0.017325984700216932
n128_L64_S8,8.0,6,0.375,0.009683782586591163,0.012677116923496374
n128_L64_S8,8.0,7,0.4375,0.025688002649294155,0.03362836889451689
n128_L64_S8,8.0,8,0.5,0.04485703303283826,0.05872269926689937
n128_L64_S8,8.0,9,0.5625,0.06363109660137237,0.08329997543551278
n128_L64_S8,8.0,10,0.625,0.08460557117029924,0.11075782717284577
n128_L64_S8,8.0,11,0.6875,0.10721177030638353,0.1403517825390891
n128_L64_S8,8.0,12,0.75,0.13117568331012294,0.17172313194480096
n128_L64_S8,8.0,13,0.8125,0.1555990281795114,0.2036959272655913
n128_L64_S8,8.0,14,0.875,0.18096489830007867,0.23690258990069807
n128_L64_S8,8.0,15,0.9375,0.2088260243201244,0.27337581191060256
n128_L64_S8,8.0,16,1.0,0.23403147967612417,0.30637247429957687
n256_L32_S4,0.0,0,0.0,0.0,0.0
n256_L32_S4,0.0,1,0.0625,0.0,0.0
n256_L32_S4,0.0,2,0.125,0.0,0.0
n256_L32_S4,0.0,3,0.1875,0.0,0.0
n256_L32_S4,0.0,4,0.25,0.0,0.0
n256_L32_S4,0.0,5,0.3125,0.0,0.0
n256_L32_S4,0.0,6,0.375,0.0,0.0
n256_L32_S4,0.0,7,0.4375,0.0,0.0
n256_L32_S4,0.0,8,0.5,0.0,0.0
n256_L32_S4,0.0,9,0.5625,0.0,0.0
n256_L32_S4,0.0,10,0.625,0.0,0.0
n256_L32_S4,0.0,11,0.6875,0.0,0.0
n256_L32_S4,0.0,12,0.75,0.0,0.0
n256_L32_S4,0.0,13,0.8125,0.0,0.0
n256_L32_S4,0.0,14,0.875,0.0,0.0
n256_L32_S4,0.0,15,0.9375,0.0,0.0
n256_L32_S4,0.0,16,1.0,0.0,0.0
n256_L32_S4,0.04,0,0.0,0.0009194728646752808,0.0012036892515132223
n256_L32_S4,0.04,1,0.0625,0.0013483319015246138,0.0017651120328719303
n256_L32_S4,0.04,2,0.125,0.0016585179702376112,0.0021711790863143767
n256_L32_S4,0.04,3,0.1875,0.002087524465900383,0.0027327949071803896
n256_L32_S4,0.04,4,0.25,0.002514598062294628,0.0032918803542168226
n256_L32_S4,0.04,5,0.3125,0.0029364337888819997,0.003844108864165084
n256_L32_S4,0.04,6,0.375,0.003451301820189759,0.004518126705302559
n256_L32_S4,0.04,7,0.4375,0.003937303110780847,0.0051543548662202196
n256_L32_S4,0.04,8,0.5,0.00442254808922398,0.005789592932880337
n256_L32_S4,0.04,9,0.5625,0.004851152367046581,0.006350682207167782
n256_L32_S4,0.04,10,0.625,0.005261948611063211,0.006888458842544017
n256_L32_S4,0.04,11,0.6875,0.005748134670872049,0.007524928886316474
n256_L32_S4,0.04,12,0.75,0.006150546514216136,0.008051729435983552
n256_L32_S4,0.04,13,0.8125,0.006467297034665298,0.008466390065485134
n256_L32_S4,0.04,14,0.875,0.006798178325751024,0.008899549399390394
n256_L32_S4,0.04,15,0.9375,0.007238026859500614,0.00947535861868172
n256_L32_S4,0.04,16,1.0,0.007801668611606731,0.010213226526239615
n256_L32_S4,0.08,0,0.0,0.0029738759633706124,0.0038931247130462167
n256_L32_S4,0.08,1,0.0625,0.004181219839398665,0.005473668198653606
n256_L32_S4,0.08,2,0.125,0.005148519695212102,0.006739968145247588
n256_L32_S4,0.08,3,0.1875,0.006351373637099543,0.008314633822305439
n256_L32_S4,0.08,4,0.25,0.007564529122861014,0.009902785332509156
n256_L32_S4,0.08,5,0.3125,0.008797515186508578,0.011516897210190618
n256_L32_S4,0.08,6,0.375,0.010233057884808706,0.01339617759182797
n256_L32_S4,0.08,7,0.4375,0.011591884287101352,0.015175028059252768
n256_L32_S4,0.08,8,0.5,0.012964596051429937,0.01697205596472728
n256_L32_S4,0.08,9,0.5625,0.014265285437592983,0.018674798801227084
n256_L32_S4,0.08,10,0.625,0.015494801689012152,0.020284368320080414
n256_L32_S4,0.08,11,0.6875,0.01688200196612147,0.02210036325304925
n256_L32_S4,0.08,12,0.75,0.018100595304544723,0.023695633499489527
n256_L32_S4,0.08,13,0.8125,0.019212525284559665,0.02515126989377504
n256_L32_S4,0.08,14,0.875,0.020358046550248345,0.0266508809077186
n256_L32_S4,0.08,15,0.9375,0.021711682328587785,0.028422936287978613
n256_L32_S4,0.08,16,1.0,0.02333505069417544,0.03054810074684987
n256_L32_S4,0.12,0,0.0,0.005517845853036903,0.007223455960446339
n256_L32_S4,0.12,1,0.0625,0.0077567911973132125,0.010154477145702006
n256_L32_S4,0.12,2,0.125,0.009632823947118374,0.01261040656263456
n256_L32_S4,0.12,3,0.1875,0.011852238535173936,0.015515859879342913
n256_L32_S4,0.12,4,0.25,0.014108746491466215,0.01846987241988951
n256_L32_S4,0.12,5,0.3125,0.01643794370532592,0.021519043046548076
n256_L32_S4,0.12,6,0.375,0.01909313903573219,0.024994980404424133
n256_L32_S4,0.12,7,0.4375,0.02161050858756005,0.02829048893766613
n256_L32_S4,0.12,8,0.5,0.024173410770816466,0.03164560460141656
n256_L32_S4,0.12,9,0.5625,0.02668048740259942,0.0349276385910361
n256_L32_S4,0.12,10,0.625,0.02904730131641784,0.038026053539258954
n256_L32_S4,0.12,11,0.6875,0.031656949572178524,0.0414423648588961
n256_L32_S4,0.12,12,0.75,0.03401937395348307,0.04453503343513876
n256_L32_S4,0.12,13,0.8125,0.03630440639965234,0.04752638761260464
n256_L32_S4,0.12,14,0.875,0.03864367130296809,0.05058873793172764
n256_L32_S4,0.12,15,0.9375,0.041286379294359826,0.054048328014627715
n256_L32_S4,0.12,16,1.0,0.04436682470704547,0.058080963642686625
n256_L32_S4,0.16,0,0.0,0.008041514464970659,0.010527210643450222
n256_L32_S4,0.16,1,0.0625,0.011483945420210737,0.015033724428783332
n256_L32_S4,0.16,2,0.125,0.01444273595426703,0.01890710068614617
n256_L32_S4,0.16,3,0.1875,0.01784720025740492,0.023363912024776314
n256_L32_S4,0.16,4,0.25,0.021328057231240143,0.027920729617147554
n256_L32_S4,0.16,5,0.3125,0.02495713759026596,0.032671587623794456
n256_L32_S4,0.16,6,0.375,0.0290461231897962,0.0380245112443138
n256_L32_S4,0.16,7,0.4375,0.03292825300842846,0.0431066383142811
n256_L32_S4,0.16,8,0.5,0.03690554490698023,0.048313342821116226
n256_L32_S4,0.16,9,0.5625,0.04086781252597675,0.053500378923904676
n256_L32_S4,0.16,10,0.625,0.04461703467101853,0.058408515499654416
n256_L32_S4,0.16,11,0.6875,0.04869579936688865,0.06374805885377428
n256_L32_S4,0.16,12,0.75,0.05245882661413764,0.06867426779879261
n256_L32_S4,0.16,13,0.8125,0.056213986300364095,0.07359017725700467
n256_L32_S4,0.16,14,0.875,0.06004446897653914,0.07860469264136875
n256_L32_S4,0.16,15,0.9375,0.0642748392690031,0.08414270408965441
n256_L32_S4,0.16,16,1.0,0.0691325306746064,0.09050194660428568
n256_L32_S4,0.2,0,0.0,0.010146758928276456,0.013283202940388572
n256_L32_S4,0.2,1,0.0625,0.014891835087279091,0.01949501993862072
n256_L32_S4,0.2,2,0.125,0.019038969108739083,0.024924066121488894
n256_L32_S4,0.2,3,0.1875,0.023730353877792536,0.03106559529344195
n256_L32_S4,0.2,4,0.25,0.028548423380093415,0.03737296845883858
n256_L32_S4,0.2,5,0.3125,0.03360735840091795,0.04399566059322889
n256_L32_S4,0.2,6,0.375,0.039267468167109416,0.05140535537563637
n256_L32_S4,0.2,7,0.4375,0.04464832273064581,0.05844947494774793
n256_L32_S4,0.2,8,0.5,0.05019150945124942,0.06570610483978695
n256_L32_S4,0.2,9,0.5625,0.055778957249812175,0.07302067726155861
n256_L32_S4,0.2,10,0.625,0.061085130455400566,0.07996703087308125
n256_L32_S4,0.2,11,0.6875,0.06680924678009213,0.08746051715108674
n256_L32_S4,0.2,12,0.75,0.0721611988052556,0.09446680017998152
n256_L32_S4,0.2,13,0.8125,0.07760656511491612,0.10159537259283394
n256_L32_S4,0.2,14,0.875,0.08314855884909775,0.10885044073684481
n256_L32_S4,0.2,15,0.9375,0.08919140841270191,0.11676118323688638
n256_L32_S4,0.2,16,1.0,0.09606929677954489,0.12576508168602707
n256_L32_S4,0.24,0,0.0,0.011531821448619927,0.015096399318946225
n256_L32_S4,0.24,1,0.0625,0.017612949173996018,0.02305725206548083
n256_L32_S4,0.24,2,0.125,0.022992019686605712,0.030099036122312794
n256_L32_S4,0.24,3,0.1875,0.02901066948737202,0.03797809852005205
n256_L32_S4,0.24,4,0.25,0.03521551326932277,0.046100908941749924
n256_L32_S4,0.24,5,0.3125,0.04176504172545193,0.054674948816115135
n256_L32_S4,0.24,6,0.375,0.04906119697853793,0.06422640377788053
n256_L32_S4,0.24,7,0.4375,0.05600599054047564,0.07331788835087533
n256_L32_S4,0.24,8,0.5,0.0631956074577212,0.08272987312852545
n256_L32_S4,0.24,9,0.5625,0.07050170215500623,0.09229433989586776
n256_L32_S4,0.24,10,0.625,0.07746807452227322,0.10141407345481226
n256_L32_S4,0.24,11,0.6875,0.08494246550634565,0.11119885823180797
n256_L32_S4,0.24,12,0.75,0.09200101979697292,0.12043926788092918
n256_L32_S4,0.24,13,0.8125,0.09927806007468463,0.1299656992761654
n256_L32_S4,0.24,14,0.875,0.10667331959903524,0.1396468924288913
n256_L32_S4,0.24,15,0.9375,0.11467591232401946,0.15012315031248122
n256_L32_S4,0.24,16,1.0,0.12373420931690327,0.16198143906274184
n256_L32_S4,0.28,0,0.0,0.01199025882140004,0.015696543335487985
n256_L32_S4,0.28,1,0.0625,0.019382491991402476,0.025373774663629278
n256_L32_S4,0.28,2,0.125,0.025981955891484918,0.034013185425451106
n256_L32_S4,0.28,3,0.1875,0.033312818711265915,0.04361007633925158
n256_L32_S4,0.28,4,0.25,0.04089634062453489,0.05353772528497719
n256_L32_S4,0.28,5,0.3125,0.04893375190951692,0.06405956442281904
n256_L32_S4,0.28,6,0.375,0.05786389295481174,0.0757500832012221
n256_L32_S4,0.28,7,0.4375,0.06637376447652889,0.08689042379851301
n256_L32_S4,0.28,8,0.5,0.07522243581411998,0.09847428993358709
n256_L32_S4,0.28,9,0.5625,0.08426781607675092,0.11031566928938116
n256_L32_S4,0.28,10,0.625,0.09292746860575965,0.1216520893964479
n256_L32_S4,0.28,11,0.6875,0.10218601152176268,0.13377252167978937
n256_L32_S4,0.28,12,0.75,0.11099749264506877,0.14530770180909192
n256_L32_S4,0.28,13,0.8125,0.12016843464447262,0.15731345503469918
n256_L32_S4,0.28,14,0.875,0.1294798398953236,0.1695030898216826
n256_L32_S4,0.28,15,0.9375,0.13950916790524115,0.1826325630114125
n256_L32_S4,0.28,16,1.0,0.15082179584787914,0.197442014365619
n256_L32_S4,0.32,0,0.0,0.01141219916066973,0.014939800828899515
n256_L32_S4,0.32,1,0.0625,0.020040415244997205,0.026235067235816565
n256_L32_S4,0.32,2,0.125,0.027802064968202513,0.036395904716466115
n256_L32_S4,0.32,3,0.1875,0.0363830021188454,0.047629277894680605
n256_L32_S4,0.32,4,0.25,0.045287503074928695,0.0592862310280522
n256_L32_S4,0.32,5,0.3125,0.05475531097142518,0.07168061376432742
n256_L32_S4,0.32,6,0.375,0.06525884722729233,0.0854308767462934
n256_L32_S4,0.32,7,0.4375,0.07527858497886376,0.09854779525242802
n256_L32_S4,0.32,8,0.5,0.08573777708393962,0.11224000695335504
n256_L32_S4,0.32,9,0.5625,0.09647769862645203,0.1262997237970739
n256_L32_S4,0.32,10,0.625,0.10679883575565266,0.13981120662935986
n256_L32_S4,0.32,11,0.6875,0.11780889173093499,0.15422455861086348
n256_L32_S4,0.32,12,0.75,0.12835212121409242,0.16802678431286475
n256_L32_S4,0.32,13,0.8125,0.13940384799191752,0.18249468787391973
n256_L32_S4,0.32,14,0.875,0.1506194443175784,0.19717711436540392
n256_L32_S4,0.32,15,0.9375,0.16266469385891116,0.2129456464904027
n256_L32_S4,0.32,16,1.0,0.17622153122485046,0.2306930102776493
n256_L32_S4,0.36,0,0.0,0.009783374398165682,0.012807493357360264
n256_L32_S4,0.36,1,0.0625,0.01952862478180876,0.025565078263619475
n256_L32_S4,0.36,2,0.125,0.028357439882053366,0.03712295044021179
n256_L32_S4,0.36,3,0.1875,0.03808951286029897,0.04986328470009617
n256_L32_S4,0.36,4,0.25,0.04821809978459903,0.06312269852532411
n256_L32_S4,0.36,5,0.3125,0.059015402539465835,0.07725753357122524
n256_L32_S4,0.36,6,0.375,0.07098472341166018,0.09292666687061986
n256_L32_S4,0.36,7,0.4375,0.08241354760435222,0.107888231661372
n256_L32_S4,0.36,8,0.5,0.09438418759215556,0.12355909182551819
n256_L32_S4,0.36,9,0.5625,0.10671986021727786,0.1397078191229675
n256_L32_S4,0.36,10,0.625,0.118615537779962,0.15528054537925204
n256_L32_S4,0.36,11,0.6875,0.13128738030153642,0.17186935536601988
n256_L32_S4,0.36,12,0.75,0.14348262657845967,0.18783424941242904
n256_L32_S4,0.36,13,0.8125,0.15633606488078763,0.2046607878823429
n256_L32_S4,0.36,14,0.875,0.1693782838016974,0.221734460563837
n256_L32_S4,0.36,15,0.9375,0.18335951954558416,0.240037407648341
n256_L32_S4,0.36,16,1.0,0.19907537719476592,0.2606111620867742
n256_L32_S4,0.4,0,0.0,0.007189878166087235,0.00941232678058984
n256_L32_S4,0.4,1,0.0625,0.017880997987034294,0.02340815690186118
n256_L32_S4,0.4,2,0.125,0.027654966477914773,0.0362033369110685
n256_L32_S4,0.4,3,0.1875,0.03841370809556001,0.05028769126506133
n256_L32_S4,0.4,4,0.25,0.04964202123633049,0.06498676544050551
n256_L32_S4,0.4,5,0.3125,0.06163737563026444,0.08068997943058812
n256_L32_S4,0.4,6,0.375,0.07493126335354396,0.09809311374601597
n256_L32_S4,0.4,7,0.4375,0.08763556492013302,0.11472441612717581
n256_L32_S4,0.4,8,0.5,0.10098130490162406,0.13219543064687478
n256_L32_S4,0.4,9,0.5625,0.11477389449537087,0.15025141955350693
n256_L32_S4,0.4,10,0.625,0.12811505518123145,0.16771643928081817
n256_L32_S4,0.4,11,0.6875,0.14231503900921824,0.1863057512247281
n256_L32_S4,0.4,12,0.75,0.15603687176630096,0.20426911179284618
n256_L32_S4,0.4,13,0.8125,0.17056086632592565,0.2232825887665585
n256_L32_S4,0.4,14,0.875,0.18530001201661905,0.24257772179981074
n256_L32_S4,0.4,15,0.9375,0.20108192881567802,0.2632379547975643
n256_L32_S4,0.4,16,1.0,0.21881104491556594,0.2864472819110965
n256_L32_S4,0.44,0,0.0,0.003921433851651098,0.005133580292681606
n256_L32_S4,0.44,1,0.0625,0.015208323944555568,0.019909338022778576
n256_L32_S4,0.44,2,0.125,0.025785425618661616,0.033755906079770887
n256_L32_S4,0.44,3,0.1875,0.037431729920270794,0.04900217581351657
n256_L32_S4,0.44,4,0.25,0.04961959914885077,0.06495741250717521
n256_L32_S4,0.44,5,0.3125,0.06266390273725285,0.08203381424348961
n256_L32_S4,0.44,6,0.375,0.07712122483005211,0.10096000975977906
n256_L32_S4,0.44,7,0.4375,0.09094770106264939,0.11906035993526565
n256_L32_S4,0.44,8,0.5,0.10550901370023916,0.1381226903021116
n256_L32_S4,0.44,9,0.5625,0.12059446146516226,0.15787117013932225
n256_L32_S4,0.44,10,0.625,0.13522440131867072,0.17702334094120029
n256_L32_S4,0.44,11,0.6875,0.15078981416528342,0.19740014689017224
n256_L32_S4,0.44,12,0.75,0.16588183360137068,0.21715722975445273
n256_L32_S4,0.44,13,0.8125,0.1819093540806476,0.23813898448641738
n256_L32_S4,0.44,14,0.875,0.19817943314870795,0.25943827459913954
n256_L32_S4,0.44,15,0.9375,0.2155878810042348,0.2822278123595891
n256_L32_S4,0.44,16,1.0,0.23514153359872456,0.3078256547321566
n256_L32_S4,0.48,0,0.0,0.0024417159335619124,0.003196469778925996
n256_L32_S4,0.48,1,0.0625,0.011686036834108501,0.015298283908543243
n256_L32_S4,0.48,2,0.125,0.02290108930842166,0.02997999843989589
n256_L32_S4,0.48,3,0.1875,0.035290254818591396,0.046198753699276146
n256_L32_S4,0.48,4,0.25,0.048292009363373266,0.06321945414364878
n256_L32_S4,0.48,5,0.3125,0.06223003339731872,0.08146583243445135
n256_L32_S4,0.48,6,0.375,0.07768221137627951,0.1016944017161702
n256_L32_S4,0.48,7,0.4375,0.09246992701518893,0.1210531180555321
n256_L32_S4,0.48,8,0.5,0.10807729224060506,0.14148484419778123
n256_L32_S4,0.48,9,0.5625,0.1242801649213875,0.16269615389356304
n256_L32_S4,0.48,10,0.625,0.1400285018165619,0.18331242717164944
n256_L32_S4,0.48,11,0.6875,0.1567820063042636,0.20524457335210997
n256_L32_S4,0.48,12,0.75,0.173071362081864,0.226569098758846
n256_L32_S4,0.48,13,0.8125,0.19041568125456218,0.24927468514976628
n256_L32_S4,0.48,14,0.875,0.2080303570812564,0.2723341975900485
n256_L32_S4,0.48,15,0.9375,0.22686914274819303,0.29699620197324605
n256_L32_S4,0.48,16,1.0,0.248033725478411,0.324702925818895
n256_L32_S4,0.52,0,0.0,0.006398500460395098,0.008376327922086028
n256_L32_S4,0.52,1,0.0625,0.007577232251016487,0.009919415098768475
n256_L32_S4,0.52,2,0.125,0.019193394469352167,0.025126225591194037
n256_L32_S4,0.52,3,0.1875,0.03218059116607892,0.04212786824071234
n256_L32_S4,0.52,4,0.25,0.04585309880482903,0.06002665690350557
n256_L32_S4,0.52,5,0.3125,0.06053274991283819,0.07924390510464199
n256_L32_S4,0.52,6,0.375,0.07681395804317484,0.10055776436144227
n256_L32_S4,0.52,7,0.4375,0.09240429009150551,0.1209671922358854
n256_L32_S4,0.52,8,0.5,0.10888922273413859,0.14254774887456828
n256_L32_S4,0.52,9,0.5625,0.12603431558880607,0.16499252650555105
n256_L32_S4,0.52,10,0.625,0.1427289839949451,0.18684764990295955
n256_L32_S4,0.52,11,0.6875,0.16049107454224928,0.21010014412827327
n256_L32_S4,0.52,12,0.75,0.1778011530810008,0.2327609058325388
n256_L32_S4,0.52,13,0.8125,0.19627011132485775,0.2569387661901994
n256_L32_S4,0.52,14,0.875,0.21503691301457625,0.2815065357754084
n256_L32_S4,0.52,15,0.9375,0.23510284476351445,0.3077750068697943
n256_L32_S4,0.52,16,1.0,0.2576561967033223,0.33729977955042023
n256_L32_S4,0.56,0,0.0,0.011546383976757462,0.015115463240533731
n256_L32_S4,0.56,1,0.0625,0.0036239463006495056,0.0047441369699294245
n256_L32_S4,0.56,2,0.125,0.01487655151082549,0.0194750120869389
n256_L32_S4,0.56,3,0.1875,0.02831503669838011,0.03706744009468848
n256_L32_S4,0.56,4,0.25,0.04252288571631047,0.05566704842140633
n256_L32_S4,0.56,5,0.3125,0.0578017859724738,0.07566877845590969
n256_L32_S4,0.56,6,0.375,0.07475639590365069,0.09786419337439588
n256_L32_S4,0.56,7,0.4375,0.09100036601539994,0.11912930404443159
n256_L32_S4,0.56,8,0.5,0.1082036638969574,0.14165027833976754
n256_L32_S4,0.56,9,0.5625,0.1261247274352346,0.16511088537391624
n256_L32_S4,0.56,10,0.625,0.14360118876375247,0.18798946011364234
n256_L32_S4,0.56,11,0.6875,0.16219980318141897,0.21233705440125641
n256_L32_S4,0.56,12,0.75,0.1803601490638173,0.2361109078581772
n256_L32_S4,0.56,13,0.8125,0.1997673958757507,0.26151708925455625
n256_L32_S4,0.56,14,0.875,0.21949902554798445,0.287347922837334
n256_L32_S4,0.56,15,0.9375,0.24059394898757494,0.3149634551507283
n256_L32_S4,0.56,16,1.0,0.2643185380220462,0.3460215036418566
n256_L32_S4,0.6,0,0.0,0.017034205850150107,0.02229961457006178
n256_L32_S4,0.6,1,0.0625,0.004221146075594868,0.005525935952503764
n256_L32_S4,0.6,2,0.125,0.010191650160029719,0.0133419704094728
n256_L32_S4,0.6,3,0.1875,0.023908371988995845,0.03129864022088066
n256_L32_S4,0.6,4,0.25,0.03852563442658138,0.050434214916587804
n256_L32_S4,0.6,5,0.3125,0.05427503014720954,0.07105187431151014
n256_L32_S4,0.6,6,0.375,0.07176231018770479,0.09394461191326586
n256_L32_S4,0.6,7,0.4375,0.08852529566464576,0.11588916973226349
n256_L32_S4,0.6,8,0.5,0.10630244891746775,0.13916138266535757
n256_L32_S4,0.6,9,0.5625,0.12484797881591361,0.16343948358599752
n256_L32_S4,0.6,10,0.625,0.1429554650167232,0.18714413801267915
n256_L32_S4,0.6,11,0.6875,0.16223254774035842,0.2123799205642017
n256_L32_S4,0.6,12,0.75,0.18108574804497712,0.23706079526441345
n256_L32_S4,0.6,13,0.8125,0.2012586113442243,0.26346925130310767
n256_L32_S4,0.6,14,0.875,0.22178094501974624,0.29033520179520567
n256_L32_S4,0.6,15,0.9375,0.24372031288375132,0.3190562030313039
n256_L32_S4,0.6,16,1.0,0.2684127235200418,0.3513812344908785
n256_L32_S4,0.64,0,0.0,0.02263739008179243,0.029634787681731705
n256_L32_S4,0.64,1,0.0625,0.00890496310718327,0.011657558139057993
n256_L32_S4,0.64,2,0.125,0.005531560264054113,0.00724140960515567
n256_L32_S4,0.64,3,0.1875,0.0191667710243117,0.025091372627213657
n256_L32_S4,0.64,4,0.25,0.03407387587996078,0.04460638234124395
n256_L32_S4,0.64,5,0.3125,0.05018012066957179,0.06569119569497163
n256_L32_S4,0.64,6,0.375,0.06807653052438574,0.08911952839571152
n256_L32_S4,0.64,7,0.4375,0.08524068106607925,0.11158925459659041
n256_L32_S4,0.64,8,0.5,0.10346477057067095,0.13544655533709554
n256_L32_S4,0.64,9,0.5625,0.12250119006071701,0.16036728373244358
n256_L32_S4,0.64,10,0.625,0.14110625263157298,0.18472331934876288
n256_L32_S4,0.64,11,0.6875,0.1609215365813115,0.21066366541259812
n256_L32_S4,0.64,12,0.75,0.18032729031311784,0.23606789220588922
n256_L32_S4,0.64,13,0.8125,0.20111149340535203,0.2632766580374131
n256_L32_S4,0.64,14,0.875,0.22226845191213743,0.2909734009514332
n256_L32_S4,0.64,15,0.9375,0.24488658803939672,0.3205829831279118
n256_L32_S4,0.64,16,1.0,0.27036344190608075,0.3539349354691379
n256_L32_S4,0.68,0,0.0,0.02821119452101369,0.036931499473108705
n256_L32_S4,0.68,1,0.0625,0.014118146770321041,0.018482178399819412
n256_L32_S4,0.68,2,0.125,0.0030686884562830747,0.004017244502778357
n256_L32_S4,0.68,3,0.1875,0.014288559167795626,0.01870526662683
n256_L32_S4,0.68,4,0.25,0.029358537267049317,0.03843349500148406
n256_L32_S4,0.68,5,0.3125,0.04572239619754469,0.05985555307915456
n256_L32_S4,0.68,6,0.375,0.063921974335238,0.08368076579399956
n256_L32_S4,0.68,7,0.4375,0.08138682963372244,0.1065441469873572
n256_L32_S4,0.68,8,0.5,0.09994943954860142,0.13084460749356627
n256_L32_S4,0.68,9,0.5625,0.11936220551205959,0.15625801405517106
n256_L32_S4,0.68,10,0.625,0.13835008960546416,0.18111520437615086
n256_L32_S4,0.68,11,0.6875,0.1585826206591114,0.20760177194743357
n256_L32_S4,0.68,12,0.75,0.1784194967126877,0.2335703844064019
n256_L32_S4,0.68,13,0.8125,0.19968127112088993,0.26140434265191265
n256_L32_S4,0.68,14,0.875,0.22133708094940296,0.28975413580497245
n256_L32_S4,0.68,15,0.9375,0.2444896704113157,0.32006337509921157
n256_L32_S4,0.68,16,1.0,0.27059052524128524,0.35423221207216193
n256_L32_S4,0.72,0,0.0,0.03364784957076118,0.04404866790621654
n256_L32_S4,0.72,1,0.0625,0.019354128616865984,0.025336643944085666
n256_L32_S4,0.72,2,0.125,0.006499293210451848,0.008508276514083484
n256_L32_S4,0.72,3,0.1875,0.009497870512664071,0.012433737946573981
n256_L32_S4,0.72,4,0.25,0.02454472485505984,0.032131694826925364
n256_L32_S4,0.72,5,0.3125,0.041078432126157874,0.05377610272026223
n256_L32_S4,0.72,6,0.375,0.059491785852136096,0.07788117076063154
n256_L32_S4,0.72,7,0.4375,0.07717362059587163,0.10102860147418928
n256_L32_S4,0.72,8,0.5,0.09598433419567427,0.12565385649068433
n256_L32_S4,0.72,9,0.5625,0.11567754824815284,0.1514343998796282
n256_L32_S4,0.72,10,0.625,0.13495198507604966,0.1766667186679629
n256_L32_S4,0.72,11,0.6875,0.1554999929009916,0.20356627939358257
n256_L32_S4,0.72,12,0.75,0.17566547717559106,0.2299650754923304
n256_L32_S4,0.72,13,0.8125,0.19729173796789454,0.2582761857667056
n256_L32_S4,0.72,14,0.875,0.2193312330253703,0.2871282643093727
n256_L32_S4,0.72,15,0.9375,0.24289571840247243,0.31797671982728015
n256_L32_S4,0.72,16,1.0,0.26948366573465143,0.3527832134749702
n256_L32_S4,0.76,0,0.0,0.038867595352310415,0.05088187868846314
n256_L32_S4,0.76,1,0.0625,0.024456758984413893,0.032016538004941364
n256_L32_S4,0.76,2,0.125,0.011235358605827092,0.014708297449872782
n256_L32_S4,0.76,3,0.1875,0.005268583566509606,0.006897144715571836
n256_L32_S4,0.76,4,0.25,0.019772905547795108,0.025884868160271864
n256_L32_S4,0.76,5,0.3125,0.03639395982885042,0.04764362272013546
n256_L32_S4,0.76,6,0.375,0.05494628415316387,0.07193061827780192
n256_L32_S4,0.76,7,0.4375,0.07277665188824801,0.09527249471352306
n256_L32_S4,0.76,8,0.5,0.09176164668006664,0.12012590262678102
n256_L32_S4,0.76,9,0.5625,0.11165670301742106,0.1461706793586977
n256_L32_S4,0.76,10,0.625,0.13113867210679525,0.17167468028369964
n256_L32_S4,0.76,11,0.6875,0.15191835300531467,0.19887752607540848
n256_L32_S4,0.76,12,0.75,0.17232775676143836,0.2255956391104414
n256_L32_S4,0.76,13,0.8125,0.19422498089026485,0.2542614696471074
n256_L32_S4,0.76,14,0.875,0.21655257912860967,0.28349070635883195
n256_L32_S4,0.76,15,0.9375,0.24042713217091846,0.31474507392720846
n256_L32_S4,0.76,16,1.0,0.26738781301462367,0.3500395159839702
n256_L32_S4,0.8,0,0.0,0.04381417707437948,0.057357488224465104
n256_L32_S4,0.8,1,0.0625,0.02934018373362245,0.038409468244673776
n256_L32_S4,0.8,2,0.125,0.015977337604716833,0.02091605993112968
n256_L32_S4,0.8,3,0.1875,0.0038133632734796037,0.004992104237925181
n256_L32_S4,0.8,4,0.25,0.015167081638715205,0.019855347391673658
n256_L32_S4,0.8,5,0.3125,0.03178491592482724,0.04160988663050707
n256_L32_S4,0.8,6,0.375,0.05041332353146709,0.06599648341913371
n256_L32_S4,0.8,7,0.4375,0.06833717536932066,0.089460740638469
n256_L32_S4,0.8,8,0.5,0.08743733340261524,0.1144649096685142
n256_L32_S4,0.8,9,0.5625,0.10747103574577509,0.14069118899106164
n256_L32_S4,0.8,10,0.625,0.12709694868949162,0.16638362796241576
n256_L32_S4,0.8,11,0.6875,0.1480406272494267,0.19380116439906178
n256_L32_S4,0.8,12,0.75,0.16862533359454052,0.2207487674497727
n256_L32_S4,0.8,13,0.8125,0.19071767788279437,0.24967003134143959
n256_L32_S4,0.8,14,0.875,0.21325556899958253,0.27917456413549213
n256_L32_S4,0.8,15,0.9375,0.23735720760562867,0.3107262112242828
n256_L32_S4,0.8,16,1.0,0.264596864669583,0.34638586327325044
n256_L32_S4,0.84,0,0.0,0.04845104534837984,0.0634276494184749
n256_L32_S4,0.84,1,0.0625,0.0339512770104668,0.04444588718458733
n256_L32_S4,0.84,2,0.125,0.02052705293392509,0.02687212851086637
n256_L32_S4,0.84,3,0.1875,0.006728253201521198,0.008808009862249304
n256_L32_S4,0.84,4,0.25,0.010859213314510658,0.014215882652700058
n256_L32_S4,0.84,5,0.3125,0.02734055882109456,0.03579174334300644
n256_L32_S4,0.84,6,0.375,0.04599081302300376,0.06020693968352649
n256_L32_S4,0.84,7,0.4375,0.06396446424035572,0.08373638966725665
n256_L32_S4,0.84,8,0.5,0.08313330291785698,0.10883046907573134
n256_L32_S4,0.84,9,0.5625,0.10325577045279975,0.13517295161793044
n256_L32_S4,0.84,10,0.625,0.12297541161195696,0.16098809094274122
n256_L32_S4,0.84,11,0.6875,0.14402943081659741,0.1885500751963261
n256_L32_S4,0.84,12,0.75,0.16473483924966031,0.21565569031186382
n256_L32_S4,0.84,13,0.8125,0.1869619044070384,0.24475331836646508
n256_L32_S4,0.84,14,0.875,0.20964785819572343,0.27445168118374025
n256_L32_S4,0.84,15,0.9375,0.2339101463540115,0.30621363588107825
n256_L32_S4,0.84,16,1.0,0.26135319189306333,0.3421395454029546
n256_L32_S4,0.88,0,0.0,0.05275776676720096,0.069065612734475
n256_L32_S4,0.88,1,0.0625,0.038258527889901875,0.05008454362169474
n256_L32_S4,0.88,2,0.125,0.024814298344701228,0.03248459562959216
n256_L32_S4,0.88,3,0.1875,0.01062787886749779,0.013913040885344058
n256_L32_S4,0.88,4,0.25,0.007076311097951517,0.009263655227037131
n256_L32_S4,0.88,5,0.3125,0.02312791818502956,0.030276941929144128
n256_L32_S4,0.88,6,0.375,0.041750398943986966,0.0546557798342574
n256_L32_S4,0.88,7,0.4375,0.05973952472095085,0.07820548768724327
n256_L32_S4,0.88,8,0.5,0.07894115323696606,0.10334249253451493
n256_L32_S4,0.88,9,0.5625,0.09911373220651956,0.12975057635494222
n256_L32_S4,0.88,10,0.625,0.11888818430839676,0.15563746912148255
n256_L32_S4,0.88,11,0.6875,0.14001076406603494,0.18328920654113864
n256_L32_S4,0.88,12,0.75,0.1607941818793773,0.21049694435780983
n256_L32_S4,0.88,13,0.8125,0.18310870422362863,0.23970906331241618
n256_L32_S4,0.88,14,0.875,0.2058937861431223,0.269537195555371
n256_L32_S4,0.88,15,0.9375,0.23026442447496293,0.30144099232800603
n256_L32_S4,0.88,16,1.0,0.2578508634379466,0.33755461932339953
n256_L32_S4,0.92,0,0.0,0.05672669029102683,0.07426136213529537
n256_L32_S4,0.92,1,0.0625,0.042246290045116264,0.05530495482493121
n256_L32_S4,0.92,2,0.125,0.028806899382515558,0.037711341452585936
n256_L32_S4,0.92,3,0.1875,0.014489860602602387,0.01896879193866904
n256_L32_S4,0.92,4,0.25,0.004516734266342399,0.005912892807617368
n256_L32_S4,0.92,5,0.3125,0.019197283574534676,0.02513131684976842
n256_L32_S4,0.92,6,0.375,0.03774159064997002,0.049407816963064496
n256_L32_S4,0.92,7,0.4375,0.05571935927242813,0.07294265707461767
n256_L32_S4,0.92,8,0.5,0.07492658514036293,0.09808698945987483
n256_L32_S4,0.92,9,0.5625,0.09511989881451871,0.12452221724726616
n256_L32_S4,0.92,10,0.625,0.11491959385912853,0.1504421557512188
n256_L32_S4,0.92,11,0.6875,0.13607880770909553,0.17814185115296358
n256_L32_S4,0.92,12,0.75,0.15690744492645867,0.20540878605164858
n256_L32_S4,0.92,13,0.8125,0.17927309376804343,0.23468783511117924
n256_L32_S4,0.92,14,0.875,0.2021194709214264,0.2645962094330861
n256_L32_S4,0.92,15,0.9375,0.226557975467459,0.29658885040733074
n256_L32_S4,0.92,16,1.0,0.2542409044856727,0.3328287933026495
n256_L32_S4,0.96,0,0.0,0.06035996844628922,0.07901771551043452
n256_L32_S4,0.96,1,0.0625,0.045910770475268405,0.06010215534668062
n256_L32_S4,0.96,2,0.125,0.03249189161093725,0.04253539413284356
n256_L32_S4,0.96,3,0.1875,0.01813185526322888,0.02373655616041455
n256_L32_S4,0.96,4,0.25,0.004712580752493526,0.0061692770027181095
n256_L32_S4,0.96,5,0.3125,0.015589090881959105,0.020407803053659183
n256_L32_S4,0.96,6,0.375,0.03399585429182226,0.04450424365870491
n256_L32_S4,0.96,7,0.4375,0.051941253084181946,0.06799670816782359
n256_L32_S4,0.96,8,0.5,0.07113390359674486,0.09312195983925857
n256_L32_S4,0.96,9,0.5625,0.09132611088480753,0.11955573924780213
n256_L32_S4,0.96,10,0.625,0.11112908169511768,0.14547996608272726
n256_L32_S4,0.96,11,0.6875,0.1323010337463163,0.17319633716517474
n256_L32_S4,0.96,12,0.75,0.15315018875437783,0.2004901320671043
n256_L32_S4,0.96,13,0.8125,0.17553956901842832,0.22980024812082536
n256_L32_S4,0.96,14,0.875,0.19841851085541795,0.2597512531294465
n256_L32_S4,0.96,15,0.9375,0.22289409343316127,0.291792433250361
n256_L32_S4,0.96,16,1.0,0.2506374040954957,0.32811142223698825
n256_L32_S4,1.0,0,0.0,0.06366699252530734,0.08334696707547697
n256_L32_S4,1.0,1,0.0625,0.0492569054660346,0.06448260731784344
n256_L32_S4,1.0,2,0.125,0.03586836771406998,0.046955565895897645
n256_L32_S4,1.0,3,0.1875,0.02150499141089169,0.028152355561157427
n256_L32_S4,1.0,4,0.25,0.006990885917787314,0.009151824443201497
n256_L32_S4,1.0,5,0.3125,0.012343778909177226,0.0161593392984789
n256_L32_S4,1.0,6,0.375,0.030530392039618867,0.03996757941905367
n256_L32_S4,1.0,7,0.4375,0.048426765669617684,0.0633958646975995
n256_L32_S4,1.0,8,0.5,0.06759024816686099,0.08848293228783206
n256_L32_S4,1.0,9,0.5625,0.08776553802497669,0.11489456495407063
n256_L32_S4,1.0,10,0.625,0.10755590094508977,0.14080228669950645
n256_L32_S4,1.0,11,0.6875,0.12872313800265364,0.16851248534622784
n256_L32_S4,1.0,12,0.75,0.14957461242914746,0.1958093166173032
n256_L32_S4,1.0,13,0.8125,0.17196751724638715,0.22512404669168024
n256_L32_S4,1.0,14,0.875,0.19485763958793345,0.2550896881878786
n256_L32_S4,1.0,15,0.9375,0.21934734326262903,0.28714935434929956
n256_L32_S4,1.0,16,1.0,0.24712369230199585,0.32351159413847813
n256_L32_S4,1.04,0,0.0,0.06666225474604212,0.08726808870839796
n256_L32_S4,1.04,1,0.0625,0.05229586194004631,0.06846092944579037
n256_L32_S4,1.04,2,0.125,0.0389435118502703,0.05098126158068053
n256_L32_S4,1.04,3,0.1875,0.02459729694347825,0.03220051736665435
n256_L32_S4,1.04,4,0.25,0.009708992901105726,0.01271011994704853
n256_L32_S4,1.04,5,0.3125,0.009518781434833843,0.012461112601359332
n256_L32_S4,1.04,6,0.375,0.027351463518998666,0.035806018769897696
n256_L32_S4,1.04,7,0.4375,0.045185262508512604,0.059152387088125674
n256_L32_S4,1.04,8,0.5,0.06430936114779033,0.08418789695617028
n256_L32_S4,1.04,9,0.5625,0.0844566823672999,0.11056291565481607
n256_L32_S4,1.04,10,0.625,0.10422335298552153,0.13643962161911688
n256_L32_S4,1.04,11,0.6875,0.1253735163907572,0.16412746901156955
n256_L32_S4,1.04,12,0.75,0.14621426620120262,0.19141026060234545
n256_L32_S4,1.04,13,0.8125,0.1685961885293742,0.22071061341279877
n256_L32_S4,1.04,14,0.875,0.19148195288987607,0.2506705498412969
n256_L32_S4,1.04,15,0.9375,0.21596905665774144,0.28272681244397607
n256_L32_S4,1.04,16,1.0,0.24375812186998563,0.31910569907636327
n256_L32_S4,1.08,0,0.0,0.06936361659958903,0.09080446302947222
n256_L32_S4,1.08,1,0.0625,0.055043046528181955,0.07205729067373097
n256_L32_S4,1.08,2,0.125,0.04172993790962484,0.05462899413118477
n256_L32_S4,1.08,3,0.1875,0.027411943907658044,0.035885194128468335
n256_L32_S4,1.08,4,0.25,0.012368781257611988,0.016192070071979363
n256_L32_S4,1.08,5,0.3125,0.0072211678687423494,0.00945328837958418
n256_L32_S4,1.08,6,0.375,0.024457199440864864,0.03201711460998993
n256_L32_S4,1.08,7,0.4375,0.04221692513789951,0.05526651299097782
n256_L32_S4,1.08,8,0.5,0.06129481653614933,0.08024153259171365
n256_L32_S4,1.08,9,0.5625,0.08140682645557397,0.10657032498613436
n256_L32_S4,1.08,10,0.625,0.10114245355102858,0.13240639162749337
n256_L32_S4,1.08,11,0.6875,0.12226715723825417,0.1600609095002912
n256_L32_S4,1.08,12,0.75,0.14308816816211986,0.18731786075740892
n256_L32_S4,1.08,13,0.8125,0.16544905914861305,0.21659068127093892
n256_L32_S4,1.08,14,0.875,0.18831951711989953,0.24653057998338704
n256_L32_S4,1.08,15,0.9375,0.21279219987356246,0.2785679639214984
n256_L32_S4,1.08,16,1.0,0.24057921360889337,0.3149441649491167
n256_L32_S4,1.12,0,0.0,0.07179094273938426,0.09398209501475156
n256_L32_S4,1.12,1,0.0625,0.05751654225584404,0.07529536363426602
n256_L32_S4,1.12,2,0.125,0.044243758608314324,0.05791985683251375
n256_L32_S4,1.12,3,0.1875,0.02995975052987814,0.03922054807301741
n256_L32_S4,1.12,4,0.25,0.01484818110035483,0.019437872156597823
n256_L32_S4,1.12,5,0.3125,0.0056559484110619476,0.007404247119258768
n256_L32_S4,1.12,6,0.375,0.02183991489046513,0.02859080655621135
n256_L32_S4,1.12,7,0.4375,0.039515242805047354,0.05172971912789218
n256_L32_S4,1.12,8,0.5,0.05854270510735398,0.07663872159741905
n256_L32_S4,1.12,9,0.5625,0.07861491276448813,0.10291540853321712
n256_L32_S4,1.12,10,0.625,0.09831500724669706,0.12870495914752936
n256_L32_S4,1.12,11,0.6875,0.1194089191438061,0.15631916724260336
n256_L32_S4,1.12,12,0.75,0.1402042845709982,0.18354254577573798
n256_L32_S4,1.12,13,0.8125,0.1625375350203541,0.21277918184192163
n256_L32_S4,1.12,14,0.875,0.18538529543780838,0.24268936700584312
n256_L32_S4,1.12,15,0.9375,0.2098355361620035,0.27469737190440874
n256_L32_S4,1.12,16,1.0,0.2376100732420115,0.31105723964315685
n256_L32_S4,1.16,0,0.0,0.07396505074277074,0.09682823712056494
n256_L32_S4,1.16,1,0.0625,0.05973590435871638,0.07820074824220292
n256_L32_S4,1.16,2,0.125,0.046503151254324075,0.060877645743348446
n256_L32_S4,1.16,3,0.1875,0.03225569224215795,0.04222618365764998
n256_L32_S4,1.16,4,0.25,0.017116351005407506,0.02240715144716379
n256_L32_S4,1.16,5,0.3125,0.005082625808326744,0.006653705933026301
n256_L32_S4,1.16,6,0.375,0.019487961456662102,0.025511845580752746
n256_L32_S4,1.16,7,0.4375,0.03706902547155717,0.04852735653046268
n256_L32_S4,1.16,8,0.5,0.05604381251233538,0.0733674013955204
n256_L32_S4,1.16,9,0.5625,0.07607388897430349,0.09958893404811656
n256_L32_S4,1.16,10,0.625,0.0957361215068291,0.12532891928249643
n256_L32_S4,1.16,11,0.6875,0.11679622169556958,0.15289886420080676
n256_L32_S4,1.16,12,0.75,0.137562397065379,0.18008402979729857
n256_L32_S4,1.16,13,0.8125,0.1598640136118822,0.20927925366926742
n256_L32_S4,1.16,14,0.875,0.1826844049367549,0.23915360973607272
n256_L32_S4,1.16,15,0.9375,0.2071070902308491,0.2711255416015913
n256_L32_S4,1.16,16,1.0,0.23486208021254007,0.3074598200782237
n256_L32_S4,1.2,0,0.0,0.07590692539500506,0.09937036069645308
n256_L32_S4,1.2,1,0.0625,0.06172125323570326,0.08079978427202303
n256_L32_S4,1.2,2,0.125,0.04852729350957528,0.06352746649367592
n256_L32_S4,1.2,3,0.1875,0.03431693374479595,0.0449245713282579
n256_L32_S4,1.2,4,0.25,0.019170948399910525,0.025096841262886353
n256_L32_S4,1.2,5,0.3125,0.0054829730040417655,0.0071778036360355315
n256_L32_S4,1.2,6,0.375,0.017387171662612888,0.02276168492682334
n256_L32_S4,1.2,7,0.4375,0.03486399560148082,0.04564073436264717
n256_L32_S4,1.2,8,0.5,0.05378534801505213,0.07041082753157704
n256_L32_S4,1.2,9,0.5625,0.07377257705271287,0.09657626827969702
n256_L32_S4,1.2,10,0.625,0.09339621821100422,0.12226573323865439
n256_L32_S4,1.2,11,0.6875,0.11442120702897156,0.1497897135817943
n256_L32_S4,1.2,12,0.75,0.13515641422707672,0.17693433849802082
n256_L32_S4,1.2,13,0.8125,0.15742436111813746,0.20608548515584307
n256_L32_S4,1.2,14,0.875,0.1802147604061047,0.23592057840822395
n256_L32_S4,1.2,15,0.9375,0.20460696913637222,0.26785261316126574
n256_L32_S4,1.2,16,1.0,0.2323379010074573,0.3041553969736611
n256_L32_S4,1.24,0,0.0,0.07763714890512138,0.101635410076217
n256_L32_S4,1.24,1,0.0625,0.06349260892604112,0.08311868011656702
n256_L32_S4,1.24,2,0.125,0.05033558460730889,0.06589471477426297
n256_L32_S4,1.24,3,0.1875,0.03616159432730638,0.047339431191079494
n256_L32_S4,1.24,4,0.25,0.021020498497050306,0.02751810202825828
n256_L32_S4,1.24,5,0.3125,0.006459320166812538,0.008455947484236693
n256_L32_S4,1.24,6,0.375,0.015521952422332168,0.02031991156134784
n256_L32_S4,1.24,7,0.4375,0.032884021671998234,0.04304873471942088
n256_L32_S4,1.24,8,0.5,0.0517522888149197,0.06774933353767466
n256_L32_S4,1.24,9,0.5625,0.07169713329553841,0.09385928832454264
n256_L32_S4,1.24,10,0.625,0.0912826120495005,0.11949879457599726
n256_L32_S4,1.24,11,0.6875,0.11227244304043922,0.14697674952771264
n256_L32_S4,1.24,12,0.75,0.13297619986871395,0.17408020251426576
n256_L32_S4,1.24,13,0.8125,0.1552098788931037,0.20318648883485693
n256_L32_S4,1.24,14,0.875,0.17796918010004367,0.2329808713416429
n256_L32_S4,1.24,15,0.9375,0.20232961634251947,0.2648713124778223
n256_L32_S4,1.24,16,1.0,0.23003390489366396,0.30113921730784715
n256_L32_S4,1.28,0,0.0,0.07917550355931541,0.10364928240829788
n256_L32_S4,1.28,1,0.0625,0.0650694184475745,0.08518289402180686
n256_L32_S4,1.28,2,0.125,0.05194708862218787,0.06800434751711207
n256_L32_S4,1.28,3,0.1875,0.037807934972827674,0.04949466884460521
n256_L32_S4,1.28,4,0.25,0.022678059967415454,0.029688028952970298
n256_L32_S4,1.28,5,0.3125,0.0076449264432424,0.010008034105052015
n256_L32_S4,1.28,6,0.375,0.013876081244948362,0.01816528849230061
n256_L32_S4,1.28,7,0.4375,0.031112054656550956,0.04072903858430644
n256_L32_S4,1.28,8,0.5,0.04992840419030057,0.06536167164682638
n256_L32_S4,1.28,9,0.5625,0.06983216659571215,0.09141784556178777
n256_L32_S4,1.28,10,0.625,0.08938072567806858,0.11700901997704749
n256_L32_S4,1.28,11,0.6875,0.11033624098002412,0.14444205198696197
n256_L32_S4,1.28,12,0.75,0.131008993340299,0.1715049167774801
n256_L32_S4,1.28,13,0.8125,0.15320883723283682,0.20056690925743892
n256_L32_S4,1.28,14,0.875,0.175937034249501,0.23032057302096406
n256_L32_S4,1.28,15,0.9375,0.2002655824198518,0.26216926922790956
n256_L32_S4,1.28,16,1.0,0.2279420682892676,0.29840077734581194
n256_L32_S4,1.32,0,0.0,0.08054070935184854,0.10543648418630364
n256_L32_S4,1.32,1,0.0625,0.06647023448896099,0.08701671346025183
n256_L32_S4,1.32,2,0.125,0.053380149805812016,0.06988037932811976
n256_L32_S4,1.32,3,0.1875,0.03927381738432805,0.05141366718647408
n256_L32_S4,1.32,4,0.25,0.02415848485479289,0.031626064965852754
n256_L32_S4,1.32,5,0.3125,0.008852819225259554,0.011589296167862228
n256_L32_S4,1.32,6,0.375,0.012433253178565975,0.01627647077727275
n256_L32_S4,1.32,7,0.4375,0.029530823209832323,0.038659035901582255
n256_L32_S4,1.32,8,0.5,0.04829701861463228,0.0632260117943748
n256_L32_S4,1.32,9,0.5625,0.06816157734671693,0.08923086386829403
n256_L32_S4,1.32,10,0.625,0.08767500708211069,0.11477605017561043
n256_L32_S4,1.32,11,0.6875,0.10859765585982535,0.14216605635683194
n256_L32_S4,1.32,12,0.75,0.12924049325059403,0.16918975922247184
n256_L32_S4,1.32,13,0.8125,0.15140765114641153,0.19820896220375292
n256_L32_S4,1.32,14,0.875,0.17410551410206268,0.22792291540636989
n256_L32_S4,1.32,15,0.9375,0.1984028934715119,0.2597308082877697
n256_L32_S4,1.32,16,1.0,0.22605145229113185,0.2959257568823221
n256_L32_S4,1.36,0,0.0,0.08175026524332622,0.1070199234389567
n256_L32_S4,1.36,1,0.0625,0.06771251084464533,0.08864298733324356
n256_L32_S4,1.36,2,0.125,0.054652139968103336,0.07154555178203588
n256_L32_S4,1.36,3,0.1875,0.04057635003154702,0.053118823050705304
n256_L32_S4,1.36,4,0.25,0.025477068972345106,0.03335223393776056
n256_L32_S4,1.36,5,0.3125,0.010003975083108343,0.013096283471286803
n256_L32_S4,1.36,6,0.375,0.011177420800505884,0.014632450607403936
n256_L32_S4,1.36,7,0.4375,0.02812333610526242,0.0368164833211833
n256_L32_S4,1.36,8,0.5,0.04684156589463837,0.06132066704473823
n256_L32_S4,1.36,9,0.5625,0.06666917214863265,0.08727714433523208
n256_L32_S4,1.36,10,0.625,0.086149607239522,0.11277913709059796
n256_L32_S4,1.36,11,0.6875,0.10704123075217402,0.1401285278501839
n256_L32_S4,1.36,12,0.75,0.12765566863465896,0.16711505269330384
n256_L32_S4,1.36,13,0.8125,0.14979176540163966,0.19609359330339693
n256_L32_S4,1.36,14,0.875,0.17246059198179003,0.2257695347555469
n256_L32_S4,1.36,15,0.9375,0.19672809115990902,0.2575383112404557
n256_L32_S4,1.36,16,1.0,0.22434933080141123,0.2936974960813142
n256_L32_S4,1.4000000000000001,0,0.0,0.08282036839583065,0.10842080400016268
n256_L32_S4,1.4000000000000001,1,0.0625,0.06881248628873522,0.09008297394932176
n256_L32_S4,1.4000000000000001,2,0.125,0.05577930587181557,0.07302113364540033
n256_L32_S4,1.4000000000000001,3,0.1875,0.04173166699337747,0.054631257688498934
n256_L32_S4,1.4000000000000001,4,0.25,0.026648832268886476,0.034886198603332995
n256_L32_S4,1.4000000000000001,5,0.3125,0.011067788818584444,0.014488930506560575
n256_L32_S4,1.4000000000000001,6,0.375,0.010092966180263221,0.013212782425460427
n256_L32_S4,1.4000000000000001,7,0.4375,0.026873232964448688,0.035179963341431836
n256_L32_S4,1.4000000000000001,8,0.5,0.04554597870355108,0.05962460353245532
n256_L32_S4,1.4000000000000001,9,0.5625,0.06533910148485178,0.08553593823415645
n256_L32_S4,1.4000000000000001,10,0.625,0.08478886790641017,0.11099778239019968
n256_L32_S4,1.4000000000000001,11,0.6875,0.10565153755881805,0.13830926942069843
n256_L32_S4,1.4000000000000001,12,0.75,0.12623935289840382,0.16526094248083834
n256_L32_S4,1.4000000000000001,13,0.8125,0.1483463072107988,0.19420133247148935
n256_L32_S4,1.4000000000000001,14,0.875,0.17098773374555742,0.2238414043059528
n256_L32_S4,1.4000000000000001,15,0.9375,0.19522700889922054,0.2555732324956186
n256_L32_S4,1.4000000000000001,16,1.0,0.2228220372119973,0.29169810387724754
n256_L32_S4,1.44,0,0.0,0.08376589078756909,0.10965859489506045
n256_L32_S4,1.44,1,0.0625,0.06978513413043987,0.09135627498684708
n256_L32_S4,1.44,2,0.125,0.05677669117191079,0.0743268186867592
n256_L32_S4,1.44,3,0.1875,0.04275480218256823,0.05597065211479208
n256_L32_S4,1.44,4,0.25,0.027688122625511385,0.036246741888003545
n256_L32_S4,1.44,5,0.3125,0.012034909639830806,0.015754996077576643
n256_L32_S4,1.44,6,0.375,0.009164744263432315,0.01199763972007679
n256_L32_S4,1.44,7,0.4375,0.02576501722028183,0.03372918928288203
n256_L32_S4,1.44,8,0.5,0.04439495045584937,0.058117783284490805
n256_L32_S4,1.44,9,0.5625,0.06415615971163324,0.08398733973572006
n256_L32_S4,1.44,10,0.625,0.08357766118953969,0.10941218202887472
n256_L32_S4,1.44,11,0.6875,0.10441355835580458,0.13668862098449855
n256_L32_S4,1.44,12,0.75,0.12497666708951218,0.16360795043007464
n256_L32_S4,1.44,13,0.8125,0.14705655580783789,0.1925129086359296
n256_L32_S4,1.44,14,0.875,0.16967241558312948,0.22211951082191425
n256_L32_S4,1.44,15,0.9375,0.1938853390219616,0.2538168417717814
n256_L32_S4,1.44,16,1.0,0.2214555875173121,0.28990927369702574
n256_L32_S4,1.48,0,0.0,0.08460039693583228,0.11075105354128799
n256_L32_S4,1.48,1,0.0625,0.07064415942807037,0.09248083184682679
n256_L32_S4,1.48,2,0.125,0.05765811283937581,0.075480694812895
n256_L32_S4,1.48,3,0.1875,0.04365963196458499,0.057155171990152694
n256_L32_S4,1.48,4,0.25,0.028608402008491025,0.03745148695905359
n256_L32_S4,1.48,5,0.3125,0.012905610039093525,0.01689483690610499
n256_L32_S4,1.48,6,0.375,0.008378041770033446,0.010967761219228055
n256_L32_S4,1.48,7,0.4375,0.024784198934874303,0.03244519225242088
n256_L32_S4,1.48,8,0.5,0.043374099718796126,0.05678137945268845
n256_L32_S4,1.48,9,0.5625,0.06310597954572093,0.08261254051496499
n256_L32_S4,1.48,10,0.625,0.0825016150677551,0.10800352147924336
n256_L32_S4,1.48,11,0.6875,0.10331294357676062,0.13524779740993914
n256_L32_S4,1.48,12,0.75,0.12385331086680118,0.1621373558504562
n256_L32_S4,1.48,13,0.8125,0.145908269622746,0.19100967804397043
n256_L32_S4,1.48,14,0.875,0.1685004882033876,0.22058533135371694
n256_L32_S4,1.48,15,0.9375,0.19268903644624566,0.2522507525403657
n256_L32_S4,1.48,16,1.0,0.22023612805171122,0.2883128695965978
n256_L32_S4,1.52,0,0.0,0.08533619006684141,0.11171428619029686
n256_L32_S4,1.52,1,0.0625,0.07140202978699715,0.09347296597076617
n256_L32_S4,1.52,2,0.125,0.058436176433744304,0.07649926406220706
n256_L32_S4,1.52,3,0.1875,0.04445886625149486,0.05820145596171284
n256_L32_S4,1.52,4,0.25,0.02942214227036529,0.0385167608179918
n256_L32_S4,1.52,5,0.3125,0.013684579959642278,0.01791459263423926
n256_L32_S4,1.52,6,0.375,0.007718502214137627,0.010104352732823221
n256_L32_S4,1.52,7,0.4375,0.023917369675875464,0.03131041916444883
n256_L32_S4,1.52,8,0.5,0.042470061457993966,0.055597895764054994
n256_L32_S4,1.52,9,0.5625,0.06217514696467119,0.08139398016825636
n256_L32_S4,1.52,10,0.625,0.08154725243123559,0.10675415774948278
n256_L32_S4,1.52,11,0.6875,0.10233617637490314,0.1339691036852236
n256_L32_S4,1.52,12,0.75,0.1228557522900553,0.16083144397125365
n256_L32_S4,1.52,13,0.8125,0.14488790414698027,0.18967390947158505
n256_L32_S4,1.52,14,0.875,0.16745842348045026,0.21922115612400667
n256_L32_S4,1.52,15,0.9375,0.19162459602504048,0.25085728510581196
n256_L32_S4,1.52,16,1.0,0.21915024730457952,0.28689133446058357
n256_L32_S4,1.56,0,0.0,0.08598437702370694,0.11256283289887824
n256_L32_S4,1.56,1,0.0625,0.07207002889946232,0.09434744893006335
n256_L32_S4,1.56,2,0.125,0.05912231817344612,0.07739749767934086
n256_L32_S4,1.56,3,0.1875,0.04516407322809231,0.059124648032337204
n256_L32_S4,1.56,4,0.25,0.030140789457715852,0.039457547575575534
n256_L32_S4,1.56,5,0.3125,0.014378450881439216,0.018822944585223156
n256_L32_S4,1.56,6,0.375,0.007172070741520397,0.009389014939238431
n256_L32_S4,1.56,7,0.4375,0.0231522271258377,0.030308764957197015
n256_L32_S4,1.56,8,0.5,0.041670524402757994,0.05455121543606734
n256_L32_S4,1.56,9,0.5625,0.0613512571021051,0.08031541938620246
n256_L32_S4,1.56,10,0.625,0.08070206558821452,0.1056477169206671
n256_L32_S4,1.56,11,0.6875,0.10147066658549807,0.13283605792540742
n256_L32_S4,1.56,12,0.75,0.12197134133327502,0.15967365454266305
n256_L32_S4,1.56,13,0.8125,0.14398274703222888,0.18848896108233407
n256_L32_S4,1.56,14,0.875,0.16653347175138947,0.21801029444748266
n256_L32_S4,1.56,15,0.9375,0.19067923352654068,0.24961970352842658
n256_L32_S4,1.56,16,1.0,0.21818518366158893,0.28562796195800927
n256_L32_S4,1.6,0,0.0,0.0865549445800537,0.11330976743193735
n256_L32_S4,1.6,1,0.0625,0.07265832459013104,0.09511759150498268
n256_L32_S4,1.6,2,0.125,0.05972686462725598,0.07818891425773913
n256_L32_S4,1.6,3,0.1875,0.045785726636162816,0.059938459460829215
n256_L32_S4,1.6,4,0.25,0.030774771590510692,0.04028749863581273
n256_L32_S4,1.6,5,0.3125,0.014994556285055678,0.019629493076889905
n256_L32_S4,1.6,6,0.375,0.006725005328420259,0.008803758045700851
n256_L32_S4,1.6,7,0.4375,0.022477563374131194,0.029425557265579598
n256_L32_S4,1.6,8,0.5,0.040964229646468675,0.05362659934438328
n256_L32_S4,1.6,9,0.5625,0.06062292728484786,0.07936195702067768
n256_L32_S4,1.6,10,0.625,0.07995454350692756,0.10466912980941866
n256_L32_S4,1.6,11,0.6875,0.10070479276595443,0.1318334464074203
n256_L32_S4,1.6,12,0.75,0.12118836681497601,0.15864865636371397
n256_L32_S4,1.6,13,0.8125,0.1431809914619849,0.1874393764786771
n256_L32_S4,1.6,14,0.875,0.16571375216136758,0.21693719300243605
n256_L32_S4,1.6,15,0.9375,0.18984099408768876,0.24852235760175057
n256_L32_S4,1.6,16,1.0,0.2173289544808071,0.28450706551686955
n256_L32_S4,1.6400000000000001,0,0.0,0.08705684171316025,0.11396680496691562
n256_L32_S4,1.6400000000000001,1,0.0625,0.07317604520475725,0.09579534368566554
n256_L32_S4,1.6400000000000001,2,0.125,0.06025910313117641,0.07888567192294413
n256_L32_S4,1.6400000000000001,3,0.1875,0.046333267389926866,0.06065524942319966
n256_L32_S4,1.6400000000000001,4,0.25,0.03133353385371802,0.04101897876558402
n256_L32_S4,1.6400000000000001,5,0.3125,0.015540290530326087,0.020343918124600974
n256_L32_S4,1.6400000000000001,6,0.375,0.006363979442304291,0.008331136182314706
n256_L32_S4,1.6400000000000001,7,0.4375,0.02188322780655853,0.028647507839692655
n256_L32_S4,1.6400000000000001,8,0.5,0.04034094218284368,0.05281064876074828
n256_L32_S4,1.6400000000000001,9,0.5625,0.059979779732895894,0.0785200074372117
n256_L32_S4,1.6400000000000001,10,0.625,0.0792941652266759,0.10380462334227845
n256_L32_S4,1.6400000000000001,11,0.6875,0.10002790673212604,0.1309473295085748
n256_L32_S4,1.6400000000000001,12,0.75,0.12049607215336418,0.15774236790749463
n256_L32_S4,1.6400000000000001,13,0.8125,0.1424717642977009,0.18651092154832813
n256_L32_S4,1.6400000000000001,14,0.875,0.16498829366192352,0.21598748950193297
n256_L32_S4,1.6400000000000001,15,0.9375,0.18909880692427,0.24755075447398045
n256_L32_S4,1.6400000000000001,16,1.0,0.2165704265657039,0.28351407058090167
n256_L32_S4,1.68,0,0.0,0.08749806386957121,0.114544412406575
n256_L32_S4,1.68,1,0.0625,0.07363135980990206,0.09639139966222049
n256_L32_S4,1.68,2,0.125,0.06072735782766307,0.07949866787615328
n256_L32_S4,1.68,3,0.1875,0.046815173463292205,0.061286116502625276
n256_L32_S4,1.68,4,0.25,0.0318255905306903,0.04166313408104949
n256_L32_S4,1.68,5,0.3125,0.0160227749178942,0.0209755422797562
n256_L32_S4,1.68,6,0.375,0.006076269140974024,0.00795449233499119
n256_L32_S4,1.68,7,0.4375,0.021360073050305895,0.02796264178091918
n256_L32_S4,1.68,8,0.5,0.03979140432239291,0.05209124437010564
n256_L32_S4,1.68,9,0.5625,0.05941240352012252,0.0777772507174462
n256_L32_S4,1.68,10,0.625,0.07871136977597518,0.1030416811753152
n256_L32_S4,1.68,11,0.6875,0.09943031172442193,0.13016501312364764
n256_L32_S4,1.68,12,0.75,0.11988464187803985,0.15694193966351638
n256_L32_S4,1.68,13,0.8125,0.14184512181295375,0.18569057887981658
n256_L32_S4,1.68,14,0.875,0.16434704036687658,0.2151480197052707
n256_L32_S4,1.68,15,0.9375,0.18844250095283988,0.24669157909875786
n256_L32_S4,1.68,16,1.0,0.21589934372499786,0.2826355506883999
n256_L32_S4,1.72,0,0.0,0.08788573640265283,0.1150519176077666
n256_L32_S4,1.72,1,0.0625,0.07403155893993693,0.09691530353126837
n256_L32_S4,1.72,2,0.125,0.06113906761947818,0.08003764044422969
n256_L32_S4,1.72,3,0.1875,0.04723903364257432,0.061840995239722675
n256_L32_S4,1.72,4,0.25,0.03225858644125562,0.04222997247674345
n256_L32_S4,1.72,5,0.3125,0.01644868916671711,0.021533110015651828
n256_L32_S4,1.72,6,0.375,0.005849986610437259,0.0076582640717367785
n256_L32_S4,1.72,7,0.4375,0.020899890448879764,0.027360213071654718
n256_L32_S4,1.72,8,0.5,0.03930727773424285,0.05145747039708709
n256_L32_S4,1.72,9,0.5625,0.0589123030649868,0.0771225652279116
n256_L32_S4,1.72,10,0.625,0.07819751046438804,0.1023689838571993
n256_L32_S4,1.72,11,0.6875,0.09890322270902319,0.12947499669488632
n256_L32_S4,1.72,12,0.75,0.11934516804285157,0.15623571016851323
n256_L32_S4,1.72,13,0.8125,0.1412920228661698,0.18496651264268815
n256_L32_S4,1.72,14,0.875,0.16378083183046493,0.21440679159993187
n256_L32_S4,1.72,15,0.9375,0.18786279265124062,0.24593267834327506
n256_L32_S4,1.72,16,1.0,0.21530632357742552,0.2818592232893138
n256_L32_S4,1.76,0,0.0,0.08822619524028505,0.11549761498414901
n256_L32_S4,1.76,1,0.0625,0.07438313360370724,0.09737555272419496
n256_L32_S4,1.76,2,0.125,0.06150086340630693,0.08051127019077182
n256_L32_S4,1.76,3,0.1875,0.04761162199656903,0.06232875362191356
n256_L32_S4,1.76,4,0.25,0.032639362934826936,0.042728450017679415
n256_L32_S4,1.76,5,0.3125,0.016824195179763683,0.022024687928549093
n256_L32_S4,1.76,6,0.375,0.005674305947137849,0.007428279115968788
n256_L32_S4,1.76,7,0.4375,0.020495339947389512,0.026830612787572303
n256_L32_S4,1.76,8,0.5,0.03888107912380332,0.050899530401133965
n256_L32_S4,1.76,9,0.5625,0.05847183858469684,0.07654594966809775
n256_L32_S4,1.76,10,0.625,0.0777447994615838,0.10177633627720825
n256_L32_S4,1.76,11,0.6875,0.09843871523744391,0.12886690626365319
n256_L32_S4,1.76,12,0.75,0.11886960347220872,0.15561314480081695
n256_L32_S4,1.76,13,0.8125,0.14080428700577285,0.18432801374262034
n256_L32_S4,1.76,14,0.875,0.16328136631035411,0.2137529373088961
n256_L32_S4,1.76,15,0.9375,0.1873512548273568,0.2452630201032041
n256_L32_S4,1.76,16,1.0,0.21478283293508196,0.2811739175193831
n256_L32_S4,1.8,0,0.0,0.08852506350657562,0.11588886581228454
n256_L32_S4,1.8,1,0.0625,0.07469185100627093,0.09777969713508221
n256_L32_S4,1.8,2,0.125,0.06181864279368778,0.08092727771816946
n256_L32_S4,1.8,3,0.1875,0.047938970869091525,0.06275728863853905
n256_L32_S4,1.8,4,0.25,0.032974025061462554,0.04316655887352054
n256_L32_S4,1.8,5,0.3125,0.01715491342543821,0.02245763381840776
n256_L32_S4,1.8,6,0.375,0.005539631819229341,0.0072519761423322174
n256_L32_S4,1.8,7,0.4375,0.020139877993600223,0.026365274712316367
n256_L32_S4,1.8,8,0.5,0.0385061132025684,0.05040865952672962
n256_L32_S4,1.8,9,0.5625,0.058084162512591714,0.07603843983394228
n256_L32_S4,1.8,10,0.625,0.07734624704763748,0.10125458813730936
n256_L32_S4,1.8,11,0.6875,0.09802966765285323,0.128331418812261
n256_L32_S4,1.8,12,0.75,0.11845070703232735,0.1550647641345094
n256_L32_S4,1.8,13,0.8125,0.140374543143538,0.1837654326293011
n256_L32_S4,1.8,14,0.875,0.16284115310185954,0.21317665069099118
n256_L32_S4,1.8,15,0.9375,0.1869002728632813,0.24467263602158612
n256_L32_S4,1.8,16,1.0,0.21432114885993453,0.28056952321890954
n256_L32_S4,1.84,0,0.0,0.08878732331924925,0.11623219222217333
n256_L32_S4,1.84,1,0.0625,0.07496282600027013,0.09813443265826796
n256_L32_S4,1.84,2,0.125,0.062097641084246265,0.08129251660279323
n256_L32_S4,1.84,3,0.1875,0.04822644091654112,0.06313361796759355
n256_L32_S4,1.84,4,0.25,0.03326800764762385,0.043551413818880336
n256_L32_S4,1.84,5,0.3125,0.01744592947912536,0.02283860525247474
n256_L32_S4,1.84,6,0.375,0.005437682488948732,0.007118513461950585
n256_L32_S4,1.84,7,0.4375,0.01982768604837733,0.02595658174995634
n256_L32_S4,1.84,8,0.5,0.03817640556032699,0.04997703662587554
n256_L32_S4,1.84,9,0.5625,0.05774315476900495,0.07559202388040227
n256_L32_S4,1.84,10,0.625,0.07699559873081313,0.10079555163254884
n256_L32_S4,1.84,11,0.6875,0.09766970015857147,0.127860182498056
n256_L32_S4,1.84,12,0.75,0.11808198476027015,0.15458206687097947
n256_L32_S4,1.84,13,0.8125,0.1399961729786554,0.18327010523241993
n256_L32_S4,1.84,14,0.875,0.1624534584809348,0.2126691165744282
n256_L32_S4,1.84,15,0.9375,0.18650299335129947,0.24415255424778864
n256_L32_S4,1.84,16,1.0,0.21391431072690528,0.28003692817815656
n256_L32_S4,1.8800000000000001,0,0.0,0.08901738235125838,0.11653336433358819
n256_L32_S4,1.8800000000000001,1,0.0625,0.07520058769659554,0.0984456883888974
n256_L32_S4,1.8800000000000001,2,0.125,0.06234249782437782,0.08161306051178721
n256_L32_S4,1.8800000000000001,3,0.1875,0.04847878724833629,0.06346396656069521
n256_L32_S4,1.8800000000000001,4,0.25,0.03352613878738151,0.0438893353501665
n256_L32_S4,1.8800000000000001,5,0.3125,0.017701817572603147,0.0231735903940082
n256_L32_S4,1.8800000000000001,6,0.375,0.0053614838655643956,0.007018761237092681
n256_L32_S4,1.8800000000000001,7,0.4375,0.019553601504941585,0.025597775490833048
n256_L32_S4,1.8800000000000001,8,0.5,0.03788663725044478,0.04959769862316292
n256_L32_S4,1.8800000000000001,9,0.5625,0.05744335892489629,0.07519955875275616
n256_L32_S4,1.8800000000000001,10,0.625,0.0766872725145308,0.10039191932673866
n256_L32_S4,1.8800000000000001,11,0.6875,0.09735311328091556,0.1274457360946386
n256_L32_S4,1.8800000000000001,12,0.75,0.11775762963161197,0.15415745098829442
n256_L32_S4,1.8800000000000001,13,0.8125,0.13966325222709944,0.1828342760245671
n256_L32_S4,1.8800000000000001,14,0.875,0.16211224858895393,0.2122224359868152
n256_L32_S4,1.8800000000000001,15,0.9375,0.18615326875169097,0.2436947269885936
n256_L32_S4,1.8800000000000001,16,1.0,0.2135560672517074,0.2795679487910675
n256_L32_S4,1.92,0,0.0,0.08921913501070446,0.11679748034719693
n256_L32_S4,1.92,1,0.0625,0.07540914096746476,0.09871870713709271
n256_L32_S4,1.92,2,0.125,0.06255731852042488,0.0818942839962081
n256_L32_S4,1.92,3,0.1875,0.0487002211230466,0.06375384740998363
n256_L32_S4,1.92,4,0.25,0.033752699819448624,0.04418592820199279
n256_L32_S4,1.92,5,0.3125,0.017926673248193446,0.023467950750086102
n256_L32_S4,1.92,6,0.375,0.005305290455463757,0.006945197996302643
n256_L32_S4,1.92,7,0.4375,0.019313052201694738,0.025282870481777145
n256_L32_S4,1.92,8,0.5,0.037632082294508214,0.04926445870260423
n256_L32_S4,1.92,9,0.5625,0.05717992065092162,0.07485468960979076
n256_L32_S4,1.92,10,0.625,0.07641629789704035,0.10003718429644351
n256_L32_S4,1.92,11,0.6875,0.0970748275053376,0.1270814299690516
n256_L32_S4,1.92,12,0.75,0.11747246193949279,0.15378413569094312
n256_L32_S4,1.92,13,0.8125,0.13937049184226155,0.18245102107269562
n256_L32_S4,1.92,14,0.875,0.1618121316625489,0.21182955052777724
n256_L32_S4,1.92,15,0.9375,0.18584560070731357,0.24329195630086703
n256_L32_S4,1.92,16,1.0,0.21324082137545403,0.2791552579032684
n256_L32_S4,1.96,0,0.0,0.08939601828109657,0.11702903964548975
n256_L32_S4,1.96,1,0.0625,0.07559202279254153,0.0989581191911067
n256_L32_S4,1.96,2,0.125,0.06274573138503133,0.08214093677812971
n256_L32_S4,1.96,3,0.1875,0.048894466940561175,0.06400813615702161
n256_L32_S4,1.96,4,0.25,0.03395148125945742,0.04444615456856795
n256_L32_S4,1.96,5,0.3125,0.018124150289586336,0.023726469518042567
n256_L32_S4,1.96,6,0.375,0.005264458023941588,0.006891743934932663
n256_L32_S4,1.96,7,0.4375,0.019101995245838773,0.02500657413962175
n256_L32_S4,1.96,8,0.5,0.03740854886124914,0.048971829304494896
n256_L32_S4,1.96,9,0.5625,0.056948529358265026,0.07455177342534974
n256_L32_S4,1.96,10,0.625,0.07617825765940492,0.09972556392516631
n256_L32_S4,1.96,11,0.6875,0.09683032529302152,0.12676135017524498
n256_L32_S4,1.96,12,0.75,0.11722187164232344,0.1534560859367584
n256_L32_S4,1.96,13,0.8125,0.13911318074932277,0.1821141730712324
n256_L32_S4,1.96,14,0.875,0.16154830129959397,0.21148416809800444
n256_L32_S4,1.96,15,0.9375,0.18557508388582547,0.2429378205749653
n256_L32_S4,1.96,16,1.0,0.21296357507742164,0.2787923125660166
n256_L32_S4,2.0,0,0.0,0.08955106239289615,0.117232009127302
n256_L32_S4,2.0,1,0.0625,0.07575235355065395,0.09916800946371962
n256_L32_S4,2.0,2,0.125,0.0629109391488828,0.08235721157780504
n256_L32_S4,2.0,3,0.1875,0.04906481447601663,0.06423113947264626
n256_L32_S4,2.0,4,0.25,0.03412583443943466,0.04467440170534439
n256_L32_S4,2.0,5,0.3125,0.01829749896103726,0.023953401644705448
n256_L32_S4,2.0,6,0.375,0.005235292806062508,0.00685356351588192
n256_L32_S4,2.0,7,0.4375,0.018916860516975973,0.02476421279131522
n256_L32_S4,2.0,8,0.5,0.037212324542282314,0.048714950485445364
n256_L32_S4,2.0,9,0.5625,0.05674536357594054,0.07428580748132417
n256_L32_S4,2.0,10,0.625,0.07596923310234492,0.09945192821246446
n256_L32_S4,2.0,11,0.6875,0.09661559625521822,0.12648024668136112
n256_L32_S4,2.0,12,0.75,0.11700176357309963,0.1531679407099935
n256_L32_S4,2.0,13,0.8125,0.13888713111347642,0.18181824969227242
n256_L32_S4,2.0,14,0.875,0.16131648191172873,0.21118069149071567
n256_L32_S4,2.0,15,0.9375,0.18533735163866594,0.2426266033964735
n256_L32_S4,2.0,16,1.0,0.2127198755607338,0.27847328358745105
n256_L32_S4,2.04,0,0.0,0.08968693658190523,0.11740988311048481
n256_L32_S4,2.04,1,0.0625,0.07589288346207851,0.09935197829020324
n256_L32_S4,2.04,2,0.125,0.0630557660928893,0.08254680568387114
n256_L32_S4,2.04,3,0.1875,0.04921416644447358,0.06442665732426603
n256_L32_S4,2.04,4,0.25,0.03427871880390669,0.04487454384472596
n256_L32_S4,2.04,5,0.3125,0.01844960374102182,0.024152523223824433
n256_L32_S4,2.04,6,0.375,0.005214897002562525,0.006826863207050538
n256_L32_S4,2.04,7,0.4375,0.01875449896719887,0.024551663993157107
n256_L32_S4,2.04,8,0.5,0.037040125906383316,0.0484895238794845
n256_L32_S4,2.04,9,0.5625,0.05656704034411478,0.07405236311804807
n256_L32_S4,2.04,10,0.625,0.07578575310063823,0.09921173308065927
n256_L32_S4,2.04,11,0.6875,0.09642708594326002,0.12623346633033508
n256_L32_S4,2.04,12,0.75,0.1168085060566874,0.15291494575580125
n256_L32_S4,2.04,13,0.8125,0.1386886267856896,0.18155838609551447
n256_L32_S4,2.04,14,0.875,0.16111287710700684,0.21091415081897247
n256_L32_S4,2.04,15,0.9375,0.18512852432681928,0.24235322589905164
n256_L32_S4,2.04,16,1.0,0.21250576378114644,0.2781929881512146
n256_L32_S4,2.08,0,0.0,0.08980599024164077,0.11756573720480612
n256_L32_S4,2.08,1,0.0625,0.07601603445167394,0.09951319623168278
n256_L32_S4,2.08,2,0.125,0.06318270053461673,0.08271297657267501
n256_L32_S4,2.08,3,0.1875,0.04934508158184447,0.06459803937344631
n256_L32_S4,2.08,4,0.25,0.03441274494720759,0.04504999853655097
n256_L32_S4,2.08,5,0.3125,0.01858301946753158,0.024327178814165688
n256_L32_S4,2.08,6,0.375,0.005201023650354253,0.006808701491161889
n256_L32_S4,2.08,7,0.4375,0.018612135656721457,0.02436529504936884
n256_L32_S4,2.08,8,0.5,0.0368890523431996,0.048291752274494
n256_L32_S4,2.08,9,0.5625,0.05641056871184273,0.07384752485781393
n256_L32_S4,2.08,10,0.625,0.07562474713138055,0.09900095888375746
n256_L32_S4,2.08,11,0.6875,0.09626164847819632,0.12601689082697307
n256_L32_S4,2.08,12,0.75,0.11663888322616216,0.1526928911571736
n256_L32_S4,2.08,13,0.8125,0.13851437529097743,0.18133027207572855
n256_L32_S4,2.08,14,0.875,0.16093412144380717,0.2106801403563401
n256_L32_S4,2.08,15,0.9375,0.1849451608355257,0.24211318329195636
n256_L32_S4,2.08,16,1.0,0.2123177259334073,0.27794682630686135
n256_L32_S4,2.12,0,0.0,0.08991028980429028,0.11770227659310344
n256_L32_S4,2.12,1,0.0625,0.07612393774109368,0.09965445328740169
n256_L32_S4,2.12,2,0.125,0.06329393305096007,0.08285859194587966
n256_L32_S4,2.12,3,0.1875,0.04945981348918501,0.06474823582728097
n256_L32_S4,2.12,4,0.25,0.03453021356600682,0.045203777641156385
n256_L32_S4,2.12,5,0.3125,0.018700005281620136,0.024480325875278416
n256_L32_S4,2.12,6,0.375,0.005191947978905792,0.00679682045737343
n256_L32_S4,2.12,7,0.4375,0.018487327344436623,0.024201907493554657
n256_L32_S4,2.12,8,0.5,0.036756544089353874,0.04811828466384601
n256_L32_S4,2.12,9,0.5625,0.05627330729291907,0.07366783484089949
n256_L32_S4,2.12,10,0.625,0.07548350228092615,0.09881605412489479
n256_L32_S4,2.12,11,0.6875,0.09611650307560186,0.1258268798242327
n256_L32_S4,2.12,12,0.75,0.11649005114424314,0.15249805389316198
n256_L32_S4,2.12,13,0.8125,0.13836146352082496,0.1811300940593524
n256_L32_S4,2.12,14,0.875,0.1607772357752484,0.2104747600779049
n256_L32_S4,2.12,15,0.9375,0.1847842135584526,0.2419024859294609
n256_L32_S4,2.12,16,1.0,0.212152648246062,0.2777307217913764
n256_L32_S4,2.16,0,0.0,0.09000165169480222,0.11782187917174614
n256_L32_S4,2.16,1,0.0625,0.07621846749626195,0.09977820294290066
n256_L32_S4,2.16,2,0.125,0.06339139074485428,0.08298617458928825
n256_L32_S4,2.16,3,0.1875,0.049560345523386125,0.06487984311407499
n256_L32_S4,2.16,4,0.25,0.03463315055724092,0.04533853327635977
n256_L32_S4,2.16,5,0.3125,0.018802556059465365,0.02461457591545792
n256_L32_S4,2.16,6,0.375,0.005186357938644553,0.006789502491138117
n256_L32_S4,2.16,7,0.4375,0.018377924377061688,0.024058687197478418
n256_L32_S4,2.16,8,0.5,0.03664034425166411,0.0479661665306979
n256_L32_S4,2.16,9,0.5625,0.05615292574147351,0.07351024239296283
n256_L32_S4,2.16,10,0.625,0.07535962413010475,0.09865388425086188
n256_L32_S4,2.16,11,0.6875,0.0959891944027709,0.12566021902651012
n256_L32_S4,2.16,12,0.75,0.11635949770456071,0.1523271453453069
n256_L32_S4,2.16,13,0.8125,0.13822731714591774,0.18095448197137382
n256_L32_S4,2.16,14,0.875,0.1606395862433506,0.21029456197920432
n256_L32_S4,2.16,15,0.9375,0.1846429869563861,0.24171760505970818
n256_L32_S4,2.16,16,1.0,0.21200777524307443,0.2775410673891313
n256_L32_S4,2.2,0,0.0,0.09008167170037117,0.1179266339984624
n256_L32_S4,2.2,1,0.0625,0.07630127086004493,0.0998866014860267
n256_L32_S4,2.2,2,0.125,0.0634767678734366,0.08309794246841527
n256_L32_S4,2.2,3,0.1875,0.04964842203457144,0.06499514477647042
n256_L32_S4,2.2,4,0.25,0.03472333852363736,0.045456599061591586
n256_L32_S4,2.2,5,0.3125,0.01889243121947161,0.024732232203352564
n256_L32_S4,2.2,6,0.375,0.005183263762253316,0.006785451880176659
n256_L32_S4,2.2,7,0.4375,0.01828203657715131,0.023933159714789595
n256_L32_S4,2.2,8,0.5,0.03653846459336175,0.047832795058457986
n256_L32_S4,2.2,9,0.5625,0.05604736994886624,0.0733720584640209
n256_L32_S4,2.2,10,0.625,0.07525100134695908,0.09851168530017501
n256_L32_S4,2.2,11,0.6875,0.09587755662494293,0.1255140731222677
n256_L32_S4,2.2,12,0.75,0.11624500619699557,0.1521772636007332
n256_L32_S4,2.2,13,0.8125,0.13810966366382404,0.18080046086075702
n256_L32_S4,2.2,14,0.875,0.16051884686952106,0.21013650110313448
n256_L32_S4,2.2,15,0.9375,0.1845190996709169,0.24155542322743512
n256_L32_S4,2.2,16,1.0,0.21188067149269552,0.2773746748570231
n256_L32_S4,2.24,0,0.0,0.09015175108681052,0.11801837548149081
n256_L32_S4,2.24,1,0.0625,0.07637379469380134,0.09998154301450993
n256_L32_S4,2.24,2,0.125,0.06355155315327359,0.08319584447397688
n256_L32_S4,2.24,3,0.1875,0.04972557625436784,0.06509614798020348
n256_L32_S4,2.24,4,0.25,0.03480234496377028,0.04556002702172165
n256_L32_S4,2.24,5,0.3125,0.018971180916653126,0.024835324059239786
n256_L32_S4,2.24,6,0.375,0.005181924871419123,0.006783699127520236
n256_L32_S4,2.24,7,0.4375,0.018198002810258188,0.0238231504411509
n256_L32_S4,2.24,8,0.5,0.03644915482186926,0.047715878925170485
n256_L32_S4,2.24,9,0.5625,0.05595483072708483,0.07325091463163491
n256_L32_S4,2.24,10,0.625,0.07515577377194771,0.09838702212316071
n256_L32_S4,2.24,11,0.6875,0.09577968094516012,0.12538594329020275
n256_L32_S4,2.24,12,0.75,0.11614462236150175,0.15204585032204743
n256_L32_S4,2.24,13,0.8125,0.13800649892803535,0.18066540708334303
n256_L32_S4,2.24,14,0.875,0.16041296561100685,0.20999789110418116
n256_L32_S4,2.24,15,0.9375,0.18441045008748758,0.2414131891922834
n256_L32_S4,2.24,16,1.0,0.21176918676756973,0.2772287293152923
n256_L32_S4,2.2800000000000002,0,0.0,0.0902131197770432,0.11809871372272712
n256_L32_S4,2.2800000000000002,1,0.0625,0.07643730933858267,0.10006469054194018
n256_L32_S4,2.2800000000000002,2,0.125,0.06361705404862711,0.08328159221785333
n256_L32_S4,2.2800000000000002,3,0.1875,0.049793155133835434,0.06518461602963654
n256_L32_S4,2.2800000000000002,4,0.25,0.034871547426137815,0.045650620516462216
n256_L32_S4,2.2800000000000002,5,0.3125,0.019040169715160492,0.02492563784491899
n256_L32_S4,2.2800000000000002,6,0.375,0.005181791771177005,0.006783524884933025
n256_L32_S4,2.2800000000000002,7,0.4375,0.01812436390795573,0.02372674916755159
n256_L32_S4,2.2800000000000002,8,0.5,0.03637087510493082,0.047613402324163265
n256_L32_S4,2.2800000000000002,9,0.5625,0.05587371572483153,0.0731447263360366
n256_L32_S4,2.2800000000000002,10,0.625,0.07507230375547694,0.09827775085969065
n256_L32_S4,2.2800000000000002,11,0.6875,0.09569388641124521,0.12527362898242986
n256_L32_S4,2.2800000000000002,12,0.75,0.1160566247179177,0.15193065190585706
n256_L32_S4,2.2800000000000002,13,0.8125,0.13791605696136633,0.18054700878433105
n256_L32_S4,2.2800000000000002,14,0.875,0.16032013370297107,0.20987636411388808
n256_L32_S4,2.2800000000000002,15,0.9375,0.1843151851850583,0.241288477149649
n256_L32_S4,2.2800000000000002,16,1.0,0.21167142447503837,0.27710074791938144
n256_L32_S4,2.32,0,0.0,0.09026685688731945,0.11816906140185057
n256_L32_S4,2.32,1,0.0625,0.07649292968957443,0.10013750358648589
n256_L32_S4,2.32,2,0.125,0.0636744183339563,0.08335668826073207
n256_L32_S4,2.32,3,0.1875,0.04985234141812827,0.06526209726587232
n256_L32_S4,2.32,4,0.25,0.03493215590094822,0.04572996355363347
n256_L32_S4,2.32,5,0.3125,0.019100597876906704,0.02500474483282157
n256_L32_S4,2.32,6,0.375,0.005182460440313167,0.0067844002450256815
n256_L32_S4,2.32,7,0.4375,0.01805983863093878,0.02364227861341115
n256_L32_S4,2.32,8,0.5,0.03630227154110153,0.04752359285226984
n256_L32_S4,2.32,9,0.5625,0.05580262431601557,0.07305166000645337
n256_L32_S4,2.32,10,0.625,0.07499915049650324,0.09818198534564158
n256_L32_S4,2.32,11,0.6875,0.09561869374779451,0.12517519366773439
n256_L32_S4,2.32,12,0.75,0.1159794979391588,0.15182968462540478
n256_L32_S4,2.32,13,0.8125,0.13783678283173684,0.18044323038974866
n256_L32_S4,2.32,14,0.875,0.16023875807577173,0.2097698346320968
n256_L32_S4,2.32,15,0.9375,0.1842316724742975,0.24117914999474377
n256_L32_S4,2.32,16,1.0,0.21158571317507432,0.27698854257383665
n256_L32_S4,2.36,0,0.0,0.09031390889532852,0.11823065756034366
n256_L32_S4,2.36,1,0.0625,0.0765416338576808,0.10020126260092319
n256_L32_S4,2.36,2,0.125,0.06372465320390337,0.08342245112914233
n256_L32_S4,2.36,3,0.1875,0.04990417322928804,0.0653299507027451
n256_L32_S4,2.36,4,0.25,0.03498523271190684,0.04579944682966038
n256_L32_S4,2.36,5,0.3125,0.01915352043010194,0.025074026168781648
n256_L32_S4,2.36,6,0.375,0.005183636883176075,0.006785940335748861
n256_L32_S4,2.36,7,0.4375,0.018003302371054155,0.023568266545237814
n256_L32_S4,2.36,8,0.5,0.03624215431734505,0.04744489291576651
n256_L32_S4,2.36,9,0.5625,0.05574032520269861,0.07297010374094583
n256_L32_S4,2.36,10,0.625,0.07493504712981852,0.09809806711767793
n256_L32_S4,2.36,11,0.6875,0.09555280196655366,0.1250889342120291
n256_L32_S4,2.36,12,0.75,0.11591190902734072,0.15174120344254177
n256_L32_S4,2.36,13,0.8125,0.13776730835679632,0.18035228080118199
n256_L32_S4,2.36,14,0.875,0.16016743662166738,0.20967646714839405
n256_L32_S4,2.36,15,0.9375,0.1841584748066939,0.2410833263450035
n256_L32_S4,2.36,16,1.0,0.21151058097915418,0.2768901864176671
n256_L32_S4,2.4,0,0.0,0.09035510569228468,0.11828458861540576
n256_L32_S4,2.4,1,0.0625,0.07658427967129619,0.1002570905752365
n256_L32_S4,2.4,2,0.125,0.06376864218436679,0.08348003745387583
n256_L32_S4,2.4,3,0.1875,0.049949561410527955,0.06538936873236091
n256_L32_S4,2.4,4,0.25,0.03503171015542265,0.04586029082119846
n256_L32_S4,2.4,5,0.3125,0.01919986419310657,0.02513469515809766
n256_L32_S4,2.4,6,0.375,0.005185109796601617,0.006787868538447221
n256_L32_S4,2.4,7,0.4375,0.017953768310080064,0.0235034211114366
n256_L32_S4,2.4,8,0.5,0.0361894782982848,0.047375934319606385
n256_L32_S4,2.4,9,0.5625,0.055685736482914895,0.07289864121303238
n256_L32_S4,2.4,10,0.625,0.07487888031542313,0.09802453869353749
n256_L32_S4,2.4,11,0.6875,0.09549506751182871,0.12501335357744567
n256_L32_S4,2.4,12,0.75,0.11585268605314192,0.15166367417525783
n256_L32_S4,2.4,13,0.8125,0.13770643040186495,0.18027258498543774
n256_L32_S4,2.4,14,0.875,0.16010493608032225,0.2095946471918503
n256_L32_S4,2.4,15,0.9375,0.18409432782917684,0.24099935102575187
n256_L32_S4,2.4,16,1.0,0.2114447326119861,0.2768039837956703
n256_L32_S4,2.44,0,0.0,0.0903911747491332,0.11833180690504623
n256_L32_S4,2.44,1,0.0625,0.07662161925019956,0.10030597211541972
n256_L32_S4,2.44,2,0.125,0.0638071600779947,0.08353046153525122
n256_L32_S4,2.44,3,0.1875,0.049989304866179675,0.0654413972067443
n256_L32_S4,2.44,4,0.25,0.03507240611775673,0.045913566229667226
n256_L32_S4,2.44,5,0.3125,0.019240442931182874,0.02518781710735678
n256_L32_S4,2.44,6,0.375,0.005186729631927116,0.006789989077775167
n256_L32_S4,2.44,7,0.4375,0.01791037077418203,0.023446609051494982
n256_L32_S4,2.44,8,0.5,0.03614332580654508,0.047315515725026895
n256_L32_S4,2.44,9,0.5625,0.05563790794611542,0.07283602849451408
n256_L32_S4,2.44,10,0.625,0.07482967209387109,0.09796011981871927
n256_L32_S4,2.44,11,0.6875,0.09544448570621747,0.12494713653279381
n256_L32_S4,2.44,12,0.75,0.11580079922555082,0.15159574871593656
n256_L32_S4,2.44,13,0.8125,0.13765309154048164,0.1802027586571124
n256_L32_S4,2.44,14,0.875,0.16005017231514754,0.2095229555106211
n256_L32_S4,2.44,15,0.9375,0.1840381198591915,0.24092576872450078
n256_L32_S4,2.44,16,1.0,0.21138702891574468,0.27672844342726266
n256_L32_S4,2.48,0,0.0,0.09042275360572118,0.11837314703775742
n256_L32_S4,2.48,1,0.0625,0.07665431186274414,0.10034877027492572
n256_L32_S4,2.48,2,0.125,0.06384088615720993,0.08357461261420818
n256_L32_S4,2.48,3,0.1875,0.05002410411203929,0.06548695317670407
n256_L32_S4,2.48,4,0.25,0.03510803788285323,0.04596021205719173
n256_L32_S4,2.48,5,0.3125,0.01927597081971751,0.02523432694924668
n256_L32_S4,2.48,6,0.375,0.005188392646073392,0.0067921661428413495
n256_L32_S4,2.48,7,0.4375,0.017872350544950195,0.02339683646654481
n256_L32_S4,2.48,8,0.5,0.03610289137028463,0.0472625826824244
n256_L32_S4,2.48,9,0.5625,0.055596005373760235,0.07278117350325503
n256_L32_S4,2.48,10,0.625,0.07478656378486491,0.0979036863880057
n256_L32_S4,2.48,11,0.6875,0.09540017427405226,0.12488912808396888
n256_L32_S4,2.48,12,0.75,0.11575534406986868,0.1515362430095449
n256_L32_S4,2.48,13,0.8125,0.1376063628560984,0.18014158576415346
n256_L32_S4,2.48,14,0.875,0.16000219276025804,0.20946014509311817
n256_L32_S4,2.48,15,0.9375,0.18398887396128802,0.24086130052727076
n256_L32_S4,2.48,16,1.0,0.21133646858060193,0.27666225448977216
n256_L32_S4,2.52,0,0.0,0.0904504008715875,0.11840934029373651
n256_L32_S4,2.52,1,0.0625,0.07668293525761576,0.10038624138916132
n256_L32_S4,2.52,2,0.125,0.06387041579830861,0.08361327010259864
n256_L32_S4,2.52,3,0.1875,0.05005457323172854,0.06552684054400118
n256_L32_S4,2.52,4,0.25,0.03513923432565037,0.04600105156896311
n256_L32_S4,2.52,5,0.3125,0.019307074379611378,0.02527504486726949
n256_L32_S4,2.52,6,0.375,0.005190028814678859,0.0067943080641962115
n256_L32_S4,2.52,7,0.4375,0.017839041909701543,0.023353231866809793
n256_L32_S4,2.52,8,0.5,0.036067468231430505,0.04721620996917567
n256_L32_S4,2.52,9,0.5625,0.055559296638567374,0.07273311780559842
n256_L32_S4,2.52,10,0.625,0.0747488017214871,0.09785425177003154
n256_L32_S4,2.52,11,0.6875,0.09536135873412167,0.12483831435144767
n256_L32_S4,2.52,12,0.75,0.11571552650513636,0.1514841175183738
n256_L32_S4,2.52,13,0.8125,0.13756542867572036,0.18008799850254573
n256_L32_S4,2.52,14,0.875,0.15996016082891476,0.20940512075697734
n256_L32_S4,2.52,15,0.9375,0.18394573201621076,0.2408048230633086
n256_L32_S4,2.52,16,1.0,0.2112921718937918,0.276604265344209
n256_L32_S4,2.56,0,0.0,0.0904746059080117,0.11844102729973269
n256_L32_S4,2.56,1,0.0625,0.07670799564260278,0.10041904813877466
n256_L32_S4,2.56,2,0.125,0.06389627073151187,0.0836471170016111
n256_L32_S4,2.56,3,0.1875,0.05008125041630192,0.06556176385883217
n256_L32_S4,2.56,4,0.25,0.035166546668110366,0.046036806374043025
n256_L32_S4,2.56,5,0.3125,0.01933430304040236,0.025310690124009914
n256_L32_S4,2.56,6,0.375,0.005191592716382704,0.0067963553803744945
n256_L32_S4,2.56,7,0.4375,0.017809861254728644,0.02331503123893656
n256_L32_S4,2.56,8,0.5,0.036036436425603446,0.0471755859849733
n256_L32_S4,2.56,9,0.5625,0.0555271394124757,0.07269102052476273
n256_L32_S4,2.56,10,0.625,0.07471572462833963,0.0978109502839056
n256_L32_S4,2.56,11,0.6875,0.09532735946850117,0.12479380564199141
n256_L32_S4,2.56,12,0.75,0.115680649626722,0.15143845991901816
n256_L32_S4,2.56,13,0.8125,0.13752957304015886,0.1800410596044122
n256_L32_S4,2.56,14,0.875,0.15992334208745917,0.20935692104924591
n256_L32_S4,2.56,15,0.9375,0.1839079405857614,0.24075535000066717
n256_L32_S4,2.56,16,1.0,0.21125336631074887,0.27655346464632874
n256_L32_S4,2.6,0,0.0,0.09049579734340656,0.11846876917661553
n256_L32_S4,2.6,1,0.0625,0.07672993646524989,0.10044777104447891
n256_L32_S4,2.6,2,0.125,0.06391890806433934,0.08367675171434073
n256_L32_S4,2.6,3,0.1875,0.05010460724696623,0.06559234047191143
n256_L32_S4,2.6,4,0.25,0.03519045795838231,0.04606810883461136
n256_L32_S4,2.6,5,0.3125,0.019358138475289076,0.025341893281689197
n256_L32_S4,2.6,6,0.375,0.005193056691296502,0.006798271881595926
n256_L32_S4,2.6,7,0.4375,0.017784297024994792,0.0232815649021516
n256_L32_S4,2.6,8,0.5,0.036009252261764345,0.04713999897954704
n256_L32_S4,2.6,9,0.5625,0.0554989703097211,0.07265414412795633
n256_L32_S4,2.6,10,0.625,0.07468675246786656,0.09777302259784293
n256_L32_S4,2.6,11,0.6875,0.09529758028995354,0.12475482148213876
n256_L32_S4,2.6,12,0.75,0.11565010201507828,0.15139846979727822
n256_L32_S4,2.6,13,0.8125,0.13749816773029455,0.1799999466630994
n256_L32_S4,2.6,14,0.875,0.15989109201293797,0.2093147022197915
n256_L32_S4,2.6,15,0.9375,0.1838748383903738,0.2407120156529987
n256_L32_S4,2.6,16,1.0,0.21121937366469887,0.27650896460260493
n256_L32_S4,2.64,0,0.0,0.0905143505579078,0.11849305733751091
n256_L32_S4,2.64,1,0.0625,0.07674914613403476,0.10047291857490619
n256_L32_S4,2.64,2,0.125,0.06393872821940141,0.08370269843721653
n256_L32_S4,2.64,3,0.1875,0.05012505686450752,0.06561911122913296
n256_L32_S4,2.64,4,0.25,0.035211391417648605,0.0460955129928893
n256_L32_S4,2.64,5,0.3125,0.01937900284046596,0.025369206988344294
n256_L32_S4,2.64,6,0.375,0.005194405732593986,0.0068000379223047
n256_L32_S4,2.64,7,0.4375,0.017761900892224965,0.02325224594633878
n256_L32_S4,2.64,8,0.5,0.03598543904594413,0.04710882490902471
n256_L32_S4,2.64,9,0.5625,0.05547429530734006,0.07262184188578238
n256_L32_S4,2.64,10,0.625,0.07466137659481625,0.09773980284029282
n256_L32_S4,2.64,11,0.6875,0.09527149834577929,0.12472067740125585
n256_L32_S4,2.64,12,0.75,0.11562334740676056,0.15136344512640676
n256_L32_S4,2.64,13,0.8125,0.13747066168368938,0.17996393827838
n256_L32_S4,2.64,14,0.875,0.15986284516717192,0.20927772404898953
n256_L32_S4,2.64,15,0.9375,0.1838458452304997,0.24067406047645287
n256_L32_S4,2.64,16,1.0,0.21118959884487118,0.2764699861487873
n256_L32_S4,2.68,0,0.0,0.09053059425830101,0.11851432209509026
n256_L32_S4,2.68,1,0.0625,0.07676596480384319,0.10049493602952711
n256_L32_S4,2.68,2,0.125,0.06395608191278372,0.08372541629545993
n256_L32_S4,2.68,3,0.1875,0.05014296115407126,0.06564254987722341
n256_L32_S4,2.68,4,0.25,0.03522971778442234,0.04611950418561756
n256_L32_S4,2.68,5,0.3125,0.019397266039379808,0.025393115487523994
n256_L32_S4,2.68,6,0.375,0.005195633693722136,0.006801645455999293
n256_L32_S4,2.68,7,0.4375,0.017742279990313876,0.023226560067350157
n256_L32_S4,2.68,8,0.5,0.035964578908743494,0.047081516737246996
n256_L32_S4,2.68,9,0.5625,0.05545268130051562,0.07259354681727495
n256_L32_S4,2.68,10,0.625,0.07463915107381498,0.09771070723370529
n256_L32_S4,2.68,11,0.6875,0.09524865521096221,0.12469077327150221
n256_L32_S4,2.68,12,0.75,0.11559991557871493,0.15133277033365822
n256_L32_S4,2.68,13,0.8125,0.13744657165045235,0.17993240182397224
n256_L32_S4,2.68,14,0.875,0.15983810563448136,0.20924533732967335
n256_L32_S4,2.68,15,0.9375,0.1838204521972059,0.24064081825429132
n256_L32_S4,2.68,16,1.0,0.21116351978734432,0.2764358458468375
n256_L32_S4,2.72,0,0.0,0.09054481625094116,0.11853294021894549
n256_L32_S4,2.72,1,0.0625,0.07678069033594473,0.10051421334090235
n256_L32_S4,2.72,2,0.125,0.06397127628548224,0.08374530736979538
n256_L32_S4,2.72,3,0.1875,0.05015863706009693,0.06566307133067327
n256_L32_S4,2.72,4,0.25,0.035245761772408964,0.04614050749809457
n256_L32_S4,2.72,5,0.3125,0.01941325212116367,0.025414042994529696
n256_L32_S4,2.72,6,0.375,0.005196740490563245,0.006803094372560547
n256_L32_S4,2.72,7,0.4375,0.017725090092438712,0.02320405663510993
n256_L32_S4,2.72,8,0.5,0.035946305610638565,0.04705759501713581
n256_L32_S4,2.72,9,0.5625,0.05543374866439248,0.07256876195251194
n256_L32_S4,2.72,10,0.625,0.07461968502925903,0.09768522407971383
n256_L32_S4,2.72,11,0.6875,0.09522864903760513,0.12466458303059463
n256_L32_S4,2.72,12,0.75,0.1155793943108959,0.15130590577848732
n256_L32_S4,2.72,13,0.8125,0.13742547395142674,0.17990478265811707
n256_L32_S4,2.72,14,0.875,0.15981643858427358,0.20921697282165025
n256_L32_S4,2.72,15,0.9375,0.18379821303124383,0.2406117047849769
n256_L32_S4,2.72,16,1.0,0.21114067863629551,0.27640594431405074
n256_L32_S4,2.7600000000000002,0,0.0,0.09055726850828194,0.1185492415682229
n256_L32_S4,2.7600000000000002,1,0.0625,0.07679358353040591,0.10053109192447651
n256_L32_S4,2.7600000000000002,2,0.125,0.06398458028795923,0.08376272374541546
n256_L32_S4,2.7600000000000002,3,0.1875,0.050172362133745596,0.06568103893391837
n256_L32_S4,2.7600000000000002,4,0.25,0.03525980774557452,0.046158895193453474
n256_L32_S4,2.7600000000000002,5,0.3125,0.01942724491170369,0.025432361068089868
n256_L32_S4,2.7600000000000002,6,0.375,0.005197730053267677,0.00680438981697961
n256_L32_S4,2.7600000000000002,7,0.4375,0.017710029618281158,0.023184340848421064
n256_L32_S4,2.7600000000000002,8,0.5,0.035930298212291406,0.04703663960444729
n256_L32_S4,2.7600000000000002,9,0.5625,0.055417164707149455,0.07254705176198006
n256_L32_S4,2.7600000000000002,10,0.625,0.07460263590994129,0.09766290494180456
n256_L32_S4,2.7600000000000002,11,0.6875,0.09521112764097389,0.12464164563069217
n256_L32_S4,2.7600000000000002,12,0.75,0.11556142230561743,0.1512823784832153
n256_L32_S4,2.7600000000000002,13,0.8125,0.13740699721503924,0.1798805946153296
n256_L32_S4,2.7600000000000002,14,0.875,0.15979746283298865,0.2091921315144855
n256_L32_S4,2.7600000000000002,15,0.9375,0.18377873650312163,0.24058620790686536
n256_L32_S4,2.7600000000000002,16,1.0,0.21112067394657805,0.27637975601538756
n256_L32_S4,2.8000000000000003,0,0.0,0.09056817161369307,0.11856351491036893
n256_L32_S4,2.8000000000000003,1,0.0625,0.07680487271782067,0.10054587068964896
n256_L32_S4,2.8000000000000003,2,0.125,0.06399622940668241,0.08377797369953091
n256_L32_S4,2.8000000000000003,3,0.1875,0.0501843794037292,0.06569677083778146
n256_L32_S4,2.8000000000000003,4,0.25,0.035272104702653455,0.04617499323792101
n256_L32_S4,2.8000000000000003,5,0.3125,0.019439492965696706,0.02544839509313807
n256_L32_S4,2.8000000000000003,6,0.375,0.005198608840708493,0.006805540244618655
n256_L32_S4,2.8000000000000003,7,0.4375,0.017696834372414486,0.023167066846945885
n256_L32_S4,2.8000000000000003,8,0.5,0.03591627550916858,0.04701828237208669
n256_L32_S4,2.8000000000000003,9,0.5625,0.0554026379112732,0.07252803461778044
n256_L32_S4,2.8000000000000003,10,0.625,0.07458770356311586,0.09764335688762682
n256_L32_S4,2.8000000000000003,11,0.6875,0.09519578241477136,0.12462155707283294
n256_L32_S4,2.8000000000000003,12,0.75,0.11554568295445328,0.1512617739732293
n256_L32_S4,2.8000000000000003,13,0.8125,0.13739081598162103,0.17985941163376484
n256_L32_S4,2.8000000000000003,14,0.875,0.15978084429239459,0.2091703760506133
n256_L32_S4,2.8000000000000003,15,0.9375,0.18376167969930457,0.2405638787091168
n256_L32_S4,2.8000000000000003,16,1.0,0.21110315381107,0.27635682026643155
n256_L32_S4,2.84,0,0.0,0.0905777186594829,0.11857601302406255
n256_L32_S4,2.84,1,0.0625,0.07681475778727674,0.1005588113128167
n256_L32_S4,2.84,2,0.125,0.06400642981137042,0.0837913271305627
n256_L32_S4,2.84,3,0.1875,0.05019490165122964,0.06571054559580275
n256_L32_S4,2.84,4,0.25,0.03528287065308589,0.04618908702939187
n256_L32_S4,2.84,5,0.3125,0.019450213918738198,0.025462429978166
n256_L32_S4,2.84,6,0.375,0.00519938477540727,0.006806556026913791
n256_L32_S4,2.84,7,0.4375,0.017685272926265334,0.023151931665695485
n256_L32_S4,2.84,8,0.5,0.03590399114077314,0.047002200807564995
n256_L32_S4,2.84,9,0.5625,0.05538991287107034,0.07251137616628534
n256_L32_S4,2.84,10,0.625,0.07457462502389316,0.09762623566774892
n256_L32_S4,2.84,11,0.6875,0.09518234297963832,0.124603963401244
n256_L32_S4,2.84,12,0.75,0.11553189885489769,0.15124372909869924
n256_L32_S4,2.84,13,0.8125,0.13737664507555442,0.17984086038774996
n256_L32_S4,2.84,14,0.875,0.15976629020284824,0.20915132317605276
n256_L32_S4,2.84,15,0.9375,0.18374674211124972,0.24054432379360388
n256_L32_S4,2.84,16,1.0,0.21108780980793398,0.27633673330969843
n256_L32_S4,2.88,0,0.0,0.09058607866434328,0.11858695717301967
n256_L32_S4,2.88,1,0.0625,0.07682341371859783,0.10057014286146083
n256_L32_S4,2.88,2,0.125,0.06401536199266164,0.0838030203202433
n256_L32_S4,2.88,3,0.1875,0.05020411516036666,0.06572260707400729
n256_L32_S4,2.88,4,0.25,0.035292296457060654,0.0462014264244596
n256_L32_S4,2.88,5,0.3125,0.019459598309913177,0.025474715159407652
n256_L32_S4,2.88,6,0.375,0.005200066491148357,0.006807448466420881
n256_L32_S4,2.88,7,0.4375,0.017675142566159534,0.023138669930584232
n256_L32_S4,2.88,8,0.5,0.03589322929474888,0.046988112389207574
n256_L32_S4,2.88,9,0.5625,0.055378765844549656,0.07249678350507176
n256_L32_S4,2.88,10,0.625,0.07456316993614816,0.09761123972113263
n256_L32_S4,2.88,11,0.6875,0.09517057247922302,0.12458855454538849
n256_L32_S4,2.88,12,0.75,0.11551982698950339,0.1512279257235491
n256_L32_S4,2.88,13,0.8125,0.13736423465614714,0.17982461380884457
n256_L32_S4,2.88,14,0.875,0.15975354406075745,0.20913463709990807
n256_L32_S4,2.88,15,0.9375,0.18373366043484252,0.24052719846681275
n256_L32_S4,2.88,16,1.0,0.21107437167376647,0.27631914134121377
n256_L32_S4,2.92,0,0.0,0.09059339956862605,0.11859654102713335
n256_L32_S4,2.92,1,0.0625,0.07683099367893506,0.100580065847919
n256_L32_S4,2.92,2,0.125,0.06402318395178128,0.08381326010923523
n256_L32_S4,2.92,3,0.1875,0.050212183007440764,0.06573316875687912
n256_L32_S4,2.92,4,0.25,0.03530054919403286,0.04621223014816984
n256_L32_S4,2.92,5,0.3125,0.019467812937613443,0.02548546899396642
n256_L32_S4,2.92,6,0.375,0.005200662811859046,0.006808229114613435
n256_L32_S4,2.92,7,0.4375,0.017666265739072762,0.02312704920553362
n256_L32_S4,2.92,8,0.5,0.03588380093509036,0.04697576964847387
n256_L32_S4,2.92,9,0.5625,0.05536900084690073,0.07248400006886321
n256_L32_S4,2.92,10,0.625,0.07455313653035676,0.09759810490968669
n256_L32_S4,2.92,11,0.6875,0.09516026344758084,0.12457505890994569
n256_L32_S4,2.92,12,0.75,0.11550925448973182,0.15121408517987936
n256_L32_S4,2.92,13,0.8125,0.1373533658678481,0.17981038539150337
n256_L32_S4,2.92,14,0.875,0.15974238115931064,0.20912002365670224
n256_L32_S4,2.92,15,0.9375,0.18372220399763117,0.24051220075359933
n256_L32_S4,2.92,16,1.0,0.21106260261854068,0.2763037343772674
n256_L32_S4,2.96,0,0.0,0.09059981085896313,0.11860493409838488
n256_L32_S4,2.96,1,0.0625,0.07683763173672498,0.10058875578224943
n256_L32_S4,2.96,2,0.125,0.06403003399661104,0.08382222755748818
n256_L32_S4,2.96,3,0.1875,0.05021924794477069,0.06574241752261584
n256_L32_S4,2.96,4,0.25,0.035307775116623634,0.04622168966099391
n256_L32_S4,2.96,5,0.3125,0.019475003804234052,0.0254948826147407
n256_L32_S4,2.96,6,0.375,0.005201182400363063,0.006808909312062999
n256_L32_S4,2.96,7,0.4375,0.01765848693571379,0.023116865912091746
n256_L32_S4,2.96,8,0.5,0.03587554049179043,0.04696495583634863
n256_L32_S4,2.96,9,0.5625,0.055360446221076234,0.07247280114005165
n256_L32_S4,2.96,10,0.625,0.07454434809216443,0.09758659989524186
n256_L32_S4,2.96,11,0.6875,0.09515123418018169,0.12456323862406783
n256_L32_S4,2.96,12,0.75,0.11549999491537591,0.15120196339732983
n256_L32_S4,2.96,13,0.8125,0.13734384701910782,0.1797979241907919
n256_L32_S4,2.96,14,0.875,0.15973260467037131,0.20910722517715388
n256_L32_S4,2.96,15,0.9375,0.1837121707402629,0.24049906613645525
n256_L32_S4,2.96,16,1.0,0.21105229520738095,0.2762902408632111
n256_L32_S4,3.0,0,0.0,0.09060542586759703,0.11861228475091573
n256_L32_S4,3.0,1,0.0625,0.07684344523972539,0.10059636628533666
n256_L32_S4,3.0,2,0.125,0.06403603319208126,0.08383008115206683
n256_L32_S4,3.0,3,0.1875,0.05022543492841999,0.06575051695219561
n256_L32_S4,3.0,4,0.25,0.03531410224017189,0.04622997254883174
n256_L32_S4,3.0,5,0.3125,0.019481298699090623,0.025503123311741514
n256_L32_S4,3.0,6,0.375,0.005201633530924696,0.006809499890674863
n256_L32_S4,3.0,7,0.4375,0.017651669957745572,0.02310794175193065
n256_L32_S4,3.0,8,0.5,0.035868302956431064,0.04695548112115669
n256_L32_S4,3.0,9,0.5625,0.055352951628287426,0.07246298990893116
n256_L32_S4,3.0,10,0.625,0.07453664986305605,0.09757652208219329
n256_L32_S4,3.0,11,0.6875,0.09514332554846798,0.12455288537129258
n256_L32_S4,3.0,12,0.75,0.11549188498823545,0.15119134662710795
n256_L32_S4,3.0,13,0.8125,0.13733551022717888,0.17978701043006826
n256_L32_S4,3.0,14,0.875,0.15972404220347133,0.20909601598352795
n256_L32_S4,3.0,15,0.9375,0.18370338368668704,0.24048756293462292
n256_L32_S4,3.0,16,1.0,0.21104326774244245,0.2762784229369488
n256_L32_S4,3.04,0,0.0,0.09061034378635267,0.11861872283753407
n256_L32_S4,3.04,1,0.0625,0.0768485368982817,0.10060303181611202
n256_L32_S4,3.04,2,0.125,0.06404128750716945,0.08383695961780377
n256_L32_S4,3.04,3,0.1875,0.050230853333250655,0.06575761022912154
n256_L32_S4,3.04,4,0.25,0.03531964261226754,0.04623722549407583
n256_L32_S4,3.04,5,0.3125,0.019486809463189453,0.025510337496921116
n256_L32_S4,3.04,6,0.375,0.005202023951075123,0.006810010992803808
n256_L32_S4,3.04,7,0.4375,0.017645695522269526,0.023100120570857603
n256_L32_S4,3.04,8,0.5,0.035861961334730914,0.04694717925367273
n256_L32_S4,3.04,9,0.5625,0.05534638540789663,0.07245439401751215
n256_L32_S4,3.04,10,0.625,0.07452990632116517,0.09756769405778602
n256_L32_S4,3.04,11,0.6875,0.09513639820476594,0.12454381673047017
n256_L32_S4,3.04,12,0.75,0.11548478172564781,0.15118204768947105
n256_L32_S4,3.04,13,0.8125,0.13732820847320096,0.1797774516457712
n256_L32_S4,3.04,14,0.875,0.15971654278508257,0.20908619843517612
n256_L32_S4,3.04,15,0.9375,0.18369568784502466,0.2404774882469989
n256_L32_S4,3.04,16,1.0,0.21103536108558477,0.2762680722694733
n256_L32_S4,3.08,0,0.0,0.09061465143035717,0.11862436200861433
n256_L32_S4,3.08,1,0.0625,0.0768529966100095,0.1006088700602602
n256_L32_S4,3.08,2,0.125,0.06404588969567553,0.08384298437943734
n256_L32_S4,3.08,3,0.1875,0.050235598893550934,0.06576382267991297
n256_L32_S4,3.08,4,0.25,0.03532449430134884,0.0462435768788999
n256_L32_S4,3.08,5,0.3125,0.01949163397442096,0.025516653303005527
n256_L32_S4,3.08,6,0.375,0.005202360807034125,0.006810451973623076
n256_L32_S4,3.08,7,0.4375,0.017640459162338886,0.023093265610360438
n256_L32_S4,3.08,8,0.5,0.03585640441276378,0.04693990464286005
n256_L32_S4,3.08,9,0.5625,0.05534063226202398,0.07244686252842167
n256_L32_S4,3.08,10,0.625,0.0745239987963865,0.09755996047003991
n256_L32_S4,3.08,11,0.6875,0.0951303301305455,0.12453587296617094
n256_L32_S4,3.08,12,0.75,0.11547855992583346,0.15117390268177228
n256_L32_S4,3.08,13,0.8125,0.13732181301834986,0.1797690793048805
n256_L32_S4,3.08,14,0.875,0.15970997420783978,0.2090775994583834
n256_L32_S4,3.08,15,0.9375,0.18368894748762873,0.24046866439143935
n256_L32_S4,3.08,16,1.0,0.21102843586931522,0.2762590064136897
n256_L32_S4,3.12,0,0.0,0.0906184247823846,0.11862930173381134
n256_L32_S4,3.12,1,0.0625,0.07685690305774635,0.10061398402211064
n256_L32_S4,3.12,2,0.125,0.06404992094350725,0.0838482617180861
n256_L32_S4,3.12,3,0.1875,0.05023975540292849,0.0657692639994492
n256_L32_S4,3.12,4,0.25,0.03532874313877,0.04624913906581347
n256_L32_S4,3.12,5,0.3125,0.019495857887200888,0.025522182860872714
n256_L32_S4,3.12,6,0.375,0.005202650613643106,0.006810831361763443
n256_L32_S4,3.12,7,0.4375,0.017635869387190778,0.02308725709915267
n256_L32_S4,3.12,8,0.5,0.03585153479870688,0.04693352979230763
n256_L32_S4,3.12,9,0.5625,0.055335591225485765,0.07244026326733344
n256_L32_S4,3.12,10,0.625,0.07451882337924005,0.09755318529022698
n256_L32_S4,3.12,11,0.6875,0.09512501448645762,0.12452891421415196
n256_L32_S4,3.12,12,0.75,0.11547310996252956,0.15116676809139765
n256_L32_S4,3.12,13,0.8125,0.13731621113749212,0.17976174583802598
n256_L32_S4,3.12,14,0.875,0.15970422070516305,0.20907006750219784
n256_L32_S4,3.12,15,0.9375,0.18368304376479302,0.24046093578084707
n256_L32_S4,3.12,16,1.0,0.21102237004943417,0.2762510656005641
n256_L32_S4,3.16,0,0.0,0.09062173034492875,0.11863362907206942
n256_L32_S4,3.16,1,0.0625,0.07686032510872945,0.1006184638563121
n256_L32_S4,3.16,2,0.125,0.06405345231122817,0.08385288465969983
n256_L32_S4,3.16,3,0.1875,0.050243396203071715,0.06577403019991869
n256_L32_S4,3.16,4,0.25,0.0353324642446243,0.04625401039512904
n256_L32_S4,3.16,5,0.3125,0.019499556156551644,0.025527024294739586
n256_L32_S4,3.16,6,0.375,0.0052028992547744944,0.006811156859849178
n256_L32_S4,3.16,7,0.4375,0.01763184607031981,0.023081990142987816
n256_L32_S4,3.16,8,0.5,0.03584726720648947,0.046927943053340894
n256_L32_S4,3.16,9,0.5625,0.05533117388629532,0.07243448049341145
n256_L32_S4,3.16,10,0.625,0.07451428908778444,0.09754724941316305
n256_L32_S4,3.16,11,0.6875,0.09512035772751427,0.12452281801392427
n256_L32_S4,3.16,12,0.75,0.11546833585140338,0.1511605182644926
n256_L32_S4,3.16,13,0.8125,0.13731130413193202,0.17975532203795888
n256_L32_S4,3.16,14,0.875,0.1596991809119844,0.20906346986880153
n256_L32_S4,3.16,15,0.9375,0.18367787261181173,0.24045416618328672
n256_L32_S4,3.16,16,1.0,0.21101705675823207,0.27624410992872667
n256_L32_S4,3.2,0,0.0,0.09062462632380477,0.11863742022108492
n256_L32_S4,3.2,1,0.0625,0.07686332303958032,0.10062238847146998
n256_L32_S4,3.2,2,0.125,0.06405654599715818,0.0838569346285946
n256_L32_S4,3.2,3,0.1875,0.050246585487408645,0.06577820531744946
n256_L32_S4,3.2,4,0.25,0.03533572336393571,0.0462582769341812
n256_L32_S4,3.2,5,0.3125,0.019502794373049196,0.025531263469751618
n256_L32_S4,3.2,6,0.375,0.005203112003932706,0.0068114353714669165
n256_L32_S4,3.2,7,0.4375,0.017628319037334254,0.023077372876010672
n256_L32_S4,3.2,8,0.5,0.03584352695175129,0.04692304665606889
n256_L32_S4,3.2,9,0.5625,0.05532730282614368,0.07242941285773072
n256_L32_S4,3.2,10,0.625,0.07451031626107989,0.09754204855407723
n256_L32_S4,3.2,11,0.6875,0.09511627795110202,0.12451747714612417
n256_L32_S4,3.2,12,0.75,0.11546415355518932,0.1511550431872033
n256_L32_S4,3.2,13,0.8125,0.13730700558729816,0.1797496947789372
n256_L32_S4,3.2,14,0.875,0.15969476607682975,0.20905769037293273
n256_L32_S4,3.2,15,0.9375,0.18367334291387064,0.2404482363196292
n256_L32_S4,3.2,16,1.0,0.21101240242187622,0.2762380168999276
n256_L32_S4,3.24,0,0.0,0.09062716366417946,0.11864074187358144
n256_L32_S4,3.24,1,0.0625,0.0768659496086647,0.10062582693398116
n256_L32_S4,3.24,2,0.125,0.06405925644320092,0.0838604828951001
n256_L32_S4,3.24,3,0.1875,0.05024937944253455,0.06578186290636097
n256_L32_S4,3.24,4,0.25,0.03533857803662518,0.04626201400893883
n256_L32_S4,3.24,5,0.3125,0.019505629931868773,0.025534975522389914
n256_L32_S4,3.24,6,0.375,0.005203293557572191,0.006811673044782592
n256_L32_S4,3.24,7,0.4375,0.017625226828982137,0.0230733248414249
n256_L32_S4,3.24,8,0.5,0.03584024863406949,0.04691875498427712
n256_L32_S4,3.24,9,0.5625,0.055323910253910785,0.07242497161439597
n256_L32_S4,3.24,10,0.625,0.07450683515147666,0.09753749140576572
n256_L32_S4,3.24,11,0.6875,0.09511270344934698,0.12451279773740277
n256_L32_S4,3.24,12,0.75,0.11546048949836919,0.1511502465412328
n256_L32_S4,3.24,13,0.8125,0.13730323984670537,0.1797447650179299
n256_L32_S4,3.24,14,0.875,0.15969089849466392,0.20905262729031093
n256_L32_S4,3.24,15,0.9375,0.18366937489739577,0.2404430417576534
n256_L32_S4,3.24,16,1.0,0.2110083251099143,0.27623267925835904
n256_L32_S4,3.2800000000000002,0,0.0,0.09062938695733899,0.11864365240436697
n256_L32_S4,3.2800000000000002,1,0.0625,0.07686825099474784,0.10062883969683505
n256_L32_S4,3.2800000000000002,2,0.125,0.06406163130289486,0.08386359184284317
n256_L32_S4,3.2800000000000002,3,0.1875,0.05025182724748163,0.065785067347316
n256_L32_S4,3.2800000000000002,4,0.25,0.03534107862179772,0.04626528754490745
n256_L32_S4,3.2800000000000002,5,0.3125,0.01950811305638461,0.02553822620047375
n256_L32_S4,3.2800000000000002,6,0.375,0.005203448075809346,0.006811875325837718
n256_L32_S4,3.2800000000000002,7,0.4375,0.017622515617715395,0.023069775573158553
n256_L32_S4,3.2800000000000002,8,0.5,0.035837374982550685,0.04691499306418283
n256_L32_S4,3.2800000000000002,9,0.5625,0.05532093680849741,0.07242107905331935
n256_L32_S4,3.2800000000000002,10,0.625,0.07450378469135131,0.09753349802411616
n256_L32_S4,3.2800000000000002,11,0.6875,0.09510957144081485,0.1245086976000843
n256_L32_S4,3.2800000000000002,12,0.75,0.11545727926577373,0.1511460440001699
n256_L32_S4,3.2800000000000002,13,0.8125,0.13729994067285453,0.17974044604316114
n256_L32_S4,3.2800000000000002,14,0.875,0.15968751013354174,0.20904819155977478
n256_L32_S4,3.2800000000000002,15,0.9375,0.18366589872023442,0.24043849106644083
n256_L32_S4,3.2800000000000002,16,1.0,0.21100475308860958,0.27622800309681494
n256_L32_S4,3.3200000000000003,0,0.0,0.09063133523427956,0.11864620290922952
n256_L32_S4,3.3200000000000003,1,0.0625,0.07687026761856235,0.10063147967513471
n256_L32_S4,3.3200000000000003,2,0.125,0.0640637122887666,0.08386631607802467
n256_L32_S4,3.3200000000000003,3,0.1875,0.050253971948442666,0.06578787499242841
n256_L32_S4,3.3200000000000003,4,0.25,0.035343269194386955,0.04626815524093375
n256_L32_S4,3.3200000000000003,5,0.3125,0.019510287694279257,0.025541073036264433
n256_L32_S4,3.3200000000000003,6,0.375,0.005203579226703853,0.006812047016518443
n256_L32_S4,3.3200000000000003,7,0.4375,0.017620138258820268,0.0230666633536913
n256_L32_S4,3.3200000000000003,8,0.5,0.03583485584466808,0.046911695240713674
n256_L32_S4,3.3200000000000003,9,0.5625,0.05531833051016886,0.07241766712741611
n256_L32_S4,3.3200000000000003,10,0.625,0.07450111141281353,0.09752999841388746
n256_L32_S4,3.3200000000000003,11,0.6875,0.0951068269594873,0.12450510477771633
n256_L32_S4,3.3200000000000003,12,0.75,0.11545446646250516,0.1511423617370047
n256_L32_S4,3.3200000000000003,13,0.8125,0.13729705007589638,0.1797366619396572
n256_L32_S4,3.3200000000000003,14,0.875,0.15968454143130245,0.20904430520802514
n256_L32_S4,3.3200000000000003,15,0.9375,0.18366285323634235,0.2404345041992179
n256_L32_S4,3.3200000000000003,16,1.0,0.21100162355321567,0.2762239061971014
n256_L32_S4,3.36,0,0.0,0.09063304266019637,0.11864843811409828
n256_L32_S4,3.36,1,0.0625,0.07687203486182999,0.10063379318737393
n256_L32_S4,3.36,2,0.125,0.06406553591399299,0.08386870340033521
n256_L32_S4,3.36,3,0.1875,0.050255851224418994,0.06579033516757903
n256_L32_S4,3.36,4,0.25,0.035345188329988425,0.046270667596637144
n256_L32_S4,3.36,5,0.3125,0.019512192301937757,0.02554356637332196
n256_L32_S4,3.36,6,0.375,0.005203690231533278,0.0068121923338248895
n256_L32_S4,3.36,7,0.4375,0.017618053459458306,0.023063934126239395
n256_L32_S4,3.36,8,0.5,0.035832647300663656,0.04690880401816459
n256_L32_S4,3.36,9,0.5625,0.05531604584207579,0.07241467625021619
n256_L32_S4,3.36,10,0.625,0.07449876850156203,0.0975269312901049
n256_L32_S4,3.36,11,0.6875,0.0951044218816611,0.1245019562711756
n256_L32_S4,3.36,12,0.75,0.11545200171534464,0.1511391351168631
n256_L32_S4,3.36,13,0.8125,0.13729451728670378,0.1797333462451494
n256_L32_S4,3.36,14,0.875,0.1596819402414577,0.20904089996967873
n256_L32_S4,3.36,15,0.9375,0.18366018491356292,0.24043101107661194
n256_L32_S4,3.36,16,1.0,0.2109988815172351,0.27622031657595664
n256_L32_S4,3.4,0,0.0,0.09063453914221196,0.11865039717062562
n256_L32_S4,3.4,1,0.0625,0.07687358369651333,0.10063582077919565
n256_L32_S4,3.4,2,0.125,0.06406713414149735,0.08387079565269238
n256_L32_S4,3.4,3,0.1875,0.0502574980573322,0.0657924910496641
n256_L32_S4,3.4,4,0.25,0.035346869791769285,0.046272868811648715
n256_L32_S4,3.4,5,0.3125,0.01951386053097981,0.025545750265249745
n256_L32_S4,3.4,6,0.375,0.005203783909250477,0.0068123149680706955
n256_L32_S4,3.4,7,0.4375,0.017616225051003558,0.023061540542166487
n256_L32_S4,3.4,8,0.5,0.03583071088801067,0.046906269044935424
n256_L32_S4,3.4,9,0.5625,0.05531404294590778,0.07241205424288792
n256_L32_S4,3.4,10,0.625,0.07449671496831482,0.09752424299337287
n256_L32_S4,3.4,11,0.6875,0.09510231407376316,0.12449919692306596
n256_L32_S4,3.4,12,0.75,0.1154498417982042,0.151136307552129
n256_L32_S4,3.4,13,0.8125,0.1372922978576198,0.17973044077285594
n256_L32_S4,3.4,14,0.875,0.15967966090989688,0.2090379160785757
n256_L32_S4,3.4,15,0.9375,0.18365784688567718,0.2404279503456824
n256_L32_S4,3.4,16,1.0,0.21099647883941564,0.27621717121128386
n256_L32_S4,3.44,0,0.0,0.09063585086117858,0.11865211435237374
n256_L32_S4,3.44,1,0.0625,0.0768749412354688,0.1006375979442562
n256_L32_S4,3.44,2,0.125,0.06406853495201366,0.0838726294648979
n256_L32_S4,3.44,3,0.1875,0.05025894131849492,0.06579438043434899
n256_L32_S4,3.44,4,0.25,0.0353483431316299,0.04627479757259662
n256_L32_S4,3.44,5,0.3125,0.01951532182907363,0.025547663262224823
n256_L32_S4,3.44,6,0.375,0.005203862718994999,0.006812418138535035
n256_L32_S4,3.44,7,0.4375,0.01761462135187886,0.023059441126867548
n256_L32_S4,3.44,8,0.5,0.03582901292229942,0.04690404622449712
n256_L32_S4,3.44,9,0.5625,0.055312286917536056,0.07240975541215826
n256_L32_S4,3.44,10,0.625,0.07449491492327914,0.0975218865400778
n256_L32_S4,3.44,11,0.6875,0.09510046664611892,0.12449677844082059
n256_L32_S4,3.44,12,0.75,0.11544794886629246,0.15113382949988458
n256_L32_S4,3.44,13,0.8125,0.13729035287497068,0.17972789458057659
n256_L32_S4,3.44,14,0.875,0.1596776634662866,0.20903530120923414
n256_L32_S4,3.44,15,0.9375,0.18365579812218238,0.24042526829307123
n256_L32_S4,3.44,16,1.0,0.21099437337150148,0.27621441492646565
n256_L32_S4,3.48,0,0.0,0.09063700073700735,0.11865361966398091
n256_L32_S4,3.48,1,0.0625,0.07687613121431046,0.10063915575503697
n256_L32_S4,3.48,2,0.125,0.06406976284121257,0.08387423690442937
n256_L32_S4,3.48,3,0.1875,0.050260206281849025,0.06579603640795234
n256_L32_S4,3.48,4,0.25,0.035349634216285675,0.04627648774180406
n256_L32_S4,3.48,5,0.3125,0.01951660196569866,0.025549339099278003
n256_L32_S4,3.48,6,0.375,0.005203928799946938,0.006812504645635607
n256_L32_S4,3.48,7,0.4375,0.017613214609656504,0.023057599549418387
n256_L32_S4,3.48,8,0.5,0.03582752390261259,0.04690209693696381
n256_L32_S4,3.48,9,0.5625,0.05531074719028,0.07240773974294215
n256_L32_S4,3.48,10,0.625,0.07449333694090574,0.09751982079078284
n256_L32_S4,3.48,11,0.6875,0.09509884729958315,0.12449465854137116
n256_L32_S4,3.48,12,0.75,0.11544628978557075,0.15113165758409583
n256_L32_S4,3.48,13,0.8125,0.13728864826951626,0.1797256630679976
n256_L32_S4,3.48,14,0.875,0.159675912915994,0.20903300954990153
n256_L32_S4,3.48,15,0.9375,0.1836540027012587,0.24042291789323803
n256_L32_S4,3.48,16,1.0,0.21099252821186626,0.27621199941328894
n256_L32_S4,3.52,0,0.0,0.0906380088358343,0.11865493937418561
n256_L32_S4,3.52,1,0.0625,0.0768771744130547,0.100640521414823
n256_L32_S4,3.52,2,0.125,0.06407083925472298,0.08387564604593037
n256_L32_S4,3.52,3,0.1875,0.050261315073103316,0.06579748793541577
n256_L32_S4,3.52,4,0.25,0.03535076568762657,0.046277968959949546
n256_L32_S4,3.52,5,0.3125,0.01951772349218908,0.0255508072985405
n256_L32_S4,3.52,6,0.375,0.0052039840081496164,0.006812576919133513
n256_L32_S4,3.52,7,0.4375,0.017611980512568636,0.02305598398309005
n256_L32_S4,3.52,8,0.5,0.03582621799089109,0.046900387357526524
n256_L32_S4,3.52,9,0.5625,0.05530939699493583,0.07240597219146166
n256_L32_S4,3.52,10,0.625,0.07449195350372846,0.09751800972215384
n256_L32_S4,3.52,11,0.6875,0.09509742775351059,0.1244928002022997
n256_L32_S4,3.52,12,0.75,0.1154448355456675,0.15112975382705426
n256_L32_S4,3.52,13,0.8125,0.13728715421271734,0.17972370718634073
n256_L32_S4,3.52,14,0.875,0.15967437862010367,0.20903100099092956
n256_L32_S4,3.52,15,0.9375,0.18365242917317876,0.2404208579750941
n256_L32_S4,3.52,16,1.0,0.2109909110519331,0.27620988237633837
n256_L32_S4,3.56,0,0.0,0.09063889272628521,0.11865609648221583
n256_L32_S4,3.56,1,0.0625,0.07687808902507663,0.10064171874070657
n256_L32_S4,3.56,2,0.125,0.0640717829688144,0.08387688146956492
n256_L32_S4,3.56,3,0.1875,0.05026228706275101,0.06579876037480628
n256_L32_S4,3.56,4,0.25,0.03535175736555056,0.046279267173419375
n256_L32_S4,3.56,5,0.3125,0.019518706144251812,0.025552093696183466
n256_L32_S4,3.56,6,0.375,0.005204029950133296,0.006812637062150314
n256_L32_S4,3.56,7,0.4375,0.017610897761821384,0.02305456654546181
n256_L32_S4,3.56,8,0.5,0.035825072556134756,0.046898887859762664
n256_L32_S4,3.56,9,0.5625,0.055308212887021535,0.07240442206635865
n256_L32_S4,3.56,10,0.625,0.0744907405154878,0.09751642178958553
n256_L32_S4,3.56,11,0.6875,0.09509618324498177,0.12449117100627109
n256_L32_S4,3.56,12,0.75,0.11544356074592449,0.15112808497655583
n256_L32_S4,3.56,13,0.8125,0.1372858445881887,0.17972199274643805
n256_L32_S4,3.56,14,0.875,0.15967303375261013,0.20902924041418078
n256_L32_S4,3.56,15,0.9375,0.18365105000294665,0.24041905249235704
n256_L32_S4,3.56,16,1.0,0.21098949360391397,0.27620802678384543
n256_L32_S4,3.6,0,0.0,0.09063966779120154,0.11865711112587184
n256_L32_S4,3.6,1,0.0625,0.07687889097994663,0.10064276858621513
n256_L32_S4,3.6,2,0.125,0.0640726104235063,0.08387796469709345
n256_L32_S4,3.6,3,0.1875,0.05026313920998916,0.0657998759275438
n256_L32_S4,3.6,4,0.25,0.03535262660043915,0.04628040509573621
n256_L32_S4,3.6,5,0.3125,0.01951956719414224,0.025553220903454004
n256_L32_S4,3.6,6,0.375,0.005204068013348666,0.006812686891008761
n256_L32_S4,3.6,7,0.4375,0.017609947697123235,0.02305332280819741
n256_L32_S4,3.6,8,0.5,0.035824067775340564,0.046897572493221074
n256_L32_S4,3.6,9,0.5625,0.055307174332913676,0.0724030624869031
n256_L32_S4,3.6,10,0.625,0.07448967687490853,0.09751502936923041
n256_L32_S4,3.6,11,0.6875,0.09509509209042911,0.12448974256715425
n256_L32_S4,3.6,12,0.75,0.11544244314547963,0.15112662191691087
n256_L32_S4,3.6,13,0.8125,0.137284696528994,0.179720489813001
n256_L32_S4,3.6,14,0.875,0.15967185482521948,0.20902769707094254
n256_L32_S4,3.6,15,0.9375,0.18364984108235277,0.24041746988477752
n256_L32_S4,3.6,16,1.0,0.21098825109978128,0.2762064002117877
n256_L32_S4,3.64,0,0.0,0.09064034750039211,0.11865800093858767
n256_L32_S4,3.64,1,0.0625,0.07687959422591108,0.10064368921110912
n256_L32_S4,3.64,2,0.125,0.06407333601405657,0.08387891457346273
n256_L32_S4,3.64,3,0.1875,0.05026388636365447,0.06580085403235876
n256_L32_S4,3.64,4,0.25,0.03535338858157768,0.04628140261131447
n256_L32_S4,3.64,5,0.3125,0.019520321758763667,0.025554208710010653
n256_L32_S4,3.64,6,0.375,0.0052040993935022406,0.006812727971017774
n256_L32_S4,3.64,7,0.4375,0.017609113968842707,0.023052231367864027
n256_L32_S4,3.64,8,0.5,0.035823186284164386,0.046896418526100526
n256_L32_S4,3.64,9,0.5625,0.05530626334752952,0.07240186990867996
n256_L32_S4,3.64,10,0.625,0.07448874410260937,0.0975138082695833
n256_L32_S4,3.64,11,0.6875,0.09509413530190858,0.1244884900276804
n256_L32_S4,3.64,12,0.75,0.11544146326943465,0.15112533915337484
n256_L32_S4,3.64,13,0.8125,0.1372836900126137,0.17971917217438982
n256_L32_S4,3.64,14,0.875,0.15967082127136023,0.20902634403735226
n256_L32_S4,3.64,15,0.9375,0.1836487813028243,0.24041608251895477
n256_L32_S4,3.64,16,1.0,0.21098716185264274,0.2762049742696819
n256_L32_S4,3.68,0,0.0,0.09064094364928994,0.11865878136185863
n256_L32_S4,3.68,1,0.0625,0.07688021097707616,0.10064449660497227
n256_L32_S4,3.68,2,0.125,0.06407397234601793,0.08387974760070227
n256_L32_S4,3.68,3,0.1875,0.05026454152554899,0.06580171171001378
n256_L32_S4,3.68,4,0.25,0.03535405660700495,0.04628227712872269
n256_L32_S4,3.68,5,0.3125,0.01952098306922408,0.025555074436802265
n256_L32_S4,3.68,6,0.375,0.0052041251189540415,0.006812761648411651
n256_L32_S4,3.68,7,0.4375,0.017608382250961917,0.023051273470157545
n256_L32_S4,3.68,8,0.5,0.03582241287108592,0.04689540604487862
n256_L32_S4,3.68,9,0.5625,0.05530546417716358,0.07240082370838785
n256_L32_S4,3.68,10,0.625,0.07448792601452446,0.09751273730395457
n256_L32_S4,3.68,11,0.6875,0.09509329625121726,0.12448739161973667
n256_L32_S4,3.68,12,0.75,0.11544060406412776,0.15112421436086332
n256_L32_S4,3.68,13,0.8125,0.13728280750641592,0.1797180168784964
n256_L32_S4,3.68,14,0.875,0.15966991508204198,0.2090251577376972
n256_L32_S4,3.68,15,0.9375,0.18364785218152105,0.24041486619885546
n256_L32_S4,3.68,16,1.0,0.2109862068727739,0.27620372409792837
n256_L32_S4,3.72,0,0.0,0.09064146656776888,0.11865946591860489
n256_L32_S4,3.72,1,0.0625,0.07688075192968465,0.10064520477034117
n256_L32_S4,3.72,2,0.125,0.0640745304584342,0.08388047823011223
n256_L32_S4,3.72,3,0.1875,0.050265116080861524,0.06580246386495024
n256_L32_S4,3.72,4,0.25,0.03535464231963258,0.04628304388978921
n256_L32_S4,3.72,5,0.3125,0.019521562706634445,0.02555583324475347
n256_L32_S4,3.72,6,0.375,0.00520414607239071,0.0068127890787225065
n256_L32_S4,3.72,7,0.4375,0.01760773998976361,0.023050432680906695
n256_L32_S4,3.72,8,0.5,0.03582173420967467,0.046894517603819054
n256_L32_S4,3.72,9,0.5625,0.05530476302183603,0.07239990582036326
n256_L32_S4,3.72,10,0.625,0.07448720843604326,0.09751179791624871
n256_L32_S4,3.72,11,0.6875,0.09509256037589778,0.12448642827949406
n256_L32_S4,3.72,12,0.75,0.1154398505954028,0.15112322798895345
n256_L32_S4,3.72,13,0.8125,0.13728203365732825,0.1797170038264914
n256_L32_S4,3.72,14,0.875,0.15966912048712445,0.20902411752716105
n256_L32_S4,3.72,15,0.9375,0.18364703753404293,0.24041379973735252
n256_L32_S4,3.72,16,1.0,0.2109853695315027,0.27620262792780015
n256_L32_S4,3.7600000000000002,0,0.0,0.09064192530286763,0.11866006645237687
n256_L32_S4,3.7600000000000002,1,0.0625,0.07688122645136883,0.10064582597045789
n256_L32_S4,3.7600000000000002,2,0.125,0.0640750200191376,0.08388111911792882
n256_L32_S4,3.7600000000000002,3,0.1875,0.05026561999978645,0.06580312354922899
n256_L32_S4,3.7600000000000002,4,0.25,0.035355155913831156,0.04628371624004577
n256_L32_S4,3.7600000000000002,5,0.3125,0.0195220708084026,0.025556498404825618
n256_L32_S4,3.7600000000000002,6,0.375,0.005204163009984761,0.0068128112518618
n256_L32_S4,3.7600000000000002,7,0.4375,0.01760717618379589,0.02304969459802317
n256_L32_S4,3.7600000000000002,8,0.5,0.03582113862422706,0.04689373791816526
n256_L32_S4,3.7600000000000002,9,0.5625,0.055304147792249986,0.07239910041841136
n256_L32_S4,3.7600000000000002,10,0.625,0.07448657895179724,0.09751097385340789
n256_L32_S4,3.7600000000000002,11,0.6875,0.09509191492191414,0.12448558331054252
n256_L32_S4,3.7600000000000002,12,0.75,0.11543918978451134,0.15112236291615153
n256_L32_S4,3.7600000000000002,13,0.8125,0.13728135502023073,0.1797161154172611
n256_L32_S4,3.7600000000000002,14,0.875,0.15966842367633147,0.20902320532660126
n256_L32_S4,3.7600000000000002,15,0.9375,0.18364632318796795,0.24041286458121539
n256_L32_S4,3.7600000000000002,16,1.0,0.21098463526699962,0.27620166669629015
n256_L32_S4,3.8000000000000003,0,0.0,0.09064232777866896,0.11866059333665444
n256_L32_S4,3.8000000000000003,1,0.0625,0.07688164274675026,0.10064637094605787
n256_L32_S4,3.8000000000000003,2,0.125,0.0640754494956479,0.0838816813490496
n256_L32_S4,3.8000000000000003,3,0.1875,0.050266062013953644,0.06580370219349628
n256_L32_S4,3.8000000000000003,4,0.25,0.035355606316188115,0.046284305865359095
n256_L32_S4,3.8000000000000003,5,0.3125,0.019522516248695266,0.025557081534261047
n256_L32_S4,3.8000000000000003,6,0.375,0.005204176578271382,0.006812829014213898
n256_L32_S4,3.8000000000000003,7,0.4375,0.017606681191221697,0.023049046599301265
n256_L32_S4,3.8000000000000003,8,0.5,0.035820615884572284,0.04689305359551913
n256_L32_S4,3.8000000000000003,9,0.5625,0.05530360789703741,0.07239839363728785
n256_L32_S4,3.8000000000000003,10,0.625,0.07448602668665383,0.0975102508787094
n256_L32_S4,3.8000000000000003,11,0.6875,0.09509134871842373,0.12448484208904294
n256_L32_S4,3.8000000000000003,12,0.75,0.11543861017696923,0.1511216041473011
n256_L32_S4,3.8000000000000003,13,0.8125,0.1372807598202254,0.17971533623619285
n256_L32_S4,3.8000000000000003,14,0.875,0.15966781255506066,0.20902240530287758
n256_L32_S4,3.8000000000000003,15,0.9375,0.18364569673211611,0.2404120444828695
n256_L32_S4,3.8000000000000003,16,1.0,0.21098399132676607,0.27620082370900084
n256_L32_S4,3.84,0,0.0,0.09064268093620875,0.11866105565800299
n256_L32_S4,3.84,1,0.0625,0.07688200800235108,0.10064684910507446
n256_L32_S4,3.84,2,0.125,0.06407582630472378,0.08388217463281242
n256_L32_S4,3.84,3,0.1875,0.05026644977080632,0.06580420980908092
n256_L32_S4,3.84,4,0.25,0.035356001343673296,0.04628482299898667
n256_L32_S4,3.84,5,0.3125,0.019522906796307807,0.025557592803251664
n256_L32_S4,3.84,6,0.375,0.0052041873289646046,0.006812843088032034
n256_L32_S4,3.84,7,0.4375,0.01760624656113727,0.023048477621595554
n256_L32_S4,3.84,8,0.5,0.03582015702646709,0.04689245290071844
n256_L32_S4,3.84,9,0.5625,0.0553031340565124,0.07239777332888205
n256_L32_S4,3.84,10,0.625,0.07448554211402367,0.09750961652081923
n256_L32_S4,3.84,11,0.6875,0.09509085198064754,0.1244841918056632
n256_L32_S4,3.84,12,0.75,0.1154381017402447,0.1511209385487349
n256_L32_S4,3.84,13,0.8125,0.13728023774457046,0.17971465278279422
n256_L32_S4,3.84,14,0.875,0.15966727653066182,0.20902170358906716
n256_L32_S4,3.84,15,0.9375,0.18364514729709616,0.24041132521310818
n256_L32_S4,3.84,16,1.0,0.2109834265422296,0.2762000843450652
n256_L32_S4,3.88,0,0.0,0.09064299085590248,0.11866146137634281
n256_L32_S4,3.88,1,0.0625,0.07688232851340394,0.1006472686886469
n256_L32_S4,3.88,2,0.125,0.06407615694323399,0.08388260747431994
n256_L32_S4,3.88,3,0.1875,0.050266789968696046,0.06580465516484832
n256_L32_S4,3.88,4,0.25,0.03535634784201926,0.04628527660273152
n256_L32_S4,3.88,5,0.3125,0.019523249252769326,0.025558041115733385
n256_L32_S4,3.88,6,0.375,0.0052041957319252366,0.006812854088414734
n256_L32_S4,3.88,7,0.4375,0.017605864885879924,0.023047977967475798
n256_L32_S4,3.88,8,0.5,0.03581975419434398,0.04689192554997718
n256_L32_S4,3.88,9,0.5625,0.055302718139640855,0.07239722884879238
n256_L32_S4,3.88,10,0.625,0.07448511688806564,0.0975090598541303
n256_L32_S4,3.88,11,0.6875,0.09509041613733132,0.12448362123970608
n256_L32_S4,3.88,12,0.75,0.11543765568668858,0.1511203546164714
n256_L32_S4,3.88,13,0.8125,0.13727977976057124,0.17971405323229261
n256_L32_S4,3.88,14,0.875,0.15966680632537433,0.20902108803957975
n256_L32_S4,3.88,15,0.9375,0.18364466536323715,0.24041069430965434
n256_L32_S4,3.88,16,1.0,0.21098293113146385,0.2761994357988854
n256_L32_S4,3.92,0,0.0,0.09064326286468109,0.11866181746520167
n256_L32_S4,3.92,1,0.0625,0.076882609794817,0.10064763691638537
n256_L32_S4,3.92,2,0.125,0.06407644710268365,0.08388298732436686
n256_L32_S4,3.92,3,0.1875,0.050267088475099496,0.06580504594195892
n256_L32_S4,3.92,4,0.25,0.03535665180681195,0.046285674525462964
n256_L32_S4,3.92,5,0.3125,0.019523549573159757,0.0255584342675488
n256_L32_S4,3.92,6,0.375,0.005204202186485308,0.006812862538130739
n256_L32_S4,3.92,7,0.4375,0.0176055296717032,0.023047539135926793
n256_L32_S4,3.92,8,0.5,0.035819400503651344,0.046891462530674013
n256_L32_S4,3.92,9,0.5625,0.05530235302131833,0.07239675086948788
n256_L32_S4,3.92,10,0.625,0.07448474369682795,0.09750857130650827
n256_L32_S4,3.92,11,0.6875,0.0950900336797286,0.12448312056141175
n256_L32_S4,3.92,12,0.75,0.11543726431856345,0.15111984227334121
n256_L32_S4,3.92,13,0.8125,0.13727937795619105,0.1797135272269778
n256_L32_S4,3.92,14,0.875,0.15966639381260067,0.20902054801582173
n256_L32_S4,3.92,15,0.9375,0.18364424259247722,0.2404101408570848
n256_L32_S4,3.92,16,1.0,0.2109824965265127,0.27619886685408185
n256_L32_S4,3.96,0,0.0,0.09064350162974916,0.11866213003445424
n256_L32_S4,3.96,1,0.0625,0.07688285667829313,0.10064796011351061
n256_L32_S4,3.96,2,0.125,0.06407670176944107,0.08388332071064762
n256_L32_S4,3.96,3,0.1875,0.050267350430073805,0.06580538886930248
n256_L32_S4,3.96,4,0.25,0.03535691848944686,0.046286023641824665
n256_L32_S4,3.96,5,0.3125,0.01952381297180577,0.025558779084814486
n256_L32_S4,3.96,6,0.375,0.005204207031306307,0.006812868880524502
n256_L32_S4,3.96,7,0.4375,0.017605235225531222,0.023047153674097546
n256_L32_S4,3.96,8,0.5,0.03581908992033515,0.04689105594358072
n256_L32_S4,3.96,9,0.5625,0.05530203245742795,0.07239633121674544
n256_L32_S4,3.96,10,0.625,0.07448441613368642,0.09750814249099037
n256_L32_S4,3.96,11,0.6875,0.0950896980294155,0.12448268115891314
n256_L32_S4,3.96,12,0.75,0.11543692089239492,0.1511193926914083
n256_L32_S4,3.96,13,0.8125,0.13727902540055786,0.17971306569359
n256_L32_S4,3.96,14,0.875,0.15966603187361025,0.20902007419860624
n256_L32_S4,3.96,15,0.9375,0.18364387168123872,0.24040965529422786
n256_L32_S4,3.96,16,1.0,0.2109821152222581,0.27619836768564476
n256_L32_S4,4.0,0,0.0,0.09064371124064223,0.11866240443774408
n256_L32_S4,4.0,1,0.0625,0.07688307339731443,0.10064824382210774
n256_L32_S4,4.0,2,0.125,0.0640769253124594,0.08388361335259363
n256_L32_S4,4.0,3,0.1875,0.05026758033679217,0.0658056898420189
n256_L32_S4,4.0,4,0.25,0.035357152489840865,0.04628632997360447
n256_L32_S4,4.0,5,0.3125,0.01952404401474417,0.025559081544965594
n256_L32_S4,4.0,6,0.375,0.005204210552956584,0.006812873490744933
n256_L32_S4,4.0,7,0.4375,0.017604976555802364,0.023046815047494975
n256_L32_S4,4.0,8,0.5,0.0358188171553189,0.046890698864725154
n256_L32_S4,4.0,9,0.5625,0.05530175097546304,0.07239596272646293
n256_L32_S4,4.0,10,0.625,0.07448412858482066,0.09750776605847963
n256_L32_S4,4.0,11,0.6875,0.09508940342259554,0.12448229548677836
n256_L32_S4,4.0,12,0.75,0.1154366195002522,0.15111899813655344
n256_L32_S4,4.0,13,0.8125,0.13727871602186228,0.17971266068347516
n256_L32_S4,4.0,14,0.875,0.15966571427210902,0.209019658423951
n256_L32_S4,4.0,15,0.9375,0.18364354623165094,0.24040922924558003
n256_L32_S4,4.0,16,1.0,0.21098178064413617,0.27619792968676016
n256_L32_S4,4.04,0,0.0,0.09064389528103879,0.11866264536649325
n256_L32_S4,4.04,1,0.0625,0.07688326366152763,0.10064849289850486
n256_L32_S4,4.04,2,0.125,0.06407712156004239,0.0838838702618678
n256_L32_S4,4.04,3,0.1875,0.050267782140776755,0.06580595402522266
n256_L32_S4,4.04,4,0.25,0.03535735783756821,0.0462865987959501
n256_L32_S4,4.04,5,0.3125,0.019524246700618673,0.025559346882658467
n256_L32_S4,4.04,6,0.375,0.005204212993342226,0.006812876685473216
n256_L32_S4,4.04,7,0.4375,0.017604749285617075,0.023046517526285018
n256_L32_S4,4.04,8,0.5,0.035818577572121604,0.046890385224453095
n256_L32_S4,4.04,9,0.5625,0.05530150377877273,0.0723956391193065
n256_L32_S4,4.04,10,0.625,0.07448387613071228,0.09750743556879535
n256_L32_S4,4.04,11,0.6875,0.09508914480883222,0.12448195693344072
n256_L32_S4,4.04,12,0.75,0.11543635496583014,0.15111865183243428
n256_L32_S4,4.04,13,0.8125,0.1372784445004913,0.1797123052326855
n256_L32_S4,4.04,14,0.875,0.15966543554447082,0.20901929353937956
n256_L32_S4,4.04,15,0.9375,0.183643260638841,0.24040885537375756
n256_L32_S4,4.04,16,1.0,0.2109814870323588,0.2761975453172435
n256_L32_S4,4.08,0,0.0,0.09064405689161811,0.11866285693219
n256_L32_S4,4.08,1,0.0625,0.07688343072185065,0.1006487115985045
n256_L32_S4,4.08,2,0.125,0.06407729386704411,0.08388409583033632
n256_L32_S4,4.08,3,0.1875,0.05026795929924616,0.06580618594478616
n256_L32_S4,4.08,4,0.25,0.03535753806285641,0.046286834730310526
n256_L32_S4,4.08,5,0.3125,0.019524424531453012,0.025559579682420272
n256_L32_S4,4.08,6,0.375,0.005204214556149315,0.0068128787313564265
n256_L32_S4,4.08,7,0.4375,0.017604549576701555,0.023046256085752864
n256_L32_S4,4.08,8,0.5,0.03581836710596801,0.046890109701534885
n256_L32_S4,4.08,9,0.5625,0.05530128666271862,0.07239535489095057
n256_L32_S4,4.08,10,0.625,0.07448365445991201,0.09750714537778492
n256_L32_S4,4.08,11,0.6875,0.09508891776239675,0.12448165970514342
n256_L32_S4,4.08,12,0.75,0.11543612275349836,0.151118347841421
n256_L32_S4,4.08,13,0.8125,0.13727820617549036,0.17971199323952833
n256_L32_S4,4.08,14,0.875,0.159665190903638,0.20901897327811655
n256_L32_S4,4.08,15,0.9375,0.18364300999228883,0.2404085272503595
n256_L32_S4,4.08,16,1.0,0.21098122934056804,0.2761972079708675
n256_L32_S4,4.12,0,0.0,0.09064419882507649,0.11866304273841098
n256_L32_S4,4.12,1,0.0625,0.07688357742745279,0.10064890365197689
n256_L32_S4,4.12,2,0.125,0.0640774451736808,0.0838842939070597
n256_L32_S4,4.12,3,0.1875,0.0502681148418099,0.06580638956679538
n256_L32_S4,4.12,4,0.25,0.0353576962587225,0.046287041825778995
n256_L32_S4,4.12,5,0.3125,0.01952458057457394,0.025559783959712895
n256_L32_S4,4.12,6,0.375,0.005204215412406655,0.00681287985228973
n256_L32_S4,4.12,7,0.4375,0.017604374062782858,0.023046026319083784
n256_L32_S4,4.12,8,0.5,0.03581818219295994,0.04688986763044303
n256_L32_S4,4.12,9,0.5625,0.05530109594127791,0.07239510521599328
n256_L32_S4,4.12,10,0.625,0.07448345979355848,0.09750689053851085
n256_L32_S4,4.12,11,0.6875,0.09508871840467699,0.12448139872436444
n256_L32_S4,4.12,12,0.75,0.11543591888867621,0.15111808096035836
n256_L32_S4,4.12,13,0.8125,0.13727799696268722,0.17971171935738117
n256_L32_S4,4.12,14,0.875,0.15966497615502262,0.2090186921489935
n256_L32_S4,4.12,15,0.9375,0.18364278998947728,0.24040823924292637
n256_L32_S4,4.12,16,1.0,0.21098100314713567,0.2761969118592434
n256_L32_S4,4.16,0,0.0,0.09064432349428835,0.11866320594386932
n256_L32_S4,4.16,1,0.0625,0.07688370627563652,0.1006490723281606
n256_L32_S4,4.16,2,0.125,0.06407757805701367,0.08388446786568927
n256_L32_S4,4.16,3,0.1875,0.05026825142359304,0.06580656836709568
n256_L32_S4,4.16,4,0.25,0.035357835135347924,0.0462872236302756
n256_L32_S4,4.16,5,0.3125,0.019524717516787575,0.025559963231855623
n256_L32_S4,4.16,6,0.375,0.005204215705292713,0.006812880235709202
n256_L32_S4,4.16,7,0.4375,0.017604219791270786,0.02304582436101843
n256_L32_S4,4.16,8,0.5,0.035818019708057904,0.04688965492016345
n256_L32_S4,4.16,9,0.5625,0.05530092838277329,0.07239488586382015
n256_L32_S4,4.16,10,0.625,0.07448328881929157,0.09750666671473608
n256_L32_S4,4.16,11,0.6875,0.09508854333624187,0.12448116954088145
n256_L32_S4,4.16,12,0.75,0.1154357398881462,0.15111784662933864
n256_L32_S4,4.16,13,0.8125,0.13727781328302574,0.17971147890087316
n256_L32_S4,4.16,14,0.875,0.1596647876228804,0.20901844534006428
n256_L32_S4,4.16,15,0.9375,0.18364259686031453,0.240407986416001
n256_L32_S4,4.16,16,1.0,0.21098080457751348,0.2761966519101692
n256_L32_S4,4.2,0,0.0,0.09064443301446254,0.11866334931760178
n256_L32_S4,4.2,1,0.0625,0.07688381945550132,0.10064922049282318
n256_L32_S4,4.2,2,0.125,0.0640776947760151,0.08388462066346382
n256_L32_S4,4.2,3,0.1875,0.05026837137173698,0.06580672539216639
n256_L32_S4,4.2,4,0.25,0.03535795706767451,0.04628738325285562
n256_L32_S4,4.2,5,0.3125,0.019524837711785394,0.02556012058008472
n256_L32_S4,4.2,6,0.375,0.005204215554273253,0.006812880038008424
n256_L32_S4,4.2,7,0.4375,0.017604084172145613,0.023045646820941346
n256_L32_S4,4.2,8,0.5,0.03581787691076756,0.04688946798309316
n256_L32_S4,4.2,9,0.5625,0.05530078115359346,0.07239469312492802
n256_L32_S4,4.2,10,0.625,0.07448313863339992,0.09750647010518897
n256_L32_S4,4.2,11,0.6875,0.09508838957738236,0.12448096825393365
n256_L32_S4,4.2,12,0.75,0.11543558269904379,0.15111764085183252
n256_L32_S4,4.2,13,0.8125,0.13727765199982903,0.1797112677637556
n256_L32_S4,4.2,14,0.875,0.15966462208586665,0.20901822863424097
n256_L32_S4,4.2,15,0.9375,0.1836424273009779,0.24040776444452275
n256_L32_S4,4.2,16,1.0,0.21098063023626853,0.27619642367865666
n256_L32_S4,4.24,0,0.0,0.09064452924005101,0.11866347528728616
n256_L32_S4,4.24,1,0.0625,0.07688391888616938,0.10064935065830279
n256_L32_S4,4.24,2,0.125,0.0640777973110223,0.08388475489285852
n256_L32_S4,4.24,3,0.1875,0.05026847672610396,0.06580686331240744
n256_L32_S4,4.24,4,0.25,0.03535806413705483,0.0462875234182343
n256_L32_S4,4.24,5,0.3125,0.019524943221622074,0.025560258703852392
n256_L32_S4,4.24,6,0.375,0.005204215058662674,0.006812879389200667
n256_L32_S4,4.24,7,0.4375,0.017603964933204957,0.023045490724294296
n256_L32_S4,4.24,8,0.5,0.03581775139757739,0.04688930367277609
n256_L32_S4,4.24,9,0.5625,0.055300651768923424,0.07239452374642583
n256_L32_S4,4.24,10,0.625,0.07448300669016239,0.09750629737724567
n256_L32_S4,4.24,11,0.6875,0.09508825451604538,0.12448079144406154
n256_L32_S4,4.24,12,0.75,0.11543544464544818,0.1511174601247708
n256_L32_S4,4.24,13,0.8125,0.13727751036388008,0.17971108234700658
n256_L32_S4,4.24,14,0.875,0.15966447672062037,0.20901803833543908
n256_L32_S4,4.24,15,0.9375,0.18364227841600667,0.2404075695380209
n256_L32_S4,4.24,16,1.0,0.2109804771475848,0.2761962232690413
n256_L32_S4,4.28,0,0.0,0.0906446137970606,0.11866358598154098
n256_L32_S4,4.28,1,0.0625,0.07688400625024512,0.10064946502731026
n256_L32_S4,4.28,2,0.125,0.06407788739827619,0.08388487282680021
n256_L32_S4,4.28,3,0.1875,0.05026856927491832,0.06580698446879756
n256_L32_S4,4.28,4,0.25,0.035358158167716994,0.04628764651452317
n256_L32_S4,4.28,5,0.3125,0.01952503585301729,0.025560379968349752
n256_L32_S4,4.28,6,0.375,0.005204214300682509,0.006812878396922795
n256_L32_S4,4.28,7,0.4375,0.017603860080848997,0.02304535346123987
n256_L32_S4,4.28,8,0.5,0.035817641060302656,0.046889159229370814
n256_L32_S4,4.28,9,0.5625,0.05530053804958284,0.07239437487553119
n256_L32_S4,4.28,10,0.625,0.07448289075749723,0.0975061456088702
n256_L32_S4,4.28,11,0.6875,0.09508813586225545,0.12448063611343997
n256_L32_S4,4.28,12,0.75,0.11543532338162368,0.15111730137733217
n256_L32_S4,4.28,13,0.8125,0.1372773859653479,0.17971091949589715
n256_L32_S4,4.28,14,0.875,0.15966434905237342,0.20901787120392004
n256_L32_S4,4.28,15,0.9375,0.1836421476675986,0.24040739837423836
n256_L32_S4,4.28,16,1.0,0.21098034270317598,0.27619604726679475
n256_L32_S4,4.32,0,0.0,0.09064468811134287,0.11866368326695988
n256_L32_S4,4.32,1,0.0625,0.07688408302312015,0.10064956553129252
n256_L32_S4,4.32,2,0.125,0.06407796656016371,0.08388497645825775
n256_L32_S4,4.32,3,0.1875,0.05026865058595554,0.06580709091372408
n256_L32_S4,4.32,4,0.25,0.03535824075867922,0.04628775463500973
n256_L32_S4,4.32,5,0.3125,0.01952511718911429,0.025560486446082244
n256_L32_S4,4.32,6,0.375,0.005204213348088532,0.006812877149874432
n256_L32_S4,4.32,7,0.4375,0.017603767865737273,0.023045232741702542
n256_L32_S4,4.32,8,0.5,0.03581754404959825,0.046889032231884904
n256_L32_S4,4.32,9,0.5625,0.05530043808423594,0.07239424401009925
n256_L32_S4,4.32,10,0.625,0.07448278887812632,0.09750601223777419
n256_L32_S4,4.32,11,0.6875,0.09508803160820445,0.12448049963363132
n256_L32_S4,4.32,12,0.75,0.11543521685109065,0.1511171619173628
n256_L32_S4,4.32,13,0.8125,0.13727727669169096,0.17971077644488243
n256_L32_S4,4.32,14,0.875,0.15966423691171777,0.20901772439969443
n256_L32_S4,4.32,15,0.9375,0.18364203283124012,0.2404072480410467
n256_L32_S4,4.32,16,1.0,0.210980224616692,0.27619589267883793
n256_L32_S4,4.36,0,0.0,0.09064475343336814,0.11866376878054351
n256_L32_S4,4.36,1,0.0625,0.0768841504986268,0.10064965386401578
n256_L32_S4,4.36,2,0.125,0.06407803613169581,0.08388506753490461
n256_L32_S4,4.36,3,0.1875,0.050268722033859965,0.06580718444674491
n256_L32_S4,4.36,4,0.25,0.035358313311687366,0.04628784961473063
n256_L32_S4,4.36,5,0.3125,0.019525188617281877,0.02556057995326542
n256_L32_S4,4.36,6,0.375,0.005204212256418359,0.006812875720760312
n256_L32_S4,4.36,7,0.4375,0.017603686752681293,0.023045126555954826
n256_L32_S4,4.36,8,0.5,0.035817458743006424,0.046888920556346005
n256_L32_S4,4.36,9,0.5625,0.0553003501962942,0.07239412895529462
n256_L32_S4,4.36,10,0.625,0.07448269933556752,0.09750589501689719
n256_L32_S4,4.36,11,0.6875,0.09508793999331014,0.1244803796998434
n256_L32_S4,4.36,12,0.75,0.11543512325077233,0.1511170393844405
n256_L32_S4,4.36,13,0.8125,0.1372771806908132,0.17971065076936862
n256_L32_S4,4.36,14,0.875,0.1596641383967447,0.20901759543295842
n256_L32_S4,4.36,15,0.9375,0.18364193195684264,0.24040711598556944
n256_L32_S4,4.36,16,1.0,0.21098012088379273,0.2761957568812732
n256_L32_S4,4.4,0,0.0,0.09064481085991738,0.11866384395809657
n256_L32_S4,4.4,1,0.0625,0.07688420981149903,0.10064973151096929
n256_L32_S4,4.4,2,0.125,0.0640780972836947,0.08388514758947348
n256_L32_S4,4.4,3,0.1875,0.05026878482406177,0.06580726664589827
n256_L32_S4,4.4,4,0.25,0.03535837705567648,0.04628793306249456
n256_L32_S4,4.4,5,0.3125,0.01952525135344089,0.025560662081670932
n256_L32_S4,4.4,6,0.375,0.00520421107091394,0.0068128741688070335
n256_L32_S4,4.4,7,0.4375,0.017603615394285763,0.02304503314011081
n256_L32_S4,4.4,8,0.5,0.035817383716956495,0.0468888223391464
n256_L32_S4,4.4,9,0.5625,0.055300272914919325,0.07239402778563117
n256_L32_S4,4.4,10,0.625,0.07448262062435425,0.0975057919754209
n256_L32_S4,4.4,11,0.6875,0.0950878594736156,0.12448027429086987
n256_L32_S4,4.4,12,0.75,0.11543504099962418,0.15111693170880722
n256_L32_S4,4.4,13,0.8125,0.13727709633878657,0.17971054034345862
n256_L32_S4,4.4,14,0.875,0.15966405183990523,0.20901748212071036
n256_L32_S4,4.4,15,0.9375,0.18364184333473033,0.24040699996965625
n256_L32_S4,4.4,16,1.0,0.2109800297471994,0.27619563757363286
n256_L32_S4,4.44,0,0.0,0.09064486135307788,0.1186639100590952
n256_L32_S4,4.44,1,0.0625,0.07688426195704766,0.10064979977512238
n256_L32_S4,4.44,2,0.125,0.0640781510430952,0.08388521796633291
n256_L32_S4,4.44,3,0.1875,0.05026884001371473,0.0658073388951126
n256_L32_S4,4.44,4,0.25,0.03535843306818387,0.04628800638891417
n256_L32_S4,4.44,5,0.3125,0.019525306463358313,0.025560734226502825
n256_L32_S4,4.44,6,0.375,0.005204209828165103,0.006812872541914631
n256_L32_S4,4.44,7,0.4375,0.01760355260783201,0.023044950945864052
n256_L32_S4,4.44,8,0.5,0.035817317722246694,0.046888735944946094
n256_L32_S4,4.44,9,0.5625,0.05530020494963741,0.07239393881173921
n256_L32_S4,4.44,10,0.625,0.07448255142395184,0.09750570138462286
n256_L32_S4,4.44,11,0.6875,0.09508778869499583,0.12448018163401492
n256_L32_S4,4.44,12,0.75,0.11543496871114259,0.15111683707538015
n256_L32_S4,4.44,13,0.8125,0.13727702221161142,0.17971044330298314
n256_L32_S4,4.44,14,0.875,0.15966397577898098,0.20901738254874855
n256_L32_S4,4.44,15,0.9375,0.18364176546585514,0.24040689803089146
n256_L32_S4,4.44,16,1.0,0.21097994966609032,0.27619553273881503
n256_L32_S4,4.48,0,0.0,0.09064490575688412,0.11866396818847166
n256_L32_S4,4.48,1,0.0625,0.07688430780838922,0.10064985979947885
n256_L32_S4,4.48,2,0.125,0.06407819831073014,0.08388527984477034
n256_L32_S4,4.48,3,0.1875,0.05026888853003776,0.06580740240821754
n256_L32_S4,4.48,4,0.25,0.035358482294097,0.04628807083094917
n256_L32_S4,4.48,5,0.3125,0.01952535488128761,0.025560797610799758
n256_L32_S4,4.48,6,0.375,0.0052042085575099515,0.006812870878489851
n256_L32_S4,4.48,7,0.4375,0.017603497355036083,0.023044878613988774
n256_L32_S4,4.48,8,0.5,0.03581725966255679,0.04688865993854355
n256_L32_S4,4.48,9,0.5625,0.05530014516808649,0.07239386055123469
n256_L32_S4,4.48,10,0.625,0.07448249057591014,0.09750562172796677
n256_L32_S4,4.48,11,0.6875,0.0950877264696858,0.12448010017436588
n256_L32_S4,4.48,12,0.75,0.11543490516930681,0.15111675389225676
n256_L32_S4,4.48,13,0.8125,0.13727695706046567,0.17971035801309926
n256_L32_S4,4.48,14,0.875,0.15966390893167456,0.2090172950384072
n256_L32_S4,4.48,15,0.9375,0.18364169703571767,0.24040680844845339
n256_L32_S4,4.48,16,1.0,0.21097987928929823,0.2761954406079959
n256_L32_S4,4.5200000000000005,0,0.0,0.0906449448118863,0.11866401931568611
n256_L32_S4,4.5200000000000005,1,0.0625,0.07688434813153197,0.10064991258682625
n256_L32_S4,4.5200000000000005,2,0.125,0.06407823987690224,0.08388533425937736
n256_L32_S4,4.5200000000000005,3,0.1875,0.050268931186371595,0.06580745824996397
n256_L32_S4,4.5200000000000005,4,0.25,0.03535852556207581,0.046288127473404904
n256_L32_S4,4.5200000000000005,5,0.3125,0.0195253974262798,0.025560853306787937
n256_L32_S4,4.5200000000000005,6,0.375,0.005204207282229916,0.006812869209010598
n256_L32_S4,4.5200000000000005,7,0.4375,0.017603448724293272,0.023044814951095973
n256_L32_S4,4.5200000000000005,8,0.5,0.03581720857562136,0.046888593060229425
n256_L32_S4,4.5200000000000005,9,0.5625,0.05530009257653119,0.07239379170321071
n256_L32_S4,4.5200000000000005,10,0.625,0.07448243706386216,0.0975055516749185
n256_L32_S4,4.5200000000000005,11,0.6875,0.09508767175573338,0.12448002854789492
n256_L32_S4,4.5200000000000005,12,0.75,0.11543484930749806,0.15111668076311793
n256_L32_S4,4.5200000000000005,13,0.8125,0.13727689979004226,0.17971028303993178
n256_L32_S4,4.5200000000000005,14,0.875,0.15966385017335505,0.20901721811742308
n256_L32_S4,4.5200000000000005,15,0.9375,0.18364163689152488,0.2404067297132115
n256_L32_S4,4.5200000000000005,16,1.0,0.21097981743184974,0.27619535962991737
n256_L32_S4,4.5600000000000005,0,0.0,0.0906449791679177,0.11866406429144048
n256_L32_S4,4.5600000000000005,1,0.0625,0.0768843835985983,0.10064995901704529
n256_L32_S4,4.5600000000000005,2,0.125,0.06407827643502609,0.0838853821179085
n256_L32_S4,4.5600000000000005,3,0.1875,0.05026896869625102,0.06580750735444592
n256_L32_S4,4.5600000000000005,4,0.25,0.03535856359892162,0.04628817726774275
n256_L32_S4,4.5600000000000005,5,0.3125,0.019525434816469157,0.02556090225458267
n256_L32_S4,4.5600000000000005,6,0.375,0.005204206020557592,0.006812867557345308
n256_L32_S4,4.5600000000000005,7,0.4375,0.017603405915130228,0.023044758909279622
n256_L32_S4,4.5600000000000005,8,0.5,0.03581716361674071,0.04688853420420064
n256_L32_S4,4.5600000000000005,9,0.5625,0.05530004630278627,0.07239373112588263
n256_L32_S4,4.5600000000000005,10,0.625,0.07448238999599126,0.09750549005799376
n256_L32_S4,4.5600000000000005,11,0.6875,0.09508762363899209,0.12447996555788561
n256_L32_S4,4.5600000000000005,12,0.75,0.11543480019004644,0.15111661646307076
n256_L32_S4,4.5600000000000005,13,0.8125,0.13727684943957952,0.1797102171257399
n256_L32_S4,4.5600000000000005,14,0.875,0.1596637985175665,0.20901715049441882
n256_L32_S4,4.5600000000000005,15,0.9375,0.18364158402219496,0.24040666050155057
n256_L32_S4,4.5600000000000005,16,1.0,0.21097976305441232,0.2761952884439809
n256_L32_S4,4.6000000000000005,0,0.0,0.09064500939527424,0.11866410386231373
n256_L32_S4,4.6000000000000005,1,0.0625,0.07688441479939646,0.10064999986225871
n256_L32_S4,4.6000000000000005,2,0.125,0.06407830859357733,0.0838854242169241
n256_L32_S4,4.6000000000000005,3,0.1875,0.050269001685713584,0.06580755054121415
n256_L32_S4,4.6000000000000005,4,0.25,0.0353585970421742,0.0462882210485711
n256_L32_S4,4.6000000000000005,5,0.3125,0.01952546768157682,0.02556094527855691
n256_L32_S4,4.6000000000000005,6,0.375,0.005204204786540737,0.006812865941884013
n256_L32_S4,4.6000000000000005,7,0.4375,0.01760336822456915,0.02304470956826588
n256_L32_S4,4.6000000000000005,8,0.5,0.03581712404431922,0.04688848239962844
n256_L32_S4,4.6000000000000005,9,0.5625,0.05530000558125769,0.07239367781700518
n256_L32_S4,4.6000000000000005,10,0.625,0.07448234858967541,0.09750543585265585
n256_L32_S4,4.6000000000000005,11,0.6875,0.09508758131735527,0.12447991015429373
n256_L32_S4,4.6000000000000005,12,0.75,0.11543475699605779,0.15111655991747613
n256_L32_S4,4.6000000000000005,13,0.8125,0.1372768051662331,0.17971015916714947
n256_L32_S4,4.6000000000000005,14,0.875,0.15966375309895983,0.20901709103655902
n256_L32_S4,4.6000000000000005,15,0.9375,0.18364153754084075,0.24040659965243952
n256_L32_S4,4.6000000000000005,16,1.0,0.21097971524529385,0.27619522585668305
n256_L32_S4,4.64,0,0.0,0.09064503599451654,0.1186641386835937
n256_L32_S4,4.64,1,0.0625,0.07688444225156996,0.10065003580011772
n256_L32_S4,4.64,2,0.125,0.06407833688656273,0.08388546125549666
n256_L32_S4,4.64,3,0.1875,0.05026903070410258,0.06580758852941834
n256_L32_S4,4.64,4,0.25,0.03535862645113477,0.04628825954807565
n256_L32_S4,4.64,5,0.3125,0.01952549657385412,0.025560983101667274
n256_L32_S4,4.64,6,0.375,0.0052042035907712714,0.006812864376492681
n256_L32_S4,4.64,7,0.4375,0.017603335035172314,0.0230446661197621
n256_L32_S4,4.64,8,0.5,0.035817089207202536,0.04688843679408147
n256_L32_S4,4.64,9,0.5625,0.055299969739830354,0.07239363089670715
n256_L32_S4,4.64,10,0.625,0.07448231215803813,0.09750538815970929
n256_L32_S4,4.64,11,0.6875,0.09508754408694335,0.12447986141566492
n256_L32_S4,4.64,12,0.75,0.11543471900525701,0.1511165101834162
n256_L32_S4,4.64,13,0.8125,0.13727676623052942,0.1797101081961096
n256_L32_S4,4.64,14,0.875,0.15966371315833305,0.20901703874996636
n256_L32_S4,4.64,15,0.9375,0.18364149666942958,0.24040654614734958
n256_L32_S4,4.64,16,1.0,0.21097967320468103,0.2761951708209819
n256_L32_S4,4.68,0,0.0,0.09064505940504483,0.11866416933050278
n256_L32_S4,4.68,1,0.0625,0.07688446640947715,0.10065006742542645
n256_L32_S4,4.68,2,0.125,0.06407836178268797,0.08388549384721254
n256_L32_S4,4.68,3,0.1875,0.05026905623351661,0.0658076219501776
n256_L32_S4,4.68,4,0.25,0.03535865231652244,0.04628829340866068
n256_L32_S4,4.68,5,0.3125,0.019525521977675094,0.025561016358011675
n256_L32_S4,4.68,6,0.375,0.00520420244099752,0.006812862871314704
n256_L32_S4,4.68,7,0.4375,0.017603305804563166,0.023044627853738817
n256_L32_S4,4.68,8,0.5,0.035817058533572525,0.04688839663898809
n256_L32_S4,4.68,9,0.5625,0.05529993818838568,0.0723935895924596
n256_L32_S4,4.68,10,0.625,0.07448228009816142,0.0975053461898693
n256_L32_S4,4.68,11,0.6875,0.09508751132999589,0.12447981853328406
n256_L32_S4,4.68,12,0.75,0.11543468558557698,0.15111646643344687
n256_L32_S4,4.68,13,0.8125,0.13727673198360663,0.17971006336319018
n256_L32_S4,4.68,14,0.875,0.15966367802954337,0.20901699276258795
n256_L32_S4,4.68,15,0.9375,0.18364146072534568,0.240406499092663
n256_L32_S4,4.68,16,1.0,0.21097963623082927,0.27619512241821803
n256_L32_S4,4.72,0,0.0,0.09064508001263029,0.11866419630805705
n256_L32_S4,4.72,1,0.0625,0.07688448767198358,0.100650095260343
n256_L32_S4,4.72,2,0.125,0.06407838369339695,0.0838855225306962
n256_L32_S4,4.72,3,0.1875,0.05026907869708978,0.06580765135742017
n256_L32_S4,4.72,4,0.25,0.03535867506893948,0.046288323194031075
n256_L32_S4,4.72,5,0.3125,0.019525544317924148,0.025561045603809666
n256_L32_S4,4.72,6,0.375,0.005204201342645842,0.006812861433453772
n256_L32_S4,4.72,7,0.4375,0.01760328005624329,0.02304459414640816
n256_L32_S4,4.72,8,0.5,0.03581703152121586,0.0468883612768968
n256_L32_S4,4.72,9,0.5625,0.05529991040872438,0.0723935532258837
n256_L32_S4,4.72,10,0.625,0.07448225188075824,0.09750530925024202
n256_L32_S4,4.72,11,0.6875,0.095087482504274,0.1244797807973019
n256_L32_S4,4.72,12,0.75,0.11543465618229498,0.1511164279413762
n256_L32_S4,4.72,13,0.8125,0.1372767018560495,0.17971002392296515
n256_L32_S4,4.72,14,0.875,0.15966364712803013,0.2090169523091708
n256_L32_S4,4.72,15,0.9375,0.18364142910961856,0.2404064577042628
n256_L32_S4,4.72,16,1.0,0.21097960370797142,0.27619507984228575
n256_L32_S4,4.76,0,0.0,0.0906450981559954,0.11866422005968086
n256_L32_S4,4.76,1,0.0625,0.07688450638928188,0.1006501197633073
n256_L32_S4,4.76,2,0.125,0.06407840297991171,0.08388554777882631
n256_L32_S4,4.76,3,0.1875,0.05026909846625324,0.06580767723738955
n256_L32_S4,4.76,4,0.25,0.03535869508627516,0.046288349398884675
n256_L32_S4,4.76,5,0.3125,0.019525563967350737,0.02556107132703054
n256_L32_S4,4.76,6,0.375,0.005204200299256156,0.006812860067544024
n256_L32_S4,4.76,7,0.4375,0.017603257371530023,0.02304456444966932
n256_L32_S4,4.76,8,0.5,0.03581700772899231,0.046888330130307423
n256_L32_S4,4.76,9,0.5625,0.05529988594574647,0.07239352120120444
n256_L32_S4,4.76,10,0.625,0.07448222704111589,0.09750527673246834
n256_L32_S4,4.76,11,0.6875,0.09508745713376657,0.12447974758456853
n256_L32_S4,4.76,12,0.75,0.11543463030850558,0.15111639406979238
n256_L32_S4,4.76,13,0.8125,0.13727667534809768,0.17970998922119424
n256_L32_S4,4.76,14,0.875,0.15966361994076092,0.20901691671810013
n256_L32_S4,4.76,15,0.9375,0.18364140129661466,0.24040642129403783
n256_L32_S4,4.76,16,1.0,0.21097957509571422,0.27619504238575193
n256_L32_S4,4.8,0,0.0,0.09064511413259933,0.11866424097478033
n256_L32_S4,4.8,1,0.0625,0.07688452286887108,0.10065014133686881
n256_L32_S4,4.8,2,0.125,0.06407841995940498,0.0838855700068162
n256_L32_S4,4.8,3,0.1875,0.05026911586709284,0.06580770001696727
n256_L32_S4,4.8,4,0.25,0.03535871270020517,0.046288372457420755
n256_L32_S4,4.8,5,0.3125,0.019525581253004323,0.025561093955817345
n256_L32_S4,4.8,6,0.375,0.005204199312847401,0.006812858776228465
n256_L32_S4,4.8,7,0.4375,0.017603237382494447,0.02304453828186362
n256_L32_S4,4.8,8,0.5,0.03581698676935715,0.04688830269188208
n256_L32_S4,4.8,9,0.5625,0.055299864399712455,0.07239349299511968
n256_L32_S4,4.8,10,0.625,0.07448220517117363,0.09750524810235271
n256_L32_S4,4.8,11,0.6875,0.09508743480054711,0.12447971834797304
n256_L32_S4,4.8,12,0.75,0.11543460753677873,0.15111636425914335
n256_L32_S4,4.8,13,0.8125,0.13727665202107842,0.1797099586836075
n256_L32_S4,4.8,14,0.875,0.15966359601742813,0.2090168853998746
n256_L32_S4,4.8,15,0.9375,0.18364137682500098,0.24040638925805344
n256_L32_S4,4.8,16,1.0,0.210979549919757,0.2761950094277058
n256_L32_S4,4.84,0,0.0,0.0906451282036948,0.11866425939536349
n256_L32_S4,4.84,1,0.0625,0.07688453738079797,0.10065016033454789
n256_L32_S4,4.84,2,0.125,0.0640784349104053,0.08388558957928981
n256_L32_S4,4.84,3,0.1875,0.050269131185919004,0.06580772007096464
n256_L32_S4,4.84,4,0.25,0.03535872820187481,0.046288392750779964
n256_L32_S4,4.84,5,0.3125,0.01952559646187379,0.02556111386586951
n256_L32_S4,4.84,6,0.375,0.005204198384224919,0.006812857560561376
n256_L32_S4,4.84,7,0.4375,0.01760321976576264,0.02304451521965968
n256_L32_S4,4.84,8,0.5,0.03581696830179702,0.046888278515852005
n256_L32_S4,4.84,9,0.5625,0.05529984541946262,0.07239346814792344
n256_L32_S4,4.84,10,0.625,0.07448218591256328,0.0975052228907525
n256_L32_S4,4.84,11,0.6875,0.09508741513764207,0.12447969260710742
n256_L32_S4,4.84,12,0.75,0.11543458749184736,0.15111633801816401
n256_L32_S4,4.84,13,0.8125,0.13727663148988373,0.179709931806057
n256_L32_S4,4.84,14,0.875,0.1596635749627297,0.20901685783700116
n256_L32_S4,4.84,15,0.9375,0.18364135528982897,0.2404063610661882
n256_L32_S4,4.84,16,1.0,0.2109795277637616,0.27619498042311574
n256_L32_S4,4.88,0,0.0,0.09064514059876969,0.11866427562185476
n256_L32_S4,4.88,1,0.0625,0.07688455016225078,0.10065017706684957
n256_L32_S4,4.88,2,0.125,0.06407844807754079,0.08388560681649178
n256_L32_S4,4.88,3,0.1875,0.0502691446741555,0.06580773772852247
n256_L32_S4,4.88,4,0.25,0.03535874184688764,0.04628841061357496
n256_L32_S4,4.88,5,0.3125,0.019525609845829902,0.025561131386913075
n256_L32_S4,4.88,6,0.375,0.005204197513237627,0.006812856420344973
n256_L32_S4,4.88,7,0.4375,0.017603204237083364,0.02304449489094194
n256_L32_S4,4.88,8,0.5,0.03581695202708811,0.046888257210500925
n256_L32_S4,4.88,9,0.5625,0.05529982869646952,0.07239344625571996
n256_L32_S4,4.88,10,0.625,0.0744821689505175,0.09750520068560325
n256_L32_S4,4.88,11,0.6875,0.09508739782277391,0.12447966994007557
n256_L32_S4,4.88,12,0.75,0.11543456984419662,0.15111631491548386
n256_L32_S4,4.88,13,0.8125,0.1372766134163952,0.17970990814590918
n256_L32_S4,4.88,14,0.875,0.15966355642960517,0.2090168335751402
n256_L32_S4,4.88,15,0.9375,0.18364133633560345,0.2404063362530606
n256_L32_S4,4.88,16,1.0,0.21097950826221668,0.2761949548934879
n256_L32_S4,4.92,0,0.0,0.09064515151943639,0.11866428991818653
n256_L32_S4,4.92,1,0.0625,0.07688456142158683,0.10065019180653609
n256_L32_S4,4.92,2,0.125,0.06407845967569456,0.08388562199972727
n256_L32_S4,4.92,3,0.1875,0.05026915655261593,0.06580775327870965
n256_L32_S4,4.92,4,0.25,0.035358753859670224,0.046288426339604324
n256_L32_S4,4.92,5,0.3125,0.01952562162594659,0.02556114680835767
n256_L32_S4,4.92,6,0.375,0.00520419669898704,0.006812855354403044
n256_L32_S4,4.92,7,0.4375,0.01760319054655651,0.023044476968564178
n256_L32_S4,4.92,8,0.5,0.035816937682245746,0.04688823843155352
n256_L32_S4,4.92,9,0.5625,0.055299813959626604,0.0723934269636015
n256_L32_S4,4.92,10,0.625,0.07448215400852894,0.097505181124927
n256_L32_S4,4.92,11,0.6875,0.09508738257287977,0.12447964997631768
n256_L32_S4,4.92,12,0.75,0.11543455430445541,0.15111629457228487
n256_L32_S4,4.92,13,0.8125,0.13727659750370502,0.17970988731447973
n256_L32_S4,4.92,14,0.875,0.1596635401133132,0.20901681221535243
n256_L32_S4,4.92,15,0.9375,0.1836413196501993,0.2404063144100651
n256_L32_S4,4.92,16,1.0,0.21097949109419903,0.27619493241869925
n256_L32_S4,4.96,0,0.0,0.09064516114284173,0.11866430251626311
n256_L32_S4,4.96,1,0.0625,0.07688457134186107,0.10065020479324611
n256_L32_S4,4.96,2,0.125,0.06407846989364582,0.08388563537612866
n256_L32_S4,4.96,3,0.1875,0.05026916701525988,0.06580776697544019
n256_L32_S4,4.96,4,0.25,0.03535876443730421,0.046288440186869236
n256_L32_S4,4.96,5,0.3125,0.019525631996295846,0.02556116038426449
n256_L32_S4,4.96,6,0.375,0.005204195940007247,0.006812854360816552
n256_L32_S4,4.96,7,0.4375,0.017603178474453144,0.0230444611648775
n256_L32_S4,4.96,8,0.5,0.03581692503610617,0.04688822187639147
n256_L32_S4,4.96,9,0.5625,0.05529980097067192,0.07239340995965746
n256_L32_S4,4.96,10,0.625,0.07448214084366479,0.09750516389069848
n256_L32_S4,4.96,11,0.6875,0.09508736913930634,0.12447963239031969
n256_L32_S4,4.96,12,0.75,0.11543454061846255,0.1511162766558426
n256_L32_S4,4.96,13,0.8125,0.13727658349106472,0.17970986897042068
n256_L32_S4,4.96,14,0.875,0.15966352574623713,0.20901679340729867
n256_L32_S4,4.96,15,0.9375,0.18364130495953587,0.2404062951784006
n256_L32_S4,4.96,16,1.0,0.21097947597789002,0.2761949126298187
n256_L32_S4,5.0,0,0.0,0.09064516962466279,0.11866431361988264
n256_L32_S4,5.0,1,0.0625,0.07688458008392089,0.10065021623754627
n256_L32_S4,5.0,2,0.125,0.06407847889726255,0.08388564716283503
n256_L32_S4,5.0,3,0.1875,0.05026917623247872,0.0658077790417748
n256_L32_S4,5.0,4,0.25,0.03535877375287816,0.0462884523819613
n256_L32_S4,5.0,5,0.3125,0.01952564112726769,0.025561172337692464
n256_L32_S4,5.0,6,0.375,0.005204195234405204,0.0068128534371072955
n256_L32_S4,5.0,7,0.4375,0.01760316782753995,0.023044447226918622
n256_L32_S4,5.0,8,0.5,0.0358169138854437,0.046888207278970404
n256_L32_S4,5.0,9,0.5625,0.055299789520180345,0.07239339496972773
n256_L32_S4,5.0,10,0.625,0.07448212924245859,0.09750514870346702
n256_L32_S4,5.0,11,0.6875,0.09508735730359635,0.12447961689609748
n256_L32_S4,5.0,12,0.75,0.11543452856295858,0.1511162608738863
n256_L32_S4,5.0,13,0.8125,0.13727657114944766,0.1797098528139115
n256_L32_S4,5.0,14,0.875,0.15966351309332277,0.20901677684326772
n256_L32_S4,5.0,15,0.9375,0.18364129202291068,0.2404062782429615
n256_L32_S4,5.0,16,1.0,0.21097946266578435,0.27619489520283513
n256_L32_S4,5.04,0,0.0,0.09064517710172276,0.11866432340816141
n256_L32_S4,5.04,1,0.0625,0.07688458778912301,0.10065022632448774
n256_L32_S4,5.04,2,0.125,0.06407848683230946,0.08388565755066815
n256_L32_S4,5.04,3,0.1875,0.050269184353982956,0.06580778967370068
n256_L32_S4,5.04,4,0.25,0.03535878195843139,0.0462884631239164
n256_L32_S4,5.04,5,0.3125,0.019525649168481537,0.02556118286450957
n256_L32_S4,5.04,6,0.375,0.005204194579983144,0.006812852580398164
n256_L32_S4,5.04,7,0.4375,0.017603158435865338,0.023044434932202578
n256_L32_S4,5.04,8,0.5,0.03581690405156782,0.04688819440536515
n256_L32_S4,5.04,9,0.5625,0.05529977942404892,0.07239338175280166
n256_L32_S4,5.04,10,0.625,0.07448211901731093,0.09750513531764478
n256_L32_S4,5.04,11,0.6875,0.0950873468737966,0.12447960324236353
n256_L32_S4,5.04,12,0.75,0.11543451794179999,0.151116246969643
n256_L32_S4,5.04,13,0.8125,0.13727656027766183,0.17970983858157005
n256_L32_S4,5.04,14,0.875,0.1596635019481019,0.20901676225297028
n256_L32_S4,5.04,15,0.9375,0.18364128062890306,0.24040626332697534
n256_L32_S4,5.04,16,1.0,0.2109794509404821,0.27619487985314856
n256_L32_S4,5.08,0,0.0,0.09064518369429572,0.11866433203855119
n256_L32_S4,5.08,1,0.0625,0.07688459458171239,0.1006502352167206
n256_L32_S4,5.08,2,0.125,0.06407849382689612,0.08388566670733727
n256_L32_S4,5.08,3,0.1875,0.050269191511331315,0.06580779904344243
n256_L32_S4,5.08,4,0.25,0.035358789187531145,0.046288472587588475
n256_L32_S4,5.08,5,0.3125,0.019525656251336034,0.02556119213673081
n256_L32_S4,5.08,6,0.375,0.005204193974335846,0.006812851787540462
n256_L32_S4,5.08,7,0.4375,0.017603150149927273,0.02304442408501505
n256_L32_S4,5.08,8,0.5,0.035816895377339175,0.046888183049863336
n256_L32_S4,5.08,9,0.5625,0.055299770520402934,0.07239337009696777
n256_L32_S4,5.08,10,0.625,0.0744821100033313,0.09750512351737223
n256_L32_S4,5.08,11,0.6875,0.09508733768121244,0.12447959120827838
n256_L32_S4,5.08,12,0.75,0.11543450858264072,0.15111623471749303
n256_L32_S4,5.08,13,0.8125,0.13727655069894645,0.17970982604199745
n256_L32_S4,5.08,14,0.875,0.15966349212917802,0.20901674939893883
n256_L32_S4,5.08,15,0.9375,0.18364127059178986,0.24040625018731052
n256_L32_S4,5.08,16,1.0,0.21097944061099477,0.2761948663307344
n256_L32_S4,5.12,0,0.0,0.09064518950812711,0.11866433964948417
n256_L32_S4,5.12,1,0.0625,0.07688460057091,0.1006502430572269
n256_L32_S4,5.12,2,0.125,0.06407849999363459,0.08388567478026372
n256_L32_S4,5.12,3,0.1875,0.050269197820144,0.06580780730235938
n256_L32_S4,5.12,4,0.25,0.035358795557533684,0.04628848092660954
n256_L32_S4,5.12,5,0.3125,0.01952566249124432,0.025561200305444454
n256_L32_S4,5.12,6,0.375,0.005204193414926311,0.006812851055212984
n256_L32_S4,5.12,7,0.4375,0.017603142838195168,0.02304441451316831
n256_L32_S4,5.12,8,0.5,0.035816887724547324,0.04688817303153256
n256_L32_S4,5.12,9,0.5625,0.05529976266690254,0.07239335981588785
n256_L32_S4,5.12,10,0.625,0.07448210205556727,0.09750511311289103
n256_L32_S4,5.12,11,0.6875,0.09508732957757636,0.12447958059974384
n256_L32_S4,5.12,12,0.75,0.1154345003340245,0.15111622391916382
n256_L32_S4,5.12,13,0.8125,0.1372765422579802,0.17970981499186128
n256_L32_S4,5.12,14,0.875,0.159663483477167,0.20901673807252227
n256_L32_S4,5.12,15,0.9375,0.18364126174839498,0.24040623861035185
n256_L32_S4,5.12,16,1.0,0.2109794315095222,0.2761948544159242
n256_L32_S4,5.16,0,0.0,0.09064519463619777,0.11866434636268232
n256_L32_S4,5.16,1,0.0625,0.07688460585274214,0.10065024997171544
n256_L32_S4,5.16,2,0.125,0.06407850543153103,0.08388568189905726
n256_L32_S4,5.16,3,0.1875,0.0502692033820552,0.06580781458350163
n256_L32_S4,5.16,4,0.25,0.03535880117156781,0.046288488275986334
n256_L32_S4,5.16,5,0.3125,0.019525667989593837,0.025561207503377606
n256_L32_S4,5.16,6,0.375,0.005204192899149887,0.006812850380005959
n256_L32_S4,5.16,7,0.4375,0.017603136384931356,0.023044406065149247
n256_L32_S4,5.16,8,0.5,0.03581688097161051,0.04688816419120918
n256_L32_S4,5.16,9,0.5625,0.05529975573835344,0.07239335074566902
n256_L32_S4,5.16,10,0.625,0.07448209504657502,0.09750510393736345
n256_L32_S4,5.16,11,0.6875,0.09508732243254849,0.12447957124613093
n256_L32_S4,5.16,12,0.75,0.1154344930628335,0.15111621440038978
n256_L32_S4,5.16,13,0.8125,0.13727653481826055,0.17970980525246502
n256_L32_S4,5.16,14,0.875,0.15966347585200769,0.20901672809036548
n256_L32_S4,5.16,15,0.9375,0.18364125395533917,0.2404062284084004
n256_L32_S4,5.16,16,1.0,0.2109794234886105,0.2761948439156848
n256_L32_S4,5.2,0,0.0,0.09064519916028042,0.11866435228519495
n256_L32_S4,5.2,1,0.0625,0.07688461051165198,0.10065025607073143
n256_L32_S4,5.2,2,0.125,0.0640785102276385,0.08388568817767976
n256_L32_S4,5.2,3,0.1875,0.050269208286411654,0.06580782100383374
n256_L32_S4,5.2,4,0.25,0.03535880612026869,0.04628849475437008
n256_L32_S4,5.2,5,0.3125,0.019525672835465274,0.025561213847146505
n256_L32_S4,5.2,6,0.375,0.0052041924243853305,0.006812849758487896
n256_L32_S4,5.2,7,0.4375,0.017603130688276934,0.023044398607613564
n256_L32_S4,5.2,8,0.5,0.035816875011562034,0.04688815638886225
n256_L32_S4,5.2,9,0.5625,0.055299749624633666,0.07239334274214977
n256_L32_S4,5.2,10,0.625,0.0744820888642836,0.0975050958440765
n256_L32_S4,5.2,11,0.6875,0.09508731613153422,0.12447956299742297
n256_L32_S4,5.2,12,0.75,0.11543448665205085,0.15111620600798314
n256_L32_S4,5.2,13,0.8125,0.13727652825981054,0.17970979666674589
n256_L32_S4,5.2,14,0.875,0.15966346913059343,0.20901671929130852
n256_L32_S4,5.2,15,0.9375,0.18364124708661256,0.24040621941649568
n256_L32_S4,5.2,16,1.0,0.21097941641866688,0.27619483466036526
n256_L32_S4,5.24,0,0.0,0.09064520315230154,0.1186643575111816
n256_L32_S4,5.24,1,0.0625,0.07688461462190328,0.10065026145149415
n256_L32_S4,5.24,2,0.125,0.06407851445851612,0.08388569371635535
n256_L32_S4,5.24,3,0.1875,0.05026921261177394,0.06580782666619996
n256_L32_S4,5.24,4,0.25,0.03535881048330903,0.04628850046606094
n256_L32_S4,5.24,5,0.3125,0.019525677107137377,0.025561219439226485
n256_L32_S4,5.24,6,0.375,0.005204191988032995,0.0068128491872555775
n256_L32_S4,5.24,7,0.4375,0.017603125658575924,0.023044392023191907
n256_L32_S4,5.24,8,0.5,0.03581686975027514,0.04688814950126967
n256_L32_S4,5.24,9,0.5625,0.05529974422885882,0.07239333567849793
n256_L32_S4,5.24,10,0.625,0.07448208341013385,0.09750508870400561
n256_L32_S4,5.24,11,0.6875,0.09508731057376808,0.12447955572170705
n256_L32_S4,5.24,12,0.75,0.11543448099879637,0.15111619860726266
n256_L32_S4,5.24,13,0.8125,0.13727652247716038,0.1797097890966325
n256_L32_S4,5.24,14,0.875,0.15966346320471353,0.20901671153369195
n256_L32_S4,5.24,15,0.9375,0.18364124103145707,0.2404062114896434
n256_L32_S4,5.24,16,1.0,0.21097941018578253,0.2761948265008467
n256_L32_S4,5.28,0,0.0,0.09064520667553637,0.11866436212347638
n256_L32_S4,5.28,1,0.0625,0.07688461824882122,0.1006502661995213
n256_L32_S4,5.28,2,0.125,0.06407851819149975,0.08388569860323396
n256_L32_S4,5.28,3,0.1875,0.05026921642722975,0.06580783166104355
n256_L32_S4,5.28,4,0.25,0.03535881433073219,0.04628850550275324
n256_L32_S4,5.28,5,0.3125,0.01952568087340646,0.02556122436967934
n256_L32_S4,5.28,6,0.375,0.0052041915875464615,0.006812848662975466
n256_L32_S4,5.28,7,0.4375,0.01760312121690138,0.02304438620856038
n256_L32_S4,5.28,8,0.5,0.03581686510490563,0.04688814341997943
n256_L32_S4,5.28,9,0.5625,0.055299739465778534,0.0723933294431116
n256_L32_S4,5.28,10,0.625,0.0744820785974243,0.0975050824036492
n256_L32_S4,5.28,11,0.6875,0.09508730567062686,0.1244795493029658
n256_L32_S4,5.28,12,0.75,0.11543447601260658,0.1511161920798019
n256_L32_S4,5.28,13,0.8125,0.13727651737757415,0.17970978242072352
n256_L32_S4,5.28,14,0.875,0.15966345797923,0.20901670469296985
n256_L32_S4,5.28,15,0.9375,0.18364123569251162,0.24040620450038735
n256_L32_S4,5.28,16,1.0,0.21097940468981566,0.2761948193060327
n256_L32_S4,5.32,0,0.0,0.09064520978566142,0.11866436619496586
n256_L32_S4,5.32,1,0.0625,0.07688462144987532,0.10065027039004673
n256_L32_S4,5.32,2,0.125,0.06407852148582947,0.08388570291586725
n256_L32_S4,5.32,3,0.1875,0.05026921979354286,0.06580783606791087
n256_L32_S4,5.32,4,0.25,0.03535881772412556,0.04628850994507154
n256_L32_S4,5.32,5,0.3125,0.019525684194746054,0.025561228717671462
n256_L32_S4,5.32,6,0.375,0.0052041912204519565,0.006812848182409126
n256_L32_S4,5.32,7,0.4375,0.017603117293755466,0.023044381072738814
n256_L32_S4,5.32,8,0.5,0.03581686100253684,0.04688813804953577
n256_L32_S4,5.32,9,0.5625,0.05529973526036754,0.07239332393777456
n256_L32_S4,5.32,10,0.625,0.07448207434988334,0.0975050768431595
n256_L32_S4,5.32,11,0.6875,0.09508730134415999,0.12447954363915356
n256_L32_S4,5.32,12,0.75,0.11543447161392453,0.15111618632145218
n256_L32_S4,5.32,13,0.8125,0.1372765128795098,0.17970977653227163
n256_L32_S4,5.32,14,0.875,0.1596634533704861,0.20901669865962647
n256_L32_S4,5.32,15,0.9375,0.1836412309841683,0.2404061983366576
n256_L32_S4,5.32,16,1.0,0.21097939984271621,0.2761948129606562
n256_L32_S4,5.36,0,0.0,0.09064521253167233,0.11866436978979063
n256_L32_S4,5.36,1,0.0625,0.07688462427563565,0.10065027408927209
n256_L32_S4,5.36,2,0.125,0.06407852439362355,0.08388570672248363
n256_L32_S4,5.36,3,0.1875,0.05026922276416465,0.06580783995677551
n256_L32_S4,5.36,4,0.25,0.03535882071765027,0.046288513863918586
n256_L32_S4,5.36,5,0.3125,0.019525687124321883,0.025561232552802515
n256_L32_S4,5.36,6,0.375,0.005204190884370468,0.006812847742442172
n256_L32_S4,5.36,7,0.4375,0.017603113827937774,0.023044376535609264
n256_L32_S4,5.36,8,0.5,0.03581685737896869,0.046888133305893843
n256_L32_S4,5.36,9,0.5625,0.05529973154658727,0.07239331907603523
n256_L32_S4,5.36,10,0.625,0.0744820706003973,0.09750507193467746
n256_L32_S4,5.36,11,0.6875,0.09508729752578751,0.12447953864049174
n256_L32_S4,5.36,12,0.75,0.11543446773277018,0.1511161812406021
n256_L32_S4,5.36,13,0.8125,0.13727650891124896,0.17970977133738977
n256_L32_S4,5.36,14,0.875,0.15966344930491527,0.2090166933373553
n256_L32_S4,5.36,15,0.9375,0.1836412268311492,0.24040619289990722
n256_L32_S4,5.36,16,1.0,0.21097939556705644,0.27619480736335594
n256_L32_S4,5.4,0,0.0,0.09064521495669249,0.11866437296440382
n256_L32_S4,5.4,1,0.0625,0.07688462677060365,0.10065027735545456
n256_L32_S4,5.4,2,0.125,0.06407852696074859,0.08388571008312748
n256_L32_S4,5.4,3,0.1875,0.050269225386124494,0.06580784338920402
n256_L32_S4,5.4,4,0.25,0.03535882335894357,0.04628851732165668
n256_L32_S4,5.4,5,0.3125,0.01952568970888288,0.025561235936271902
n256_L32_S4,5.4,6,0.375,0.00520419057702522,0.006812847340094059
n256_L32_S4,5.4,7,0.4375,0.01760311076554559,0.023044372526607262
n256_L32_S4,5.4,8,0.5,0.03581685417767152,0.04688812911505021
n256_L32_S4,5.4,9,0.5625,0.05529972826629982,0.07239331478178479
n256_L32_S4,5.4,10,0.625,0.07448206728990175,0.09750506760088137
n256_L32_S4,5.4,11,0.6875,0.09508729415516837,0.12447953422798737
n256_L32_S4,5.4,12,0.75,0.11543446430758199,0.15111617675666097
n256_L32_S4,5.4,13,0.8125,0.13727650540970923,0.17970976675349623
n256_L32_S4,5.4,14,0.875,0.1596634457178056,0.2090166886414415
n256_L32_S4,5.4,15,0.9375,0.18364122316725104,0.24040618810346898
n256_L32_S4,5.4,16,1.0,0.21097939179473327,0.2761948024249776
n256_L32_S4,5.44,0,0.0,0.09064521709868464,0.11866437576850282
n256_L32_S4,5.44,1,0.0625,0.0768846289739498,0.10065028023987257
n256_L32_S4,5.44,2,0.125,0.0640785292275699,0.08388571305064131
n256_L32_S4,5.44,3,0.1875,0.050269227700805795,0.06580784641937176
n256_L32_S4,5.44,4,0.25,0.035358825689911964,0.04628852037314598
n256_L32_S4,5.44,5,0.3125,0.01952569198954106,0.0255612389218997
n256_L32_S4,5.44,6,0.375,0.005204190296253115,0.00681284697253306
n256_L32_S4,5.44,7,0.4375,0.01760310805909255,0.023044368983568028
n256_L32_S4,5.44,8,0.5,0.035816851348859875,0.04688812541183036
n256_L32_S4,5.44,9,0.5625,0.05529972536831505,0.07239331098800984
n256_L32_S4,5.44,10,0.625,0.07448206436640868,0.0975050637737133
n256_L32_S4,5.44,11,0.6875,0.09508729117919927,0.12447953033212251
n256_L32_S4,5.44,12,0.75,0.11543446128419427,0.15111617279872003
n256_L32_S4,5.44,13,0.8125,0.13727650231939043,0.17970976270793526
n256_L32_S4,5.44,14,0.875,0.15966344255223358,0.20901668449736593
n256_L32_S4,5.44,15,0.9375,0.1836412199342361,0.24040618387110335
n256_L32_S4,5.44,16,1.0,0.2109793884658408,0.27619479806709796
n256_L32_S4,5.48,0,0.0,0.09064521899107571,0.11866437824584704
n256_L32_S4,5.48,1,0.0625,0.07688463092016071,0.10065028278767277
n256_L32_S4,5.48,2,0.125,0.06407853122962451,0.08388571567154694
n256_L32_S4,5.48,3,0.1875,0.05026922974462984,0.0658078490949581
n256_L32_S4,5.48,4,0.25,0.03535882774742692,0.0462885230666552
n256_L32_S4,5.48,5,0.3125,0.01952569400245844,0.025561241557025872
n256_L32_S4,5.48,6,0.375,0.0052041900400060384,0.006812846637077971
n256_L32_S4,5.48,7,0.4375,0.017603105666738738,0.023044365851718596
n256_L32_S4,5.48,8,0.5,0.03581684884868292,0.04688812213882879
n256_L32_S4,5.48,9,0.5625,0.055299722807551695,0.07239330763569414
n256_L32_S4,5.48,10,0.625,0.07448206178415223,0.09750506039326082
n256_L32_S4,5.48,11,0.6875,0.09508728855114038,0.12447952689170969
n256_L32_S4,5.48,12,0.75,0.11543445861494063,0.15111616930437882
n256_L32_S4,5.48,13,0.8125,0.137276499591458,0.1797097591367772
n256_L32_S4,5.48,14,0.875,0.1596634397581112,0.20901668083955807
n256_L32_S4,5.48,15,0.9375,0.1836412170808684,0.24040618013573697
n256_L32_S4,5.48,16,1.0,0.21097938552767198,0.27619479422071774
n256_L32_S4,5.5200000000000005,0,0.0,0.09064522066330014,0.11866438043496935
n256_L32_S4,5.5200000000000005,1,0.0625,0.07688463263959763,0.10065028503860135
n256_L32_S4,5.5200000000000005,2,0.125,0.0640785329981979,0.08388571798680047
n256_L32_S4,5.5200000000000005,3,0.1875,0.05026923154965672,0.06580785145793316
n256_L32_S4,5.5200000000000005,4,0.25,0.03535882956393507,0.04628852544466048
n256_L32_S4,5.5200000000000005,5,0.3125,0.019525695779449827,0.025561243883299452
n256_L32_S4,5.5200000000000005,6,0.375,0.005204189806354918,0.006812846331203428
n256_L32_S4,5.5200000000000005,7,0.4375,0.017603103551616473,0.02304436308279519
n256_L32_S4,5.5200000000000005,8,0.5,0.0358168466385061,0.046888119245468714
n256_L32_S4,5.5200000000000005,9,0.5625,0.055299720544303065,0.07239330467285733
n256_L32_S4,5.5200000000000005,10,0.625,0.07448205950283493,0.09750505740677017
n256_L32_S4,5.5200000000000005,11,0.6875,0.09508728622984344,0.12447952385288137
n256_L32_S4,5.5200000000000005,12,0.75,0.11543445625786472,0.15111616621871196
n256_L32_S4,5.5200000000000005,13,0.8125,0.13727649718293572,0.1797097559837615
n256_L32_S4,5.5200000000000005,14,0.875,0.15966343729136268,0.20901667761031792
n256_L32_S4,5.5200000000000005,15,0.9375,0.18364121456206972,0.24040617683835755
n256_L32_S4,5.5200000000000005,16,1.0,0.21097938293384863,0.27619479082512294
n256_L32_S4,5.5600000000000005,0,0.0,0.09064522214128382,0.11866438236980956
n256_L32_S4,5.5600000000000005,1,0.0625,0.07688463415900083,0.10065028702766418
n256_L32_S4,5.5600000000000005,2,0.125,0.06407853456083944,0.08388572003246694
n256_L32_S4,5.5600000000000005,3,0.1875,0.05026923314411256,0.065807853545248
n256_L32_S4,5.5600000000000005,4,0.25,0.03535883116799188,0.04628852754454403
n256_L32_S4,5.5600000000000005,5,0.3125,0.019525697348506735,0.02556124593736435
n256_L32_S4,5.5600000000000005,6,0.375,0.005204189593490095,0.006812846052540393
n256_L32_S4,5.5600000000000005,7,0.4375,0.017603101681229662,0.023044360634256918
n256_L32_S4,5.5600000000000005,8,0.5,0.03581684468428621,0.04688811668718389
n256_L32_S4,5.5600000000000005,9,0.5625,0.055299718543585744,0.07239330205370234
n256_L32_S4,5.5600000000000005,10,0.625,0.07448205748696857,0.09750505476778344
n256_L32_S4,5.5600000000000005,11,0.6875,0.09508728417908133,0.12447952116821236
n256_L32_S4,5.5600000000000005,12,0.75,0.11543445417603548,0.15111616349337273
n256_L32_S4,5.5600000000000005,13,0.8125,0.13727649505599623,0.17970975319936808
n256_L32_S4,5.5600000000000005,14,0.875,0.15966343511319622,0.20901667475886287
n256_L32_S4,5.5600000000000005,15,0.9375,0.18364121233816166,0.2404061739270218
n256_L32_S4,5.5600000000000005,16,1.0,0.21097938064355432,0.27619478782688045
n256_L32_S4,5.6000000000000005,0,0.0,0.09064522344786735,0.11866438408026847
n256_L32_S4,5.6000000000000005,1,0.0625,0.07688463550192166,0.10065028878569254
n256_L32_S4,5.6000000000000005,2,0.125,0.06407853594181417,0.08388572184031197
n256_L32_S4,5.6000000000000005,3,0.1875,0.05026923455285161,0.0658078553894395
n256_L32_S4,5.6000000000000005,4,0.25,0.03535883258473518,0.04628852939921397
n256_L32_S4,5.6000000000000005,5,0.3125,0.01952569873426386,0.025561247751470038
n256_L32_S4,5.6000000000000005,6,0.375,0.00520418939971793,0.006812845798871708
n256_L32_S4,5.6000000000000005,7,0.4375,0.017603100026931624,0.023044358468602175
n256_L32_S4,5.6000000000000005,8,0.5,0.03581684295602133,0.04688811442469857
n256_L32_S4,5.6000000000000005,9,0.5625,0.055299716774576846,0.07239329973787871
n256_L32_S4,5.6000000000000005,10,0.625,0.0744820557052943,0.09750505243537948
n256_L32_S4,5.6000000000000005,11,0.6875,0.09508728236694765,0.12447951879593372
n256_L32_S4,5.6000000000000005,12,0.75,0.11543445233693363,0.15111616108578985
n256_L32_S4,5.6000000000000005,13,0.8125,0.13727649317733734,0.17970975074000076
n256_L32_S4,5.6000000000000005,14,0.875,0.1596634331894628,0.20901667224048812
n256_L32_S4,5.6000000000000005,15,0.9375,0.1836412103742241,0.2404061713560155
n256_L32_S4,5.6000000000000005,16,1.0,0.2109793786208571,0.2761947851789514
n256_L32_S4,5.64,0,0.0,0.0906452246031732,0.11866438559268856
n256_L32_S4,5.64,1,0.0625,0.07688463668911108,0.10065029033985166
n256_L32_S4,5.64,2,0.125,0.0640785371624957,0.08388572343831588
n256_L32_S4,5.64,3,0.1875,0.05026923579776308,0.06580785701916304
n256_L32_S4,5.64,4,0.25,0.035358833836297815,0.04628853103764459
n256_L32_S4,5.64,5,0.3125,0.01952569995840573,0.025561249354003914
n256_L32_S4,5.64,6,0.375,0.005204189223460144,0.006812845568131236
n256_L32_S4,5.64,7,0.4375,0.017603098563464967,0.023044356552766317
n256_L32_S4,5.64,8,0.5,0.035816841427265336,0.046888112423391914
n256_L32_S4,5.64,9,0.5625,0.05529971521011348,0.07239329768982725
n256_L32_S4,5.64,10,0.625,0.07448205413027674,0.09750505037351144
n256_L32_S4,5.64,11,0.6875,0.09508728076534209,0.12447951669925912
n256_L32_S4,5.64,12,0.75,0.11543445071192576,0.1511161589584791
n256_L32_S4,5.64,13,0.8125,0.13727649151763863,0.17970974856727595
n256_L32_S4,5.64,14,0.875,0.15966343149009635,0.20901667001583396
n256_L32_S4,5.64,15,0.9375,0.18364120863951433,0.24040616908509313
n256_L32_S4,5.64,16,1.0,0.21097937683412715,0.276194782839929
n256_L32_S4,5.68,0,0.0,0.09064522562493531,0.11866438693028548
n256_L32_S4,5.68,1,0.0625,0.07688463773884757,0.10065029171407007
n256_L32_S4,5.68,2,0.125,0.06407853824171708,0.08388572485113319
n256_L32_S4,5.68,3,0.1875,0.050269236898127824,0.0658078584596593
n256_L32_S4,5.68,4,0.25,0.035358834942167364,0.04628853248534722
n256_L32_S4,5.68,5,0.3125,0.019525701040020053,0.02556125076995384
n256_L32_S4,5.68,6,0.375,0.0052041890632482405,0.006812845358396557
n256_L32_S4,5.68,7,0.4375,0.017603097268557286,0.023044354857592358
n256_L32_S4,5.68,8,0.5,0.035816840074703246,0.04688811065274211
n256_L32_S4,5.68,9,0.5625,0.05529971382625208,0.07239329587820327
n256_L32_S4,5.68,10,0.625,0.07448205273765172,0.09750504855041493
n256_L32_S4,5.68,11,0.6875,0.09508727934950795,0.12447951484577938
n256_L32_S4,5.68,12,0.75,0.11543444927579086,0.15111615707842346
n256_L32_S4,5.68,13,0.8125,0.13727649005107623,0.17970974664738742
n256_L32_S4,5.68,14,0.875,0.15966342998862107,0.20901666805024072
n256_L32_S4,5.68,15,0.9375,0.1836412071069626,0.24040616707881746
n256_L32_S4,5.68,16,1.0,0.21097937525551066,0.2761947807733496
n256_L32_S4,5.72,0,0.0,0.09064522652878576,0.11866438811352331
n256_L32_S4,5.72,1,0.0625,0.07688463866724563,0.10065029292944334
n256_L32_S4,5.72,2,0.125,0.06407853919607082,0.08388572610048527
n256_L32_S4,5.72,3,0.1875,0.05026923787093253,0.06580785973316568
n256_L32_S4,5.72,4,0.25,0.035358835919509356,0.04628853376479341
n256_L32_S4,5.72,5,0.3125,0.019525701995917636,0.02556125202132698
n256_L32_S4,5.72,6,0.375,0.005204188917717068,0.00681284516788054
n256_L32_S4,5.72,7,0.4375,0.017603096122566272,0.023044353357366393
n256_L32_S4,5.72,8,0.5,0.03581683887777439,0.04688810908583301
n256_L32_S4,5.72,9,0.5625,0.05529971260188234,0.0723932942753711
n256_L32_S4,5.72,10,0.625,0.07448205150603723,0.0975050469380986
n256_L32_S4,5.72,11,0.6875,0.09508727809763379,0.12447951320694094
n256_L32_S4,5.72,12,0.75,0.11543444800631023,0.15111615541653625
n256_L32_S4,5.72,13,0.8125,0.1372764887549082,0.17970974495056352
n256_L32_S4,5.72,14,0.875,0.15966342866171981,0.20901666631318372
n256_L32_S4,5.72,15,0.9375,0.18364120575273019,0.240406165305981
n256_L32_S4,5.72,16,1.0,0.21097937386047713,0.27619477894710004
n256_L32_S4,5.76,0,0.0,0.0906452273285055,0.11866438916044278
n256_L32_S4,5.76,1,0.0625,0.0768846394885049,0.1006502940045604
n256_L32_S4,5.76,2,0.125,0.06407854004018436,0.08388572720552102
n256_L32_S4,5.76,3,0.1875,0.05026923873114749,0.06580786085927993
n256_L32_S4,5.76,4,0.25,0.03535883678344344,0.046288534895776404
n256_L32_S4,5.76,5,0.3125,0.01952570284090079,0.025561253127501158
n256_L32_S4,5.76,6,0.375,0.005204188785608535,0.0068128449949362065
n256_L32_S4,5.76,7,0.4375,0.017603095108158665,0.023044352029397315
n256_L32_S4,5.76,8,0.5,0.0358168378183469,0.046888107698928046
n256_L32_S4,5.76,9,0.5625,0.055299711518393614,0.07239329285696737
n256_L32_S4,5.76,10,0.625,0.07448205041658605,0.09750504551188938
n256_L32_S4,5.76,11,0.6875,0.09508727699049553,0.12447951175757742
n256_L32_S4,5.76,12,0.75,0.11543444688391004,0.15111615394719322
n256_L32_S4,5.76,13,0.8125,0.13727648760909664,0.1797097434505725
n256_L32_S4,5.76,14,0.875,0.15966342748885057,0.20901666477777123
n256_L32_S4,5.76,15,0.9375,0.18364120455581992,0.24040616373909623
n256_L32_S4,5.76,16,1.0,0.21097937262741964,0.27619477733289466
n256_L32_S4,5.8,0,0.0,0.09064522803624403,0.11866439008694893
n256_L32_S4,5.8,1,0.0625,0.07688464021514789,0.10065029495581454
n256_L32_S4,5.8,2,0.125,0.06407854078695198,0.08388572818312047
n256_L32_S4,5.8,3,0.1875,0.050269239491962894,0.06580786185526945
n256_L32_S4,5.8,4,0.25,0.035358837547291924,0.04628853589573654
n256_L32_S4,5.8,5,0.3125,0.01952570358800962,0.025561254105547278
n256_L32_S4,5.8,6,0.375,0.005204188665756433,0.006812844838036865
n256_L32_S4,5.8,7,0.4375,0.017603094210046268,0.023044350853671222
n256_L32_S4,5.8,8,0.5,0.0358168368804247,0.04688810647108662
n256_L32_S4,5.8,9,0.5625,0.055299710559368415,0.07239329160149983
n256_L32_S4,5.8,10,0.625,0.07448204945268228,0.09750504425003526
n256_L32_S4,5.8,11,0.6875,0.09508727601115143,0.12447951047551026
n256_L32_S4,5.8,12,0.75,0.11543444589134015,0.15111615264781209
n256_L32_S4,5.8,13,0.8125,0.1372764865959883,0.1797097421243043
n256_L32_S4,5.8,14,0.875,0.1596634264519168,0.209016663420313
n256_L32_S4,5.8,15,0.9375,0.18364120349773375,0.24040616235394718
n256_L32_S4,5.8,16,1.0,0.21097937153730148,0.2761947759058123
n256_L32_S4,5.84,0,0.0,0.09064522866271836,0.11866439090707147
n256_L32_S4,5.84,1,0.0625,0.07688464085821191,0.10065029579765476
n256_L32_S4,5.84,2,0.125,0.06407854144774064,0.08388572904816417
n256_L32_S4,5.84,3,0.1875,0.050269240165010165,0.06580786273636098
n256_L32_S4,5.84,4,0.25,0.035358838222793745,0.04628853678004135
n256_L32_S4,5.84,5,0.3125,0.019525704248732255,0.025561254970504543
n256_L32_S4,5.84,6,0.375,0.0052041885570846234,0.006812844695773734
n256_L32_S4,5.84,7,0.4375,0.017603093414734927,0.023044349812522808
n256_L32_S4,5.84,8,0.5,0.035816836049894565,0.046888105383833
n256_L32_S4,5.84,9,0.5625,0.055299709710327244,0.07239329049001328
n256_L32_S4,5.84,10,0.625,0.07448204859967436,0.09750504313335581
n256_L32_S4,5.84,11,0.6875,0.09508727514466452,0.12447950934118533
n256_L32_S4,5.84,12,0.75,0.11543444501339595,0.1511161514984883
n256_L32_S4,5.84,13,0.8125,0.13727648570002413,0.17970974095139045
n256_L32_S4,5.84,14,0.875,0.15966342553497118,0.20901666221993218
n256_L32_S4,5.84,15,0.9375,0.18364120256217337,0.24040616112919766
n256_L32_S4,5.84,16,1.0,0.21097937057335017,0.27619477464389597
n256_L32_S4,5.88,0,0.0,0.09064522921738155,0.11866439163318547
n256_L32_S4,5.88,1,0.0625,0.07688464142743541,0.10065029654282978
n256_L32_S4,5.88,2,0.125,0.06407854203257442,0.08388572981377472
n256_L32_S4,5.88,3,0.1875,0.050269240760539936,0.06580786351597376
n256_L32_S4,5.88,4,0.25,0.035358838820294884,0.046288537562234854
n256_L32_S4,5.88,5,0.3125,0.019525704833192565,0.02556125573562619
n256_L32_S4,5.88,6,0.375,0.005204188458604477,0.006812844566852589
n256_L32_S4,5.88,7,0.4375,0.017603092710314967,0.023044348890361027
n256_L32_S4,5.88,8,0.5,0.035816835314303276,0.046888104420864586
n256_L32_S4,5.88,9,0.5625,0.05529970895849448,0.07239328950578303
n256_L32_S4,5.88,10,0.625,0.07448204784464177,0.09750504214493662
n256_L32_S4,5.88,11,0.6875,0.09508727437786418,0.12447950833736092
n256_L32_S4,5.88,12,0.75,0.11543444423667468,0.15111615048167631
n256_L32_S4,5.88,13,0.8125,0.13727648490749014,0.1797097399138779
n256_L32_S4,5.88,14,0.875,0.1596634247239574,0.20901666115822756
n256_L32_S4,5.88,15,0.9375,0.18364120173477508,0.24040616004604395
n256_L32_S4,5.88,16,1.0,0.21097936972077969,0.27619477352778915
n256_L32_S4,5.92,0,0.0,0.09064522970857262,0.11866439227620762
n256_L32_S4,5.92,1,0.0625,0.07688464193140683,0.10065029720258278
n256_L32_S4,5.92,2,0.125,0.06407854255029657,0.08388573049152892
n256_L32_S4,5.92,3,0.1875,0.0502692412875945,0.06580786420594509
n256_L32_S4,5.92,4,0.25,0.035358839348916184,0.0462885382542572
n256_L32_S4,5.92,5,0.3125,0.019525705350312197,0.02556125641259162
n256_L32_S4,5.92,6,0.375,0.005204188369406282,0.006812844450082522
n256_L32_S4,5.92,7,0.4375,0.017603092086271265,0.023044348073420446
n256_L32_S4,5.92,8,0.5,0.03581683466265735,0.04688810356778972
n256_L32_S4,5.92,9,0.5625,0.05529970829259644,0.07239328863405059
n256_L32_S4,5.92,10,0.625,0.07448204717618548,0.09750504126985517
n256_L32_S4,5.92,11,0.6875,0.09508727369913306,0.12447950744882859
n256_L32_S4,5.92,12,0.75,0.11543444354935717,0.1511161495819035
n256_L32_S4,5.92,13,0.8125,0.13727648420629773,0.17970973899594134
n256_L32_S4,5.92,14,0.875,0.15966342400648584,0.20901666021897983
n256_L32_S4,5.92,15,0.9375,0.1836412010028776,0.24040615908791113
n256_L32_S4,5.92,16,1.0,0.21097936896656114,0.2761947725404356
n256_L32_S4,5.96,0,0.0,0.09064523014365204,0.11866439284577356
n256_L32_S4,5.96,1,0.0625,0.07688464237770275,0.10065029778683232
n256_L32_S4,5.96,2,0.125,0.06407854300870774,0.08388573109163865
n256_L32_S4,5.96,3,0.1875,0.05026924175414722,0.06580786481671297
n256_L32_S4,5.96,4,0.25,0.035358839816700544,0.04628853886663744
n256_L32_S4,5.96,5,0.3125,0.019525705807957983,0.025561257011699364
n256_L32_S4,5.96,6,0.375,0.0052041882886534295,0.00681284434436832
n256_L32_S4,5.96,7,0.4375,0.01760309153331933,0.023044347349546666
n256_L32_S4,5.96,8,0.5,0.03581683408525291,0.04688810281190496
n256_L32_S4,5.96,9,0.5625,0.05529970770268221,0.07239328786178917
n256_L32_S4,5.96,10,0.625,0.0744820465842507,0.09750504049494864
n256_L32_S4,5.96,11,0.6875,0.0950872730982264,0.1244795066621769
n256_L32_S4,5.96,12,0.75,0.11543444294102402,0.15111614878552973
n256_L32_S4,5.96,13,0.8125,0.1372764835857856,0.17970973818362396
n256_L32_S4,5.96,14,0.875,0.159663423371631,0.2090166593878863
n256_L32_S4,5.96,15,0.9375,0.1836412003553209,0.2404061582401895
n256_L32_S4,5.96,16,1.0,0.21097936829920455,0.2761947716667938
n256_L32_S4,6.0,0,0.0,0.09064523052911468,0.11866439335038576
n256_L32_S4,6.0,1,0.0625,0.07688464277301131,0.10065029830433392
n256_L32_S4,6.0,2,0.125,0.06407854341469116,0.08388573162311476
n256_L32_S4,6.0,3,0.1875,0.050269242167233996,0.06580786535748816
n256_L32_S4,6.0,4,0.25,0.035358840230738535,0.04628853940865787
n256_L32_S4,6.0,5,0.3125,0.019525706213064528,0.02556125754202757
n256_L32_S4,6.0,6,0.375,0.00520418821558156,0.006812844248709353
n256_L32_S4,6.0,7,0.4375,0.01760309104326236,0.02304434670800918
n256_L32_S4,6.0,8,0.5,0.03581683357352223,0.04688810214199425
n256_L32_S4,6.0,9,0.5625,0.05529970717996885,0.07239328717750095
n256_L32_S4,6.0,10,0.625,0.07448204605996143,0.09750503980859739
n256_L32_S4,6.0,11,0.6875,0.09508727256610532,0.12447950596557295
n256_L32_S4,6.0,12,0.75,0.11543444240248059,0.15111614808051824
n256_L32_S4,6.0,13,0.8125,0.13727648303655343,0.17970973746461977
n256_L32_S4,6.0,14,0.875,0.1596634228097609,0.20901665865233768
n256_L32_S4,6.0,15,0.9375,0.18364119978226123,0.24040615748999253
n256_L32_S4,6.0,16,1.0,0.21097936770857847,0.2761947708936005
n256_L32_S4,6.04,0,0.0,0.09064523087069383,0.11866439379754974
n256_L32_S4,6.04,1,0.0625,0.07688464312323501,0.10065029876281455
n256_L32_S4,6.04,2,0.125,0.06407854377432025,0.08388573209390807
n256_L32_S4,6.04,3,0.1875,0.050269242533060865,0.06580786583639502
n256_L32_S4,6.04,4,0.25,0.03535884059728594,0.04628853988850799
n256_L32_S4,6.04,5,0.3125,0.01952570657174754,0.025561258011582356
n256_L32_S4,6.04,6,0.375,0.005204188149489736,0.006812844162188019
n256_L32_S4,6.04,7,0.4375,0.017603090608856963,0.023044346139325614
n256_L32_S4,6.04,8,0.5,0.03581683311989675,0.04688810154814953
n256_L32_S4,6.04,9,0.5625,0.05529970671669893,0.07239328657103061
n256_L32_S4,6.04,10,0.625,0.07448204559548771,0.09750503920055113
n256_L32_S4,6.04,11,0.6875,0.09508727209479195,0.12447950534857287
n256_L32_S4,6.04,12,0.75,0.1154344419256174,0.15111614745625282
n256_L32_S4,6.04,13,0.8125,0.1372764825503077,0.1797097368280716
n256_L32_S4,6.04,14,0.875,0.15966342231237635,0.2090166580012076
n256_L32_S4,6.04,15,0.9375,0.18364119927501887,0.2404061568259575
n256_L32_S4,6.04,16,1.0,0.21097936718574742,0.2761947702091582
n256_L32_S4,6.08,0,0.0,0.09064523117345391,0.11866439419389538
n256_L32_S4,6.08,1,0.0625,0.07688464343358328,0.10065029916909395
n256_L32_S4,6.08,2,0.125,0.06407854409295821,0.08388573251103956
n256_L32_S4,6.08,3,0.1875,0.05026924285710543,0.06580786626060434
n256_L32_S4,6.08,4,0.25,0.03535884092186221,0.046288540313413375
n256_L32_S4,6.08,5,0.3125,0.0195257068894031,0.02556125842742778
n256_L32_S4,6.08,6,0.375,0.005204188089735384,0.006812844083963122
n256_L32_S4,6.08,7,0.4375,0.017603090223703554,0.02304434563511822
n256_L32_S4,6.08,8,0.5,0.0358168327176916,0.046888101021619555
n256_L32_S4,6.08,9,0.5625,0.055299706306022815,0.07239328603341123
n256_L32_S4,6.08,10,0.625,0.07448204518391395,0.09750503866175664
n256_L32_S4,6.08,11,0.6875,0.09508727167724527,0.12447950480195918
n256_L32_S4,6.08,12,0.75,0.11543444150327792,0.15111614690336486
n256_L32_S4,6.08,13,0.8125,0.13727648211972998,0.17970973626439887
n256_L32_S4,6.08,14,0.875,0.15966342187198238,0.20901665742468434
n256_L32_S4,6.08,15,0.9375,0.18364119882593732,0.24040615623806127
n256_L32_S4,6.08,16,1.0,0.21097936672282805,0.27619476960314676
n256_L32_S4,6.12,0,0.0,0.09064523144186633,0.11866439454527622
n256_L32_S4,6.12,1,0.0625,0.07688464370865794,0.10065029952919637
n256_L32_S4,6.12,2,0.125,0.06407854437533896,0.08388573288070644
n256_L32_S4,6.12,3,0.1875,0.05026924314420272,0.06580786663644568
n256_L32_S4,6.12,4,0.25,0.03535884120933519,0.04628854068974655
n256_L32_S4,6.12,5,0.3125,0.019525707170790257,0.02556125879579395
n256_L32_S4,6.12,6,0.375,0.005204188035732416,0.0068128440132674065
n256_L32_S4,6.12,7,0.4375,0.017603089882149772,0.023044345187987442
n256_L32_S4,6.12,8,0.5,0.03581683236100141,0.04688810055467359
n256_L32_S4,6.12,9,0.5625,0.0552997059418919,0.07239328555672456
n256_L32_S4,6.12,10,0.625,0.07448204481913545,0.09750503818422221
n256_L32_S4,6.12,11,0.6875,0.09508727130725242,0.12447950431759859
n256_L32_S4,6.12,12,0.75,0.11543444112914682,0.15111614641358684
n256_L32_S4,6.12,13,0.8125,0.13727648173836676,0.17970973576515326
n256_L32_S4,6.12,14,0.875,0.15966342148196422,0.20901665691410848
n256_L32_S4,6.12,15,0.9375,0.18364119842826093,0.24040615571745996
n256_L32_S4,6.12,16,1.0,0.21097936631286618,0.27619476906646245
n256_L32_S4,6.16,0,0.0,0.09064523167988058,0.11866439485686256
n256_L32_S4,6.16,1,0.0625,0.07688464395252086,0.10065029984843926
n256_L32_S4,6.16,2,0.125,0.06407854462564264,0.08388573320838098
n256_L32_S4,6.16,3,0.1875,0.0502692433986209,0.06580786696950655
n256_L32_S4,6.16,4,0.25,0.03535884146400326,0.046288541023134545
n256_L32_S4,6.16,5,0.3125,0.019525707420110113,0.02556125912218056
n256_L32_S4,6.16,6,0.375,0.0052041879869477725,0.00681284394940304
n256_L32_S4,6.16,7,0.4375,0.017603089579196485,0.02304434479138888
n256_L32_S4,6.16,8,0.5,0.03581683204460752,0.046888100140479824
n256_L32_S4,6.16,9,0.5625,0.05529970561895829,0.07239328513396959
n256_L32_S4,6.16,10,0.625,0.07448204449576026,0.09750503776088917
n256_L32_S4,6.16,11,0.6875,0.09508727097932296,0.12447950388830352
n256_L32_S4,6.16,12,0.75,0.11543444079764743,0.15111614597961837
n256_L32_S4,6.16,13,0.8125,0.1372764814005173,0.17970973532287182
n256_L32_S4,6.16,14,0.875,0.159663421136483,0.20901665646183623
n256_L32_S4,6.16,15,0.9375,0.1836411980760292,0.24040615525635056
n256_L32_S4,6.16,16,1.0,0.21097936594972402,0.2761947685910701
n256_L32_S4,6.2,0,0.0,0.09064523189098679,0.1186643951332234
n256_L32_S4,6.2,1,0.0625,0.07688464416876259,0.10065030013152303
n256_L32_S4,6.2,2,0.125,0.06407854484756258,0.08388573349889815
n256_L32_S4,6.2,3,0.1875,0.05026924362412945,0.0658078672647216
n256_L32_S4,6.2,4,0.25,0.035358841689659866,0.04628854131854341
n256_L32_S4,6.2,5,0.3125,0.01952570764106877,0.0255612594114393
n256_L32_S4,6.2,6,0.375,0.005204187942892835,0.006812843891730371
n256_L32_S4,6.2,7,0.4375,0.01760308931042751,0.023044344439541273
n256_L32_S4,6.2,8,0.5,0.03581683176389635,0.0468880997729986
n256_L32_S4,6.2,9,0.5625,0.055299705332499095,0.07239328475896357
n256_L32_S4,6.2,10,0.625,0.07448204420902613,0.09750503738552323
n256_L32_S4,6.2,11,0.6875,0.09508727068861225,0.12447950350773182
n256_L32_S4,6.2,12,0.75,0.11543444050385872,0.1511161455950172
n256_L32_S4,6.2,13,0.8125,0.13727648110115215,0.1797097349309705
n256_L32_S4,6.2,14,0.875,0.15966342083038898,0.20901665606112613
n256_L32_S4,6.2,15,0.9375,0.183641197763981,0.2404061548478458
n256_L32_S4,6.2,16,1.0,0.2109793656279841,0.27619476816987787
n256_L32_S4,6.24,0,0.0,0.09064523207826847,0.11866439537839532
n256_L32_S4,6.24,1,0.0625,0.0768846443605533,0.10065030038259777
n256_L32_S4,6.24,2,0.125,0.06407854504436034,0.08388573375652766
n256_L32_S4,6.24,3,0.1875,0.050269243824057515,0.06580786752644902
n256_L32_S4,6.24,4,0.25,0.035358841889654095,0.046288541580357445
n256_L32_S4,6.24,5,0.3125,0.019525707836940232,0.02556125966785619
n256_L32_S4,6.24,6,0.375,0.005204187903121755,0.0068128438396657335
n256_L32_S4,6.24,7,0.4375,0.017603089071936348,0.023044344127330595
n256_L32_S4,6.24,8,0.5,0.03581683151478884,0.046888099446889965
n256_L32_S4,6.24,9,0.5625,0.05529970507833872,0.07239328442624021
n256_L32_S4,6.24,10,0.625,0.07448204395472502,0.09750503705261562
n256_L32_S4,6.24,11,0.6875,0.095087270430838,0.1244795031702775
n256_L32_S4,6.24,12,0.75,0.11543444024343319,0.1511161452540921
n256_L32_S4,6.24,13,0.8125,0.13727648083582839,0.17970973458363307
n256_L32_S4,6.24,14,0.875,0.15966342055913074,0.20901665570601982
n256_L32_S4,6.24,15,0.9375,0.1836411974874701,0.24040615448586317
n256_L32_S4,6.24,16,1.0,0.21097936534286174,0.2761947677966219
n256_L32_S4,6.28,0,0.0,0.09064523224445248,0.11866439559594814
n256_L32_S4,6.28,1,0.0625,0.07688464453069702,0.10065030060533427
n256_L32_S4,6.28,2,0.125,0.06407854521891829,0.08388573398504287
n256_L32_S4,6.28,3,0.1875,0.05026924400134517,0.0658078677585377
n256_L32_S4,6.28,4,0.25,0.03535884206694397,0.046288541812449034
n256_L32_S4,6.28,5,0.3125,0.019525708010615473,0.02556125989521583
n256_L32_S4,6.28,6,0.375,0.0052041878672314515,0.006812843792681451
n256_L32_S4,6.28,7,0.4375,0.017603088860270105,0.02304434385023663
n256_L32_S4,6.28,8,0.5,0.03581683129368096,0.046888099157435886
n256_L32_S4,6.28,9,0.5625,0.055299704852786805,0.07239328413096839
n256_L32_S4,6.28,10,0.625,0.07448204372914002,0.0975050367573005
n256_L32_S4,6.28,11,0.6875,0.09508727020221755,0.12447950287098865
n256_L32_S4,6.28,12,0.75,0.11543444001253189,0.15111614495181735
n256_L32_S4,6.28,13,0.8125,0.13727648060062472,0.1797097342757261
n256_L32_S4,6.28,14,0.875,0.15966342031869032,0.20901665539125736
n256_L32_S4,6.28,15,0.9375,0.18364119724239636,0.2404061541650352
n256_L32_S4,6.28,16,1.0,0.21097936509013596,0.27619476746577654
n256_L32_S4,6.32,0,0.0,0.09064523239194679,0.11866439578903411
n256_L32_S4,6.32,1,0.0625,0.07688464468166788,0.10065030080297142
n256_L32_S4,6.32,2,0.125,0.06407854537378406,0.08388573418777888
n256_L32_S4,6.32,3,0.1875,0.05026924415859192,0.06580786796439067
n256_L32_S4,6.32,4,0.25,0.0353588422241418,0.04628854201823796
n256_L32_S4,6.32,5,0.3125,0.01952570816464461,0.0255612600968566
n256_L32_S4,6.32,6,0.375,0.005204187834853581,0.006812843750295323
n256_L32_S4,6.32,7,0.4375,0.017603088672372112,0.02304434360425787
n256_L32_S4,6.32,8,0.5,0.03581683109738158,0.04688809890045881
n256_L32_S4,6.32,9,0.5625,0.05529970465257816,0.07239328386887367
n256_L32_S4,6.32,10,0.625,0.07448204352898195,0.09750503649527198
n256_L32_S4,6.32,11,0.6875,0.09508726999941047,0.12447950260549229
n256_L32_S4,6.32,12,0.75,0.11543443980776134,0.1511161446837506
n256_L32_S4,6.32,13,0.8125,0.13727648039207554,0.1797097340027127
n256_L32_S4,6.32,14,0.875,0.15966342010552187,0.20901665511219683
n256_L32_S4,6.32,15,0.9375,0.18364119702513718,0.24040615388061948
n256_L32_S4,6.32,16,1.0,0.21097936486607496,0.2761947671724565
n256_L32_S4,6.36,0,0.0,0.09064523252288374,0.11866439596044473
n256_L32_S4,6.36,1,0.0625,0.07688464481565838,0.10065030097837946
n256_L32_S4,6.36,2,0.125,0.06407854551120865,0.0838857343676825
n256_L32_S4,6.36,3,0.1875,0.05026924429809355,0.06580786814701337
n256_L32_S4,6.36,4,0.25,0.035358842363556464,0.04628854220074681
n256_L32_S4,6.36,5,0.3125,0.01952570830128524,0.025561260275733938
n256_L32_S4,6.36,6,0.375,0.005204187805653207,0.006812843712068881
n256_L32_S4,6.36,7,0.4375,0.0176030885055396,0.0230443433858561
n256_L32_S4,6.36,8,0.5,0.03581683092306919,0.046888098672265066
n256_L32_S4,6.36,9,0.5625,0.05529970447482661,0.0723932836361777
n256_L32_S4,6.36,10,0.625,0.07448204335134753,0.09750503626272934
n256_L32_S4,6.36,11,0.6875,0.09508726981946032,0.1244795023699181
n256_L32_S4,6.36,12,0.75,0.11543443962612546,0.1511161444459696
n256_L32_S4,6.36,13,0.8125,0.1372764802071185,0.17970973376058394
n256_L32_S4,6.36,14,0.875,0.1596634199164891,0.20901665486473253
n256_L32_S4,6.36,15,0.9375,0.18364119683249433,0.24040615362842918
n256_L32_S4,6.36,16,1.0,0.21097936466738182,0.27619476691234573
n256_L32_S4,6.4,0,0.0,0.09064523263914814,0.11866439611264738
n256_L32_S4,6.4,1,0.0625,0.0768846449346037,0.10065030113409174
n256_L32_S4,6.4,2,0.125,0.06407854563318433,0.08388573452736184
n256_L32_S4,6.4,3,0.1875,0.05026924442187975,0.06580786830906286
n256_L32_S4,6.4,4,0.25,0.0353588424872267,0.0462885423626445
n256_L32_S4,6.4,5,0.3125,0.0195257084225282,0.025561260434454062
n256_L32_S4,6.4,6,0.375,0.005204187779326489,0.006812843677604364
n256_L32_S4,6.4,7,0.4375,0.01760308835738144,0.023044343191901073
n256_L32_S4,6.4,8,0.5,0.035816830768250235,0.046888098469590335
n256_L32_S4,6.4,9,0.5625,0.055299704316979933,0.07239328342953935
n256_L32_S4,6.4,10,0.625,0.07448204319366725,0.09750503605630882
n256_L32_S4,6.4,11,0.6875,0.09508726965975697,0.12447950216084919
n256_L32_S4,6.4,12,0.75,0.11543443946497436,0.15111614423500544
n256_L32_S4,6.4,13,0.8125,0.13727648004304993,0.17970973354580047
n256_L32_S4,6.4,14,0.875,0.15966341974882348,0.2090166546452401
n256_L32_S4,6.4,15,0.9375,0.18364119666163933,0.24040615340476154
n256_L32_S4,6.4,16,1.0,0.21097936449114957,0.2761947666816387
n256_L32_S4,6.44,0,0.0,0.0906452327424062,0.11866439624782332
n256_L32_S4,6.44,1,0.0625,0.07688464504021687,0.10065030127235078
n256_L32_S4,6.44,2,0.125,0.06407854574147064,0.0838857346691203
n256_L32_S4,6.44,3,0.1875,0.05026924453174549,0.06580786845288898
n256_L32_S4,6.44,4,0.25,0.035358842596954626,0.046288542506290206
n256_L32_S4,6.44,5,0.3125,0.019525708530135535,0.025561260575323683
n256_L32_S4,6.44,6,0.375,0.005204187755597336,0.006812843646540342
n256_L32_S4,6.44,7,0.4375,0.01760308822578014,0.02304434301962076
n256_L32_S4,6.44,8,0.5,0.03581683063071314,0.04688809828953943
n256_L32_S4,6.44,9,0.5625,0.05529970417677665,0.07239328324599811
n256_L32_S4,6.44,10,0.625,0.07448204305366792,0.09750503587303459
n256_L32_S4,6.44,11,0.6875,0.09508726951799104,0.12447950197526227
n256_L32_S4,6.44,12,0.75,0.11543443932196638,0.15111614404779256
n256_L32_S4,6.44,13,0.8125,0.13727647989747763,0.1797097333552306
n256_L32_S4,6.44,14,0.875,0.15966341960007663,0.20901665445051443
n256_L32_S4,6.44,15,0.9375,0.1836411965100763,0.24040615320634917
n256_L32_S4,6.44,16,1.0,0.21097936433480025,0.27619476647696056
n256_L32_S4,6.48,0,0.0,0.09064523283413359,0.11866439636790438
n256_L32_S4,6.48,1,0.0625,0.07688464513401329,0.1006503013951404
n256_L32_S4,6.48,2,0.125,0.06407854583762533,0.08388573479499718
n256_L32_S4,6.48,3,0.1875,0.05026924462927762,0.06580786858056907
n256_L32_S4,6.48,4,0.25,0.035358842694334765,0.04628854263377132
n256_L32_S4,6.48,5,0.3125,0.019525708625663312,0.025561260700379857
n256_L32_S4,6.48,6,0.375,0.005204187734214968,0.0068128436185485135
n256_L32_S4,6.48,7,0.4375,0.017603088108862054,0.023044342866562366
n256_L32_S4,6.48,8,0.5,0.03581683050850265,0.046888098129552705
n256_L32_S4,6.48,9,0.5625,0.05529970405221939,0.07239328308293921
n256_L32_S4,6.48,10,0.625,0.07448204292934019,0.09750503571027617
n256_L32_S4,6.48,11,0.6875,0.095087269392119,0.12447950181048219
n256_L32_S4,6.48,12,0.75,0.11543443919503087,0.15111614388162026
n256_L32_S4,6.48,13,0.8125,0.13727647976828913,0.17970973318610892
n256_L32_S4,6.48,14,0.875,0.15966341946808482,0.2090166542777229
n256_L32_S4,6.48,15,0.9375,0.18364119637559576,0.2404061530302996
n256_L32_S4,6.48,16,1.0,0.21097936419606364,0.27619476629533934
n256_L32_S4,6.5200000000000005,0,0.0,0.09064523291563631,0.11866439647460024
n256_L32_S4,6.5200000000000005,1,0.0625,0.07688464521733313,0.10065030150421507
n256_L32_S4,6.5200000000000005,2,0.125,0.06407854592302623,0.08388573490679618
n256_L32_S4,6.5200000000000005,3,0.1875,0.050269244715878944,0.06580786869393955
n256_L32_S4,6.5200000000000005,4,0.25,0.035358842780775356,0.04628854274693139
n256_L32_S4,6.5200000000000005,5,0.3125,0.01952570871048789,0.02556126081142439
n256_L32_S4,6.5200000000000005,6,0.375,0.005204187714953009,0.006812843593332529
n256_L32_S4,6.5200000000000005,7,0.4375,0.01760308800496797,0.023044342730553793
n256_L32_S4,6.5200000000000005,8,0.5,0.03581683039988802,0.04688809798736442
n256_L32_S4,6.5200000000000005,9,0.5625,0.05529970394153837,0.07239328293804581
n256_L32_S4,6.5200000000000005,10,0.625,0.0744820428189059,0.09750503556570576
n256_L32_S4,6.5200000000000005,11,0.6875,0.09508726928033569,0.12447950166414576
n256_L32_S4,6.5200000000000005,12,0.75,0.1154344390823367,0.15111614373409143
n256_L32_S4,6.5200000000000005,13,0.8125,0.1372764796536147,0.17970973303598772
n256_L32_S4,6.5200000000000005,14,0.875,0.1596634193509348,0.2090166541243609
n256_L32_S4,6.5200000000000005,15,0.9375,0.18364119625624686,0.24040615287405903
n256_L32_S4,6.5200000000000005,16,1.0,0.21097936407292514,0.2761947661341378
n256_L32_S4,6.5600000000000005,0,0.0,0.09064523298807058,0.11866439656942451
n256_L32_S4,6.5600000000000005,1,0.0625,0.07688464529136177,0.10065030160112656
n256_L32_S4,6.5600000000000005,2,0.125,0.06407854599889261,0.08388573500611346
n256_L32_S4,6.5600000000000005,3,0.1875,0.0502692447927923,0.06580786879462744
n256_L32_S4,6.5600000000000005,4,0.25,0.03535884285752307,0.04628854284740243
n256_L32_S4,6.5600000000000005,5,0.3125,0.019525708785826736,0.02556126091005107
n256_L32_S4,6.5600000000000005,6,0.375,0.005204187697604912,0.006812843570621997
n256_L32_S4,6.5600000000000005,7,0.4375,0.017603087912629014,0.023044342609672128
n256_L32_S4,6.5600000000000005,8,0.5,0.03581683030333737,0.0468880978609692
n256_L32_S4,6.5600000000000005,9,0.5625,0.05529970384316431,0.07239328280926355
n256_L32_S4,6.5600000000000005,10,0.625,0.0744820427207896,0.09750503543726094
n256_L32_S4,6.5600000000000005,11,0.6875,0.09508726918104156,0.12447950153415901
n256_L32_S4,6.5600000000000005,12,0.75,0.11543443898226449,0.1511161436030861
n256_L32_S4,6.5600000000000005,13,0.8125,0.1372764795518015,0.17970973290270326
n256_L32_S4,6.5600000000000005,14,0.875,0.1596634192469355,0.20901665398821456
n256_L32_S4,6.5600000000000005,15,0.9375,0.18364119615030317,0.2404061527353673
n256_L32_S4,6.5600000000000005,16,1.0,0.21097936396360797,0.2761947659910298
n256_L32_S4,6.6000000000000005,0,0.0,0.09064523305245849,0.11866439665371524
n256_L32_S4,6.6000000000000005,1,0.0625,0.07688464535715214,0.10065030168725327
n256_L32_S4,6.6000000000000005,2,0.125,0.06407854606630363,0.08388573509436177
n256_L32_S4,6.6000000000000005,3,0.1875,0.0502692448611171,0.06580786888407197
n256_L32_S4,6.6000000000000005,4,0.25,0.035358842925679534,0.0462885429366266
n256_L32_S4,6.6000000000000005,5,0.3125,0.019525708852756337,0.025561260997669144
n256_L32_S4,6.6000000000000005,6,0.375,0.005204187681984713,0.006812843550173471
n256_L32_S4,6.6000000000000005,7,0.4375,0.017603087830542204,0.023044342502211632
n256_L32_S4,6.6000000000000005,8,0.5,0.03581683021749165,0.04688809774858789
n256_L32_S4,6.6000000000000005,9,0.5625,0.05529970375571182,0.0723932826947788
n256_L32_S4,6.6000000000000005,10,0.625,0.07448204263360014,0.09750503532312052
n256_L32_S4,6.6000000000000005,11,0.6875,0.09508726909282145,0.12447950141866937
n256_L32_S4,6.6000000000000005,12,0.75,0.11543443889338074,0.15111614348672767
n256_L32_S4,6.6000000000000005,13,0.8125,0.1372764794613867,0.17970973278434052
n256_L32_S4,6.6000000000000005,14,0.875,0.15966341915458995,0.20901665386732426
n256_L32_S4,6.6000000000000005,15,0.9375,0.18364119605623858,0.2404061526122266
n256_L32_S4,6.6000000000000005,16,1.0,0.21097936386654073,0.2761947658639583
n256_L32_S4,6.640000000000001,0,0.0,0.09064523310970721,0.11866439672866
n256_L32_S4,6.640000000000001,1,0.0625,0.07688464541563196,0.10065030176380965
n256_L32_S4,6.640000000000001,2,0.125,0.06407854612621505,0.08388573517279228
n256_L32_S4,6.640000000000001,3,0.1875,0.050269244921824184,0.06580786896354411
n256_L32_S4,6.640000000000001,4,0.25,0.03535884298621909,0.04628854301587941
n256_L32_S4,6.640000000000001,5,0.3125,0.01952570891223021,0.025561261075526868
n256_L32_S4,6.640000000000001,6,0.375,0.005204187667924272,0.006812843531766835
n256_L32_S4,6.640000000000001,7,0.4375,0.017603087757557135,0.023044342406666297
n256_L32_S4,6.640000000000001,8,0.5,0.035816830141146436,0.04688809764864376
n256_L32_S4,6.640000000000001,9,0.5625,0.055299703677951444,0.07239328259298207
n256_L32_S4,6.640000000000001,10,0.625,0.07448204255610213,0.09750503522166726
n256_L32_S4,6.640000000000001,11,0.6875,0.09508726901442333,0.12447950131603776
n256_L32_S4,6.640000000000001,12,0.75,0.11543443881441767,0.1511161433833565
n256_L32_S4,6.640000000000001,13,0.8125,0.13727647938107682,0.1797097326792062
n256_L32_S4,6.640000000000001,14,0.875,0.1596634190725744,0.20901665375995707
n256_L32_S4,6.640000000000001,15,0.9375,0.18364119597270243,0.24040615250286876
n256_L32_S4,6.640000000000001,16,1.0,0.21097936378033008,0.27619476575109925
n256_L32_S4,6.68,0,0.0,0.09064523316061918,0.11866439679530925
n256_L32_S4,6.68,1,0.0625,0.07688464546762608,0.10065030183187557
n256_L32_S4,6.68,2,0.125,0.0640785461794729,0.08388573524251255
n256_L32_S4,6.68,3,0.1875,0.050269244975775056,0.06580786903417163
n256_L32_S4,6.68,4,0.25,0.035358843040006624,0.046288543086293106
n256_L32_S4,6.68,5,0.3125,0.019525708965091555,0.02556126114472807
n256_L32_S4,6.68,6,0.375,0.005204187655269484,0.006812843515200352
n256_L32_S4,6.68,7,0.4375,0.01760308769264963,0.023044342321695364
n256_L32_S4,6.68,8,0.5,0.03581683007323738,0.04688809755974348
n256_L32_S4,6.68,9,0.5625,0.05529970360879415,0.07239328250244771
n256_L32_S4,6.68,10,0.625,0.07448204248720473,0.09750503513147313
n256_L32_S4,6.68,11,0.6875,0.09508726894473908,0.12447950122481356
n256_L32_S4,6.68,12,0.75,0.11543443874425169,0.15111614329150164
n256_L32_S4,6.68,13,0.8125,0.13727647930972753,0.17970973258580228
n256_L32_S4,6.68,14,0.875,0.15966341899971787,0.20901665366458
n256_L32_S4,6.68,15,0.9375,0.18364119589850017,0.24040615240573
n256_L32_S4,6.68,16,1.0,0.21097936370374484,0.2761947656508409
n256_L32_S4,6.72,0,0.0,0.09064523320590549,0.11866439685459394
n256_L32_S4,6.72,1,0.0625,0.07688464551386276,0.10065030189240438
n256_L32_S4,6.72,2,0.125,0.06407854622682548,0.08388573530450219
n256_L32_S4,6.72,3,0.1875,0.050269245023732964,0.0658078690969537
n256_L32_S4,6.72,4,0.25,0.035358843087804424,0.04628854314886559
n256_L32_S4,6.72,5,0.3125,0.019525709012087014,0.025561261206250203
n256_L32_S4,6.72,6,0.375,0.005204187643882515,0.006812843500293579
n256_L32_S4,6.72,7,0.4375,0.017603087634916244,0.02304434224611613
n256_L32_S4,6.72,8,0.5,0.03581683001282032,0.04688809748065102
n256_L32_S4,6.72,9,0.5625,0.055299703547274245,0.07239328242191151
n256_L32_S4,6.72,10,0.625,0.07448204242593956,0.0975050350512704
n256_L32_S4,6.72,11,0.6875,0.09508726888278544,0.12447950114370956
n256_L32_S4,6.72,12,0.75,0.11543443868188977,0.15111614320986314
n256_L32_S4,6.72,13,0.8125,0.13727647924632452,0.1797097325028009
n256_L32_S4,6.72,14,0.875,0.15966341893498298,0.20901665357983504
n256_L32_S4,6.72,15,0.9375,0.1836411958325741,0.24040615231942564
n256_L32_S4,6.72,16,1.0,0.21097936363569675,0.2761947655617586
n256_L32_S4,6.76,0,0.0,0.0906452332461976,0.11866439690734065
n256_L32_S4,6.76,1,0.0625,0.07688464555498857,0.10065030194624251
n256_L32_S4,6.76,2,0.125,0.0640785462689375,0.08388573535963138
n256_L32_S4,6.76,3,0.1875,0.050269245066371995,0.0658078691527728
n256_L32_S4,6.76,4,0.25,0.03535884313028903,0.04628854320448252
n256_L32_S4,6.76,5,0.3125,0.01952570905387691,0.025561261260957688
n256_L32_S4,6.76,6,0.375,0.005204187633639384,0.006812843486884214
n256_L32_S4,6.76,7,0.4375,0.01760308758355235,0.023044342178875247
n256_L32_S4,6.76,8,0.5,0.03581682995905639,0.04688809741026823
n256_L32_S4,6.76,9,0.5625,0.055299703492537336,0.07239328235025498
n256_L32_S4,6.76,10,0.625,0.07448204237144897,0.09750503497993633
n256_L32_S4,6.76,11,0.6875,0.09508726882769415,0.12447950107158912
n256_L32_S4,6.76,12,0.75,0.11543443862645122,0.1511161431372881
n256_L32_S4,6.76,13,0.8125,0.1372764791899705,0.17970973242902738
n256_L32_S4,6.76,14,0.875,0.15966341887745242,0.2090166535045213
n256_L32_S4,6.76,15,0.9375,0.1836411957739885,0.24040615224273076
n256_L32_S4,6.76,16,1.0,0.21097936357521957,0.2761947654825874
n256_L32_S4,6.8,0,0.0,0.0906452332820533,0.11866439695427965
n256_L32_S4,6.8,1,0.0625,0.07688464559157734,0.10065030199414116
n256_L32_S4,6.8,2,0.125,0.06407854630639638,0.0838857354086691
n256_L32_S4,6.8,3,0.1875,0.05026924510429016,0.06580786920241177
n256_L32_S4,6.8,4,0.25,0.03535884316806004,0.04628854325392885
n256_L32_S4,6.8,5,0.3125,0.019525709091046985,0.02556126130961733
n256_L32_S4,6.8,6,0.375,0.005204187624426589,0.0068128434748236716
n256_L32_S4,6.8,7,0.4375,0.01760308753784649,0.02304434211904134
n256_L32_S4,6.8,8,0.5,0.03581682991120227,0.04688809734762202
n256_L32_S4,6.8,9,0.5625,0.055299703443824656,0.07239328228648483
n256_L32_S4,6.8,10,0.625,0.07448204232297456,0.0975050349164781
n256_L32_S4,6.8,11,0.6875,0.09508726877869364,0.12447950100744215
n256_L32_S4,6.8,12,0.75,0.11543443857715804,0.151116143072758
n256_L32_S4,6.8,13,0.8125,0.13727647913987137,0.17970973236344223
n256_L32_S4,6.8,14,0.875,0.1596634188263124,0.20901665343757353
n256_L32_S4,6.8,15,0.9375,0.1836411957219162,0.24040615217456252
n256_L32_S4,6.8,16,1.0,0.21097936352145924,0.2761947654122094
n256_L32_S4,6.84,0,0.0,0.09064523331396737,0.1186643969960586
n256_L32_S4,6.84,1,0.0625,0.07688464562413554,0.10065030203676335
n256_L32_S4,6.84,2,0.125,0.06407854633972306,0.08388573545229731
n256_L32_S4,6.84,3,0.1875,0.05026924513801811,0.0658078692465653
n256_L32_S4,6.84,4,0.25,0.035358843201647575,0.04628854329789856
n256_L32_S4,6.84,5,0.3125,0.019525709124115793,0.02556126135290797
n256_L32_S4,6.84,6,0.375,0.005204187616142032,0.006812843463978292
n256_L32_S4,6.84,7,0.4375,0.017603087497168744,0.02304434206578978
n256_L32_S4,6.84,8,0.5,0.03581682986860166,0.04688809729185322
n256_L32_S4,6.84,9,0.5625,0.055299703400465326,0.07239328222972279
n256_L32_S4,6.84,10,0.625,0.07448204227984159,0.09750503486001239
n256_L32_S4,6.84,11,0.6875,0.0950872687351015,0.12447950095037533
n256_L32_S4,6.84,12,0.75,0.11543443853331856,0.15111614301536738
n256_L32_S4,6.84,13,0.8125,0.1372764790953234,0.17970973230512413
n256_L32_S4,6.84,14,0.875,0.15966341878084434,0.20901665337805092
n256_L32_S4,6.84,15,0.9375,0.18364119567562032,0.2404061521139562
n256_L32_S4,6.84,16,1.0,0.21097936347366084,0.2761947653496361
n256_L32_S4,6.88,0,0.0,0.09064523334237944,0.11866439703325306
n256_L32_S4,6.88,1,0.0625,0.0768846456531141,0.10065030207469942
n256_L32_S4,6.88,2,0.125,0.06407854636938148,0.08388573549112341
n256_L32_S4,6.88,3,0.1875,0.050269245168024806,0.06580786928584731
n256_L32_S4,6.88,4,0.25,0.03535884323152121,0.046288543337006376
n256_L32_S4,6.88,5,0.3125,0.01952570915354261,0.02556126139143085
n256_L32_S4,6.88,6,0.375,0.005204187608692893,0.006812843454226564
n256_L32_S4,6.88,7,0.4375,0.01760308746095764,0.023044342018385535
n256_L32_S4,6.88,8,0.5,0.03581682983066966,0.046888097242196135
n256_L32_S4,6.88,9,0.5625,0.055299703361862476,0.07239328217918749
n256_L32_S4,6.88,10,0.625,0.07448204224145512,0.09750503480976035
n256_L32_S4,6.88,11,0.6875,0.09508726869631179,0.12447950089959542
n256_L32_S4,6.88,12,0.75,0.11543443849432164,0.15111614296431622
n256_L32_S4,6.88,13,0.8125,0.1372764790557024,0.17970973225325595
n256_L32_S4,6.88,14,0.875,0.15966341874040962,0.2090166533251175
n256_L32_S4,6.88,15,0.9375,0.18364119563445247,0.24040615206006305
n256_L32_S4,6.88,16,1.0,0.21097936343115214,0.2761947652939876
n256_L32_S4,6.92,0,0.0,0.09064523336767956,0.11866439706637366
n256_L32_S4,6.92,1,0.0625,0.07688464567891175,0.10065030210847133
n256_L32_S4,6.92,2,0.125,0.06407854639577908,0.0838857355256807
n256_L32_S4,6.92,3,0.1875,0.05026924519472689,0.06580786932080322
n256_L32_S4,6.92,4,0.25,0.03535884325809753,0.04628854337179765
n256_L32_S4,6.92,5,0.3125,0.019525709179734535,0.025561261425718906
n256_L32_S4,6.92,6,0.375,0.005204187601997702,0.006812843445461837
n256_L32_S4,6.92,7,0.4375,0.017603087428717516,0.023044341976179734
n256_L32_S4,6.92,8,0.5,0.03581682979688576,0.04688809719796937
n256_L32_S4,6.92,9,0.5625,0.0552997033274867,0.07239328213418589
n256_L32_S4,6.92,10,0.625,0.07448204220728333,0.09750503476502578
n256_L32_S4,6.92,11,0.6875,0.09508726866178924,0.12447950085440167
n256_L32_S4,6.92,12,0.75,0.11543443845962487,0.15111614291889439
n256_L32_S4,6.92,13,0.8125,0.1372764790204564,0.17970973220711514
n256_L32_S4,6.92,14,0.875,0.15966341870444387,0.20901665327803445
n256_L32_S4,6.92,15,0.9375,0.1836411955978366,0.2404061520121289
n256_L32_S4,6.92,16,1.0,0.21097936339334022,0.27619476524448777
n256_L32_S4,6.96,0,0.0,0.09064523339021364,0.1186643970958732
n256_L32_S4,6.96,1,0.0625,0.07688464570188251,0.10065030213854254
n256_L32_S4,6.96,2,0.125,0.06407854641928011,0.08388573555644609
n256_L32_S4,6.96,3,0.1875,0.05026924521849278,0.06580786935191532
n256_L32_S4,6.96,4,0.25,0.03535884328174531,0.04628854340275514
n256_L32_S4,6.96,5,0.3125,0.019525709203053396,0.025561261456245814
n256_L32_S4,6.96,6,0.375,0.005204187595980245,0.006812843437584336
n256_L32_S4,6.96,7,0.4375,0.01760308740000662,0.02304434193859407
n256_L32_S4,6.96,8,0.5,0.03581682976679204,0.046888097158573436
n256_L32_S4,6.96,9,0.5625,0.0552997032968695,0.07239328209410466
n256_L32_S4,6.96,10,0.625,0.07448204217685886,0.09750503472519687
n256_L32_S4,6.96,11,0.6875,0.09508726863105674,0.12447950081416952
n256_L32_S4,6.96,12,0.75,0.11543443842874666,0.1511161428784715
n256_L32_S4,6.96,13,0.8125,0.13727647898909512,0.17970973216605984
n256_L32_S4,6.96,14,0.875,0.15966341867244568,0.20901665323614538
n256_L32_S4,6.96,15,0.9375,0.18364119556526232,0.24040615196948567
n256_L32_S4,6.96,16,1.0,0.2109793633596996,0.27619476520044856
n256_L32_S4,7.0,0,0.0,0.0906452334102878,0.11866439712215243
n256_L32_S4,7.0,1,0.0625,0.07688464572234038,0.1006503021653241
n256_L32_S4,7.0,2,0.125,0.064078546440207,0.08388573558384164
n256_L32_S4,7.0,3,0.1875,0.05026924523965058,0.06580786937961318
n256_L32_S4,7.0,4,0.25,0.03535884330279239,0.04628854343030804
n256_L32_S4,7.0,5,0.3125,0.01952570922381843,0.02556126148342949
n256_L32_S4,7.0,6,0.375,0.005204187590573055,0.00681284343050574
n256_L32_S4,7.0,7,0.4375,0.017603087374433987,0.02304434190511673
n256_L32_S4,7.0,8,0.5,0.0358168297399799,0.04688809712347345
n256_L32_S4,7.0,9,0.5625,0.05529970326959463,0.07239328205839891
n256_L32_S4,7.0,10,0.625,0.07448204214976456,0.0975050346897275
n256_L32_S4,7.0,11,0.6875,0.09508726860369335,0.12447950077834788
n256_L32_S4,7.0,12,0.75,0.11543443840126194,0.15111614284249103
n256_L32_S4,7.0,13,0.8125,0.13727647896118444,0.17970973212952174
n256_L32_S4,7.0,14,0.875,0.1596634186439724,0.20901665319887078
n256_L32_S4,7.0,15,0.9375,0.1836411955362782,0.24040615193154233
n256_L32_S4,7.0,16,1.0,0.2109793633297633,0.2761947651612587
n256_L32_S4,7.04,0,0.0,0.09064523342817389,0.11866439714556727
n256_L32_S4,7.04,1,0.0625,0.07688464574056411,0.10065030218918093
n256_L32_S4,7.04,2,0.125,0.0640785464588449,0.08388573560824068
n256_L32_S4,7.04,3,0.1875,0.05026924525848915,0.0658078694042749
n256_L32_S4,7.04,4,0.25,0.035358843321528846,0.04628854345483609
n256_L32_S4,7.04,5,0.3125,0.019525709242313796,0.025561261507641916
n256_L32_S4,7.04,6,0.375,0.005204187585714303,0.0068128434241451095
n256_L32_S4,7.04,7,0.4375,0.017603087351652558,0.023044341875293382
n256_L32_S4,7.04,8,0.5,0.035816829716086636,0.04688809709219459
n256_L32_S4,7.04,9,0.5625,0.05529970324529057,0.07239328202658227
n256_L32_S4,7.04,10,0.625,0.0744820421256312,0.09750503465813433
n256_L32_S4,7.04,11,0.6875,0.09508726857932383,0.12447950074644555
n256_L32_S4,7.04,12,0.75,0.11543443837679249,0.15111614281045788
n256_L32_S4,7.04,13,0.8125,0.13727647893633937,0.17970973209699687
n256_L32_S4,7.04,14,0.875,0.15966341861862893,0.20901665316569343
n256_L32_S4,7.04,15,0.9375,0.18364119551048216,0.24040615189777254
n256_L32_S4,7.04,16,1.0,0.21097936330311653,0.2761947651263752
n256_L32_S4,7.08,0,0.0,0.09064523344411503,0.11866439716643594
n256_L32_S4,7.08,1,0.0625,0.07688464575680076,0.10065030221043646
n256_L32_S4,7.08,2,0.125,0.06407854647544803,0.08388573562997596
n256_L32_S4,7.08,3,0.1875,0.05026924527526766,0.06580786942623978
n256_L32_S4,7.08,4,0.25,0.03535884333821065,0.04628854347667437
n256_L32_S4,7.08,5,0.3125,0.019525709258791855,0.025561261529213473
n256_L32_S4,7.08,6,0.375,0.005204187581350312,0.006812843418432174
n256_L32_S4,7.08,7,0.4375,0.017603087331353705,0.023044341848719993
n256_L32_S4,7.08,8,0.5,0.03581682969478983,0.04688809706431477
n256_L32_S4,7.08,9,0.5625,0.05529970322363072,0.07239328199822719
n256_L32_S4,7.08,10,0.625,0.07448204210412986,0.09750503462998675
n256_L32_S4,7.08,11,0.6875,0.0950872685576169,0.12447950071802884
n256_L32_S4,7.08,12,0.75,0.11543443835500145,0.15111614278193103
n256_L32_S4,7.08,13,0.8125,0.13727647891422018,0.17970973206804045
n256_L32_S4,7.08,14,0.875,0.1596634185960682,0.209016653136159
n256_L32_S4,7.08,15,0.9375,0.18364119548751845,0.24040615186771055
n256_L32_S4,7.08,16,1.0,0.21097936327939443,0.27619476509532037
n256_L32_S4,7.12,0,0.0,0.09064523345832345,0.1186643971850363
n256_L32_S4,7.12,1,0.0625,0.07688464577127128,0.10065030222937993
n256_L32_S4,7.12,2,0.125,0.06407854649024156,0.08388573564934229
n256_L32_S4,7.12,3,0.1875,0.050269245290213746,0.06580786944580581
n256_L32_S4,7.12,4,0.25,0.035358843353068097,0.04628854349612437
n256_L32_S4,7.12,5,0.3125,0.019525709273474613,0.025561261548434792
n256_L32_S4,7.12,6,0.375,0.005204187577430191,0.006812843413300313
n256_L32_S4,7.12,7,0.4375,0.017603087313264328,0.023044341825039043
n256_L32_S4,7.12,8,0.5,0.03581682967580357,0.0468880970394597
n256_L32_S4,7.12,9,0.5625,0.055299703204324105,0.07239328197295275
n256_L32_S4,7.12,10,0.625,0.0744820420849709,0.09750503460490562
n256_L32_S4,7.12,11,0.6875,0.09508726853827676,0.1244795006927105
n256_L32_S4,7.12,12,0.75,0.1154344383355942,0.15111614275652488
n256_L32_S4,7.12,13,0.8125,0.1372764788945212,0.17970973204225235
n256_L32_S4,7.12,14,0.875,0.1596634185759786,0.20901665310985953
n256_L32_S4,7.12,15,0.9375,0.1836411954670726,0.24040615184094474
n256_L32_S4,7.12,16,1.0,0.21097936325827094,0.2761947650676675
n256_L32_S4,7.16,0,0.0,0.09064523347099195,0.11866439720162072
n256_L32_S4,7.16,1,0.0625,0.07688464578416847,0.10065030224626373
n256_L32_S4,7.16,2,0.125,0.06407854650342541,0.08388573566660137
n256_L32_S4,7.16,3,0.1875,0.050269245303530184,0.06580786946323848
n256_L32_S4,7.16,4,0.25,0.035358843366302344,0.04628854351344943
n256_L32_S4,7.16,5,0.3125,0.019525709286562054,0.025561261565567664
n256_L32_S4,7.16,6,0.375,0.005204187573910367,0.0068128434086924825
n256_L32_S4,7.16,7,0.4375,0.01760308729713997,0.02304434180393052
n256_L32_S4,7.16,8,0.5,0.03581682965887437,0.046888097017297556
n256_L32_S4,7.16,9,0.5625,0.055299703187110166,0.07239328195041785
n256_L32_S4,7.16,10,0.625,0.07448204206789447,0.09750503458255072
n256_L32_S4,7.16,11,0.6875,0.09508726852104278,0.12447950067014936
n256_L32_S4,7.16,12,0.75,0.11543443831830423,0.15111614273389043
n256_L32_S4,7.16,13,0.8125,0.1372764788769753,0.1797097320192829
n256_L32_S4,7.16,14,0.875,0.1596634185580879,0.20901665308643871
n256_L32_S4,7.16,15,0.9375,0.18364119544886423,0.240406151817108
n256_L32_S4,7.16,16,1.0,0.2109793632394576,0.27619476504303875
n256_L32_S4,7.2,0,0.0,0.09064523348228971,0.11866439721641073
n256_L32_S4,7.2,1,0.0625,0.07688464579566684,0.10065030226131634
n256_L32_S4,7.2,2,0.125,0.06407854651517692,0.08388573568198536
n256_L32_S4,7.2,3,0.1875,0.05026924531539767,0.06580786947877429
n256_L32_S4,7.2,4,0.25,0.03535884337809307,0.046288543528884764
n256_L32_S4,7.2,5,0.3125,0.019525709298229593,0.02556126158084173
n256_L32_S4,7.2,6,0.375,0.005204187570749559,0.006812843404554643
n256_L32_S4,7.2,7,0.4375,0.017603087282764756,0.023044341785111812
n256_L32_S4,7.2,8,0.5,0.03581682964377693,0.04688809699753337
n256_L32_S4,7.2,9,0.5625,0.05529970317175974,0.07239328193032248
n256_L32_S4,7.2,10,0.625,0.07448204205267117,0.09750503456262177
n256_L32_S4,7.2,11,0.6875,0.0950872685056821,0.12447950065004057
n256_L32_S4,7.2,12,0.75,0.11543443830289878,0.15111614271372303
n256_L32_S4,7.2,13,0.8125,0.13727647886134503,0.17970973199882118
n256_L32_S4,7.2,14,0.875,0.15966341854215052,0.20901665306557493
n256_L32_S4,7.2,15,0.9375,0.18364119543264507,0.24040615179587535
n256_L32_S4,7.2,16,1.0,0.21097936322269806,0.27619476502109874
n256_L32_S4,7.24,0,0.0,0.09064523349236557,0.1186643972296011
n256_L32_S4,7.24,1,0.0625,0.0768846458059198,0.10065030227473859
n256_L32_S4,7.24,2,0.125,0.06407854652565378,0.08388573569570072
n256_L32_S4,7.24,3,0.1875,0.05026924532597544,0.06580786949262174
n256_L32_S4,7.24,4,0.25,0.0353588433886005,0.04628854354264012
n256_L32_S4,7.24,5,0.3125,0.019525709308633492,0.025561261594461558
n256_L32_S4,7.24,6,0.375,0.0052041875679121824,0.006812843400840212
n256_L32_S4,7.24,7,0.4375,0.017603087269946777,0.023044341768331693
n256_L32_S4,7.24,8,0.5,0.03581682963030925,0.04688809697990273
n256_L32_S4,7.24,9,0.5625,0.0552997031580689,0.07239328191239969
n256_L32_S4,7.24,10,0.625,0.07448204203909867,0.0975050345448539
n256_L32_S4,7.24,11,0.6875,0.0950872684919881,0.12447950063211366
n256_L32_S4,7.24,12,0.75,0.11543443828916902,0.1511161426957493
n256_L32_S4,7.24,13,0.8125,0.13727647884741617,0.1797097319805868
n256_L32_S4,7.24,14,0.875,0.15966341852795057,0.20901665304698566
n256_L32_S4,7.24,15,0.9375,0.18364119541819526,0.240406151776959
n256_L32_S4,7.24,16,1.0,0.21097936320776517,0.27619476500155
n256_L32_S4,7.28,0,0.0,0.09064523350135484,0.11866439724136903
n256_L32_S4,7.28,1,0.0625,0.0768846458150647,0.10065030228671024
n256_L32_S4,7.28,2,0.125,0.06407854653499677,0.08388573570793169
n256_L32_S4,7.28,3,0.1875,0.0502692453354056,0.06580786950496684
n256_L32_S4,7.28,4,0.25,0.03535884339796608,0.046288543554900675
n256_L32_S4,7.28,5,0.3125,0.019525709317912875,0.025561261606609275
n256_L32_S4,7.28,6,0.375,0.005204187565364519,0.006812843397505045
n256_L32_S4,7.28,7,0.4375,0.017603087258515344,0.023044341753366712
n256_L32_S4,7.28,8,0.5,0.035816829618294195,0.046888096964173724
n256_L32_S4,7.28,9,0.5625,0.05529970314585584,0.07239328189641148
n256_L32_S4,7.28,10,0.625,0.07448204202699421,0.09750503452900787
n256_L32_S4,7.28,11,0.6875,0.09508726847977671,0.12447950061612761
n256_L32_S4,7.28,12,0.75,0.11543443827693005,0.15111614267972714
n256_L32_S4,7.28,13,0.8125,0.13727647883500274,0.1797097319643363
n256_L32_S4,7.28,14,0.875,0.1596634185152966,0.20901665303042027
n256_L32_S4,7.28,15,0.9375,0.18364119540531898,0.24040615176010258
n256_L32_S4,7.28,16,1.0,0.21097936319445712,0.2761947649841283
n256_L32_S4,7.32,0,0.0,0.09064523350937555,0.118664397251869
n256_L32_S4,7.32,1,0.0625,0.07688464582322199,0.10065030229738901
n256_L32_S4,7.32,2,0.125,0.06407854654332894,0.0838857357188394
n256_L32_S4,7.32,3,0.1875,0.05026924534381471,0.06580786951597527
n256_L32_S4,7.32,4,0.25,0.035358843406315746,0.04628854356583129
n256_L32_S4,7.32,5,0.3125,0.01952570932619106,0.02556126161744631
n256_L32_S4,7.32,6,0.375,0.00520418756307884,0.006812843394512845
n256_L32_S4,7.32,7,0.4375,0.017603087248319636,0.02304434174001943
n256_L32_S4,7.32,8,0.5,0.03581682960757212,0.04688809695013737
n256_L32_S4,7.32,9,0.5625,0.05529970313495786,0.07239328188214485
n256_L32_S4,7.32,10,0.625,0.07448204201619714,0.09750503451487333
n256_L32_S4,7.32,11,0.6875,0.09508726846888761,0.12447950060187261
n256_L32_S4,7.32,12,0.75,0.11543443826601839,0.1511161426654426
n256_L32_S4,7.32,13,0.8125,0.137276478823936,0.17970973194984874
n256_L32_S4,7.32,14,0.875,0.15966341850401727,0.2090166530156544
n256_L32_S4,7.32,15,0.9375,0.1836411953938418,0.2404061517450777
n256_L32_S4,7.32,16,1.0,0.21097936318259414,0.27619476496859835
n256_L32_S4,7.36,0,0.0,0.09064523351653427,0.11866439726124053
n256_L32_S4,7.36,1,0.0625,0.07688464583050013,0.10065030230691688
n256_L32_S4,7.36,2,0.125,0.06407854655076252,0.08388573572857076
n256_L32_S4,7.36,3,0.1875,0.05026924535131446,0.06580786952579325
n256_L32_S4,7.36,4,0.25,0.03535884341376034,0.04628854357557707
n256_L32_S4,7.36,5,0.3125,0.01952570933357731,0.025561261627115712
n256_L32_S4,7.36,6,0.375,0.005204187561027701,0.006812843391827682
n256_L32_S4,7.36,7,0.4375,0.017603087239222836,0.023044341728110738
n256_L32_S4,7.36,8,0.5,0.03581682959800243,0.04688809693760961
n256_L32_S4,7.36,9,0.5625,0.05529970312523225,0.07239328186941296
n256_L32_S4,7.36,10,0.625,0.07448204200656436,0.09750503450226299
n256_L32_S4,7.36,11,0.6875,0.09508726845917334,0.12447950058915559
n256_L32_S4,7.36,12,0.75,0.11543443825628746,0.1511161426527038
n256_L32_S4,7.36,13,0.8125,0.1372764788140697,0.17970973193693268
n256_L32_S4,7.36,14,0.875,0.15966341849396157,0.2090166530024904
n256_L32_S4,7.36,15,0.9375,0.18364119538361048,0.2404061517316838
n256_L32_S4,7.36,16,1.0,0.21097936317201804,0.2761947649547531
n256_L32_S4,7.4,0,0.0,0.09064523352292395,0.11866439726960532
n256_L32_S4,7.4,1,0.0625,0.07688464583699489,0.10065030231541923
n256_L32_S4,7.4,2,0.125,0.06407854655739428,0.08388573573725246
n256_L32_S4,7.4,3,0.1875,0.05026924535800479,0.06580786953455162
n256_L32_S4,7.4,4,0.25,0.035358843420400125,0.046288543584269266
n256_L32_S4,7.4,5,0.3125,0.01952570934016976,0.025561261635745937
n256_L32_S4,7.4,6,0.375,0.0052041875591866986,0.006812843389417611
n256_L32_S4,7.4,7,0.4375,0.017603087231105596,0.023044341717484394
n256_L32_S4,7.4,8,0.5,0.0358168295894605,0.04688809692642731
n256_L32_S4,7.4,9,0.5625,0.05529970311655157,0.07239328185804902
n256_L32_S4,7.4,10,0.625,0.07448204199796925,0.09750503449101106
n256_L32_S4,7.4,11,0.6875,0.0950872684505067,0.12447950057781003
n256_L32_S4,7.4,12,0.75,0.11543443824760881,0.1511161426413425
n256_L32_S4,7.4,13,0.8125,0.13727647880527039,0.17970973192541342
n256_L32_S4,7.4,14,0.875,0.15966341848499607,0.2090166529907536
n256_L32_S4,7.4,15,0.9375,0.18364119537448773,0.2404061517197411
n256_L32_S4,7.4,16,1.0,0.21097936316258778,0.27619476494240786
n256_L32_S4,7.44,0,0.0,0.09064523352862863,0.11866439727707337
n256_L32_S4,7.44,1,0.0625,0.07688464584279289,0.10065030232300944
n256_L32_S4,7.44,2,0.125,0.06407854656331291,0.08388573574500058
n256_L32_S4,7.44,3,0.1875,0.0502692453639737,0.06580786954236556
n256_L32_S4,7.44,4,0.25,0.03535884342632302,0.046288543592022974
n256_L32_S4,7.44,5,0.3125,0.019525709346054163,0.025561261643449257
n256_L32_S4,7.44,6,0.375,0.005204187557534731,0.006812843387255007
n256_L32_S4,7.44,7,0.4375,0.017603087223861724,0.023044341708001383
n256_L32_S4,7.44,8,0.5,0.03581682958183354,0.046888096916442794
n256_L32_S4,7.44,9,0.5625,0.055299703108801314,0.0723932818479031
n256_L32_S4,7.44,10,0.625,0.07448204199029776,0.09750503448096824
n256_L32_S4,7.44,11,0.6875,0.09508726844277263,0.12447950056768528
n256_L32_S4,7.44,12,0.75,0.1154344382398657,0.15111614263120593
n256_L32_S4,7.44,13,0.8125,0.1372764787974223,0.17970973191513942
n256_L32_S4,7.44,14,0.875,0.15966341847699866,0.20901665298028413
n256_L32_S4,7.44,15,0.9375,0.1836411953663517,0.2404061517090902
n256_L32_S4,7.44,16,1.0,0.2109793631541753,0.276194764931395
n256_L32_S4,7.48,0,0.0,0.09064523353372281,0.1186643972837422
n256_L32_S4,7.48,1,0.0625,0.07688464584796854,0.10065030232978492
n256_L32_S4,7.48,2,0.125,0.0640785465685959,0.08388573575191659
n256_L32_S4,7.48,3,0.1875,0.05026924536930047,0.06580786954933888
n256_L32_S4,7.48,4,0.25,0.03535884343160794,0.0462885435989415
n256_L32_S4,7.48,5,0.3125,0.01952570935130899,0.025561261650328394
n256_L32_S4,7.48,6,0.375,0.005204187556052894,0.0068128433853151225
n256_L32_S4,7.48,7,0.4375,0.017603087217395112,0.02304434169953589
n256_L32_S4,7.48,8,0.5,0.035816829575022566,0.04688809690752649
n256_L32_S4,7.48,9,0.5625,0.055299703101882,0.07239328183884497
n256_L32_S4,7.48,10,0.625,0.07448204198344971,0.09750503447200341
n256_L32_S4,7.48,11,0.6875,0.09508726843586979,0.12447950055864872
n256_L32_S4,7.48,12,0.75,0.11543443823295699,0.15111614262216166
n256_L32_S4,7.48,13,0.8125,0.13727647879042004,0.17970973190597272
n256_L32_S4,7.48,14,0.875,0.1596634184698656,0.20901665297094615
n256_L32_S4,7.48,15,0.9375,0.18364119535909434,0.24040615169958954
n256_L32_S4,7.48,16,1.0,0.21097936314667182,0.2761947649215722
n256_L32_S4,7.5200000000000005,0,0.0,0.09064523353827235,0.11866439728969803
n256_L32_S4,7.5200000000000005,1,0.0625,0.07688464585258943,0.10065030233583416
n256_L32_S4,7.5200000000000005,2,0.125,0.06407854657331254,0.08388573575809116
n256_L32_S4,7.5200000000000005,3,0.1875,0.05026924537405501,0.06580786955556309
n256_L32_S4,7.5200000000000005,4,0.25,0.03535884343632322,0.04628854360511432
n256_L32_S4,7.5200000000000005,5,0.3125,0.019525709356000738,0.025561261656470397
n256_L32_S4,7.5200000000000005,6,0.375,0.0052041875547236055,0.006812843383574941
n256_L32_S4,7.5200000000000005,7,0.4375,0.017603087211622792,0.0230443416919793
n256_L32_S4,7.5200000000000005,8,0.5,0.0358168295689396,0.04688809689956323
n256_L32_S4,7.5200000000000005,9,0.5625,0.055299703095701605,0.07239328183075416
n256_L32_S4,7.5200000000000005,10,0.625,0.07448204197733621,0.09750503446400018
n256_L32_S4,7.5200000000000005,11,0.6875,0.09508726842970744,0.12447950055058155
n256_L32_S4,7.5200000000000005,12,0.75,0.11543443822679184,0.15111614261409081
n256_L32_S4,7.5200000000000005,13,0.8125,0.13727647878417218,0.17970973189779357
n256_L32_S4,7.5200000000000005,14,0.875,0.15966341846350146,0.20901665296261482
n256_L32_S4,7.5200000000000005,15,0.9375,0.18364119535261986,0.24040615169111373
n256_L32_S4,7.5200000000000005,16,1.0,0.210979363139976,0.27619476491280665
n256_L32_S4,7.5600000000000005,0,0.0,0.09064523354233647,0.11866439729501842
n256_L32_S4,7.5600000000000005,1,0.0625,0.07688464585671632,0.10065030234123672
n256_L32_S4,7.5600000000000005,2,0.125,0.06407854657752374,0.08388573576360409
n256_L32_S4,7.5600000000000005,3,0.1875,0.05026924537829946,0.06580786956111953
n256_L32_S4,7.5600000000000005,4,0.25,0.03535884344053292,0.04628854361062527
n256_L32_S4,7.5600000000000005,5,0.3125,0.01952570936019194,0.025561261661957137
n256_L32_S4,7.5600000000000005,6,0.375,0.005204187553531517,0.006812843382014369
n256_L32_S4,7.5600000000000005,7,0.4375,0.017603087206467423,0.023044341685230365
n256_L32_S4,7.5600000000000005,8,0.5,0.035816829563505626,0.04688809689244957
n256_L32_S4,7.5600000000000005,9,0.5625,0.055299703090180556,0.07239328182352651
n256_L32_S4,7.5600000000000005,10,0.625,0.074482041971876,0.09750503445685217
n256_L32_S4,7.5600000000000005,11,0.6875,0.09508726842420574,0.12447950054337922
n256_L32_S4,7.5600000000000005,12,0.75,0.11543443822128789,0.15111614260688555
n256_L32_S4,7.5600000000000005,13,0.8125,0.13727647877859625,0.17970973189049408
n256_L32_S4,7.5600000000000005,14,0.875,0.1596634184578224,0.20901665295518032
n256_L32_S4,7.5600000000000005,15,0.9375,0.18364119534684192,0.24040615168354978
n256_L32_S4,7.5600000000000005,16,1.0,0.21097936313400123,0.276194764904985
n256_L32_S4,7.6000000000000005,0,0.0,0.09064523354596815,0.11866439729977267
n256_L32_S4,7.6000000000000005,1,0.0625,0.07688464586040315,0.10065030234606318
n256_L32_S4,7.6000000000000005,2,0.125,0.06407854658128481,0.08388573576852773
n256_L32_S4,7.6000000000000005,3,0.1875,0.05026924538208907,0.06580786956608053
n256_L32_S4,7.6000000000000005,4,0.25,0.035358843444290994,0.04628854361554499
n256_L32_S4,7.6000000000000005,5,0.3125,0.0195257093639366,0.025561261666859295
n256_L32_S4,7.6000000000000005,6,0.375,0.005204187552462625,0.006812843380615073
n256_L32_S4,7.6000000000000005,7,0.4375,0.017603087201865417,0.023044341679205844
n256_L32_S4,7.6000000000000005,8,0.5,0.03581682955865044,0.04688809688609361
n256_L32_S4,7.6000000000000005,9,0.5625,0.05529970308524836,0.07239328181706974
n256_L32_S4,7.6000000000000005,10,0.625,0.07448204196699902,0.09750503445046768
n256_L32_S4,7.6000000000000005,11,0.6875,0.0950872684192918,0.12447950053694634
n256_L32_S4,7.6000000000000005,12,0.75,0.11543443821637496,0.151116142600454
n256_L32_S4,7.6000000000000005,13,0.8125,0.13727647877361904,0.17970973188397837
n256_L32_S4,7.6000000000000005,14,0.875,0.1596634184527532,0.20901665294854418
n256_L32_S4,7.6000000000000005,15,0.9375,0.18364119534168497,0.24040615167679877
n256_L32_S4,7.6000000000000005,16,1.0,0.21097936312866755,0.27619476489800265
n256_L32_S4,7.640000000000001,0,0.0,0.09064523354921288,0.11866439730402037
n256_L32_S4,7.640000000000001,1,0.0625,0.07688464586369645,0.10065030235037445
n256_L32_S4,7.640000000000001,2,0.125,0.06407854658464396,0.08388573577292523
n256_L32_S4,7.640000000000001,3,0.1875,0.050269245385474004,0.06580786957051178
n256_L32_S4,7.640000000000001,4,0.25,0.035358843447646116,0.04628854361993721
n256_L32_S4,7.640000000000001,5,0.3125,0.019525709367282696,0.0255612616712397
n256_L32_S4,7.640000000000001,6,0.375,0.005204187551504473,0.006812843379360748
n256_L32_S4,7.640000000000001,7,0.4375,0.017603087197753272,0.0230443416738226
n256_L32_S4,7.640000000000001,8,0.5,0.03581682955431224,0.04688809688041444
n256_L32_S4,7.640000000000001,9,0.5625,0.05529970308084126,0.07239328181130038
n256_L32_S4,7.640000000000001,10,0.625,0.07448204196264313,0.09750503444476535
n256_L32_S4,7.640000000000001,11,0.6875,0.09508726841490324,0.12447950053120124
n256_L32_S4,7.640000000000001,12,0.75,0.11543443821198761,0.15111614259471048
n256_L32_S4,7.640000000000001,13,0.8125,0.13727647876917545,0.17970973187816125
n256_L32_S4,7.640000000000001,14,0.875,0.15966341844822762,0.20901665294261973
n256_L32_S4,7.640000000000001,15,0.9375,0.1836411953370818,0.2404061516707727
n256_L32_S4,7.640000000000001,16,1.0,0.2109793631239059,0.2761947648917691
n256_L32_S4,7.68,0,0.0,0.09064523355211317,0.11866439730781717
n256_L32_S4,7.68,1,0.0625,0.07688464586663916,0.10065030235422678
n256_L32_S4,7.68,2,0.125,0.06407854658764543,0.08388573577685447
n256_L32_S4,7.68,3,0.1875,0.05026924538849737,0.0658078695744697
n256_L32_S4,7.68,4,0.25,0.03535884345064282,0.04628854362386022
n256_L32_S4,7.68,5,0.3125,0.019525709370273245,0.02556126167515465
n256_L32_S4,7.68,6,0.375,0.005204187550644857,0.0068128433782354185
n256_L32_S4,7.68,7,0.4375,0.017603087194080377,0.023044341669014385
n256_L32_S4,7.68,8,0.5,0.035816829550434186,0.04688809687533765
n256_L32_S4,7.68,9,0.5625,0.055299703076902615,0.07239328180614425
n256_L32_S4,7.68,10,0.625,0.07448204195875022,0.09750503443966911
n256_L32_S4,7.68,11,0.6875,0.09508726841098271,0.12447950052606885
n256_L32_S4,7.68,12,0.75,0.11543443820806891,0.15111614258958048
n256_L32_S4,7.68,13,0.8125,0.13727647876520704,0.17970973187296618
n256_L32_S4,7.68,14,0.875,0.15966341844418724,0.20901665293733043
n256_L32_S4,7.68,15,0.9375,0.18364119533297132,0.24040615166539167
n256_L32_S4,7.68,16,1.0,0.2109793631196537,0.27619476488620254
n256_L32_S4,7.72,0,0.0,0.09064523355470629,0.11866439731121184
n256_L32_S4,7.72,1,0.0625,0.07688464586926952,0.1006503023576702
n256_L32_S4,7.72,2,0.125,0.06407854659032756,0.08388573578036568
n256_L32_S4,7.72,3,0.1875,0.050269245391198314,0.06580786957800552
n256_L32_S4,7.72,4,0.25,0.03535884345331928,0.046288543627363996
n256_L32_S4,7.72,5,0.3125,0.019525709372947044,0.025561261678654943
n256_L32_S4,7.72,6,0.375,0.00520418754987453,0.006812843377226978
n256_L32_S4,7.72,7,0.4375,0.01760308719079935,0.023044341664719165
n256_L32_S4,7.72,8,0.5,0.03581682954696753,0.046888096870799416
n256_L32_S4,7.72,9,0.5625,0.055299703073381536,0.07239328180153479
n256_L32_S4,7.72,10,0.625,0.07448204195527186,0.09750503443511556
n256_L32_S4,7.72,11,0.6875,0.09508726840747897,0.12447950052148207
n256_L32_S4,7.72,12,0.75,0.11543443820456908,0.15111614258499884
n256_L32_S4,7.72,13,0.8125,0.13727647876166266,0.1797097318683262
n256_L32_S4,7.72,14,0.875,0.15966341844057869,0.20901665293260643
n256_L32_S4,7.72,15,0.9375,0.1836411953293011,0.24040615166058693
n256_L32_S4,7.72,16,1.0,0.21097936311585644,0.2761947648812315
n256_L32_S4,7.76,0,0.0,0.09064523355702381,0.11866439731424572
n256_L32_S4,7.76,1,0.0625,0.0768846458716207,0.10065030236074814
n256_L32_S4,7.76,2,0.125,0.06407854659272404,0.08388573578350292
n256_L32_S4,7.76,3,0.1875,0.050269245393611724,0.06580786958116494
n256_L32_S4,7.76,4,0.25,0.03535884345570993,0.04628854363049361
n256_L32_S4,7.76,5,0.3125,0.019525709375337232,0.025561261681783957
n256_L32_S4,7.76,6,0.375,0.005204187549183416,0.006812843376322234
n256_L32_S4,7.76,7,0.4375,0.017603087187866653,0.023044341660879947
n256_L32_S4,7.76,8,0.5,0.035816829543869014,0.046888096866743126
n256_L32_S4,7.76,9,0.5625,0.055299703070234574,0.07239328179741507
n256_L32_S4,7.76,10,0.625,0.0744820419521634,0.09750503443104626
n256_L32_S4,7.76,11,0.6875,0.09508726840434821,0.12447950051738357
n256_L32_S4,7.76,12,0.75,0.11543443820144159,0.1511161425809046
n256_L32_S4,7.76,13,0.8125,0.13727647875849672,0.17970973186418163
n256_L32_S4,7.76,14,0.875,0.1596634184373555,0.20901665292838692
n256_L32_S4,7.76,15,0.9375,0.18364119532602258,0.240406151656295
n256_L32_S4,7.76,16,1.0,0.21097936311246426,0.2761947648767908
n256_L32_S4,7.8,0,0.0,0.0906452335590968,0.11866439731695949
n256_L32_S4,7.8,1,0.0625,0.07688464587372264,0.10065030236349981
n256_L32_S4,7.8,2,0.125,0.06407854659486711,0.08388573578630844
n256_L32_S4,7.8,3,0.1875,0.050269245395768346,0.06580786958398818
n256_L32_S4,7.8,4,0.25,0.03535884345784675,0.046288543633290935
n256_L32_S4,7.8,5,0.3125,0.01952570937747494,0.025561261684582445
n256_L32_S4,7.8,6,0.375,0.005204187548564507,0.006812843375512015
n256_L32_S4,7.8,7,0.4375,0.017603087185245978,0.023044341657449202
n256_L32_S4,7.8,8,0.5,0.03581682954109753,0.04688809686311495
n256_L32_S4,7.8,9,0.5625,0.05529970306741987,0.07239328179373032
n256_L32_S4,7.8,10,0.625,0.07448204194938444,0.09750503442740831
n256_L32_S4,7.8,11,0.6875,0.09508726840154973,0.12447950051372006
n256_L32_S4,7.8,12,0.75,0.11543443819864721,0.15111614257724645
n256_L32_S4,7.8,13,0.8125,0.13727647875566773,0.17970973186047817
n256_L32_S4,7.8,14,0.875,0.15966341843447618,0.2090166529246176
n256_L32_S4,7.8,15,0.9375,0.18364119532309392,0.24040615165246107
n256_L32_S4,7.8,16,1.0,0.21097936310943444,0.2761947648728244
n256_L32_S4,7.84,0,0.0,0.0906452335609512,0.11866439731938709
n256_L32_S4,7.84,1,0.0625,0.07688464587560195,0.10065030236596004
n256_L32_S4,7.84,2,0.125,0.06407854659678201,0.08388573578881525
n256_L32_S4,7.84,3,0.1875,0.05026924539769633,0.06580786958651212
n256_L32_S4,7.84,4,0.25,0.035358843459757,0.046288543635791664
n256_L32_S4,7.84,5,0.3125,0.019525709379387007,0.02556126168708555
n256_L32_S4,7.84,6,0.375,0.005204187548009954,0.006812843374786046
n256_L32_S4,7.84,7,0.4375,0.017603087182902953,0.02304434165438193
n256_L32_S4,7.84,8,0.5,0.03581682953861918,0.046888096859870526
n256_L32_S4,7.84,9,0.5625,0.055299703064903005,0.07239328179043547
n256_L32_S4,7.84,10,0.625,0.07448204194689975,0.09750503442415558
n256_L32_S4,7.84,11,0.6875,0.09508726839904809,0.12447950051044514
n256_L32_S4,7.84,12,0.75,0.11543443819614962,0.15111614257397685
n256_L32_S4,7.84,13,0.8125,0.13727647875313978,0.17970973185716882
n256_L32_S4,7.84,14,0.875,0.15966341843190363,0.20901665292124985
n256_L32_S4,7.84,15,0.9375,0.18364119532047732,0.24040615164903567
n256_L32_S4,7.84,16,1.0,0.21097936310672652,0.27619476486927946
n256_L32_S4,7.88,0,0.0,0.09064523356260956,0.11866439732155808
n256_L32_S4,7.88,1,0.0625,0.07688464587728268,0.10065030236816029
n256_L32_S4,7.88,2,0.125,0.06407854659849493,0.08388573579105764
n256_L32_S4,7.88,3,0.1875,0.05026924539941966,0.06580786958876815
n256_L32_S4,7.88,4,0.25,0.035358843461463695,0.04628854363802591
n256_L32_S4,7.88,5,0.3125,0.01952570938109788,0.02556126168932527
n256_L32_S4,7.88,6,0.375,0.005204187547512364,0.006812843374134648
n256_L32_S4,7.88,7,0.4375,0.01760308718080825,0.023044341651639738
n256_L32_S4,7.88,8,0.5,0.03581682953640219,0.046888096856968244
n256_L32_S4,7.88,9,0.5625,0.05529970306265207,0.07239328178748876
n256_L32_S4,7.88,10,0.625,0.0744820419446772,0.097505034421246
n256_L32_S4,7.88,11,0.6875,0.09508726839681121,0.12447950050751683
n256_L32_S4,7.88,12,0.75,0.11543443819391674,0.15111614257105377
n256_L32_S4,7.88,13,0.8125,0.13727647875088053,0.1797097318542112
n256_L32_S4,7.88,14,0.875,0.15966341842960438,0.2090166529182399
n256_L32_S4,7.88,15,0.9375,0.1836411953181385,0.2404061516459739
n256_L32_S4,7.88,16,1.0,0.21097936310430565,0.2761947648661103
n256_L32_S4,7.92,0,0.0,0.0906452335640931,0.11866439732350019
n256_L32_S4,7.92,1,0.0625,0.07688464587878618,0.10065030237012854
n256_L32_S4,7.92,2,0.125,0.06407854660002688,0.08388573579306312
n256_L32_S4,7.92,3,0.1875,0.050269245400961136,0.0658078695907861
n256_L32_S4,7.92,4,0.25,0.035358843462989925,0.04628854364002391
n256_L32_S4,7.92,5,0.3125,0.019525709382627994,0.02556126169132835
n256_L32_S4,7.92,6,0.375,0.005204187547066755,0.006812843373551296
n256_L32_S4,7.92,7,0.4375,0.0176030871789356,0.023044341649188234
n256_L32_S4,7.92,8,0.5,0.0358168295344188,0.04688809685437178
n256_L32_S4,7.92,9,0.5625,0.05529970306063788,0.07239328178485196
n256_L32_S4,7.92,10,0.625,0.07448204194268963,0.09750503441864407
n256_L32_S4,7.92,11,0.6875,0.09508726839481021,0.12447950050489731
n256_L32_S4,7.92,12,0.75,0.11543443819192105,0.1511161425684412
n256_L32_S4,7.92,13,0.8125,0.1372764787488608,0.17970973185156716
n256_L32_S4,7.92,14,0.875,0.1596634184275495,0.20901665291554983
n256_L32_S4,7.92,15,0.9375,0.18364119531604836,0.2404061516432377
n256_L32_S4,7.92,16,1.0,0.2109793631021426,0.2761947648632786
n256_L32_S4,7.96,0,0.0,0.09064523356542119,0.1186643973252388
n256_L32_S4,7.96,1,0.0625,0.07688464588013122,0.10065030237188934
n256_L32_S4,7.96,2,0.125,0.064078546601397,0.08388573579485677
n256_L32_S4,7.96,3,0.1875,0.050269245402338965,0.06580786959258983
n256_L32_S4,7.96,4,0.25,0.035358843464354445,0.04628854364181022
n256_L32_S4,7.96,5,0.3125,0.019525709383998092,0.025561261693121957
n256_L32_S4,7.96,6,0.375,0.005204187546667416,0.0068128433730285185
n256_L32_S4,7.96,7,0.4375,0.017603087177260196,0.02304434164699495
n256_L32_S4,7.96,8,0.5,0.03581682953264397,0.04688809685204834
n256_L32_S4,7.96,9,0.5625,0.055299703058835366,0.07239328178249228
n256_L32_S4,7.96,10,0.625,0.07448204194091206,0.09750503441631703
n256_L32_S4,7.96,11,0.6875,0.09508726839302135,0.12447950050255549
n256_L32_S4,7.96,12,0.75,0.11543443819013617,0.1511161425661046
n256_L32_S4,7.96,13,0.8125,0.13727647874705526,0.17970973184920352
n256_L32_S4,7.96,14,0.875,0.15966341842571238,0.20901665291314483
n256_L32_S4,7.96,15,0.9375,0.1836411953141798,0.24040615164079154
n256_L32_S4,7.96,16,1.0,0.21097936310020812,0.2761947648607462
n256_L32_S4,8.0,0,0.0,0.09064523356660949,0.11866439732679442
n256_L32_S4,8.0,1,0.0625,0.07688464588133459,0.10065030237346469
n256_L32_S4,8.0,2,0.125,0.06407854660262213,0.0838857357964606
n256_L32_S4,8.0,3,0.1875,0.050269245403572055,0.06580786959420408
n256_L32_S4,8.0,4,0.25,0.03535884346557487,0.046288543643407884
n256_L32_S4,8.0,5,0.3125,0.019525709385224407,0.025561261694727336
n256_L32_S4,8.0,6,0.375,0.005204187546309769,0.00681284337256032
n256_L32_S4,8.0,7,0.4375,0.01760308717576167,0.023044341645033217
n256_L32_S4,8.0,8,0.5,0.035816829531055513,0.04688809684996887
n256_L32_S4,8.0,9,0.5625,0.055299703057222885,0.07239328178038136
n256_L32_S4,8.0,10,0.625,0.07448204193932147,0.09750503441423478
n256_L32_S4,8.0,11,0.6875,0.09508726839142075,0.12447950050046012
n256_L32_S4,8.0,12,0.75,0.11543443818853964,0.15111614256401457
n256_L32_S4,8.0,13,0.8125,0.13727647874543983,0.17970973184708874
n256_L32_S4,8.0,14,0.875,0.1596634184240694,0.209016652910994
n256_L32_S4,8.0,15,0.9375,0.18364119531250875,0.24040615163860396
n256_L32_S4,8.0,16,1.0,0.2109793630984791,0.2761947648584827
