source,case_id,time,loss,output_increment_l2,max_depth_gram_increment_fro
PDE,C0,0.0,0.5325000000000001,0.0,0.0
PDE,C0,0.04,0.4184433291747256,0.11717327685830448,0.011360404813534307
PDE,C0,0.08,0.32697227702655474,0.22331998878682593,0.04095817139153895
PDE,C0,0.12,0.2530014151758767,0.32064961281939075,0.08355833781653414
PDE,C0,0.16,0.19327047315005128,0.41026419982564305,0.13512119862930372
PDE,C0,0.2,0.14546038469103395,0.49261765593136997,0.19227619415126807
PDE,C0,0.24,0.10772707196479835,0.5678179895927921,0.25211354740241715
PDE,C0,0.28,0.07846700445547057,0.6358393988987925,0.3121380203838289
PDE,C0,0.32,0.056219558195118265,0.6966689476121722,0.37029324670348296
PDE,C0,0.36,0.03964680593125956,0.7503971579200445,0.4249973499556436
PDE,C0,0.4,0.02754884843380642,0.7972593860295925,0.4751546259589334
PDE,C0,0.44,0.018886120995237135,0.837637550083088,0.5201293463904981
PDE,C0,0.48,0.01279259163175692,0.8720346810306708,0.5596845583808936
PDE,C0,0.52,0.008574342238630208,0.9010353862759083,0.5938986499998006
PDE,C0,0.56,0.005695113621319121,0.9252633644489803,0.6230751333476205
PDE,C0,0.6,0.0037536563901954933,0.9453436215783906,0.647658546989707
PDE,C0,0.64,0.0024580588517167,0.9618733400911789,0.6681644637775231
PDE,C0,0.68,0.001600987415517372,0.9754023770196089,0.6851266835647961
PDE,C0,0.72,0.001038125636470951,0.9864224716968738,0.6990610732815199
PDE,C0,0.76,0.000670696367038706,0.9953633432346602,0.7104434824043407
PDE,C0,0.8,0.00043202429781654647,1.002593668497234,0.7196984295194347
PDE,C0,0.84,0.000277612817478975,1.0084251457000792,0.7271953590679923
PDE,C0,0.88,0.00017804112434401144,1.013118230303404,0.7332497853162743
PDE,C0,0.92,0.00011400259759707358,1.0168885311278846,0.738127281861909
PDE,C0,0.96,7.290486511734748e-05,1.019913202039697,0.7420488765832479
PDE,C0,1.0,4.6575135952417496e-05,1.0223369331759842,0.745196904148063
PDE,C0,1.04,2.973003011951035e-05,1.024277337062024,0.7477207369592492
PDE,C0,1.08,1.8964915672963323e-05,1.0258296520837336,0.7497420739133605
PDE,C0,1.12,1.2091432572704578e-05,1.0270707643626629,0.7513596374022659
PDE,C0,1.16,7.705868610654496e-06,1.0280625934778116,0.7526532358058456
PDE,C0,1.2,4.9092948166912725e-06,1.0288549091454333,0.7536872109681261
PDE,C0,1.24,3.1267969613353287e-06,1.0294876533462811,0.7545133229209672
PDE,C0,1.28,1.9910713444899985e-06,1.0299928413489783,0.7551731382901951
PDE,C0,1.32,1.2676499641361067e-06,1.0303961095088727,0.7556999918482392
PDE,C0,1.36,8.069605428979048e-07,1.0307179700888371,0.7561205874808522
PDE,C0,1.4000000000000001,5.136386481085588e-07,1.0309748251385071,0.756456298532138
PDE,C0,1.44,3.2690768539756696e-07,1.0311797835222816,0.756724219980759
PDE,C0,1.48,2.0804739153693622e-07,1.031343317934377,0.7569380172795401
PDE,C0,1.52,1.32396116803582e-07,1.031473792360595,0.7571086095499142
PDE,C0,1.56,8.4249810523499e-08,1.0315778849740684,0.7572447184380796
PDE,C0,1.6,5.36101756642406e-08,1.0316609268392336,0.7573533084021176
PDE,C0,1.6400000000000001,3.411247662522467e-08,1.0317271729592727,0.7574399394957768
PDE,C0,1.68,2.1705484175406273e-08,1.0317800190377333,0.7575090497787514
PDE,C0,1.72,1.3810769964319018e-08,1.0318221747353327,0.7575641812259143
PDE,C0,1.76,8.787393459457136e-09,1.0318558020953321,0.7576081603341903
PDE,C0,1.8,5.5911002790900396e-09,1.0318826261029683,0.7576432424447241
PDE,C0,1.84,3.557382174719124e-09,1.0319040229649863,0.7576712270275269
PDE,C0,1.8800000000000001,2.263396311771184e-09,1.031921090584133,0.7576935497438388
PDE,C0,1.92,1.4400851086850548e-09,1.0319347048101715,0.7577113559467463
PDE,C0,1.96,9.162493978703571e-10,1.0319455643319946,0.7577255593515495
PDE,C0,2.0,5.829585002540351e-10,1.031954226500714,0.7577368888612092
PDE,C0,2.04,3.709029567481677e-10,1.0319611359133738,0.7577459259338051
PDE,C0,2.08,2.3598365860235026e-10,1.0319666472187192,0.7577531343995481
PDE,C0,2.12,1.5014219115424035e-10,1.0319710433119735,0.7577588842511903
PDE,C0,2.16,9.552629177533633e-11,1.0319745498502784,0.7577634706247851
PDE,C0,2.2,6.077746338761663e-11,1.0319773468324245,0.7577671289424243
PDE,C0,2.24,3.866889909986736e-11,1.0319795778363523,0.7577700469925683
PDE,C0,2.2800000000000002,2.4602583564414082e-11,1.031981357388028,0.7577723745669941
PDE,C0,2.32,1.565306397079491e-11,1.0319827768395875,0.7577742311483886
PDE,C0,2.36,9.959047293589673e-12,1.0319839090582579,0.7577757120427665
PDE,C0,2.4,6.336304825880032e-12,1.0319848121666113,0.7577768932712601
PDE,C0,2.44,4.031384258828967e-12,1.031985532526059,0.7577778354722083
PDE,C0,2.48,2.56491054381888e-12,1.0319861071166803,0.7577785870137542
PDE,C0,2.52,1.631887309432912e-12,1.0319865654355247,0.7577791864766656
PDE,C0,2.56,1.0382645827198415e-12,1.0319869310108023,0.7577796646347874
PDE,C0,2.6,6.605806681185587e-13,1.0319872226096898,0.7577800460347732
PDE,C0,2.64,4.202847552707164e-13,1.031987455201735,0.7577803502561592
PDE,C0,2.68,2.673999862118111e-13,1.0319876407273216,0.757780592916474
PDE,C0,2.72,1.7012929234703355e-13,1.0319877887106328,0.757780786472959
PDE,C0,2.7600000000000002,1.0824224457467887e-13,1.0319879067485778,0.7577809408620688
PDE,C0,2.8000000000000003,6.886752334494299e-14,1.0319880009007887,0.7577810640095618
PDE,C0,2.84,4.381593941372123e-14,1.0319880760006936,0.7577811622373731
PDE,C0,2.88,2.7877240346902636e-14,1.0319881359036474,0.7577812405881548
PDE,C0,2.92,1.7736479442017027e-14,1.0319881836848512,0.7577813030841516
PDE,C0,2.96,1.1284571090147125e-14,1.0319882217972176,0.7577813529336778
PDE,C0,3.0,7.179640270982622e-15,1.0319882521972992,0.7577813926958303
PDE,C0,3.04,4.567939151637127e-15,1.0319882764457262,0.7577814244118525
PDE,C0,3.08,2.9062832020468745e-15,1.0319882957873259,0.7577814497099303
PDE,C0,3.12,1.8490793524031967e-15,1.0319883112150265,0.7577814698887784
PDE,C0,3.16,1.1764491640890792e-15,1.0319883235208314,0.7577814859843042
PDE,C0,3.2,7.484982370804652e-16,1.0319883333364759,0.7577814988227954
PDE,C0,3.24,4.762208459982359e-16,1.0319883411658606,0.7577815090633342
PDE,C0,3.2800000000000002,3.0298840285042583e-16,1.0319883474109186,0.757781517231633
PDE,C0,3.3200000000000003,1.9277185043664266e-16,1.031988352392248,0.7577815237470225
PDE,C0,3.36,1.226482104323867e-16,1.031988356365573,0.757781528943981
PDE,C0,3.4,7.803309394516356e-17,1.0319883595348693,0.7577815330893011
PDE,C0,3.44,4.964739351627105e-17,1.0319883620628376,0.7577815363957882
PDE,C0,3.48,3.1587412033709665e-17,1.0319883640792555,0.7577815390331862
PDE,C0,3.52,2.0097020469217877e-17,1.0319883656876376,0.7577815411368892
PDE,C0,3.56,1.2786429139165092e-17,1.0319883669705534,0.7577815428148941
PDE,C0,3.6,8.135174193796841e-18,1.0319883679938626,0.7577815441533446
PDE,C0,3.64,5.175883440464658e-18,1.0319883688100986,0.7577815452209501
PDE,C0,3.68,3.2930779709177597e-18,1.031988369461164,0.7577815460725182
PDE,C0,3.72,2.095172193221577e-18,1.0319883699804817,0.7577815467517662
PDE,C0,3.7600000000000002,1.3330222079510152e-18,1.0319883703947121,0.7577815472935641
PDE,C0,3.8000000000000003,8.481152447024138e-19,1.0319883707251205,0.7577815477257258
PDE,C0,3.84,5.396006554694979e-19,1.0319883709886686,0.7577815480704365
PDE,C0,3.88,3.4331270692708357e-19,1.0319883711988862,0.7577815483453929
PDE,C0,3.92,2.18427636861882e-19,1.0319883713665645,0.75778154856471
PDE,C0,3.96,1.3897129482325186e-19,1.031988371500312,0.7577815487396473
PDE,C0,4.0,8.841837346612654e-20,1.031988371606995,0.7577815488791844
PDE,C0,4.04,5.625497693023647e-20,1.0319883716920897,0.7577815489904849
PDE,C0,4.08,3.579132061291435e-20,1.0319883717599654,0.7577815490792631
PDE,C0,4.12,2.2771742755863256e-20,1.0319883718141056,0.757781549150077
PDE,C0,4.16,1.4488193722412802e-20,1.0319883718572902,0.7577815492065609
PDE,C0,4.2,9.217870640281105e-21,1.0319883718917364,0.7577815492516146
PDE,C0,4.24,5.864682261752031e-21,1.0319883719192127,0.7577815492875524
PDE,C0,4.28,3.731347760598393e-21,1.0319883719411278,0.7577815493162167
PDE,C0,4.32,2.373996866727361e-21,1.031988371958609,0.757781549339081
PDE,C0,4.36,1.5104222704256222e-21,1.0319883719725524,0.7577815493573191
PDE,C0,4.4,9.60984150330728e-22,1.0319883719836744,0.7577815493718667
PDE,C0,4.44,6.114234135880745e-22,1.0319883719925456,0.7577815493834696
PDE,C0,4.48,3.8900065534426185e-22,1.031988371999622,0.7577815493927254
PDE,C0,4.5200000000000005,2.474998844443247e-22,1.031988372005266,0.7577815494001081
PDE,C0,4.5600000000000005,1.5746376973036006e-22,1.0319883720097685,0.757781549405997
PDE,C0,4.6000000000000005,1.0018673495852293e-22,1.0319883720133594,0.7577815494106934
PDE,C0,4.64,6.374344570687646e-23,1.0319883720162237,0.7577815494144409
PDE,C0,4.68,4.0554312533551685e-23,1.0319883720185086,0.7577815494174284
PDE,C0,4.72,2.580087910570713e-23,1.0319883720203313,0.7577815494198124
PDE,C0,4.76,1.641608838829997e-23,1.0319883720217848,0.7577815494217136
PDE,C0,4.8,1.0444645422546816e-23,1.0319883720229444,0.7577815494232302
PDE,C0,4.84,6.644910892428431e-24,1.0319883720238692,0.7577815494244402
PDE,C0,4.88,4.228058440825518e-24,1.0319883720246068,0.7577815494254048
PDE,C0,4.92,2.689801566534665e-24,1.0319883720251952,0.7577815494261748
PDE,C0,4.96,1.7110557539475876e-24,1.0319883720256648,0.7577815494267883
PDE,C0,5.0,1.0887205015460467e-24,1.031988372026039,0.7577815494272779
PDE,C0,5.04,6.928801126011098e-25,1.0319883720263374,0.757781549427669
PDE,C0,5.08,4.408039490727142e-25,1.0319883720265757,0.7577815494279798
PDE,C0,5.12,2.8038180089934374e-25,1.031988372026766,0.7577815494282282
PDE,C0,5.16,1.7849468342253557e-25,1.0319883720269172,0.7577815494284269
PDE,C0,5.2,1.134980853475882e-25,1.0319883720270382,0.7577815494285848
PDE,C0,5.24,7.223177145264995e-26,1.0319883720271346,0.7577815494287108
PDE,C0,5.28,4.5976804197471087e-26,1.0319883720272114,0.7577815494288119
PDE,C0,5.32,2.922168823044043e-26,1.0319883720272731,0.7577815494288919
PDE,C0,5.36,1.8542146303084728e-26,1.0319883720273222,0.757781549428956
PDE,C0,5.4,1.1821086827712684e-26,1.031988372027361,0.7577815494290068
PDE,C0,5.44,7.536082212957612e-27,1.031988372027392,0.7577815494290471
PDE,C0,5.48,4.7847248870532504e-27,1.0319883720274168,0.7577815494290799
PDE,C0,5.5200000000000005,3.0417059020883146e-27,1.0319883720274368,0.7577815494291061
PDE,C0,5.5600000000000005,1.9463725351889397e-27,1.0319883720274523,0.7577815494291262
PDE,C0,5.6000000000000005,1.2244970141776715e-27,1.0319883720274652,0.7577815494291436
PDE,C0,5.64,7.906188940742485e-28,1.031988372027475,0.7577815494291559
PDE,C0,5.68,5.013827350261734e-28,1.0319883720274832,0.757781549429167
PDE,C0,5.72,3.108805301350766e-28,1.0319883720274898,0.7577815494291752
PDE,C0,5.76,2.0075277442710343e-28,1.0319883720274947,0.7577815494291814
PDE,C0,5.8,1.2770302200847333e-28,1.0319883720274987,0.7577815494291867
PDE,C0,5.84,8.27456541306532e-29,1.0319883720275018,0.757781549429191
PDE,C0,5.88,5.138227017229594e-29,1.0319883720275047,0.7577815494291947
PDE,C0,5.92,3.333553622140979e-29,1.0319883720275065,0.7577815494291972
PDE,C0,5.96,2.019607176882231e-29,1.0319883720275083,0.7577815494292
PDE,C0,6.0,1.267724126593454e-29,1.0319883720275096,0.7577815494292018
PDE,C0,6.04,8.437113900371603e-30,1.0319883720275105,0.7577815494292031
PDE,C0,6.08,5.8871826540029026e-30,1.0319883720275114,0.757781549429204
PDE,C0,6.12,3.827207985486315e-30,1.031988372027512,0.7577815494292048
PDE,C0,6.16,2.828805902315972e-30,1.0319883720275123,0.7577815494292052
PDE,C0,6.2,2.2987899816206047e-30,1.0319883720275125,0.7577815494292056
PDE,C0,6.24,1.6224033851518075e-30,1.031988372027513,0.7577815494292061
PDE,C0,6.28,8.997944700177166e-31,1.0319883720275134,0.7577815494292064
PDE,C0,6.32,6.4711246131411125e-31,1.0319883720275136,0.7577815494292068
PDE,C0,6.36,6.039716305598372e-31,1.0319883720275136,0.7577815494292071
PDE,C0,6.4,3.6361557350031013e-31,1.0319883720275138,0.7577815494292074
PDE,C0,6.44,2.9120060759135006e-31,1.031988372027514,0.7577815494292075
PDE,C0,6.48,2.6654870430319344e-31,1.031988372027514,0.7577815494292076
PDE,C0,6.5200000000000005,2.6654870430319344e-31,1.031988372027514,0.7577815494292076
PDE,C0,6.5600000000000005,2.2340787354891936e-31,1.031988372027514,0.7577815494292077
PDE,C0,6.6000000000000005,1.2480026039629288e-31,1.0319883720275143,0.7577815494292077
PDE,C0,6.640000000000001,1.2480026039629288e-31,1.0319883720275143,0.7577815494292078
PDE,C0,6.68,1.2480026039629288e-31,1.0319883720275143,0.7577815494292078
PDE,C0,6.72,1.2480026039629288e-31,1.0319883720275143,0.7577815494292082
PDE,C0,6.76,1.2480026039629288e-31,1.0319883720275143,0.7577815494292082
PDE,C0,6.8,1.2480026039629288e-31,1.0319883720275143,0.7577815494292082
PDE,C0,6.84,1.2480026039629288e-31,1.0319883720275143,0.7577815494292082
PDE,C0,6.88,1.2480026039629288e-31,1.0319883720275143,0.7577815494292082
PDE,C0,6.92,1.2480026039629288e-31,1.0319883720275143,0.7577815494292084
PDE,C0,6.96,9.398538128609711e-32,1.0319883720275143,0.7577815494292084
PDE,C0,7.0,9.398538128609711e-32,1.0319883720275143,0.7577815494292084
PDE,C0,7.04,6.317050217590134e-32,1.0319883720275143,0.7577815494292084
PDE,C0,7.08,6.317050217590134e-32,1.0319883720275143,0.7577815494292084
PDE,C0,7.12,6.317050217590134e-32,1.0319883720275143,0.7577815494292084
PDE,C0,7.16,6.317050217590134e-32,1.0319883720275143,0.7577815494292084
PDE,C0,7.2,6.317050217590134e-32,1.0319883720275143,0.7577815494292084
PDE,C0,7.24,6.317050217590134e-32,1.0319883720275143,0.7577815494292084
PDE,C0,7.28,6.317050217590134e-32,1.0319883720275143,0.7577815494292084
PDE,C0,7.32,6.317050217590134e-32,1.0319883720275143,0.7577815494292084
PDE,C0,7.36,6.317050217590134e-32,1.0319883720275143,0.7577815494292084
PDE,C0,7.4,6.317050217590134e-32,1.0319883720275143,0.7577815494292084
PDE,C0,7.44,6.317050217590134e-32,1.0319883720275143,0.7577815494292084
PDE,C0,7.48,6.317050217590134e-32,1.0319883720275143,0.7577815494292085
PDE,C0,7.5200000000000005,6.317050217590134e-32,1.0319883720275143,0.7577815494292085
PDE,C0,7.5600000000000005,6.317050217590134e-32,1.0319883720275143,0.7577815494292086
PDE,C0,7.6000000000000005,6.317050217590134e-32,1.0319883720275143,0.7577815494292086
PDE,C0,7.640000000000001,6.317050217590134e-32,1.0319883720275143,0.7577815494292086
PDE,C0,7.68,6.317050217590134e-32,1.0319883720275143,0.7577815494292086
PDE,C0,7.72,6.317050217590134e-32,1.0319883720275143,0.7577815494292086
PDE,C0,7.76,6.317050217590134e-32,1.0319883720275143,0.7577815494292086
PDE,C0,7.8,6.317050217590134e-32,1.0319883720275143,0.7577815494292086
PDE,C0,7.84,6.317050217590134e-32,1.0319883720275143,0.7577815494292086
PDE,C0,7.88,6.317050217590134e-32,1.0319883720275143,0.7577815494292086
PDE,C0,7.92,6.317050217590134e-32,1.0319883720275143,0.7577815494292086
PDE,C0,7.96,5.084455053182303e-32,1.0319883720275145,0.7577815494292086
PDE,C0,8.0,3.235562306570556e-32,1.0319883720275145,0.7577815494292086
PDE,C1,0.0,0.5325000000000001,0.0,0.0
PDE,C1,0.04,0.43150657060741265,0.10300336878704518,0.007560377700829378
PDE,C1,0.08,0.3486493611740872,0.19694424656257237,0.027459905089975777
PDE,C1,0.12,0.2802712200684034,0.2832946672325987,0.056290524043262374
PDE,C1,0.16,0.22381422778869448,0.362938392700295,0.09136181549860928
PDE,C1,0.2,0.17736639448991715,0.4363950349529646,0.1304764769576276
PDE,C1,0.24,0.1394017369242689,0.5039723855715786,0.1718150610579512
PDE,C1,0.28,0.10863457231640547,0.5658715305027643,0.21387846522443107
PDE,C1,0.32,0.0839426639558412,0.6222578031169952,0.2554575319300477
PDE,C1,0.36,0.06433084505287572,0.6733055057571055,0.295611764542837
PDE,C1,0.4,0.04891649307748033,0.719222278347969,0.33364759782676046
PDE,C1,0.44,0.03692474371313637,0.7602582148084975,0.3690924042882701
PDE,C1,0.48,0.02768613565501315,0.7967043697374705,0.40166406484171113
PDE,C1,0.52,0.02063292820130693,0.8288847383867333,0.4312378676743988
PDE,C1,0.56,0.015292773306986675,0.8571450441558607,0.4578131401505176
PDE,C1,0.6,0.011279886861088296,0.8818408100594887,0.4814818224436223
PDE,C1,0.64,0.008284556641741643,0.9033263499424453,0.5024005768935764
PDE,C1,0.68,0.006061991923276972,0.9219455929305045,0.5207673080735268
PDE,C1,0.72,0.004421390282984638,0.9380251024576035,0.5368023352892685
PDE,C1,0.76,0.00321584513358255,0.9518692755700123,0.5507339951613239
PDE,C1,0.8,0.002333453700941334,0.9637574859797915,0.5627881678845678
PDE,C1,0.84,0.001689765989792248,0.9739428294128223,0.5731810885664044
PDE,C1,0.88,0.001221559396364802,0.9826521049741652,0.5821147826355895
PDE,C1,0.92,0.0008818281183028631,0.9900866898417521,0.5897745106972665
PDE,C1,0.96,0.000635828963323105,0.9964240128021377,0.596327690395933
PDE,C1,1.0,0.000458011110882902,1.001819388882908,0.6019238575624337
PDE,C1,1.04,0.0003296640905640772,1.0064080328700251,0.6066953216014926
PDE,C1,1.08,0.00023713601683538472,1.0103071187028074,0.6107582528470586
PDE,C1,1.12,0.00017049635185549598,1.0136177925595367,0.6142140091848599
PDE,C1,1.16,0.00012254007982904206,1.0164270796763228,0.6171505651645257
PDE,C1,1.2,8.805094111738296e-05,1.0188096493592527,0.6196439502021899
PDE,C1,1.24,6.325929535616907e-05,1.0208294204577835,0.6217596351123076
PDE,C1,1.28,4.544501440037568e-05,1.0225410020583543,0.6235538300853759
PDE,C1,1.32,3.264771539815696e-05,1.0239909725346514,0.6250746742175414
PDE,C1,1.36,2.3455993071832427e-05,1.0252190053888413,0.6263633084263625
PDE,C1,1.4000000000000001,1.685452169171071e-05,1.026258853379231,0.6274548313974883
PDE,C1,1.44,1.2113383852160353e-05,1.0271392039150409,0.6283791431659106
PDE,C1,1.48,8.708111867725299e-06,1.0278844191109824,0.6291616838658621
PDE,C1,1.52,6.262007019617416e-06,1.0285151736052978,0.6298240767049124
PDE,C1,1.56,4.504582141031201e-06,1.0290490025240653,0.6303846847879453
PDE,C1,1.6,3.24165156922406e-06,1.0295007710117399,0.6308590913666089
PDE,C1,1.6400000000000001,2.333822100610847e-06,1.0298830756735966,0.6312605126549891
PDE,C1,1.68,1.6810357229842704e-06,1.0302065871767991,0.6316001516967489
PDE,C1,1.72,1.211467294082601e-06,1.030480342188674,0.6318875010046361
PDE,C1,1.76,8.735534535617349e-07,1.0307119918267422,0.6321306008942673
PDE,C1,1.8,6.302713817925601e-07,1.030908012873041,0.6323362596478597
PDE,C1,1.84,4.5503324483844947e-07,1.0310738871729912,0.6325102408988584
PDE,C1,1.8800000000000001,3.2874043279528e-07,1.031214253897332,0.6326574229411057
PDE,C1,1.92,2.3767007818369403e-07,1.0313330386912622,0.6327819340436066
PDE,C1,1.96,1.719586967470836e-07,1.0314335631619898,0.6328872672958034
PDE,C1,2.0,1.2451417644599967e-07,1.0315186376574894,0.6329763780166932
PDE,C1,2.04,9.023502276801343e-08,1.0315906398578203,0.6330517663302536
PDE,C1,2.08,6.544999924146706e-08,1.031651581328397,0.6331155471343922
PDE,C1,2.12,4.751586555886474e-08,1.0317031638650103,0.6331695093656076
PDE,C1,2.16,3.452853640858032e-08,1.0317468271865335,0.6332151661811679
PDE,C1,2.2,2.5115621405496724e-08,1.0317837892971276,0.6332537974396013
PDE,C1,2.24,1.828736835819346e-08,1.0318150806399344,0.6332864856537057
PDE,C1,2.2800000000000002,1.3329529522090492e-08,1.031841572994042,0.6333141464136335
PDE,C1,2.32,9.726329063113984e-09,1.0318640039216271,0.6333375541268167
PDE,C1,2.36,7.105050179773958e-09,1.031882997449068,0.6333573637930254
PDE,C1,2.4,5.196155477569349e-09,1.0318990815612448,0.6333741294234958
PDE,C1,2.44,3.80457185462781e-09,1.0319127029995199,0.6333883196201393
PDE,C1,2.48,2.789003174126767e-09,1.031924239778635,0.6334003307518923
PDE,C1,2.52,2.0470178511093612e-09,1.0319340117739764,0.6334104980983049
PDE,C1,2.56,1.5042927077519794e-09,1.0319422896766182,0.6334191052736324
PDE,C1,2.6,1.1068496788357867e-09,1.0319493025677886,0.6334263921965771
PDE,C1,2.64,8.154487940741142e-10,1.0319552443256437,0.6334325618300126
PDE,C1,2.68,6.015356128222701e-10,1.0319602790444362,0.633437785880484
PDE,C1,2.72,4.4430995097366584e-10,1.0319645456184061,0.633442209618041
PDE,C1,2.7600000000000002,3.2860397233507393e-10,1.031968161619228,0.6334459559521911
PDE,C1,2.8000000000000003,2.4334489358558303e-10,1.0319712265759804,0.6334491288788168
PDE,C1,2.84,1.8044026931679174e-10,1.0319738247497916,0.6334518163951837
PDE,C1,2.88,1.3396896616843337e-10,1.031976027481096,0.6334540929651704
PDE,C1,2.92,9.959344531632233e-11,1.0319778951754086,0.6334560216041624
PDE,C1,2.96,7.413239834873323e-11,1.0319794789833643,0.6334576556423384
PDE,C1,3.0,5.524967205958639e-11,1.0319808222221438,0.6334590402160075
PDE,C1,3.04,4.1227602633524074e-11,1.0319819615781667,0.6334602135289743
PDE,C1,3.08,3.0801677359500564e-11,1.0319829281247526,0.6334612079194327
PDE,C1,3.12,2.3039797336494195e-11,1.0319837481832645,0.6334620507624105
PDE,C1,3.16,1.7254009522623024e-11,1.0319844440518502,0.6334627652331379
PDE,C1,3.2,1.293590119057172e-11,1.0319850346221708,0.6334633709528046
PDE,C1,3.24,9.709257221012206e-12,1.0319855359013648,0.6334638845348444
PDE,C1,3.2800000000000002,7.295325431458866e-12,1.0319859614538414,0.6334643200470979
PDE,C1,3.3200000000000003,5.487300838125542e-12,1.031986322775233,0.6334646894028229
PDE,C1,3.36,4.1315585674241365e-12,1.0319866296089566,0.6334650026915228
PDE,C1,3.4,3.1138329912778974e-12,1.0319868902141955,0.6334652684588746
PDE,C1,3.44,2.3490264579694927e-12,1.0319871115927923,0.6334654939435966
PDE,C1,3.48,1.773684747985938e-12,1.031987299681346,0.6334656852778926
PDE,C1,3.52,1.3404342703572895e-12,1.0319874595138827,0.6334658476570857
PDE,C1,3.56,1.013864232161827e-12,1.0319875953596027,0.6334659854831837
PDE,C1,3.6,7.674744884386111e-13,1.0319877108395399,0.6334661024863911
PDE,C1,3.64,5.81410364733326e-13,1.0319878090253705,0.6334662018279593
PDE,C1,3.68,4.4077937889514474e-13,1.0319878925231054,0.6334662861872558
PDE,C1,3.72,3.34398789679514e-13,1.0319879635439897,0.633466357835465
PDE,C1,3.7600000000000002,2.538625306858084e-13,1.0319880239645691,0.6334664186979906
PDE,C1,3.8000000000000003,1.9284522290431535e-13,1.0319880753775819,0.6334664704072933
PDE,C1,3.84,1.4658239292114757e-13,1.0319881191350821,0.6334665143476185
PDE,C1,3.88,1.114818191983349e-13,1.031988156384988,0.6334665516928877
PDE,C1,3.92,8.483258757909157e-14,1.0319881881020545,0.6334665834387797
PDE,C1,3.96,6.458703720529732e-14,1.031988215114129,0.6334666104299023
PDE,C1,4.0,4.919715799671751e-14,1.031988238124408,0.6334666333828124
PDE,C1,4.04,3.74917023239365e-14,1.0319882577303086,0.6334666529055114
PDE,C1,4.08,2.8583786954393537e-14,1.0319882744394657,0.6334666695139636
PDE,C1,4.12,2.1801344456309665e-14,1.031988288683305,0.6334666836460935
PDE,C1,4.16,1.6634724492166553e-14,1.0319883008285482,0.6334666956736418
PDE,C1,4.2,1.2697176611539521e-14,1.0319883111869772,0.633466705912219
PDE,C1,4.24,9.695021396026586e-15,1.0319883200237139,0.6334667146298212
PDE,C1,4.28,7.405114154171616e-15,1.0319883275642483,0.6334667220540502
PDE,C1,4.32,5.657803497247413e-15,1.0319883340004,0.6334667283782336
PDE,C1,4.36,4.324035600769472e-15,1.0319883394953806,0.6334667337666142
PDE,C1,4.4,3.3055866861416947e-15,1.0319883441880884,0.63346673835875
PDE,C1,4.44,2.5276604125167764e-15,1.0319883481967553,0.6334667422732438
PDE,C1,4.48,1.9332729804326604e-15,1.031988351622044,0.6334667456109112
PDE,C1,4.5200000000000005,1.4789914425737046e-15,1.0319883545496782,0.6334667484574603
PDE,C1,4.5600000000000005,1.1316973051191806e-15,1.031988357052676,0.6334667508857731
PDE,C1,4.6000000000000005,8.661268264805161e-16,1.0319883591932462,0.6334667529578327
PDE,C1,4.64,6.630008352537316e-16,1.0319883610244025,0.6334667547263678
PDE,C1,4.68,5.07601762074143e-16,1.031988362591332,0.6334667562362418
PDE,C1,4.72,3.886905694591553e-16,1.031988363932562,0.6334667575256341
PDE,C1,4.76,2.9768187295999435e-16,1.0319883650809485,0.6334667586270416
PDE,C1,4.8,2.280154056753741e-16,1.0319883660645175,0.6334667595681331
PDE,C1,4.84,1.746769551060169e-16,1.0319883669071819,0.6334667603724695
PDE,C1,4.88,1.338329500095963e-16,1.031988367629351,0.6334667610601192
PDE,C1,4.92,1.0255175908949964e-16,1.031988368248448,0.6334667616481804
PDE,C1,4.96,7.859098060726945e-17,1.0319883687793496,0.6334667621512213
PDE,C1,5.0,6.023498994984332e-17,1.0319883692347642,0.6334667625816628
PDE,C1,5.04,4.6170942489269966e-17,1.0319883696255485,0.6334667629500907
PDE,C1,5.08,3.5394017019001016e-17,1.031988369960982,0.6334667632655347
PDE,C1,5.12,2.7134993534569566e-17,1.031988370248996,0.6334667635356963
PDE,C1,5.16,2.0804921874102728e-17,1.0319883704963744,0.6334667637671473
PDE,C1,5.2,1.5952797315456944e-17,1.0319883707089181,0.6334667639654952
PDE,C1,5.24,1.2233199910093512e-17,1.0319883708915916,0.6334667641355277
PDE,C1,5.28,9.381532211361558e-18,1.031988371048644,0.6334667642813322
PDE,C1,5.32,7.19508880329785e-18,1.0319883711837123,0.6334667644064013
PDE,C1,5.36,5.518561800363511e-18,1.0319883712999112,0.6334667645137171
PDE,C1,5.4,4.232931009531301e-18,1.031988371399909,0.6334667646058283
PDE,C1,5.44,3.2469875926056794e-18,1.0319883714859934,0.633466764684916
PDE,C1,5.48,2.4908248540281342e-18,1.0319883715601232,0.6334667647528422
PDE,C1,5.5200000000000005,1.910853247080464e-18,1.0319883716239797,0.6334667648112021
PDE,C1,5.5600000000000005,1.4659934947441686e-18,1.031988371679004,0.6334667648613577
PDE,C1,5.6000000000000005,1.1247501949147986e-18,1.0319883717264327,0.6334667649044771
PDE,C1,5.64,8.629756566822537e-19,1.0319883717673282,0.6334667649415593
PDE,C1,5.68,6.621533547382267e-19,1.0319883718026006,0.6334667649734599
PDE,C1,5.72,5.080833282032857e-19,1.0319883718330336,0.6334667650009113
PDE,C1,5.76,3.89876902534274e-19,1.0319883718592986,0.633466765024543
PDE,C1,5.8,2.991813550728839e-19,1.0319883718819742,0.6334667650448914
PDE,C1,5.84,2.295916994374654e-19,1.0319883719015568,0.6334667650624193
PDE,C1,5.88,1.7619419557052885e-19,1.031988371918473,0.6334667650775231
PDE,C1,5.92,1.3521964707622054e-19,1.0319883719330911,0.6334667650905406
PDE,C1,5.96,1.0377675201080757e-19,1.0319883719457263,0.6334667651017648
PDE,C1,6.0,7.964739834960537e-20,1.0319883719566514,0.6334667651114448
PDE,C1,6.04,6.113021459486242e-20,1.0319883719661007,0.6334667651197972
PDE,C1,6.08,4.691916434068307e-20,1.0319883719742755,0.6334667651270055
PDE,C1,6.12,3.601255210129349e-20,1.0319883719813503,0.6334667651332275
PDE,C1,6.16,2.7641971035881845e-20,1.0319883719874745,0.6334667651386011
PDE,C1,6.2,2.1217508479855157e-20,1.0319883719927772,0.6334667651432435
PDE,C1,6.24,1.6286390573726628e-20,1.0319883719973706,0.6334667651472541
PDE,C1,6.28,1.25015976993852e-20,1.0319883720013499,0.6334667651507212
PDE,C1,6.32,9.596646978244757e-21,1.0319883720047982,0.6334667651537186
PDE,C1,6.36,7.366781848954916e-21,1.0319883720077876,0.6334667651563111
PDE,C1,6.4,5.655127726626504e-21,1.0319883720103793,0.6334667651585536
PDE,C1,6.44,4.3412727511640605e-21,1.0319883720126273,0.6334667651604946
PDE,C1,6.48,3.3327062763655214e-21,1.0319883720145775,0.6334667651621747
PDE,C1,6.5200000000000005,2.558482476400746e-21,1.03198837201627,0.6334667651636295
PDE,C1,6.5600000000000005,1.96418313044564e-21,1.0319883720177385,0.6334667651648892
PDE,C1,6.6000000000000005,1.507944455536658e-21,1.0319883720190135,0.6334667651659808
PDE,C1,6.640000000000001,1.1576923573911795e-21,1.0319883720201208,0.6334667651669266
PDE,C1,6.68,8.88801766336266e-22,1.0319883720210827,0.6334667651677465
PDE,C1,6.72,6.823721363542748e-22,1.0319883720219183,0.6334667651684575
PDE,C1,6.76,5.239067088871366e-22,1.0319883720226446,0.633466765169074
PDE,C1,6.8,4.022461256803718e-22,1.0319883720232752,0.6334667651696091
PDE,C1,6.84,3.0883184456069253e-22,1.031988372023824,0.6334667651700725
PDE,C1,6.88,2.3711821123482894e-22,1.0319883720243013,0.6334667651704753
PDE,C1,6.92,1.8205910104044936e-22,1.0319883720247158,0.6334667651708248
PDE,C1,6.96,1.3978186113280213e-22,1.031988372025077,0.6334667651711289
PDE,C1,7.0,1.073327895241454e-22,1.0319883720253906,0.6334667651713929
PDE,C1,7.04,8.241298409751349e-23,1.031988372025664,0.6334667651716217
PDE,C1,7.08,6.327530304973919e-23,1.0319883720259022,0.6334667651718209
PDE,C1,7.12,4.858788403542659e-23,1.0319883720261092,0.6334667651719937
PDE,C1,7.16,3.7309676627130504e-23,1.0319883720262892,0.633466765172144
PDE,C1,7.2,2.864956092552392e-23,1.0319883720264462,0.633466765172275
PDE,C1,7.24,2.1996153045885007e-23,1.031988372026583,0.6334667651723888
PDE,C1,7.28,1.6891806604591828e-23,1.0319883720267022,0.6334667651724877
PDE,C1,7.32,1.2970102230056899e-23,1.031988372026806,0.6334667651725737
PDE,C1,7.36,9.960407841279267e-24,1.0319883720268965,0.6334667651726487
PDE,C1,7.4,7.647988389324416e-24,1.0319883720269754,0.6334667651727138
PDE,C1,7.44,5.8732079460890574e-24,1.031988372027044,0.6334667651727705
PDE,C1,7.48,4.510378756465878e-24,1.0319883720271037,0.6334667651728206
PDE,C1,7.5200000000000005,3.463667453920358e-24,1.0319883720271559,0.6334667651728629
PDE,C1,7.5600000000000005,2.6598550938586254e-24,1.0319883720272014,0.6334667651729009
PDE,C1,7.6000000000000005,2.042228613830107e-24,1.0319883720272418,0.6334667651729333
PDE,C1,7.640000000000001,1.5682429132716703e-24,1.0319883720272762,0.633466765172962
PDE,C1,7.68,1.2043698460192835e-24,1.0319883720273064,0.6334667651729867
PDE,C1,7.72,9.249665962579874e-25,1.0319883720273328,0.6334667651730082
PDE,C1,7.76,7.104831384854564e-25,1.0319883720273557,0.6334667651730271
PDE,C1,7.8,5.457045583482974e-25,1.031988372027376,0.6334667651730432
PDE,C1,7.84,4.188569774135945e-25,1.0319883720273935,0.633466765173058
PDE,C1,7.88,3.21771089273091e-25,1.0319883720274086,0.6334667651730704
PDE,C1,7.92,2.4701064729991443e-25,1.0319883720274219,0.6334667651730813
PDE,C1,7.96,1.8963834827384135e-25,1.0319883720274343,0.6334667651730909
PDE,C1,8.0,1.4575666465525599e-25,1.031988372027444,0.6334667651730993
PDE,C2,0.0,0.5325000000000001,0.0,0.0
PDE,C2,0.04,0.4402526946469716,0.09363588694877246,0.0055062053166776165
PDE,C2,0.08,0.36337190989018214,0.1794956742127932,0.020119669314542617
PDE,C2,0.12,0.29902341215571016,0.2586535876328186,0.041429041600751504
PDE,C2,0.16,0.245111091222026,0.3318300409980399,0.06748838093822805
PDE,C2,0.2,0.20001206114081765,0.3995147554938322,0.09670903429702438
PDE,C2,0.24,0.1624124630392575,0.46205641433498457,0.12779442832690832
PDE,C2,0.28,0.1312098191682572,0.5197233816136443,0.15969661323820036
PDE,C2,0.32,0.10545651096317894,0.5727425781242172,0.191582293182951
PDE,C2,0.36,0.08432698104516304,0.6213238663235794,0.22280365820976308
PDE,C2,0.4,0.06709825714856109,0.6656748632316148,0.252872429963615
PDE,C2,0.44,0.05313775549809379,0.7060091337012748,0.2814364299500593
PDE,C2,0.48,0.041894806183426586,0.7425496648801246,0.30825822139195097
PDE,C2,0.52,0.032893826305988534,0.7755289965860792,0.3331955148984267
PDE,C2,0.56,0.025727999443865224,0.8051871219462466,0.35618321810144415
PDE,C2,0.6,0.020052929046067015,0.831768098998867,0.37721717983806147
PDE,C2,0.64,0.015580124060041856,0.8555161351529986,0.39633975539486427
PDE,C2,0.68,0.012070399638261646,0.8766717102722228,0.41362730025504746
PDE,C2,0.72,0.009327375251939834,0.8954681119152476,0.4291796245271441
PDE,C2,0.76,0.007191267410563527,0.912128589722846,0.44311134908646665
PDE,C2,0.8,0.00553314077464501,0.9268642068695417,0.4555450249242556
PDE,C2,0.84,0.004249727785123902,0.9398723768211112,0.46660582251589167
PDE,C2,0.88,0.003258871493259672,0.9513360187250766,0.47641757044006694
PDE,C2,0.92,0.002495599134832298,0.9614232369607171,0.48509991784105483
PDE,C2,0.96,0.0019087990764351493,0.9702874216536713,0.49276640702182173
PDE,C2,1.0,0.0014584511749491905,0.9780676703739413,0.4995232639848836
PDE,C2,1.04,0.0011133484920810611,0.9848894414657359,0.5054687408756227
PDE,C2,1.08,0.0008492441688528311,0.9908653627788984,0.5106928713510203
PDE,C2,1.12,0.0006473586099322467,0.9960961335779367,0.5152775255878356
PDE,C2,1.16,0.0004931868632793048,1.0006714706720214,0.5192966746969142
PDE,C2,1.2,0.00037555260918532276,1.0046710615960661,0.5228167941881366
PDE,C2,1.24,0.0002858623676670594,1.0081654976826708,0.5258973527598082
PDE,C2,1.28,0.00021752065965819392,1.0112171680731226,0.5285913462634427
PDE,C2,1.32,0.00016547347996872115,1.0138811022512915,0.5309458475539596
PDE,C2,1.36,0.00012585333619267823,1.0162057537499418,0.5330025514627156
PDE,C2,1.4000000000000001,9.570419787293649e-05,1.0182337215022759,0.5347983007133491
PDE,C2,1.44,7.276899349044976e-05,1.020002408115885,0.5363655835965508
PDE,C2,1.48,5.5325849044347486e-05,1.021544616335581,0.5377329979456054
PDE,C2,1.52,4.206216551734288e-05,1.0228890863129496,0.5389256786793551
PDE,C2,1.56,3.1977975643127156e-05,1.0240609771627973,0.5399656881268239
PDE,C2,1.6,2.431189323776127e-05,1.0250822967818334,0.5408723697001755
PDE,C2,1.6400000000000001,1.8484453466205803e-05,1.0259722841304657,0.5416626663857163
PDE,C2,1.68,1.4054812269022576e-05,1.0267477482112253,0.5423514060911929
PDE,C2,1.72,1.06876895642602e-05,1.0274233678763942,0.5429515562112568
PDE,C2,1.76,8.128155304067226e-06,1.0280119564079087,0.5434744499205291
PDE,C2,1.8,6.182412273597883e-06,1.028524694568355,0.5439299867276538
PDE,C2,1.84,4.7031588842812535e-06,1.028971335547518,0.5443268097634996
PDE,C2,1.8800000000000001,3.5784465334580306e-06,1.0293603849423907,0.5446724621615935
PDE,C2,1.92,2.7232011320955325e-06,1.0296992586222367,0.5449735247403097
PDE,C2,1.96,2.0727742919303085e-06,1.0299944210526861,0.5452357370300028
PDE,C2,2.0,1.5780398535304533e-06,1.0302515063894155,0.5454641035149003
PDE,C2,2.04,1.2016664094157054e-06,1.0304754244059826,0.5456629867869024
PDE,C2,2.08,9.152843720977536e-07,1.030670453093476,0.5458361891414815
PDE,C2,2.12,6.973332556085593e-07,1.0308403195624238,0.5459870239878004
PDE,C2,2.16,5.314260420903205e-07,1.0309882706895723,0.5461183782979437
PDE,C2,2.2,4.0510653372341265e-07,1.0311171347830153,0.5462327671845509
PDE,C2,2.24,3.089053181540073e-07,1.0312293753876147,0.5463323815725944
PDE,C2,2.2800000000000002,2.3562260542389858e-07,1.0313271382175084,0.5464191298191613
PDE,C2,2.32,1.7978341221437898e-07,1.0314122920823383,0.5464946740345336
PDE,C2,2.36,1.3722366364879368e-07,1.0314864645674147,0.5465604617678529
PDE,C2,2.4,1.0477573790841827e-07,1.0315510731339277,0.5466177536404446
PDE,C2,2.44,8.00295449210069e-08,1.0316073522223463,0.5466676474386908
PDE,C2,2.48,6.11509793220644e-08,1.0316563768691152,0.5467110991152496
PDE,C2,2.52,4.6743955306823226e-08,1.0316990832825548,0.5467489410917619
PDE,C2,2.56,3.5745548381871506e-08,1.0317362867675333,0.5467818982070914
PDE,C2,2.6,2.734628855020812e-08,1.0317686973390794,0.5468106016119679
PDE,C2,2.64,2.0929562871087054e-08,1.0317969333218409,0.5468356008729641
PDE,C2,2.68,1.602553835737882e-08,1.031821533194444,0.5468573745154733
PDE,C2,2.72,1.2276119569890686e-08,1.0318429659047004,0.5468763392061706
PDE,C2,2.7600000000000002,9.40829315458202e-09,1.0318616398526732,0.5468928577499218
PDE,C2,2.8000000000000003,7.213847857598775e-09,1.0318779107133635,0.5469072460537614
PDE,C2,2.84,5.533941767455996e-09,1.0318920882487084,0.5469197791910364
PDE,C2,2.88,4.247355522733196e-09,1.0319044422393346,0.546930696681752
PDE,C2,2.92,3.261548962439743e-09,1.031915207649738,0.5469402070902634
PDE,C2,2.96,2.505850430169768e-09,1.0319245891258897,0.5469484920284395
PDE,C2,3.0,1.9262687932906146e-09,1.0319327649115317,0.5469557096411205
PDE,C2,3.04,1.4815404491332334e-09,1.031939890258282,0.5469619976407423
PDE,C2,3.08,1.1401164589611444e-09,1.0319461003949741,0.5469674759494285
PDE,C2,3.12,8.778655274012471e-10,1.0319515131132142,0.5469722489992895
PDE,C2,3.16,6.763221949699522e-10,1.0319562310187707,0.5469764077351513
PDE,C2,3.2,5.213503975673468e-10,1.0319603434920033,0.54698003135819
PDE,C2,3.24,4.0212356111218584e-10,1.031963928394956,0.5469831888440042
PDE,C2,3.2800000000000002,3.103459871168427e-10,1.0319670535578624,0.5469859402643025
PDE,C2,3.3200000000000003,2.3965822842605304e-10,1.0319697780736015,0.5469883379376312
PDE,C2,3.36,1.8518280719346565e-10,1.0319721534249147,0.5469904274312444
PDE,C2,3.4,1.4317701704087324e-10,1.0319742244660297,0.5469922484334069
PDE,C2,3.44,1.1076746152667877e-10,1.0319760302774965,0.5469938355128683
PDE,C2,3.48,8.574700303444654e-11,1.0319776049106364,0.5469952187801389
PDE,C2,3.52,6.641938351484669e-11,1.0319789780358701,0.54699642446325
PDE,C2,3.56,5.148027291276365e-11,1.0319801755073494,0.5469974754090791
PDE,C2,3.6,3.992616423448869e-11,1.031981219854709,0.546998391519866
PDE,C2,3.64,3.0984564244740626e-11,1.0319821307113564,0.5469991901333092
PDE,C2,3.68,2.4060476705840454e-11,1.031982925187503,0.5469998863535315
PDE,C2,3.72,1.869535593082048e-11,1.0319836181950666,0.5470004933392894
PDE,C2,3.7600000000000002,1.453560918734439e-11,1.031984222730675,0.5470010225549339
PDE,C2,3.8000000000000003,1.1308414433337699e-11,1.0319847501221708,0.5470014839889599
PDE,C2,3.84,8.803144714565848e-12,1.031985210243336,0.5470018863443223
PDE,C2,3.88,6.857091855360914e-12,1.031985611700938,0.5470022372041803
PDE,C2,3.92,5.3444884402783925e-12,1.0319859619976748,0.5470025431762351
PDE,C2,3.96,4.168061496299769e-12,1.0319862676741178,0.5470028100184393
PDE,C2,4.0,3.2525303749373014e-12,1.0319865344323813,0.5470030427484808
PDE,C2,4.04,2.5395985126197422e-12,1.0319867672438536,0.5470032457391363
PDE,C2,4.08,1.9840936105376343e-12,1.0319869704430689,0.5470034228013207
PDE,C2,4.12,1.550991186202622e-12,1.031987147809487,0.5470035772564295
PDE,C2,4.16,1.213117954023982e-12,1.0319873026387563,0.5470037119993456
PDE,C2,4.2,9.493787269082168e-13,1.0319874378048026,0.5470038295533248
PDE,C2,4.24,7.433866584510862e-13,1.0319875558139353,0.5470039321178063
PDE,C2,4.28,5.824044432352327e-13,1.0319876588519985,0.547004021610059
PDE,C2,4.32,4.565253829569688e-13,1.0319877488254552,0.5470040997014632
PDE,C2,4.36,3.5803958421487676e-13,1.0319878273971965,0.5470041678491179
PDE,C2,4.4,2.8094313214933046e-13,1.0319878960177484,0.547004227323376
PDE,C2,4.44,2.2055775608324933e-13,1.0319879559524732,0.5470042792318388
PDE,C2,4.48,1.7323592804045123e-13,1.0319880083052713,0.5470043245402548
PDE,C2,4.5200000000000005,1.361320576310087e-13,1.0319880540392503,0.5470043640907317
PDE,C2,4.5600000000000005,1.0702486355726858e-13,1.031988093994735,0.5470043986176094
PDE,C2,4.6000000000000005,8.417938703615259e-14,1.0319881289049697,0.5470044287612832
PDE,C2,4.64,6.623973202636968e-14,1.031988159409807,0.5470044550802587
PDE,C2,4.68,5.2145641123232487e-14,1.0319881860676419,0.5470044780616454
PDE,C2,4.72,4.106756817527484e-14,1.0319882093658155,0.5470044981303165
PDE,C2,4.76,3.235611632355955e-14,1.0319882297296878,0.5470045156568756
PDE,C2,4.8,2.5502639086918613e-14,1.0319882475305477,0.547004530964614
PDE,C2,4.84,2.0108521152072677e-14,1.0319882630925097,0.5470045443355654
PDE,C2,4.88,1.586121228284857e-14,1.0319882766985309,0.5470045560157876
PDE,C2,4.92,1.2515519436951165e-14,1.031988288595654,0.5470045662199668
PDE,C2,4.96,9.878993633297637e-15,1.0319882989995859,0.5470045751354284
PDE,C2,5.0,7.800509898398717e-15,1.0319883080986836,0.5470045829256356
PDE,C2,5.04,6.1613366622995815e-15,1.0319883160574397,0.5470045897332377
PDE,C2,5.08,4.868148659864283e-15,1.031988323019514,0.5470045956827314
PDE,C2,5.12,3.847556723082852e-15,1.031988329110385,0.5470046008827771
PDE,C2,5.16,3.0418233337919364e-15,1.031988334439659,0.5470046054282212
PDE,C2,5.2,2.40550493090571e-15,1.0319883391030864,0.5470046094018566
PDE,C2,5.24,1.902818913418038e-15,1.0319883431843218,0.5470046128759614
PDE,C2,5.28,1.5055783522988454e-15,1.0319883467564561,0.5470046159136389
PDE,C2,5.32,1.1915706680996485e-15,1.0319883498833593,0.5470046185699874
PDE,C2,5.36,9.432845734943097e-16,1.0319883526208475,0.5470046208931166
PDE,C2,5.4,7.46909891693455e-16,1.0319883550177016,0.5470046229250424
PDE,C2,5.44,5.915512976816332e-16,1.0319883571165613,0.5470046247024555
PDE,C2,5.48,4.686100490486433e-16,1.0319883589546994,0.5470046262574045
PDE,C2,5.5200000000000005,3.712976223925491e-16,1.0319883605647011,0.5470046276178836
PDE,C2,5.5600000000000005,2.9425281172322734e-16,1.0319883619750565,0.5470046288083454
PDE,C2,5.6000000000000005,2.3324028525109775e-16,1.0319883632106792,0.5470046298501551
PDE,C2,5.64,1.8491310398834842e-16,1.0319883642933547,0.5470046307619798
PDE,C2,5.68,1.4662560915052998e-16,1.0319883652421376,0.5470046315601285
PDE,C2,5.72,1.1628586080336334e-16,1.0319883660736937,0.5470046322588554
PDE,C2,5.76,9.223930137609389e-17,1.0319883668026026,0.5470046328706174
PDE,C2,5.8,7.317693085007114e-17,1.0319883674416208,0.5470046334063036
PDE,C2,5.84,5.80629021363297e-17,1.0319883680019075,0.5470046338754303
PDE,C2,5.88,4.6077291245256144e-17,1.031988368493231,0.5470046342863185
PDE,C2,5.92,3.657095679945834e-17,1.031988368924137,0.5470046346462435
PDE,C2,5.96,2.902982071032102e-17,1.0319883693021075,0.5470046349615644
PDE,C2,6.0,2.3046693218675665e-17,1.0319883696336916,0.5470046352378448
PDE,C2,6.04,1.8298983444712636e-17,1.031988369924622,0.5470046354799499
PDE,C2,6.08,1.4531050660159766e-17,1.03198837017992,0.5470046356921341
PDE,C2,6.12,1.1540293000633973e-17,1.0319883704039812,0.5470046358781195
PDE,C2,6.16,9.1660929122566e-18,1.031988370600655,0.5470046360411627
PDE,C2,6.2,7.28110633097377e-18,1.031988370773315,0.5470046361841129
PDE,C2,6.24,5.784347662657244e-18,1.0319883709249147,0.5470046363094629
PDE,C2,6.28,4.5957178593293094e-18,1.0319883710580424,0.5470046364193948
PDE,C2,6.32,3.651680619297744e-18,1.031988371174966,0.5470046365158181
PDE,C2,6.36,2.9018222710495975e-18,1.031988371277673,0.5470046366004047
PDE,C2,6.4,2.3061414833005274e-18,1.031988371367905,0.5470046366746175
PDE,C2,6.44,1.8328910149699024e-18,1.0319883714471898,0.5470046367397392
PDE,C2,6.48,1.4568726884316614e-18,1.0319883715168654,0.5470046367968899
PDE,C2,6.5200000000000005,1.1580819763738558e-18,1.031988371578106,0.5470046368470536
PDE,C2,6.5600000000000005,9.206368920721108e-19,1.031988371631941,0.5470046368910896
PDE,C2,6.6000000000000005,7.319262660382631e-19,1.0319883716792728,0.5470046369297531
PDE,C2,6.640000000000001,5.819365406654329e-19,1.0319883717208935,0.5470046369637052
PDE,C2,6.68,4.627126797249635e-19,1.0319883717574976,0.5470046369935221
PDE,C2,6.72,3.679374041571074e-19,1.0319883717896952,0.5470046370197132
PDE,C2,6.76,2.9259165839387257e-19,1.0319883718180205,0.5470046370427222
PDE,C2,6.8,2.326885063263106e-19,1.031988371842943,0.5470046370629382
PDE,C2,6.84,1.850592857019442e-19,1.031988371864876,0.5470046370807042
PDE,C2,6.88,1.4718714247780019e-19,1.0319883718841798,0.5470046370963181
PDE,C2,6.92,1.17071298629435e-19,1.031988371901173,0.5470046371100437
PDE,C2,6.96,9.312188732514181e-20,1.031988371916134,0.5470046371221103
PDE,C2,7.0,7.407531746825375e-20,1.0319883719293084,0.5470046371327206
PDE,C2,7.04,5.89270590565691e-20,1.031988371940911,0.5470046371420518
PDE,C2,7.08,4.6878678056184435e-20,1.0319883719511307,0.5470046371502593
PDE,C2,7.12,3.729508555596795e-20,1.0319883719601346,0.5470046371574794
PDE,C2,7.16,2.967199136412755e-20,1.0319883719680676,0.5470046371638326
PDE,C2,7.2,2.3607933279315176e-20,1.0319883719750584,0.5470046371694216
PDE,C2,7.24,1.878387624686652e-20,1.0319883719812202,0.5470046371743423
PDE,C2,7.28,1.4946095619873823e-20,1.0319883719866523,0.5470046371786732
PDE,C2,7.32,1.1892812191991854e-20,1.0319883719914413,0.5470046371824857
PDE,C2,7.36,9.463577935566992e-21,1.0319883719956642,0.5470046371858436
PDE,C2,7.4,7.530793060635965e-21,1.0319883719993885,0.5470046371887999
PDE,C2,7.44,5.99295616331704e-21,1.0319883720026735,0.5470046371914038
PDE,C2,7.48,4.769259335911658e-21,1.0319883720055716,0.5470046371936973
PDE,C2,7.5200000000000005,3.795552199542215e-21,1.0319883720081289,0.5470046371957197
PDE,C2,7.5600000000000005,3.0207123422403596e-21,1.0319883720103855,0.5470046371974999
PDE,C2,7.6000000000000005,2.404119644578729e-21,1.031988372012377,0.5470046371990697
PDE,C2,7.640000000000001,1.913451630590231e-21,1.0319883720141354,0.5470046372004541
PDE,C2,7.68,1.5229293124814427e-21,1.0319883720156877,0.5470046372016737
PDE,C2,7.72,1.212173761924707e-21,1.0319883720170586,0.5470046372027495
PDE,C2,7.76,9.6483914533917e-22,1.0319883720182688,0.547004637203698
PDE,C2,7.8,7.6798110044217015e-22,1.0319883720193381,0.5470046372045351
PDE,C2,7.84,6.113007067981203e-22,1.031988372020283,0.547004637205273
PDE,C2,7.88,4.866023948516989e-22,1.0319883720211174,0.5470046372059243
PDE,C2,7.92,3.8734106156163063e-22,1.0319883720218548,0.5470046372064994
PDE,C2,7.96,3.0834128841003385e-22,1.0319883720225063,0.5470046372070062
PDE,C2,8.0,2.454543923129297e-22,1.0319883720230825,0.5470046372074542
PDE,C4,0.0,0.5325000000000001,0.0,0.0
PDE,C4,0.04,0.44652594748246643,0.08697414236339068,0.004274189217826897
PDE,C4,0.08,0.3740954200579035,0.16700814653886903,0.015682629403356317
PDE,C4,0.12,0.3128635721742724,0.24095936943714377,0.03239094478007182
PDE,C4,0.16,0.2610054410910143,0.30948564999650435,0.052910113275986624
PDE,C4,0.2,0.2170971127796325,0.373055292070279,0.07602622444152195
PDE,C4,0.24,0.17999767390554283,0.4319943805931365,0.10074093689793137
PDE,C4,0.28,0.14873699815439592,0.4865803990646259,0.1262623863287542
PDE,C4,0.32,0.12247374223117019,0.5370727258643402,0.15197733684832357
PDE,C4,0.36,0.10048594230844499,0.5836982573020901,0.1774030406443275
PDE,C4,0.4,0.08215233969432373,0.6266550562272852,0.20216104758451964
PDE,C4,0.44,0.06693168263812552,0.6661300814117751,0.22596811103588432
PDE,C4,0.48,0.05434995022562237,0.7023103331305877,0.24862473858211998
PDE,C4,0.52,0.04399343529577194,0.7353848090358729,0.2699995372017687
PDE,C4,0.56,0.03550340652293308,0.7655431995743701,0.2900148850653048
PDE,C4,0.6,0.02857084930227945,0.7929744782921219,0.3086357195280094
PDE,C4,0.64,0.022931282256364156,0.8178656938323126,0.32586060879788115
PDE,C4,0.68,0.01835980546704745,0.8404007053043024,0.34171424045544635
PDE,C4,0.72,0.014666429889118574,0.8607588228106466,0.35624098506372953
PDE,C4,0.76,0.011691698402599064,0.8791134726918312,0.36949944976821314
PDE,C4,0.8,0.009302616639960468,0.8956310124062467,0.38155796596186464
PDE,C4,0.84,0.007388919436341746,0.9104697681400168,0.3924909226133025
PDE,C4,0.88,0.005859694386376272,0.9237793203014426,0.40237583708768865
PDE,C4,0.92,0.004640372135965831,0.9357000325173754,0.4112910559031234
PDE,C4,0.96,0.003670079759120547,0.9463628043727699,0.41931398805968617
PDE,C4,1.0,0.0028993422157145995,0.955889020669545,0.42651978513793126
PDE,C4,1.04,0.0022881085606370703,0.9643906666999401,0.4329803924650217
PDE,C4,1.08,0.0018040742725551812,0.9719705782863098,0.43876390432278123
PDE,C4,1.12,0.0014212683691438683,0.9787227963972446,0.44393416410649933
PDE,C4,1.16,0.0011188733390088182,0.9847329985122008,0.44855055796773763
PDE,C4,1.2,0.000880246814792061,0.9900789821119915,0.4526679578626951
PDE,C4,1.24,0.0006921158542250074,0.9948311792954663,0.4563367769524072
PDE,C4,1.28,0.0005439172778220983,0.9990531852152724,0.45960310678781674
PDE,C4,1.32,0.0004272604090022773,1.0028022865377535,0.46250891152588086
PDE,C4,1.36,0.00033549153279036585,1.0061299793085539,0.46509225949284966
PDE,C4,1.4000000000000001,0.0002633422648847988,1.009082468368811,0.46738757672980485
PDE,C4,1.44,0.00020664669703721947,1.0117011427954488,0.46942591076077184
PDE,C4,1.48,0.00016211459818942056,1.0140230237483845,0.4712351957803005
PDE,C4,1.52,0.00012715007923460743,1.0160811826341671,0.47284051284359446
PDE,C4,1.56,9.970697207884027e-05,1.0179051286865257,0.47426434053964583
PDE,C4,1.6,7.81737455747644e-05,1.019521165969584,0.47552679311471724
PDE,C4,1.6400000000000001,6.128210534220469e-05,1.0209527204772924,0.47664584416135447
PDE,C4,1.68,4.803452906758919e-05,1.022220638477281,0.477637534860074
PDE,C4,1.72,3.76469021878713e-05,1.0233434575676923,0.47851616641103023
PDE,C4,1.76,2.9503168539335806e-05,1.0243376521150138,0.4792944767670523
PDE,C4,1.8,2.3119522087588514e-05,1.025217854847312,0.47998380211527236
PDE,C4,1.84,1.8116162049363302e-05,1.025997056413538,0.4805942237831637
PDE,C4,1.8800000000000001,1.4195034477088612e-05,1.0266867847042151,0.4811347013911764
PDE,C4,1.92,1.1122305775074558e-05,1.0272972656766128,0.4816131931584659
PDE,C4,1.96,8.714572081890733e-06,1.0278375673500189,0.48203676430624026
PDE,C4,2.0,6.828015045702303e-06,1.0283157285429891,0.4824116845076578
PDE,C4,2.04,5.349879219069332e-06,1.0287388738212164,0.4827435153135674
PDE,C4,2.08,4.1917773031653855e-06,1.0291133160171881,0.4830371884473463
PDE,C4,2.12,3.2844334660925637e-06,1.0294446475747374,0.4832970758152229
PDE,C4,2.16,2.5735573704889544e-06,1.0297378218657476,0.48352705202522855
PDE,C4,2.2,2.016606752697006e-06,1.0299972255244263,0.48373055015137306
PDE,C4,2.24,1.5802479217116676e-06,1.030226742748005,0.4839106114222052
PDE,C4,2.2800000000000002,1.238364213794954e-06,1.030429812422197,0.4840699294562261
PDE,C4,2.32,9.704945034284269e-07,1.0306094788455662,0.4842108896118372
PDE,C4,2.36,7.606091301295321e-07,1.030768436749353,0.48433560396734904
PDE,C4,2.4,5.961504825641922e-07,1.030909071238101,0.4844459423976403
PDE,C4,2.44,4.6728112010476323e-07,1.03103349321146,0.484543560168386
PDE,C4,2.48,3.662946055494856e-07,1.0311435707685324,0.48462992242670017
PDE,C4,2.52,2.871538815880202e-07,1.0312409570426857,0.4847063259283468
PDE,C4,2.56,2.2512960884662667e-07,1.0313271148665157,0.48477391830638883
PDE,C4,2.6,1.7651683771342333e-07,1.0314033386232448,0.4848337151540455
PDE,C4,2.64,1.384130586372062e-07,1.0314707736018134,0.48488661516548215
PDE,C4,2.68,1.0854434100035892e-07,1.0315304331379826,0.4849334135520034
PDE,C4,2.72,8.512914530107249e-08,1.0315832137924634,0.484974813927525
PDE,C4,2.7600000000000002,6.677164729140956e-08,1.0316299087891168,0.48501143883594283
PDE,C4,2.8000000000000003,5.237817957885525e-08,1.0316712199113394,0.485043839074034
PDE,C4,2.84,4.1091781030122465e-08,1.0317077680324562,0.4850725019464582
PDE,C4,2.88,3.224092952963078e-08,1.0317401024361632,0.4850978585742443
PDE,C4,2.92,2.529938397793994e-08,1.0317687090653962,0.4851202903645359
PDE,C4,2.96,1.98547276179005e-08,1.0317940178223346,0.485140134737283
PDE,C4,3.0,1.5583726677626164e-08,1.0318164090283013,0.4851576901937621
PDE,C4,3.04,1.2233027141806993e-08,1.0318362191399455,0.4851732208022287
PDE,C4,3.08,9.604032690060422e-09,1.0318537458070984,0.48518696016745366
PDE,C4,3.12,7.541057655224073e-09,1.0318692523479478,0.4851991149433182
PDE,C4,3.16,5.922045299398254e-09,1.031882971708523,0.4852098679409024
PDE,C4,3.2,4.651295558649878e-09,1.0318951099658038,0.4852193808785318
PDE,C4,3.24,3.6537669022512636e-09,1.0319058494269882,0.4852277968149185
PDE,C4,3.2800000000000002,2.8706113219878936e-09,1.0319153513714017,0.4852352423018501
PDE,C4,3.3200000000000003,2.2556753724576943e-09,1.0319237584762193,0.4852418292886914
PDE,C4,3.36,1.7727580669029335e-09,1.0319311969624156,0.48524765680726795
PDE,C4,3.4,1.3934617632651849e-09,1.0319377784931982,0.485252812462426
PDE,C4,3.44,1.0955076810296578e-09,1.0319436018534422,0.48525737375065325
PDE,C4,3.48,8.614154950225813e-10,1.0319487544353865,0.4852614092265755
PDE,C4,3.52,6.774682326932939e-10,1.0319533135529233,0.48526497953486675
PDE,C4,3.56,5.329007601397977e-10,1.0319573476042565,0.48526813832308374
PDE,C4,3.6,4.192635043876093e-10,1.0319609171004116,0.48527093304916896
PDE,C4,3.64,3.299235260163507e-10,1.03196407557508,0.4852734056957563
PDE,C4,3.68,2.5967325583785534e-10,1.0319668703894818,0.485275593402049
PDE,C4,3.72,2.0442363228503972e-10,1.03196934344436,0.4852775290227575
PDE,C4,3.7600000000000002,1.609634084264303e-10,1.0319715318098295,0.48527924162253927
PDE,C4,3.8000000000000003,1.2677034033547388e-10,1.031973468282545,0.4852807569133587
PDE,C4,3.84,9.986305731814688e-11,1.0319751818785912,0.48528209764137803
PDE,C4,3.88,7.868483552279934e-11,1.0319766982694973,0.48528328392918146
PDE,C4,3.92,6.201239286306482e-11,1.031978040167953,0.4852843335785108
PDE,C4,3.96,4.8884310041833196e-11,1.0319792276690178,0.48528526233804825
PDE,C4,4.0,3.854484728692269e-11,1.031980278551971,0.4852860841403018
PDE,C4,4.04,3.039983967754326e-11,1.0319812085473352,0.4852868113111432
PDE,C4,4.08,2.398206970219494e-11,1.0319820315730999,0.48528745475516766
PDE,C4,4.12,1.8924076827174016e-11,1.0319827599436917,0.48528802411965427
PDE,C4,4.16,1.4936803773187424e-11,1.031983404554843,0.48528852793961325
PDE,C4,4.2,1.1792824119283762e-11,1.0319839750471365,0.4852889737660853
PDE,C4,4.24,9.31316636144085e-12,1.0319844799506852,0.4852893682796399
PDE,C4,4.28,7.356961624352196e-12,1.0319849268131296,0.48528971739077653
PDE,C4,4.32,5.8133086193813515e-12,1.0319853223128699,0.48529002632874074
PDE,C4,4.36,4.59487989663444e-12,1.0319856723592435,0.4852902997200868
PDE,C4,4.4,3.6328958226204122e-12,1.0319859821811483,0.485290541658183
PDE,C4,4.44,2.873173016762682e-12,1.03198625640545,0.4852907557646958
PDE,C4,4.48,2.273016999843131e-12,1.0319864991263454,0.48529094524397653
PDE,C4,4.5200000000000005,1.798778233655342e-12,1.0319867139667331,0.4852911129311781
PDE,C4,4.5600000000000005,1.4239295755586437e-12,1.031986904132507,0.4852912613348209
PDE,C4,4.6000000000000005,1.1275536074247346e-12,1.0319870724605906,0.48529139267444654
PDE,C4,4.64,8.931522176951834e-13,1.0319872214614354,0.485291508913928
PDE,C4,4.68,7.077095941600601e-13,1.0319873533566226,0.4852916117909437
PDE,C4,4.72,5.609545332279543e-13,1.0319874701121272,0.4852917028430434
PDE,C4,4.76,4.4477953730078466e-13,1.031987573467754,0.48529178343071433
PDE,C4,4.8,3.5278328319403616e-13,1.0319876649631745,0.48529185475778763
PDE,C4,4.84,2.7991017144347624e-13,1.0319877459609736,0.4852919178894882
PDE,C4,4.88,2.2216630046098861e-13,1.0319878176670305,0.4852919737684039
PDE,C4,4.92,1.7639560225229643e-13,1.0319878811485597,0.4852920232286173
PDE,C4,4.96,1.4010335878157036e-13,1.0319879373500682,0.4852920670082048
PDE,C4,5.0,1.1131703300747652e-13,1.0319879871074806,0.4852921057602945
PDE,C4,5.04,8.847650168399403e-14,1.0319880311606293,0.48529214006285337
PDE,C4,5.08,7.034745122985358e-14,1.031988070164315,0.4852921704273416
PDE,C4,5.12,5.5953035828258847e-14,1.0319881046980863,0.4852921973063715
PDE,C4,5.16,4.4519928499329026e-14,1.0319881352748985,0.4852922211004871
PDE,C4,5.2,3.543572516520764e-14,1.0319881623487717,0.4852922421641545
PDE,C4,5.24,2.8215301038718012e-14,1.0319881863215705,0.4852922608110723
PDE,C4,5.28,2.2474232884666544e-14,1.0319882075490003,0.48529227731885904
PDE,C4,5.32,1.7907794930206392e-14,1.0319882263459146,0.4852922919332105
PDE,C4,5.36,1.427435504601128e-14,1.0319882429910137,0.48529230487157216
PDE,C4,5.4,1.1382247531626783e-14,1.0319882577309976,0.48529231632639175
PDE,C4,5.44,9.079388100815686e-15,1.0319882707842483,0.485292326467993
PDE,C4,5.48,7.245059249832727e-15,1.0319882823440794,0.4852923354471245
PDE,C4,5.5200000000000005,5.783407072749337e-15,1.031988292581621,0.48529234339721034
PDE,C4,5.5600000000000005,4.618294211530676e-15,1.0319883016483662,0.48529235043634167
PDE,C4,5.6000000000000005,3.689222869730399e-15,1.0319883096784275,0.4852923566690433
PDE,C4,5.64,2.948105299117948e-15,1.031988316790533,0.4852923621878314
PDE,C4,5.68,2.3567044606383973e-15,1.0319883230897946,0.4852923670745967
PDE,C4,5.72,1.884605354582253e-15,1.0319883286692701,0.48529237140182235
PDE,C4,5.76,1.5076062214988021e-15,1.0319883336113478,0.48529237523367164
PDE,C4,5.8,1.2064422906357325e-15,1.0319883379889716,0.48529237862693847
PDE,C4,5.84,9.657732187056683e-16,1.031988341866725,0.4852923816318989
PDE,C4,5.88,7.733792010992442e-16,1.0319883453017902,0.48529238429305543
PDE,C4,5.92,6.195226670217306e-16,1.0319883483447982,0.4852923866498058
PDE,C4,5.96,4.964412759826951e-16,1.0319883510405792,0.4852923887370253
PDE,C4,6.0,3.979449748161922e-16,1.0319883534288297,0.4852923905855897
PDE,C4,6.04,3.1909577428984273e-16,1.0319883555446991,0.4852923922228314
PDE,C4,6.08,2.559530551076537e-16,1.031988357419314,0.4852923936729478
PDE,C4,6.12,2.0537097997674257e-16,1.0319883590802377,0.48529239495736387
PDE,C4,6.16,1.6483733224090063e-16,1.0319883605518776,0.48529239609504476
PDE,C4,6.2,1.3234512334797623e-16,1.03198836185585,0.4852923971027849
PDE,C4,6.24,1.062904648170642e-16,1.031988363011297,0.48529239799545054
PDE,C4,6.28,8.539110958936619e-17,1.0319883640351721,0.48529239878620656
PDE,C4,6.32,6.862163406019519e-17,1.0319883649424897,0.48529239948670766
PDE,C4,6.36,5.516167570253563e-17,1.0319883657465472,0.4852924001072764
PDE,C4,6.4,4.435470539727402e-17,1.0319883664591232,0.48529240065704915
PDE,C4,6.44,3.5675146458795624e-17,1.0319883670906485,0.48529240114411865
PDE,C4,6.48,2.8702086757460006e-17,1.0319883676503632,0.48529240157565057
PDE,C4,6.5200000000000005,2.3098330932035166e-17,1.0319883681464526,0.48529240195798967
PDE,C4,6.5600000000000005,1.8593663449639704e-17,1.031988368586166,0.48529240229675574
PDE,C4,6.6000000000000005,1.4971469499293504e-17,1.0319883689759244,0.485292402596924
PDE,C4,6.640000000000001,1.2058038123063349e-17,1.031988369321418,0.4852924028629019
PDE,C4,6.68,9.714031233701719e-18,1.0319883696276855,0.48529240309859156
PDE,C4,6.72,7.827635212088426e-18,1.0319883698991923,0.48529240330744944
PDE,C4,6.76,6.309106263862721e-18,1.0319883701398926,0.4852924034925378
PDE,C4,6.8,5.0863816250794416e-18,1.031988370353292,0.4852924036565661
PDE,C4,6.84,4.101583485731553e-18,1.0319883705424941,0.48529240380193744
PDE,C4,6.88,3.3082117058383007e-18,1.031988370710251,0.4852924039307779
PDE,C4,6.92,2.6689010174660453e-18,1.0319883708589985,0.4852924040449726
PDE,C4,6.96,2.153606524045423e-18,1.031988370990898,0.48529240414618896
PDE,C4,7.0,1.7381727112122342e-18,1.0319883711078617,0.4852924042359063
PDE,C4,7.04,1.4031687238488895e-18,1.0319883712115867,0.48529240431543413
PDE,C4,7.08,1.132962086811733e-18,1.031988371303575,0.4852924043859327
PDE,C4,7.12,9.149697092280992e-19,1.0319883713851588,0.485292404448429
PDE,C4,7.16,7.39064262423857e-19,1.031988371457518,0.48529240450383443
PDE,C4,7.2,5.970893671449191e-19,1.0319883715216989,0.4852924045529554
PDE,C4,7.24,4.824769762798254e-19,1.0319883715786289,0.4852924045965058
PDE,C4,7.28,3.899341514684337e-19,1.0319883716291296,0.4852924046351204
PDE,C4,7.32,3.1519704402875956e-19,1.0319883716739284,0.4852924046693593
PDE,C4,7.36,2.548274812646514e-19,1.0319883717136726,0.48529240469971896
PDE,C4,7.4,2.0605464613026952e-19,1.0319883717489329,0.48529240472664176
PDE,C4,7.44,1.6664357143439475e-19,1.0319883717802176,0.48529240475051705
PDE,C4,7.48,1.3479159154290976e-19,1.0319883718079763,0.48529240477169056
PDE,C4,7.5200000000000005,1.0904422484432922e-19,1.0319883718326075,0.4852924047904684
PDE,C4,7.5600000000000005,8.822804997244116e-20,1.031988371854465,0.485292404807124
PDE,C4,7.6000000000000005,7.139592185464052e-20,1.031988371873862,0.48529240482189706
PDE,C4,7.640000000000001,5.778308808311514e-20,1.0319883718910763,0.4852924048349999
PDE,C4,7.68,4.6772160495546335e-20,1.0319883719063547,0.4852924048466243
PDE,C4,7.72,3.786436950374171e-20,1.0319883719199157,0.4852924048569349
PDE,C4,7.76,3.0657134374160184e-20,1.0319883719319525,0.4852924048660828
PDE,C4,7.8,2.4824724146829405e-20,1.0319883719426375,0.48529240487419867
PDE,C4,7.84,2.0104348932046296e-20,1.031988371952123,0.485292404881399
PDE,C4,7.88,1.6283461816770253e-20,1.0319883719605443,0.48529240488778796
PDE,C4,7.92,1.3190304425075971e-20,1.0319883719680205,0.4852924048934574
PDE,C4,7.96,1.068582038241792e-20,1.031988371974659,0.48529240489848846
PDE,C4,8.0,8.657858732253852e-21,1.0319883719805534,0.4852924049029523
PDE,L2,0.0,0.5325000000000001,0.0,0.0
PDE,L2,0.04,0.444272913943077,0.08936128357410417,0.00489979198951962
PDE,L2,0.08,0.36999806148706654,0.17175809880171553,0.018013459820323905
PDE,L2,0.12,0.3071542452572109,0.24821002930910183,0.03735201291572098
PDE,L2,0.16,0.25389715402379026,0.3193914957730784,0.061312792141761004
PDE,L2,0.2,0.20881484744220377,0.3857456197397946,0.08857021533365338
PDE,L2,0.24,0.170775890606795,0.44756405595776905,0.11801082771781359
PDE,L2,0.28,0.13883496804488507,0.5050444128726819,0.1486946776301961
PDE,L2,0.32,0.1121752525345242,0.558331845556013,0.1798320038066637
PDE,L2,0.36,0.09007449929563077,0.607548743115155,0.21076825707625144
PDE,L2,0.4,0.07188620126663207,0.6528150573899151,0.24097302730568176
PDE,L2,0.44,0.05702984100568832,0.6942611418381552,0.2700301822237009
PDE,L2,0.48,0.04498611827833038,0.7320346480021899,0.2976277591600162
PDE,L2,0.52,0.035294395561721995,0.7663028603347543,0.3235470243631756
PDE,L2,0.56,0.027550646770017763,0.7972517248246641,0.347650697707144
PDE,L2,0.6,0.021404980997347868,0.8250826882131358,0.3698706827018931
PDE,L2,0.64,0.01655837388138771,0.8500082968468087,0.39019579162916374
PDE,L2,0.68,0.012758602781463275,0.8722473141778606,0.40865996532189847
PDE,L2,0.72,0.009795583750152747,0.8920199202238832,0.42533140783805234
PDE,L2,0.76,0.007496388960343541,0.909543372453473,0.4403029329350698
PDE,L2,0.8,0.005720223276112564,0.9250283488776241,0.45368368633820155
PDE,L2,0.84,0.004353593055501516,0.9386760678495392,0.4655922880917325
PDE,L2,0.88,0.0033058357386969556,0.9506761867328498,0.47615134483163307
PDE,L2,0.92,0.0025051131153339054,0.9612054204737132,0.48548321632894603
PDE,L2,0.96,0.0018949144359937933,0.9704267860181567,0.4937068823164996
PDE,L2,1.0,0.0014310719649704687,0.9784893633456622,0.5009357396537172
PDE,L2,1.04,0.0010792615862694989,0.9855284627234814,0.507276160502094
PDE,L2,1.08,0.0008129429908814849,0.9916660955322203,0.5128266537952467
PDE,L2,1.12,0.0006116852385653899,0.9970116586723297,0.5176774901934968
PDE,L2,1.16,0.00045982145633542216,1.0016627572329084,0.5219106713333596
PDE,L2,1.2,0.0003453787839836048,1.0057061048504388,0.5256001450258586
PDE,L2,1.24,0.0002592345645174824,1.0092184548332217,0.5288121875568143
PDE,L2,1.28,0.0001944558629401461,1.0122675270689363,0.5316058915421422
PDE,L2,1.32,0.00014578577436210759,1.014912905746203,0.534033712543075
PDE,L2,1.36,0.0001092460902486606,1.0172068910294103,0.5361420398337446
PDE,L2,1.4000000000000001,8.183142024862497e-05,1.019195294192324,0.5379717665178638
PDE,L2,1.44,6.127468015572769e-05,1.0209181705699324,0.5395588418945187
PDE,L2,1.48,4.586792855165951e-05,1.0224104882788299,0.5409347948936954
PDE,L2,1.52,3.43259051869204e-05,1.023702733224511,0.5421272218546235
PDE,L2,1.56,2.56823665000025e-05,1.0248214526753798,0.5431602351925429
PDE,L2,1.6,1.9211514400525237e-05,1.0257897408236882,0.5440548718433594
PDE,L2,1.6400000000000001,1.4368560825604681e-05,1.0266276704268649,0.5448294620023141
PDE,L2,1.68,1.0744843683212852e-05,1.0273526749530257,0.5454999597554756
PDE,L2,1.72,8.033981159252065e-06,1.0279798857398366,0.5460802378802845
PDE,L2,1.76,6.006381948955394e-06,1.0285224285920398,0.5465823494726119
PDE,L2,1.8,4.490069425245107e-06,1.0289916840473456,0.5470167592272015
PDE,L2,1.84,3.3562693541934314e-06,1.029397515275707,0.5473925472202692
PDE,L2,1.8800000000000001,2.5085866511977144e-06,1.0297484672745407,0.5477175879655926
PDE,L2,1.92,1.874883134704674e-06,1.0300519407043305,0.5479987073744631
PDE,L2,1.96,1.4011859382229927e-06,1.0303143433908284,0.5482418200711804
PDE,L2,2.0,1.0471212943660445e-06,1.030541222211935,0.548452049318035
PDE,L2,2.04,7.824932836834926e-07,1.0307373777959665,0.5486338315998157
PDE,L2,2.08,5.847214586873653e-07,1.0309069641870703,0.548791007716609
PDE,L2,2.12,4.369223814118901e-07,1.0310535753850176,0.5489269020407308
PDE,L2,2.16,3.264736833463433e-07,1.0311803204408616,0.5490443914125329
PDE,L2,2.2,2.4393955857899687e-07,1.031289888586653,0.5491459649825338
PDE,L2,2.24,1.8226689184146633e-07,1.031384605695493,0.5492337761544909
PDE,L2,2.2800000000000002,1.3618397084307695e-07,1.0314664832063218,0.5493096876459019
PDE,L2,2.32,1.017508031246394e-07,1.0315372605044415,0.549375310558315
PDE,L2,2.36,7.602286050631028e-08,1.0315984416221695,0.549432038239186
PDE,L2,2.4,5.679967102327413e-08,1.031651327012648,0.5494810756187165
PDE,L2,2.44,4.243686862031044e-08,1.0316970410520923,0.5495234646182219
PDE,L2,2.48,3.1705696109126314e-08,1.0317365558401512,0.5495601061500258
PDE,L2,2.52,2.368798878959746e-08,1.0317707117932522,0.5495917791615641
PDE,L2,2.56,1.7697683922975273e-08,1.0318002354605056,0.549619157117459
PDE,L2,2.6,1.3222159411107086e-08,1.031825754934864,0.5496428222616867
PDE,L2,2.64,9.878394429213004e-09,1.03184781318269,0.549663277956956
PDE,L2,2.68,7.380208393342943e-09,1.0318668795718366,0.5496809593591006
PDE,L2,2.72,5.513779667870127e-09,1.0318833598409087,0.5496962426500956
PDE,L2,2.7600000000000002,4.119352066229153e-09,1.0318976047198953,0.5497094530235499
PDE,L2,2.8000000000000003,3.077565530799335e-09,1.0319099173841748,0.549720871590634
PDE,L2,2.84,2.2992423576777605e-09,1.03192055989943,0.5497307413519559
PDE,L2,2.88,1.7177555806455105e-09,1.0319297587938443,0.5497392723613941
PDE,L2,2.92,1.2833268204852128e-09,1.031937709875557,0.5497466461909792
PDE,L2,2.96,9.587658492402e-10,1.031944582397481,0.549753019791231
PDE,L2,3.0,7.162873946676974e-10,1.0319505226577796,0.5497585288286931
PDE,L2,3.04,5.35132835115965e-10,1.031955657112411,0.549763290571353
PDE,L2,3.08,3.9979328213316573e-10,1.0319600950657921,0.5497674063831072
PDE,L2,3.12,2.986819929265247e-10,1.0319639309967295,0.5497709638802154
PDE,L2,3.16,2.2314249822165328e-10,1.031967246569024,0.5497740387954647
PDE,L2,3.2,1.6670755582878152e-10,1.0319701123694769,0.5497766965896631
PDE,L2,3.24,1.2454550414161264e-10,1.0319725894102323,0.5497789938446641
PDE,L2,3.2800000000000002,9.30466268229143e-11,1.0319747304274016,0.5497809794675359
PDE,L2,3.3200000000000003,6.951412265195666e-11,1.0319765810035852,0.5497826957314528
PDE,L2,3.36,5.193322761675787e-11,1.0319781805381616,0.5497841791754524
PDE,L2,3.4,3.879872545622943e-11,1.031979563085983,0.5497854613821761
PDE,L2,3.44,2.898608066560648e-11,1.0319807580823264,0.5497865696501365
PDE,L2,3.48,2.165516220152069e-11,1.0319817909695144,0.5497875275748197
PDE,L2,3.52,1.617831568303846e-11,1.0319826837385482,0.5497883555509687
PDE,L2,3.56,1.2086626464783606e-11,1.0319834553972735,0.5497890712067475
PDE,L2,3.6,9.029773063508963e-12,1.0319841223750434,0.549789689779016
PDE,L2,3.64,6.7460338989756215e-12,1.0319846988724952,0.5497902244377064
PDE,L2,3.68,5.039879557449084e-12,1.0319851971638774,0.5497906865661989
PDE,L2,3.72,3.7652321465073455e-12,1.0319856278583703,0.5497910860036673
PDE,L2,3.7600000000000002,2.812958496930436e-12,1.0319860001259582,0.5497914312545571
PDE,L2,3.8000000000000003,2.101526458255523e-12,1.0319863218926615,0.5497917296696372
PDE,L2,3.84,1.5700243026689882e-12,1.0319866000092854,0.5497919876025048
PDE,L2,3.88,1.1729455882454705e-12,1.0319868403972798,0.5497922105448555
PDE,L2,3.92,8.762929923831743e-13,1.0319870481748097,0.5497924032434006
PDE,L2,3.96,6.546675199744753e-13,1.0319872277657265,0.5497925698009296
PDE,L2,4.0,4.890938897715219e-13,1.031987382993754,0.549792713763663
PDE,L2,4.04,3.6539589820978485e-13,1.031987517163902,0.5497928381967502
PDE,L2,4.08,2.729826768023897e-13,1.031987633132831,0.5497929457495349
PDE,L2,4.12,2.039419178149552e-13,1.0319877333696754,0.5497930387119552
PDE,L2,4.16,1.5236243410003074e-13,1.0319878200086126,0.5497931190633044
PDE,L2,4.2,1.1382805068160419e-13,1.0319878948943033,0.5497931885143714
PDE,L2,4.24,8.503949825937112e-14,1.0319879596211659,0.5497932485438607
PDE,L2,4.28,6.35319338654259e-14,1.0319880155673238,0.5497933004298827
PDE,L2,4.32,4.7463903915197344e-14,1.031988063923948,0.5497933452771618
PDE,L2,4.36,3.545968173762446e-14,1.0319881057206177,0.5497933840405581
PDE,L2,4.4,2.6491479243392368e-14,1.0319881418472407,0.5497934175453959
PDE,L2,4.44,1.979144845434601e-14,1.031988173073005,0.5497934465050396
PDE,L2,4.48,1.4785940303597513e-14,1.0319882000627492,0.5497934715360817
PDE,L2,4.5200000000000005,1.1046388553378768e-14,1.0319882233911224,0.549793493171466
PDE,L2,4.5600000000000005,8.252616798229328e-15,1.0319882435548187,0.549793511871841
PDE,L2,4.6000000000000005,6.165425367640713e-15,1.031988260983151,0.5497935280353639
PDE,L2,4.64,4.606111094173522e-15,1.0319882760471928,0.549793542006177
PDE,L2,4.68,3.4411671375309304e-15,1.0319882890676795,0.5497935540817399
PDE,L2,4.72,2.5708523126493565e-15,1.0319883003218342,0.549793564519158
PDE,L2,4.76,1.9206511202707567e-15,1.0319883100492748,0.5497935735406586
PDE,L2,4.8,1.4348940904349027e-15,1.0319883184571108,0.549793581338321
PDE,L2,4.84,1.071991159019794e-15,1.031988325724358,0.5497935880781691
PDE,L2,4.88,8.008710003040986e-16,1.0319883320057457,0.5497935939037037
PDE,L2,4.92,5.983205429362531e-16,1.0319883374350143,0.5497935989389598
PDE,L2,4.96,4.469976861302429e-16,1.0319883421277594,0.549793603291143
PDE,L2,5.0,3.339462959893629e-16,1.0319883461838968,0.549793607052918
PDE,L2,5.04,2.4948704367218817e-16,1.0319883496897868,0.5497936103043792
PDE,L2,5.08,1.8638859844045013e-16,1.0319883527200757,0.5497936131147532
PDE,L2,5.12,1.3924855774478976e-16,1.031988355339282,0.5497936155438788
PDE,L2,5.16,1.0403083120310866e-16,1.031988357603172,0.549793617643474
PDE,L2,5.2,7.77201118797691e-17,1.031988359559948,0.5497936194582421
PDE,L2,5.24,5.806370626471033e-17,1.0319883612512717,0.5497936210268234
PDE,L2,5.28,4.337865862719831e-17,1.0319883627131539,0.5497936223826136
PDE,L2,5.32,3.240764528811813e-17,1.0319883639767204,0.5497936235544809
PDE,L2,5.36,2.4211341833788614e-17,1.031988365068874,0.5497936245673744
PDE,L2,5.4,1.8087984707909503e-17,1.0319883660128686,0.5497936254428617
PDE,L2,5.44,1.3513303493588552e-17,1.0319883668288026,0.5497936261995822
PDE,L2,5.48,1.009561797118127e-17,1.0319883675340489,0.5497936268536473
PDE,L2,5.5200000000000005,7.542307980724964e-18,1.0319883681436228,0.5497936274189831
PDE,L2,5.5600000000000005,5.634761951622965e-18,1.0319883686705036,0.5497936279076273
PDE,L2,5.6000000000000005,4.209660456891366e-18,1.031988369125908,0.5497936283299824
PDE,L2,5.64,3.1449825332809845e-18,1.0319883695195344,0.5497936286950419
PDE,L2,5.68,2.349576813646819e-18,1.0319883698597616,0.5497936290105782
PDE,L2,5.72,1.755338895274958e-18,1.0319883701538344,0.5497936292833092
PDE,L2,5.76,1.3113915679262774e-18,1.031988370408014,0.5497936295190429
PDE,L2,5.8,9.797236999227413e-19,1.031988370627712,0.5497936297227971
PDE,L2,5.84,7.319393052951894e-19,1.0319883708176063,0.54979362989891
PDE,L2,5.88,5.468223752024681e-19,1.03198837098174,0.5497936300511318
PDE,L2,5.92,4.085240791373146e-19,1.0319883711236075,0.5497936301827046
PDE,L2,5.96,3.0520329279713014e-19,1.0319883712462294,0.5497936302964276
PDE,L2,6.0,2.2801337574580643e-19,1.031988371352217,0.5497936303947234
PDE,L2,6.04,1.7034600094909717e-19,1.0319883714438265,0.5497936304796842
PDE,L2,6.08,1.272634664513706e-19,1.031988371523008,0.5497936305531195
PDE,L2,6.12,9.507668220231763e-20,1.031988371591449,0.5497936306165936
PDE,L2,6.16,7.103062042370669e-20,1.0319883716506046,0.5497936306714559
PDE,L2,6.2,5.306613441382453e-20,1.0319883717017353,0.5497936307188757
PDE,L2,6.24,3.964492704306715e-20,1.0319883717459302,0.5497936307598635
PDE,L2,6.28,2.9618313715667624e-20,1.031988371784129,0.5497936307952904
PDE,L2,6.32,2.2127466921779305e-20,1.031988371817146,0.5497936308259115
PDE,L2,6.36,1.6531177133376196e-20,1.0319883718456841,0.5497936308523779
PDE,L2,6.4,1.235020621238501e-20,1.031988371870351,0.5497936308752555
PDE,L2,6.44,9.226660400946075e-21,1.0319883718916718,0.5497936308950281
PDE,L2,6.48,6.893128827057785e-21,1.0319883719100997,0.5497936309121185
PDE,L2,6.5200000000000005,5.1497544044184866e-21,1.0319883719260283,0.5497936309268917
PDE,L2,6.5600000000000005,3.847318515705395e-21,1.0319883719397955,0.5497936309396597
PDE,L2,6.6000000000000005,2.874290248340564e-21,1.0319883719516953,0.5497936309506963
PDE,L2,6.640000000000001,2.1473533063319963e-21,1.0319883719619807,0.549793630960235
PDE,L2,6.68,1.6042565394888674e-21,1.031988371970871,0.5497936309684804
PDE,L2,6.72,1.1985031038360187e-21,1.0319883719785554,0.5497936309756075
PDE,L2,6.76,8.953937741132748e-22,1.031988371985197,0.5497936309817669
PDE,L2,6.8,6.689334525168314e-22,1.031988371990938,0.5497936309870906
PDE,L2,6.84,4.9975897087598975e-22,1.0319883719958995,0.5497936309916923
PDE,L2,6.88,3.7335617253344624e-22,1.0319883720001886,0.5497936309956697
PDE,L2,6.92,2.7893378006909375e-22,1.0319883720038956,0.5497936309991083
PDE,L2,6.96,2.08388017240086e-22,1.0319883720070997,0.5497936310020798
PDE,L2,7.0,1.5568201462889797e-22,1.0319883720098693,0.5497936310046478
PDE,L2,7.04,1.1630507344189234e-22,1.0319883720122631,0.5497936310068684
PDE,L2,7.08,8.688873417751907e-23,1.0319883720143324,0.5497936310087874
PDE,L2,7.12,6.491623698709582e-23,1.0319883720161203,0.5497936310104453
PDE,L2,7.16,4.8497607508338295e-23,1.0319883720176661,0.5497936310118795
PDE,L2,7.2,3.6231760236660616e-23,1.0319883720190022,0.5497936310131185
PDE,L2,7.24,2.7067548542218486e-23,1.031988372020157,0.5497936310141894
PDE,L2,7.28,2.0223198059139953e-23,1.031988372021155,0.5497936310151151
PDE,L2,7.32,1.5108843994358416e-23,1.0319883720220178,0.5497936310159148
PDE,L2,7.36,1.1287629194710243e-23,1.0319883720227634,0.5497936310166066
PDE,L2,7.4,8.432885328585706e-24,1.031988372023408,0.5497936310172048
PDE,L2,7.44,6.2993488583450585e-24,1.0319883720239653,0.5497936310177213
PDE,L2,7.48,4.705591915423438e-24,1.031988372024447,0.5497936310181681
PDE,L2,7.5200000000000005,3.515831183263913e-24,1.031988372024863,0.549793631018554
PDE,L2,7.5600000000000005,2.6267529079315095e-24,1.0319883720252225,0.5497936310188876
PDE,L2,7.6000000000000005,1.9622202469515564e-24,1.0319883720255336,0.5497936310191752
PDE,L2,7.640000000000001,1.4661266440278471e-24,1.0319883720258023,0.5497936310194252
PDE,L2,7.68,1.0952150146524324e-24,1.0319883720260348,0.5497936310196402
PDE,L2,7.72,8.181688211869223e-25,1.0319883720262355,0.549793631019827
PDE,L2,7.76,6.113230376615434e-25,1.031988372026409,0.5497936310199873
PDE,L2,7.8,4.5675922171160895e-25,1.031988372026559,0.5497936310201272
PDE,L2,7.84,3.4120348205590116e-25,1.0319883720266887,0.549793631020247
PDE,L2,7.88,2.547646091971086e-25,1.031988372026801,0.5497936310203508
PDE,L2,7.92,1.9044803387436503e-25,1.0319883720268976,0.5497936310204409
PDE,L2,7.96,1.4220894300106728e-25,1.0319883720269813,0.5497936310205184
PDE,L2,8.0,1.0629053288677604e-25,1.0319883720270537,0.549793631020585
dense,C0,0.0,0.5082503817917482,0.0,0.0
dense,C0,0.04,0.3964346104061552,0.11779418124970656,0.014071079656531975
dense,C0,0.08,0.30758628228206397,0.22390496565461193,0.04656058612975814
dense,C0,0.12,0.23636950367328044,0.32068112999539694,0.09186921879068806
dense,C0,0.16,0.1793720745735207,0.4092948821443626,0.14569854854164205
dense,C0,0.2,0.13415733545293126,0.4902618955661895,0.20453716709891784
dense,C0,0.24,0.09878647239079313,0.5637660961570939,0.2654295900277354
dense,C0,0.28,0.07158874454432948,0.6298744931968739,0.3259132600546635
dense,C0,0.32,0.05106916114952072,0.6886759746939003,0.38402185095369185
dense,C0,0.36,0.035888122982361714,0.7403600105583528,0.4382956249459832
dense,C0,0.4,0.02487063635140618,0.7852471569179592,0.48776839496257796
dense,C0,0.44,0.017019056344490628,0.8237839039523005,0.5319220790150779
dense,C0,0.48,0.011516468509032157,0.8565151089188311,0.5706142153701084
dense,C0,0.52,0.007717485601659949,0.8840462350296254,0.6039908668560573
dense,C0,0.56,0.005128921245779506,0.9070049396467363,0.632398227097856
dense,C0,0.6,0.0033849561332265125,0.9260081233591758,0.6563032508223292
dense,C0,0.64,0.0022212062312790604,0.9416373165172541,0.6762291989412683
dense,C0,0.68,0.0014508022317925276,0.9544228331569369,0.6927078913064086
dense,C0,0.72,0.0009441203041642504,0.9648356308938161,0.7062475641772324
dense,C0,0.76,0.0006126419382793777,0.9732851505948823,0.7173136709927599
dense,C0,0.8,0.00039669411495058324,0.9801213173112644,0.7263194734266271
dense,C0,0.84,0.0002564712017976474,0.9856391103181988,0.7336234525854028
dense,C0,0.88,0.0001656458058826395,0.9900844628171449,0.7395310809007214
dense,C0,0.92,0.00010692359389816392,0.9936606118566002,0.7442990943955805
dense,C0,0.96,6.900538293164505e-05,0.9965343272394058,0.748140958272421
dense,C0,1.0,4.454014529489865e-05,0.9988416851693187,0.7512326690335549
dense,C0,1.04,2.8761052063262208e-05,1.0006932205134162,0.7537183731098461
dense,C0,1.08,1.8584624401670014e-05,1.002178402624321,0.7557155178812804
dense,C0,1.12,1.2019862381917584e-05,1.003369447712515,0.757319406905901
dense,C0,1.16,7.782780984036198e-06,1.0043245185360379,0.7586071282799068
dense,C0,1.2,5.045997078960502e-06,1.0050903798739659,0.7596408812851473
dense,C0,1.24,3.2765701302564587e-06,1.0057045833897127,0.7604707556720177
dense,C0,1.28,2.131244219168726e-06,1.006197253300808,0.7611370300644289
dense,C0,1.32,1.3888901320530303e-06,1.006592538217887,0.7616720579295885
dense,C0,1.36,9.069901257998526e-07,1.006909786786228,0.7621018058634279
dense,C0,1.4000000000000001,5.936304731028528e-07,1.0071644966705589,0.7624471024801729
dense,C0,1.44,3.8948240425007007e-07,1.007369078701684,0.7627246487113893
dense,C0,1.48,2.56210325845782e-07,1.0075334710178927,0.7629478328234284
dense,C0,1.52,1.690134912770005e-07,1.0076656319275095,0.7631273864882003
dense,C0,1.56,1.1182530090791836e-07,1.0077719350041685,0.7632719120356887
dense,C0,1.6,7.422140033421234e-08,1.00785748554686,0.7633883056515829
dense,C0,1.6400000000000001,4.94267929937512e-08,1.0079263739034778,0.7634820967382101
dense,C0,1.68,3.303011785585022e-08,1.0079818781697905,0.7635577198618096
dense,C0,1.72,2.215325211718454e-08,1.0080266263374345,0.76361873257395
dense,C0,1.76,1.4914324969086627e-08,1.0080627259845238,0.7636679898255164
dense,C0,1.8,1.0079988189349913e-08,1.0080918680012225,0.7637077835988759
dense,C0,1.84,6.8398973269867235e-09,1.0081154095517864,0.7637399546870732
dense,C0,1.8800000000000001,4.6602076886029865e-09,1.0081344404365342,0.7637659821782589
dense,C0,1.92,3.1882278293283776e-09,1.0081498361840313,0.7637870550993603
dense,C0,1.96,2.190244953996218e-09,1.008162300536007,0.7638041297854034
dense,C0,2.0,1.5108955546131375e-09,1.0081723994529481,0.7638179758285671
dense,C0,2.04,1.0465548976888532e-09,1.0081805883406931,0.7638292128901139
dense,C0,2.08,7.278658728253785e-10,1.0081872338565236,0.7638383402011474
dense,C0,2.12,5.082385435945021e-10,1.0081926313801302,0.763845760212325
dense,C0,2.16,3.562590672078132e-10,1.008197019016628,0.7638517975600576
dense,C0,2.2,2.506644354943305e-10,1.0082005888245755,0.7638567142828111
dense,C0,2.24,1.7700552975352596e-10,1.0082034958227883,0.7638607220341534
dense,C0,2.2800000000000002,1.254241011128121e-10,1.0082058652186228,0.7638639918897325
dense,C0,2.32,8.916681376226364e-11,1.0082077982116717,0.7638666622259586
dense,C0,2.36,6.358846664552691e-11,1.0082093766559304,0.7638688450526921
dense,C0,2.4,4.5480910676300855e-11,1.0082106668068818,0.763870631105956
dense,C0,2.44,3.2619537688583855e-11,1.0082117223347153,0.7638720939456788
dense,C0,2.48,2.3455617554681446e-11,1.00821258674874,0.7638732932547136
dense,C0,2.52,1.6906756442043957e-11,1.008213295349162,0.7638742774963649
dense,C0,2.56,1.2213613054416116e-11,1.0082138767992987,0.7638750860564536
dense,C0,2.6,8.841527660615944e-12,1.0082143543928042,0.7638757509709756
dense,C0,2.64,6.412713871418363e-12,1.0082147470757203,0.7638762983204189
dense,C0,2.68,4.659330405345e-12,1.008215070271317,0.7638767493558087
dense,C0,2.72,3.390874714154362e-12,1.0082153365462174,0.7638771214087103
dense,C0,2.7600000000000002,2.4714394570811967e-12,1.0082155561487203,0.7638774286271619
dense,C0,2.8000000000000003,1.8037882236066176e-12,1.0082157374441403,0.7638776825712614
dense,C0,2.84,1.3181647243441352e-12,1.00821588726713,0.7638778926955309
dense,C0,2.88,9.64400438448697e-13,1.0082160112070153,0.7638780667398791
dense,C0,2.92,7.063294838707681e-13,1.008216113839067,0.7638782110467315
dense,C0,2.96,5.178233134409997e-13,1.0082161989120915,0.7638783308184702
dense,C0,3.0,3.7996672484883635e-13,1.0082162695007126,0.7638784303265997
dense,C0,3.04,2.790407721784267e-13,1.0082163281290972,0.7638785130818214
dense,C0,3.08,2.0507804965023137e-13,1.0082163768715537,0.763878581972449
dense,C0,3.12,1.5082523969610654e-13,1.0082164174344026,0.7638786393771523
dense,C0,3.16,1.1099631223801279e-13,1.0082164512226628,0.7638786872568746
dense,C0,3.2,8.173373337381261e-14,1.0082164793944135,0.7638787272298337
dense,C0,3.24,6.021892597169546e-14,1.0082165029051542,0.7638787606327814
dense,C0,3.2800000000000002,4.4390091648784455e-14,1.0082165225440323,0.7638787885710826
dense,C0,3.3200000000000003,3.273743300020406e-14,1.0082165389634579,0.7638788119596941
dense,C0,3.36,2.415430053860548e-14,1.008216552703335,0.7638788315567275
dense,C0,3.4,1.7828823310775984e-14,1.0082165642109084,0.7638788479909677
dense,C0,3.44,1.316490239506005e-14,1.0082165738570303,0.7638788617844525
dense,C0,3.48,9.724535365612364e-15,1.0082165819495135,0.7638788733710238
dense,C0,3.52,7.18566342580177e-15,1.0082165887440924,0.7638788831115816
dense,C0,3.56,5.311328246133933e-15,1.008216594453441,0.7638788913066361
dense,C0,3.6,3.92708202126419e-15,1.0082165992545913,0.7638788982066526
dense,C0,3.64,2.9044266329847167e-15,1.0082166032950446,0.7638789040205832
dense,C0,3.68,2.1486624074827457e-15,1.008216606697812,0.7638789089229058
dense,C0,3.72,1.5899652193629926e-15,1.0082166095655742,0.7638789130594483
dense,C0,3.7600000000000002,1.176829680930406e-15,1.0082166119841176,0.7638789165522007
dense,C0,3.8000000000000003,8.712474286473916e-16,1.0082166140251787,0.7638789195032996
dense,C0,3.84,6.451595359624384e-16,1.0082166157487962,0.7638789219983368
dense,C0,3.88,4.778445754957991e-16,1.0082166172052605,0.7638789241090955
dense,C0,3.92,3.5399462929085967e-16,1.008216618436733,0.7638789258958312
dense,C0,3.96,2.6229742746451784e-16,1.0082166194785873,0.7638789274091612
dense,C0,4.0,1.943908863566504e-16,1.008216620360527,0.7638789286916406
dense,C0,4.04,1.4409194181853872e-16,1.008216621107512,0.7638789297790746
dense,C0,4.08,1.0682749354663026e-16,1.0082166217405342,0.7638789307016102
dense,C0,4.12,7.921433758963412e-17,1.0082166222772593,0.7638789314846487
dense,C0,4.16,5.874893603548304e-17,1.008216622732565,0.7638789321496103
dense,C0,4.2,4.3578257302191936e-17,1.0082166231189906,0.7638789327145664
dense,C0,4.24,3.233044492719615e-17,1.0082166234471108,0.7638789331947776
dense,C0,4.28,2.398965441025702e-17,1.0082166237258494,0.7638789336031354
dense,C0,4.32,1.78034976912241e-17,1.008216623962743,0.7638789339505396
dense,C0,4.36,1.3214611815548305e-17,1.0082166241641584,0.7638789342462103
dense,C0,4.4,9.810025259126695e-18,1.0082166243354795,0.7638789344979514
dense,C0,4.44,7.283685756099206e-18,1.0082166244812607,0.7638789347123724
dense,C0,4.48,5.4087479743135295e-18,1.0082166246053568,0.7638789348950736
dense,C0,4.5200000000000005,4.01703504076014e-18,1.0082166247110327,0.7638789350508036
dense,C0,4.5600000000000005,2.9838505871136835e-18,1.0082166248010551,0.7638789351835895
dense,C0,4.6000000000000005,2.2167161595753412e-18,1.008216624877769,0.7638789352968505
dense,C0,4.64,1.6470392342821378e-18,1.0082166249431637,0.7638789353934877
dense,C0,4.68,1.223933906127756e-18,1.0082166249989275,0.7638789354759679
dense,C0,4.72,9.09643934763707e-19,1.0082166250464935,0.7638789355463859
dense,C0,4.76,6.761500534860598e-19,1.0082166250870799,0.763878935606523
dense,C0,4.8,5.026584217286408e-19,1.0082166251217204,0.7638789356578957
dense,C0,4.84,3.7373192050617493e-19,1.0082166251512943,0.7638789357017927
dense,C0,4.88,2.7790997740242803e-19,1.00821662517655,0.7638789357393118
dense,C0,4.92,2.0668271458748485e-19,1.008216625198124,0.7638789357713881
dense,C0,4.96,1.5373043375033098e-19,1.008216625216557,0.7638789357988184
dense,C0,5.0,1.1435903811215056e-19,1.0082166252323108,0.7638789358222807
dense,C0,5.04,8.50815639431639e-20,1.0082166252457778,0.7638789358423541
dense,C0,5.08,6.330742396409983e-20,1.0082166252572928,0.7638789358595316
dense,C0,5.12,4.711150853270483e-20,1.0082166252671414,0.7638789358742346
dense,C0,5.16,3.506321903064026e-20,1.0082166252755662,0.7638789358868222
dense,C0,5.2,2.6099352983957094e-20,1.0082166252827744,0.7638789358976009
dense,C0,5.24,1.9429395951108122e-20,1.0082166252889435,0.7638789359068328
dense,C0,5.28,1.4465736571256598e-20,1.008216625294224,0.7638789359147409
dense,C0,5.32,1.0771373557814242e-20,1.0082166252987448,0.7638789359215166
dense,C0,5.36,8.021463744598152e-21,1.0082166253026161,0.7638789359273235
dense,C0,5.4,5.974292457628351e-21,1.0082166253059315,0.7638789359323004
dense,C0,5.44,4.450096578656745e-21,1.008216625308772,0.7638789359365672
dense,C0,5.48,3.3151176298377552e-21,1.0082166253112055,0.7638789359402255
dense,C0,5.5200000000000005,2.4698874122237323e-21,1.0082166253132911,0.7638789359433628
dense,C0,5.5600000000000005,1.840377435284097e-21,1.0082166253150784,0.7638789359460535
dense,C0,5.6000000000000005,1.3714662136419978e-21,1.0082166253166105,0.763878935948362
dense,C0,5.64,1.0221235701214486e-21,1.0082166253179243,0.7638789359503426
dense,C0,5.68,7.61852788548813e-22,1.0082166253190508,0.763878935952042
dense,C0,5.72,5.679219555994538e-22,1.0082166253200167,0.7638789359535003
dense,C0,5.76,4.233991667888482e-22,1.0082166253208453,0.7638789359547523
dense,C0,5.8,3.1569196252591443e-22,1.0082166253215563,0.7638789359558272
dense,C0,5.84,2.3540434743958533e-22,1.0082166253221663,0.7638789359567502
dense,C0,5.88,1.7555449322002317e-22,1.0082166253226896,0.7638789359575424
dense,C0,5.92,1.3093096265683015e-22,1.008216625323139,0.763878935958223
dense,C0,5.96,9.766447318713115e-23,1.0082166253235245,0.7638789359588076
dense,C0,6.0,7.285418505650386e-23,1.0082166253238554,0.7638789359593096
dense,C0,6.04,5.435415489083538e-23,1.0082166253241398,0.7638789359597412
dense,C0,6.08,4.055506489885483e-23,1.0082166253243838,0.7638789359601118
dense,C0,6.12,3.026195571805942e-23,1.0082166253245934,0.7638789359604304
dense,C0,6.16,2.258422120978071e-23,1.008216625324773,0.7638789359607043
dense,C0,6.2,1.685554899969573e-23,1.0082166253249278,0.7638789359609397
dense,C0,6.24,1.2581616323538604e-23,1.0082166253250608,0.763878935961142
dense,C0,6.28,9.392099495205104e-24,1.008216625325175,0.7638789359613158
dense,C0,6.32,7.011604582691986e-24,1.0082166253252731,0.7638789359614657
dense,C0,6.36,5.2346499001348826e-24,1.0082166253253573,0.7638789359615941
dense,C0,6.4,3.908389915465362e-24,1.0082166253254299,0.7638789359617049
dense,C0,6.44,2.919114022359077e-24,1.008216625325492,0.7638789359617999
dense,C0,6.48,2.1799116014321928e-24,1.0082166253255458,0.7638789359618818
dense,C0,6.5200000000000005,1.6281804985983727e-24,1.0082166253255915,0.7638789359619519
dense,C0,6.5600000000000005,1.2160351620923502e-24,1.0082166253256313,0.7638789359620127
dense,C0,6.6000000000000005,9.084014493984392e-25,1.0082166253256655,0.7638789359620652
dense,C0,6.640000000000001,6.786515024093483e-25,1.0082166253256946,0.7638789359621099
dense,C0,6.68,5.0703326094935395e-25,1.0082166253257199,0.7638789359621484
dense,C0,6.72,3.7875721777489907e-25,1.0082166253257414,0.7638789359621814
dense,C0,6.76,2.830732571817458e-25,1.00821662532576,0.7638789359622103
dense,C0,6.8,2.1160235439813315e-25,1.008216625325776,0.7638789359622348
dense,C0,6.84,1.5817670799195332e-25,1.0082166253257898,0.7638789359622561
dense,C0,6.88,1.1817926453711142e-25,1.0082166253258018,0.7638789359622744
dense,C0,6.92,8.835017343932223e-26,1.0082166253258118,0.76387893596229
dense,C0,6.96,6.600163306084617e-26,1.008216625325821,0.7638789359623034
dense,C0,7.0,4.942594443115441e-26,1.0082166253258282,0.7638789359623148
dense,C0,7.04,3.696778617048567e-26,1.008216625325835,0.7638789359623251
dense,C0,7.08,2.75881483479782e-26,1.0082166253258407,0.7638789359623336
dense,C0,7.12,2.062160213817478e-26,1.0082166253258453,0.7638789359623412
dense,C0,7.16,1.5424155086271213e-26,1.0082166253258493,0.7638789359623476
dense,C0,7.2,1.1535915151219244e-26,1.0082166253258529,0.763878935962353
dense,C0,7.24,8.633213628053067e-27,1.008216625325856,0.7638789359623579
dense,C0,7.28,6.461555052433441e-27,1.0082166253258587,0.7638789359623621
dense,C0,7.32,4.8388851185773305e-27,1.0082166253258609,0.7638789359623656
dense,C0,7.36,3.629037497928646e-27,1.0082166253258629,0.7638789359623686
dense,C0,7.4,2.707278182081182e-27,1.0082166253258646,0.7638789359623713
dense,C0,7.44,2.0232618215447002e-27,1.008216625325866,0.7638789359623733
dense,C0,7.48,1.5225770435303728e-27,1.0082166253258673,0.7638789359623753
dense,C0,7.5200000000000005,1.1417097599602195e-27,1.0082166253258686,0.7638789359623773
dense,C0,7.5600000000000005,8.511085017675628e-28,1.0082166253258695,0.7638789359623785
dense,C0,7.6000000000000005,6.412637972589961e-28,1.0082166253258702,0.7638789359623798
dense,C0,7.640000000000001,4.7564152576147135e-28,1.0082166253258709,0.763878935962381
dense,C0,7.68,3.5924602364248437e-28,1.0082166253258715,0.7638789359623819
dense,C0,7.72,2.6743000984574504e-28,1.0082166253258722,0.7638789359623827
dense,C0,7.76,2.05566058544116e-28,1.0082166253258724,0.7638789359623831
dense,C0,7.8,1.5225169545161079e-28,1.0082166253258729,0.7638789359623835
dense,C0,7.84,1.1346038488374084e-28,1.008216625325873,0.7638789359623843
dense,C0,7.88,8.61460760404633e-29,1.0082166253258735,0.7638789359623847
dense,C0,7.92,6.654781292637879e-29,1.0082166253258735,0.7638789359623851
dense,C0,7.96,4.980300761789841e-29,1.0082166253258737,0.7638789359623857
dense,C0,8.0,3.760647846608292e-29,1.008216625325874,0.7638789359623858
dense,C1,0.0,0.5071107865352642,0.0,0.0
dense,C1,0.04,0.40888829935970133,0.10278273007828534,0.009812996019491014
dense,C1,0.08,0.32880117646551243,0.19617274479432342,0.031700847621603336
dense,C1,0.12,0.26311149155623825,0.281694601462047,0.062191277243264974
dense,C1,0.16,0.20920468963030484,0.3602693611515477,0.09852778210823648
dense,C1,0.2,0.16512269646666117,0.43245465994716314,0.138493682945107
dense,C1,0.24,0.12930300020779786,0.49860206918780225,0.18028685241066172
dense,C1,0.28,0.10043533458048894,0.55896150213648,0.22245200503144225
dense,C1,0.32,0.07738661698146425,0.6137487808485635,0.26384021981076206
dense,C1,0.36,0.059164402248799784,0.6631863263057602,0.30357826957530554
dense,C1,0.4,0.04490029412835129,0.7075241160082171,0.3410391019094601
dense,C1,0.44,0.03384193885494179,0.7470466128425252,0.3758102743301648
dense,C1,0.48,0.02534714914712115,0.7820704012686946,0.4076602861164234
dense,C1,0.52,0.018877065775859583,0.8129363931900703,0.43650425925262515
dense,C1,0.56,0.013987404276482106,0.8399995850707992,0.46237083835932796
dense,C1,0.6,0.010318027897110178,0.8636184890100386,0.4853719492285466
dense,C1,0.64,0.0075816008404817736,0.8841455897982555,0.50567652720676
dense,C1,0.68,0.005552157333870399,0.9019195503698936,0.5234887427059534
dense,C1,0.72,0.0040542763439351545,0.9172594214166443,0.539030751575728
dense,C1,0.76,0.0029533233996144985,0.9304608003417536,0.5525296412138714
dense,C1,0.8,0.0021469966673969576,0.9417937049847839,0.5642080332464536
dense,C1,0.84,0.001558235359294237,0.9515018460689758,0.5742777157679954
dense,C1,0.88,0.0011294260198901464,0.9598029673103171,0.5829356778787977
dense,C1,0.92,0.0008177711524375759,0.9668899469725467,0.5903619732245223
dense,C1,0.96,0.0005916532318358824,0.9729323994891758,0.5967189205919913
dense,C1,1.0,0.00042782271629950567,0.9780785671804769,0.6021512393689439
dense,C1,1.04,0.00030925037930394986,0.9824573419193638,0.6067868039540217
dense,C1,1.08,0.00022350407999312824,0.9861803005594862,0.6107377776211741
dense,C1,1.12,0.0001615325827913889,0.989343674329022,0.6141019503188805
dense,C1,1.16,0.00011676098181226765,0.9920302010810315,0.6169641562107809
dense,C1,1.2,8.442198190161199e-05,0.9943108309858687,0.619397686538747
dense,C1,1.24,6.106404665730649e-05,0.996246272029323,0.6214656432956122
dense,C1,1.28,4.419116124564912e-05,0.9978883726963427,0.6232222010561734
dense,C1,1.32,3.1999914599888184e-05,0.9992813465506609,0.6247137598479181
dense,C1,1.36,2.3188164179421003e-05,1.0004628479922149,0.6259799826399071
dense,C1,1.4000000000000001,1.681612401183308e-05,1.0014649110441003,0.627054718122071
dense,C1,1.44,1.2205707078314747e-05,1.002314764183832,0.6279668139183192
dense,C1,1.48,8.867700311297125e-06,1.0030355344429096,0.6287408279829567
dense,C1,1.52,6.449140794371802e-06,1.003646853589961,0.6293976472424005
dense,C1,1.56,4.695325446913505e-06,1.0041653784287574,0.6299550229852903
dense,C1,1.6,3.4224042981002342e-06,1.004605236254248,0.6304280323797633
dense,C1,1.6400000000000001,2.497618725845193e-06,1.0049784054346047,0.6308294750243174
dense,C1,1.68,1.825056623543672e-06,1.0052950400027154,0.6311702127698396
dense,C1,1.72,1.3353859191553425e-06,1.0055637460957134,0.631459460288081
dense,C1,1.76,9.784554652114884e-07,1.0057918171049636,0.6317050330742687
dense,C1,1.8,7.179618695708067e-07,1.005985433506579,0.631913558801982
dense,C1,1.84,5.276045694739167e-07,1.006149832539825,0.6320906572229614
dense,C1,1.8800000000000001,3.8831294957818254e-07,1.0062894521874468,0.6322410931372341
dense,C1,1.92,2.862457626238844e-07,1.0064080532840771,0.6323689063560659
dense,C1,1.96,2.1134702636527005e-07,1.0065088230303496,0.6324775220428083
dense,C1,2.0,1.5630300261835708e-07,1.0065944627139582,0.63256984434246
dense,C1,2.04,1.1578836871028133e-07,1.0066672620272317,0.6326483357956623
dense,C1,2.08,8.592100302555425e-08,1.006729162016392,0.6327150846717803
dense,C1,2.12,6.386734014236674e-08,1.0067818083935764,0.6327718620433149
dense,C1,2.16,4.755646845241577e-08,1.0068265966824708,0.6328201701546379
dense,C1,2.2,3.547281635900555e-08,1.006864710446171,0.6328612834068157
dense,C1,2.24,2.650567744596009e-08,1.0068971536564781,0.632896283082231
dense,C1,2.2800000000000002,1.9839877784659927e-08,1.0069247781026072,0.6329260867634647
dense,C1,2.32,1.4876249518761353e-08,1.006948306600238,0.6329514732565372
dense,C1,2.36,1.1173718410122437e-08,1.0069683526454674,0.6329731037056715
dense,C1,2.4,8.407080256833612e-09,1.0069854370594502,0.6329915394821481
dense,C1,2.44,6.336177289751229e-09,1.007000002085805,0.6330072573409844
dense,C1,2.48,4.783367251499416e-09,1.0070124233318856,0.6330206622637222
dense,C1,2.52,3.6170317968457515e-09,1.0070230198849233,0.6330320983416222
dense,C1,2.56,2.7394884703428825e-09,1.0070320628831508,0.6330418579992955
dense,C1,2.6,2.0781176028887144e-09,1.0070397827789315,0.6330501898128245
dense,C1,2.64,1.5788393944967824e-09,1.0070463754944647,0.633057305137471
dense,C1,2.68,1.2013113728392945e-09,1.0070520076397818,0.6330633837270659
dense,C1,2.72,9.153869611927255e-10,1.0070568209366517,0.633068578499257
dense,C1,2.7600000000000002,6.984998306038822e-10,1.0070609359699245,0.6330730195771307
dense,C1,2.8000000000000003,5.337288823974193e-10,1.0070644553691788,0.6330768177177066
dense,C1,2.84,4.0836438959320533e-10,1.0070674665077124,0.6330800672208726
dense,C1,2.88,3.1284372424262886e-10,1.0070700437925775,0.6330828483979709
dense,C1,2.92,2.3996007495323787e-10,1.0070722506080294,0.6330852296671249
dense,C1,2.96,1.842731317376112e-10,1.0070741409652126,0.6330872693321179
dense,C1,3.0,1.4166943895466425e-10,1.0070757609027956,0.6330890170929445
dense,C1,3.04,1.090338443838973e-10,1.007077149676436,0.6330905153287963
dense,C1,3.08,8.400355194622878e-11,1.007078340769147,0.6330918001880146
dense,C1,3.12,6.478369675341002e-11,1.0070793627497496,0.633092902514277
dense,C1,3.16,5.000881928147731e-11,1.0070802400024284,0.6330938486338067
dense,C1,3.2,3.863864122823354e-11,1.007080993346902,0.6330946610246373
dense,C1,3.24,2.987951938127092e-11,1.007081640565758,0.6330953588857363
dense,C1,3.2800000000000002,2.3125154649689893e-11,1.0070821968529535,0.6330959586211091
dense,C1,3.3200000000000003,1.7911764061458072e-11,1.0070826751953856,0.6330964742516861
dense,C1,3.36,1.3884134418874462e-11,1.0070830866976026,0.6330969177658679
dense,C1,3.4,1.0769876588875266e-11,1.0070834408582099,0.6330972994179416
dense,C1,3.44,8.35986994325214e-12,1.0070837458052275,0.6330976279821983
dense,C1,3.48,6.493386881837699e-12,1.0070840084965516,0.6330979109693878
dense,C1,3.52,5.046761250139868e-12,1.0070842348907476,0.6330981548111466
dense,C1,3.56,3.924744436207952e-12,1.0070844300926116,0.6330983650171871
dense,C1,3.6,3.0539028337587895e-12,1.0070845984772663,0.633098546309311
dense,C1,3.64,2.3775680522444625e-12,1.0070847437959887,0.6330987027357028
dense,C1,3.68,1.851969874616004e-12,1.007084869266494,0.6330988377684321
dense,C1,3.72,1.4432713870450807e-12,1.0070849776499775,0.6330989543866601
dense,C1,3.7600000000000002,1.1252931610512551e-12,1.0070850713168853,0.6330990551476745
dense,C1,3.8000000000000003,8.777644104656934e-13,1.0070851523030762,0.6330991422475459
dense,C1,3.84,6.849776582821451e-13,1.0070852223578026,0.6330992175729442
dense,C1,3.88,5.347527553248115e-13,1.0070852829847108,0.6330992827454229
dense,C1,3.92,4.1763833039523957e-13,1.0070853354768885,0.6330993391592683
dense,C1,3.96,3.262956810052252e-13,1.0070853809468432,0.6330993880138717
dense,C1,4.0,2.5502299271744057e-13,1.0070854203521427,0.6330994303414225
dense,C1,4.04,1.9938761336588749e-13,1.0070854545173622,0.6330994670306065
dense,C1,4.08,1.5594160559964445e-13,1.0070854841528751,0.6330994988468943
dense,C1,4.12,1.2200154806926879e-13,1.0070855098709435,0.6330995264499167
dense,C1,4.16,9.547794282970048e-14,1.007085532199511,0.6330995504083547
dense,C1,4.2,7.474296345789875e-14,1.007085551594018,0.6330995712126969
dense,C1,4.24,5.852785301111795e-14,1.0070855684475415,0.6330995892861816
dense,C1,4.28,4.5843275757473254e-14,1.0070855830994876,0.633099604994182
dense,C1,4.32,3.591744832136498e-14,1.0070855958430542,0.6330996186522602
dense,C1,4.36,2.8148051897874186e-14,1.00708560693164,0.6330996305330806
dense,C1,4.4,2.2064837335662467e-14,1.0070856165843443,0.6330996408723475
dense,C1,4.44,1.730052698497256e-14,1.0070856249906983,0.6330996498739093
dense,C1,4.48,1.3568162753060587e-14,1.007085632314732,0.633099657714142
dense,C1,4.5200000000000005,1.0643462782259257e-14,1.007085638698467,0.6330996645457205
dense,C1,4.5600000000000005,8.351073257880826e-15,1.0070856442649285,0.6330996705008647
dense,C1,4.6000000000000005,6.553850007157168e-15,1.0070856491207334,0.6330996756941288
dense,C1,4.64,5.144499490798514e-15,1.0070856533583203,0.6330996802248096
dense,C1,4.68,4.039056125349421e-15,1.0070856570578726,0.6330996841790145
dense,C1,4.72,3.1717913759793593e-15,1.0070856602889724,0.6330996876314479
dense,C1,4.76,2.4912382514724978e-15,1.0070856631120317,0.6330996906469487
dense,C1,4.8,1.9570859870785755e-15,1.0070856655795222,0.6330996932818194
dense,C1,4.84,1.5377534978059616e-15,1.00708566773704,0.6330996955849708
dense,C1,4.88,1.2084925825907004e-15,1.0070856696242225,0.6330996975989103
dense,C1,4.92,9.499047443146355e-16,1.0070856712755452,0.6330996993605975
dense,C1,4.96,7.467812244952749e-16,1.0070856727210036,0.6330997009021814
dense,C1,5.0,5.871952208977855e-16,1.0070856739867073,0.6330997022516364
dense,C1,5.04,4.617915888992911e-16,1.0070856750953956,0.6330997034333188
dense,C1,5.08,3.6323073275369264e-16,1.007085676066876,0.6330997044684392
dense,C1,5.12,2.857531036537247e-16,1.007085676918414,0.6330997053754805
dense,C1,5.16,2.2483810070171975e-16,1.0070856776650632,0.633099706170551
dense,C1,5.2,1.769368487868188e-16,1.0070856783199538,0.6330997068676989
dense,C1,5.24,1.3926276153760559e-16,1.007085678894544,0.6330997074791787
dense,C1,5.28,1.0962736914822576e-16,1.007085679398836,0.6330997080156838
dense,C1,5.32,8.631161746305934e-17,1.0070856798415648,0.6330997084865514
dense,C1,5.36,6.796492123445564e-17,1.0070856802303618,0.6330997088999348
dense,C1,5.4,5.3525996496936504e-17,1.0070856805718964,0.6330997092629593
dense,C1,5.44,4.2160734034282323e-17,1.0070856808719992,0.6330997095818504
dense,C1,5.48,3.3213465072440265e-17,1.0070856811357707,0.6330997098620528
dense,C1,5.5200000000000005,2.616869029666531e-17,1.0070856813676725,0.6330997101083281
dense,C1,5.5600000000000005,2.062104829996533e-17,1.0070856815716103,0.6330997103248436
dense,C1,5.6000000000000005,1.6251736192919043e-17,1.0070856817510025,0.6330997105152448
dense,C1,5.64,1.2809973060198059e-17,1.0070856819088445,0.633099710682725
dense,C1,5.68,1.0098466109940352e-17,1.0070856820477598,0.6330997108300814
dense,C1,5.72,7.961970960979159e-18,1.0070856821700482,0.6330997109597634
dense,C1,5.76,6.278315649475009e-18,1.0070856822777254,0.6330997110739197
dense,C1,5.8,4.951336304384359e-18,1.0070856823725598,0.6330997111744322
dense,C1,5.84,3.90532988703144e-18,1.0070856824561023,0.6330997112629522
dense,C1,5.88,3.080692990668504e-18,1.0070856825297139,0.6330997113409286
dense,C1,5.92,2.4304904555339864e-18,1.0070856825945893,0.6330997114096322
dense,C1,5.96,1.9177567428116204e-18,1.0070856826517782,0.633099711470179
dense,C1,6.0,1.513376056135665e-18,1.0070856827022012,0.6330997115235493
dense,C1,6.04,1.1944091812515064e-18,1.0070856827466683,0.6330997115706026
dense,C1,6.08,9.427837497389201e-19,1.007085682785891,0.6330997116120958
dense,C1,6.12,7.442568023770691e-19,1.007085682820494,0.6330997116486929
dense,C1,6.16,5.876041210418861e-19,1.0070856828510282,0.6330997116809778
dense,C1,6.2,4.639784984780967e-19,1.0070856828779764,0.6330997117094638
dense,C1,6.24,3.6640489157544477e-19,1.0070856829017643,0.6330997117346034
dense,C1,6.28,2.8938397559735315e-19,1.0070856829227663,0.6330997117567936
dense,C1,6.32,2.28579278550035e-19,1.0070856829413122,0.633099711776383
dense,C1,6.36,1.80571169698922e-19,1.0070856829576917,0.6330997117936801
dense,C1,6.4,1.4266186021939435e-19,1.0070856829721606,0.633099711808956
dense,C1,6.44,1.1272383600206092e-19,1.0070856829849435,0.6330997118224488
dense,C1,6.48,8.907805251433076e-20,1.0070856829962387,0.6330997118343685
dense,C1,6.5200000000000005,7.040002328113808e-20,1.0070856830062216,0.6330997118449002
dense,C1,6.5600000000000005,5.564440250862556e-20,1.007085683015045,0.6330997118542073
dense,C1,6.6000000000000005,4.398617306677171e-20,1.0070856830228454,0.6330997118624332
dense,C1,6.640000000000001,3.477418103192316e-20,1.007085683029742,0.6330997118697044
dense,C1,6.68,2.749427211812305e-20,1.007085683035841,0.6330997118761331
dense,C1,6.72,2.1740605715320702e-20,1.0070856830412351,0.633099711881817
dense,C1,6.76,1.719282875536482e-20,1.0070856830460062,0.6330997118868443
dense,C1,6.8,1.3597681479232477e-20,1.0070856830502273,0.6330997118912906
dense,C1,6.84,1.0755382309899455e-20,1.007085683053962,0.6330997118952236
dense,C1,6.88,8.508094611435184e-21,1.0070856830572663,0.6330997118987027
dense,C1,6.92,6.7310099735734466e-21,1.0070856830601909,0.6330997119017816
dense,C1,6.96,5.325619876979636e-21,1.00708568306278,0.6330997119045059
dense,C1,7.0,4.214050314176819e-21,1.0070856830650716,0.6330997119069174
dense,C1,7.04,3.334829625202535e-21,1.0070856830671004,0.6330997119090516
dense,C1,7.08,2.6393074611552623e-21,1.0070856830688966,0.6330997119109409
dense,C1,7.12,2.0890278940462557e-21,1.0070856830704875,0.6330997119126139
dense,C1,7.16,1.653634227820876e-21,1.0070856830718962,0.6330997119140949
dense,C1,7.2,1.3091068098240568e-21,1.007085683073144,0.6330997119154067
dense,C1,7.24,1.036446007917693e-21,1.0070856830742496,0.6330997119165682
dense,C1,7.28,8.206527037782654e-22,1.0070856830752288,0.6330997119175975
dense,C1,7.32,6.498581809053487e-22,1.0070856830760964,0.6330997119185088
dense,C1,7.36,5.146435908986224e-22,1.007085683076865,0.6330997119193162
dense,C1,7.4,4.076020094161579e-22,1.0070856830775468,0.6330997119200318
dense,C1,7.44,3.228519050432401e-22,1.0070856830781503,0.6330997119206658
dense,C1,7.48,2.557451770534381e-22,1.0070856830786856,0.6330997119212278
dense,C1,7.5200000000000005,2.0260297222698632e-22,1.0070856830791601,0.6330997119217258
dense,C1,7.5600000000000005,1.6051879554267005e-22,1.007085683079581,0.6330997119221672
dense,C1,7.6000000000000005,1.2718788911355738e-22,1.0070856830799537,0.6330997119225587
dense,C1,7.640000000000001,1.0078293966028444e-22,1.0070856830802846,0.6330997119229054
dense,C1,7.68,7.986984742875874e-23,1.0070856830805777,0.6330997119232128
dense,C1,7.72,6.329860621812432e-23,1.0070856830808377,0.6330997119234856
dense,C1,7.76,5.01695951462812e-23,1.0070856830810686,0.6330997119237273
dense,C1,7.8,3.976910189111733e-23,1.007085683081273,0.6330997119239417
dense,C1,7.84,3.152568841185066e-23,1.0070856830814545,0.6330997119241322
dense,C1,7.88,2.4993045749048162e-23,1.0070856830816155,0.6330997119243007
dense,C1,7.92,1.9817152566472392e-23,1.0070856830817585,0.6330997119244502
dense,C1,7.96,1.571263069250276e-23,1.0070856830818853,0.6330997119245831
dense,C1,8.0,1.2459294885973645e-23,1.0070856830819976,0.6330997119247012
dense,C2,0.0,0.5059365985968938,0.0,0.0
dense,C2,0.04,0.4167537719308197,0.09295756963773937,0.007509804694895472
dense,C2,0.08,0.3427538056745955,0.17797485598923501,0.023737753442484674
dense,C2,0.12,0.2810932098897637,0.2561430881249468,0.046301624346012905
dense,C2,0.16,0.22966268899928338,0.32820456773953227,0.0732591818997738
dense,C2,0.2,0.18682650765807174,0.39467537910756406,0.10304883345480888
dense,C2,0.24,0.15126330188421314,0.4559308010700995,0.13441350791857445
dense,C2,0.28,0.12187011182270205,0.5122633922481007,0.1663480198917836
dense,C2,0.32,0.09770488348374508,0.5639220029859897,0.19806115304028477
dense,C2,0.36,0.07795205950068976,0.6111374080277718,0.2289458913573181
dense,C2,0.4,0.06190201874792013,0.6541375422773413,0.25855329010353817
dense,C2,0.44,0.048938193165221716,0.6931550053894918,0.28656809105068604
dense,C2,0.48,0.03852787623192411,0.7284294646444698,0.3127860348873125
dense,C2,0.52,0.030214523888455514,0.7602069430009547,0.33709319902787743
dense,C2,0.56,0.02361051248650864,0.7887373265607546,0.35944752884880626
dense,C2,0.6,0.018389967314368927,0.8142710079513392,0.3798626069407599
dense,C2,0.64,0.014281615973795703,0.8370553078594773,0.39839364718653647
dense,C2,0.68,0.011061781453225002,0.8573311075428074,0.41512565393580925
dense,C2,0.72,0.008547681683477143,0.8753299556638058,0.4301636349250679
dense,C2,0.76,0.006591191796135772,0.8912717793783285,0.44362470614585653
dense,C2,0.8,0.005073184177935855,0.9053632318673086,0.45563188774481045
dense,C2,0.84,0.0038985110811370492,0.9177966435361393,0.4663093679789047
dense,C2,0.88,0.002991647740367756,0.9287495062052513,0.475779007399128
dense,C2,0.92,0.002292976799786706,0.9383844019520509,0.48415786446343123
dense,C2,0.96,0.0017556690700989497,0.9468492844651645,0.4915565422220547
dense,C2,1.0,0.0013431003638827712,0.9542780256574117,0.49807817941297444
dense,C2,1.04,0.001026737391038481,0.9607911499959254,0.5038179349671904
dense,C2,1.08,0.0007844251412817899,0.9664966908528392,0.5088628402360248
dense,C2,1.12,0.0005990117341291137,0.9714911153915775,0.5132919167482164
dense,C2,1.16,0.00045725266790659603,0.9758602760100702,0.5171764781817485
dense,C2,1.2,0.00034894347253813877,0.9796803565867085,0.5205805531733696
dense,C2,1.24,0.0002662370863164703,0.9830187904774066,0.5235613805887643
dense,C2,1.28,0.00020310927630770763,0.9859351343674608,0.5261699411358124
dense,C2,1.32,0.00015494178920571745,0.9884818877914103,0.5284514990240813
dense,C2,1.36,0.00011819850839596619,0.9907052525643624,0.5304461350980969
dense,C2,1.4000000000000001,9.017467006166161e-05,0.9926458297105722,0.5321892588425068
dense,C2,1.44,6.880319123580466e-05,0.9943392539203827,0.5337120911925168
dense,C2,1.48,5.2505458018661314e-05,0.995816767291326,0.5350421134654261
dense,C2,1.52,4.00766014190163e-05,0.9971057352681515,0.5362034802007114
dense,C2,1.56,3.0597443269161054e-05,0.9982301084210431,0.5372173954589864
dense,C2,1.6,2.336701259837857e-05,0.9992108340993777,0.5381024533493934
dense,C2,1.6400000000000001,1.785089221551714e-05,1.0000662221571122,0.5388749443632719
dense,C2,1.68,1.3641724191937487e-05,1.0008122689339354,0.5395491295942632
dense,C2,1.72,1.042903908341552e-05,1.001462943546937,0.5401374852033599
dense,C2,1.76,7.976224871324254e-06,1.0020304403412568,0.5406509196050124
dense,C2,1.8,6.102956758337848e-06,1.0025254010953368,0.541098965855466
dense,C2,1.84,4.671799593809734e-06,1.0029571102992938,0.5414899516532942
dense,C2,1.8800000000000001,3.5779959628282515e-06,1.0033336665394792,0.541831149241585
dense,C2,1.92,2.7416847612010755e-06,1.0036621327397282,0.5421289073511953
dense,C2,1.96,2.101973063250153e-06,1.00394866773754,0.5423887671591653
dense,C2,2.0,1.6124205296912238e-06,1.0041986414163242,0.542615564065812
dense,C2,2.04,1.237600047096467e-06,1.0044167353755917,0.5428135169252005
dense,C2,2.08,9.504781455443562e-07,1.004607030900966,0.5429863062010927
dense,C2,2.12,7.30419734386521e-07,1.0047730857953985,0.5431371423671256
dense,C2,2.16,5.616682433039904e-07,1.0049180014516534,0.5432688257273809
dense,C2,2.2,4.3218775376618477e-07,1.00504448138311,0.5433837987025636
dense,C2,2.24,3.327807618974528e-07,1.0051548822841316,0.5434841915077638
dense,C2,2.2800000000000002,2.5641582583632323e-07,1.0052512585613618,0.5435718620400449
dense,C2,2.32,1.9771504785923674e-07,1.005335401162035,0.5436484306973222
dense,C2,2.36,1.5256329250262063e-07,1.0054088714233373,0.5437153107634805
dense,C2,2.4,1.1781013882653146e-07,1.0054730305767856,0.5437737349176629
dense,C2,2.44,9.104248850362906e-08,1.0055290654622309,0.5438247783573313
dense,C2,2.48,7.04110204284157e-08,1.005578010936294,0.5438693789642418
dense,C2,2.52,5.449769231686961e-08,1.005620769398776,0.5439083548891173
dense,C2,2.56,4.2214541344899415e-08,1.005658127806839,0.5439424198837989
dense,C2,2.6,3.272635838372513e-08,1.0056907724996853,0.5439721966683437
dense,C2,2.64,2.539157821474226e-08,1.0057193021152788,0.5439982285842313
dense,C2,2.68,1.9717073918460536e-08,1.0057442388446356,0.5440209897530458
dense,C2,2.72,1.5323568355660542e-08,1.005766038237731,0.5440408939321122
dense,C2,2.7600000000000002,1.1919156062014704e-08,1.005785097747611,0.5440583022341869
dense,C2,2.8000000000000003,9.279023357398949e-09,1.0058017641752963,0.5440735298569629
dense,C2,2.84,7.229907438723016e-09,1.0058163401571474,0.5440868519495097
dense,C2,2.88,5.638180466636392e-09,1.0058290898181168,0.544098508726503
dense,C2,2.92,4.400707875865688e-09,1.005840243698402,0.5441087099268542
dense,C2,2.96,3.4378308870234587e-09,1.0058500030471473,0.5441176387009865
dense,C2,3.0,2.6879763593707806e-09,1.0058585435647618,0.5441254550001506
dense,C2,3.04,2.1035140194884835e-09,1.0058660186648989,0.5441322985317609
dense,C2,3.08,1.6475703568033662e-09,1.0058725623179614,0.5441382913364922
dense,C2,3.12,1.2915766536147828e-09,1.0058782915300264,0.5441435400357189
dense,C2,3.16,1.013380718048926e-09,1.0058833085041115,0.5441481377916146
dense,C2,3.2,7.95791720746277e-10,1.0058877025246602,0.5441521660168
dense,C2,3.24,6.254580036511608e-10,1.0058915516008426,0.5441556958656656
dense,C2,3.2800000000000002,4.920010452077014e-10,1.0058949238996775,0.5441587895353754
dense,C2,3.3200000000000003,3.873466188612151e-10,1.0058978789959752,0.5441615014009415
dense,C2,3.36,3.0520785682732054e-10,1.0059004689626363,0.5441638790056412
dense,C2,3.4,2.4068541422889507e-10,1.005902739321785,0.5441659639252896
dense,C2,3.44,1.8995796704170733e-10,1.0059047298745947,0.5441677925225185
dense,C2,3.48,1.5004244638220582e-10,1.005906475425355,0.5441693966051349
dense,C2,3.52,1.1860814793913577e-10,1.0059080064133294,0.5441708040008142
dense,C2,3.56,9.383249425472963e-11,1.0059093494642082,0.5441720390588242
dense,C2,3.6,7.428902508784681e-11,1.0059105278714493,0.5441731230880901
dense,C2,3.64,5.886034300464796e-11,1.0059115620164643,0.5441740747397253
dense,C2,3.68,4.6670397843896565e-11,1.0059124697354667,0.544174910341113
dense,C2,3.72,3.703176971334577e-11,1.005913266639796,0.5441756441877007
dense,C2,3.7600000000000002,2.9404593738450756e-11,1.0059139663956465,0.5441762887979019
dense,C2,3.8000000000000003,2.3364528419572606e-11,1.0059145809683798,0.5441768551357956
dense,C2,3.84,1.8577755134728815e-11,1.0059151208359363,0.5441773528057096
dense,C2,3.88,1.478144871847021e-11,1.0059155951752698,0.5441777902222745
dense,C2,3.92,1.1768508724705481e-11,1.0059160120252466,0.5441781747590444
dense,C2,3.96,9.37561162778186e-12,1.0059163784289908,0.5441785128784156
dense,C2,4.0,7.473853633160326e-12,1.0059167005582965,0.544178810245205
dense,C2,4.04,5.961416137043944e-12,1.0059169838223687,0.5441790718259629
dense,C2,4.08,4.757811717423139e-12,1.005917232962892,0.5441793019758195
dense,C2,4.12,3.799366248410137e-12,1.0059174521371526,0.5441795045144429
dense,C2,4.16,3.0356685973149416e-12,1.0059176449907214,0.5441796827924849
dense,C2,4.2,2.4267783494375605e-12,1.005917814721031,0.5441798397497126
dense,C2,4.24,1.941027890676396e-12,1.0059179641329807,0.5441799779658746
dense,C2,4.28,1.5532909261861882e-12,1.0059180956875884,0.5441800997052145
dense,C2,4.32,1.2436173314017107e-12,1.0059182115445584,0.5441802069554363
dense,C2,4.36,9.96155975396529e-13,1.0059183135995347,0.5441803014618123
dense,C2,4.4,7.983040944024573e-13,1.005918403516709,0.5441803847570487
dense,C2,4.44,6.400350463589606e-13,1.0059184827573633,0.5441804581874373
dense,C2,4.48,5.133666297940898e-13,1.0059185526048635,0.5441805229357617
dense,C2,4.5200000000000005,4.119402593742273e-13,1.0059186141865448,0.5441805800413608
dense,C2,4.5600000000000005,3.3068763686127584e-13,1.00591866849288,0.5441806304177104
dense,C2,4.6000000000000005,2.655665340919066e-13,1.0059187163942702,0.5441806748678252
dense,C2,4.64,2.1335120693257909e-13,1.0059187586557574,0.5441807140977615
dense,C2,4.68,1.7146603208718592e-13,1.0059187959499147,0.5441807487284511
dense,C2,4.72,1.3785335777841342e-13,1.0059188288681478,0.5441807793060774
dense,C2,4.76,1.1086846615527644e-13,1.0059188579305942,0.5441808063111736
dense,C2,4.8,8.919602642196451e-14,1.005918883594812,0.5441808301666032
dense,C2,4.84,7.178360270694246e-14,1.005918906263392,0.5441808512445586
dense,C2,4.88,5.778869946225195e-14,1.005918926290637,0.5441808698727024
dense,C2,4.92,4.653656491841742e-14,1.0059189439884195,0.5441808863395587
dense,C2,4.96,3.748654471341599e-14,1.0059189596313247,0.5441809008992408
dense,C2,5.0,3.0205240236226945e-14,1.0059189734611573,0.5441809137756046
dense,C2,5.04,2.4345080617581795e-14,1.0059189856909054,0.5441809251658942
dense,C2,5.08,1.962721010608235e-14,1.0059189965082127,0.5441809352439428
dense,C2,5.12,1.5827812196744702e-14,1.0059190060784318,0.5441809441629867
dense,C2,5.16,1.2767175536962468e-14,1.0059190145473058,0.5441809520581333
dense,C2,5.2,1.0300947943429685e-14,1.0059190220433207,0.5441809590485349
dense,C2,5.24,8.31313621073491e-15,1.005919028679775,0.5441809652392934
dense,C2,5.28,6.710501625071949e-15,1.005919034556597,0.5441809707231403
dense,C2,5.32,5.418070221665175e-15,1.0059190397619426,0.5441809755819098
dense,C2,5.36,4.3755343798467365e-15,1.0059190443736001,0.544180979887836
dense,C2,5.4,3.5343682135972903e-15,1.005919048460225,0.5441809837046931
dense,C2,5.44,2.8555134136539015e-15,1.0059190520824244,0.5441809870888
dense,C2,5.48,2.3075224575301787e-15,1.0059190552937158,0.544180990089901
dense,C2,5.5200000000000005,1.865068070134413e-15,1.005919058141365,0.5441809927519461
dense,C2,5.5600000000000005,1.507746257290825e-15,1.0059190606671258,0.5441809951137726
dense,C2,5.6000000000000005,1.2191146073719631e-15,1.005919062907893,0.5441809972097083
dense,C2,5.64,9.859195772929447e-16,1.0059190648962733,0.5441809990701016
dense,C2,5.68,7.974752046301116e-16,1.0059190666610922,0.5441810007217909
dense,C2,5.72,6.451634787752259e-16,1.0059190682278367,0.5441810021885135
dense,C2,5.76,5.220324092463826e-16,1.0059190696190488,0.5441810034912697
dense,C2,5.8,4.2247260170355964e-16,1.0059190708546686,0.5441810046486433
dense,C2,5.84,3.4195693146401126e-16,1.0059190719523396,0.544181005677081
dense,C2,5.88,2.768308302004095e-16,1.0059190729276781,0.5441810065911464
dense,C2,5.92,2.2414353045647e-16,1.005919073794506,0.5441810074037328
dense,C2,5.96,1.8151194525614386e-16,1.0059190745650635,0.5441810081262604
dense,C2,6.0,1.4701108952466515e-16,1.0059190752501899,0.5441810087688466
dense,C2,6.04,1.1908568126199834e-16,1.0059190758594871,0.544181009340458
dense,C2,6.08,9.64788796280931e-17,1.0059190764014638,0.5441810098490388
dense,C2,6.12,7.817484913203667e-17,1.005919076883659,0.5441810103016341
dense,C2,6.16,6.335235245022834e-17,1.0059190773127575,0.54418101070449
dense,C2,6.2,5.1347372093743213e-17,1.0059190776946847,0.5441810110631453
dense,C2,6.24,4.162290395624258e-17,1.0059190780346972,0.5441810113825152
dense,C2,6.28,3.374459437056549e-17,1.0059190783374559,0.5441810116669596
dense,C2,6.32,2.7361049291062702e-17,1.0059190786070977,0.5441810119203487
dense,C2,6.36,2.2187939384843207e-17,1.0059190788472936,0.5441810121461175
dense,C2,6.4,1.7995171822330133e-17,1.0059190790613013,0.5441810123473156
dense,C2,6.44,1.4596507492219008e-17,1.005919079252014,0.5441810125266525
dense,C2,6.48,1.1841178603348116e-17,1.0059190794220008,0.5441810126865344
dense,C2,6.5200000000000005,9.60712003469659e-18,1.005919079573543,0.5441810128290979
dense,C2,6.5600000000000005,7.795481216020105e-18,1.0059190797086683,0.5441810129562439
dense,C2,6.6000000000000005,6.3262061579789886e-18,1.0059190798291777,0.5441810130696605
dense,C2,6.640000000000001,5.134446631455871e-18,1.0059190799366728,0.5441810131708488
dense,C2,6.68,4.167670240954134e-18,1.0059190800325766,0.5441810132611439
dense,C2,6.72,3.3833087177698747e-18,1.0059190801181546,0.5441810133417329
dense,C2,6.76,2.7468670823274126e-18,1.0059190801945328,0.5441810134136719
dense,C2,6.8,2.2303914348392545e-18,1.005919080262712,0.5441810134779008
dense,C2,6.84,1.811219925344553e-18,1.0059190803235838,0.5441810135352559
dense,C2,6.88,1.4709818305196136e-18,1.0059190803779403,0.544181013586482
dense,C2,6.92,1.1947824921036773e-18,1.005919080426488,0.5441810136322415
dense,C2,6.96,9.705446712443524e-19,1.0059190804698546,0.5441810136731249
dense,C2,7.0,7.884721554674221e-19,1.0059190805085996,0.5441810137096573
dense,C2,7.04,6.406210636363477e-19,1.0059190805432217,0.5441810137423075
dense,C2,7.08,5.205463783608278e-19,1.0059190805741647,0.5441810137714933
dense,C2,7.12,4.2301952429659434e-19,1.0059190806018237,0.544181013797586
dense,C2,7.16,3.43798365792405e-19,1.0059190806265517,0.5441810138209171
dense,C2,7.2,2.794404094957399e-19,1.0059190806486624,0.5441810138417821
dense,C2,7.24,2.2715179326936413e-19,1.0059190806684364,0.5441810138604446
dense,C2,7.28,1.8466475207691528e-19,1.005919080686123,0.54418101387714
dense,C2,7.32,1.5013869960316003e-19,1.0059190807019451,0.5441810138920774
dense,C2,7.36,1.2207909159717553e-19,1.0059190807161016,0.5441810139054442
dense,C2,7.4,9.927260669317807e-20,1.0059190807287697,0.5441810139174073
dense,C2,7.44,8.073412624500545e-20,1.0059190807401075,0.5441810139281154
dense,C2,7.48,6.566351782239053e-20,1.0059190807502556,0.5441810139377015
dense,C2,7.5200000000000005,5.341090468072355e-20,1.005919080759341,0.5441810139462848
dense,C2,7.5600000000000005,4.344831411385274e-20,1.005919080767476,0.544181013953971
dense,C2,7.6000000000000005,3.534713248915233e-20,1.0059190807747607,0.5441810139608548
dense,C2,7.640000000000001,2.8758976970282254e-20,1.005919080781285,0.5441810139670211
dense,C2,7.68,2.340075373336457e-20,1.0059190807871292,0.5441810139725449
dense,C2,7.72,1.9042396563206595e-20,1.005919080792365,0.5441810139774943
dense,C2,7.76,1.5497158302849812e-20,1.0059190807970557,0.5441810139819292
dense,C2,7.8,1.2612986155263896e-20,1.0059190808012592,0.5441810139859038
dense,C2,7.84,1.0266453228916908e-20,1.0059190808050265,0.5441810139894664
dense,C2,7.88,8.35709698228398e-21,1.0059190808084035,0.5441810139926598
dense,C2,7.92,6.803442746703087e-21,1.0059190808114304,0.5441810139955232
dense,C2,7.96,5.539045481031232e-21,1.0059190808141445,0.5441810139980903
dense,C2,8.0,4.510007382490056e-21,1.005919080816578,0.5441810140003928
dense,C4,0.0,0.5048590108625958,0.0,0.0
dense,C4,0.04,0.42216399536523247,0.0859779770302608,0.006052561358330866
dense,C4,0.08,0.3527191334692037,0.16495173523883158,0.018822911395756724
dense,C4,0.12,0.2942283540177813,0.2377511379661945,0.03651410593144523
dense,C4,0.16,0.24489049754666972,0.3050226742390622,0.057657407992310304
dense,C4,0.2,0.20326771817565198,0.36727130796909235,0.08109420347818996
dense,C4,0.24,0.1681970772633709,0.42488456938993635,0.10590272572290543
dense,C4,0.28,0.13871567101233434,0.47816931703499865,0.1313482152385197
dense,C4,0.32,0.11400809803363134,0.5273839574308997,0.15685133250680394
dense,C4,0.36,0.09337448930631871,0.572757319409396,0.181962406496373
dense,C4,0.4,0.07621001771477294,0.6144992672929008,0.2063383207124984
dense,C4,0.44,0.06199016106504305,0.6528080278006738,0.22972319732690558
dense,C4,0.48,0.05025944034498683,0.6878759111074523,0.25193372155601135
dense,C4,0.52,0.04062281118388587,0.7198929574981199,0.2728476767279255
dense,C4,0.56,0.032738805951110096,0.7490487510142347,0.2923942781594556
dense,C4,0.6,0.02631382191818114,0.7755325243128554,0.31054500364687304
dense,C4,0.64,0.0210970748917618,0.7995319707303821,0.3273047592554145
dense,C4,0.68,0.01687585946101409,0.8212315835824642,0.34270402650836984
dense,C4,0.72,0.01347102018041451,0.840811004766575,0.35679222778107916
dense,C4,0.76,0.010732672576045085,0.8584435161107145,0.36963216719096514
dense,C4,0.8,0.008536220478835822,0.8742947523873574,0.3812954259438297
dense,C4,0.84,0.0067787041549196275,0.8885217120126804,0.39185865946497167
dense,C4,0.88,0.005375506109734632,0.901272086574664,0.4014007124627912
dense,C4,0.92,0.004257428080023467,0.9126838815736106,0.41000042808135984
dense,C4,0.96,0.003368135991176694,0.9228852826396402,0.41773502350415287
dense,C4,1.0,0.002661955588458674,0.931994720431217,0.4246789202825236
dense,C4,1.04,0.002101992058973659,0.9401210917409034,0.43090293677418384
dense,C4,1.08,0.0016585418041332855,0.9473640996742898,0.4364737668154369
dense,C4,1.12,0.001307762569984335,0.953814680922659,0.4414536823701192
dense,C4,1.16,0.0010305684199214812,0.9595554929154381,0.44590040893901234
dense,C4,1.2,0.0008117177620391113,0.9646614380515451,0.44986713164881864
dense,C4,1.24,0.0006390652373714698,0.9692002062958452,0.45340259765906843
dense,C4,1.28,0.0005029513109264647,0.9732328211637403,0.4565512871160719
dense,C4,1.32,0.00039570658466448556,0.976814177458021,0.4593536305034863
dense,C4,1.36,0.00031125096663442284,0.9799935620326639,0.46184625498964005
dense,C4,1.4000000000000001,0.00024477075349732546,0.9828151513282545,0.46406224633664556
dense,C4,1.44,0.00019245934036580034,0.9853184814679272,0.4660314161999152
dense,C4,1.48,0.00015130962833511793,0.9875388883543491,0.467780567295818
dense,C4,1.52,0.00011894825029438879,0.9895079165112205,0.4693337510361769
dense,C4,1.56,9.350349177104057e-05,0.9912536964152058,0.4707125139032965
dense,C4,1.6,7.350026867318389e-05,0.9928012908140457,0.471936130143423
dense,C4,1.6400000000000001,5.777676633478186e-05,0.9941730110686242,0.47302181935682946
dense,C4,1.68,4.541837455035545e-05,0.9953887049311027,0.4739849483169817
dense,C4,1.72,3.5705401079461246e-05,0.9964660174127526,0.47483921690867215
dense,C4,1.76,2.807173920564788e-05,0.9974206265333905,0.47559682847681956
dense,C4,1.8,2.2072228422441553e-05,0.9982664558038697,0.47626864515768963
dense,C4,1.84,1.7356903234401773e-05,0.9990158652940394,0.4768643289503743
dense,C4,1.8800000000000001,1.3650692413300642e-05,0.9996798230970215,0.4773924694006808
dense,C4,1.92,1.0737425980049915e-05,1.00026805892942,0.4778606988300582
dense,C4,1.96,8.447243232291158e-06,1.0007892015161421,0.47827579606284243
dense,C4,2.0,6.646683549493295e-06,1.001250901305583,0.47864377959702403
dense,C4,2.04,5.230891741362903e-06,1.0016599399518051,0.4789699911354876
dense,C4,2.08,4.117488933324099e-06,1.0020223278894074,0.4792591703528398
dense,C4,2.12,3.241754560780067e-06,1.002343391217089,0.4795155217225141
dense,C4,2.16,2.552839951098593e-06,1.0026278489997664,0.4797427741735725
dense,C4,2.2,2.010793219556179e-06,1.002879881997904,0.47994423428930033
dense,C4,2.24,1.584222011287004e-06,1.003103193737471,0.48012283370226416
dense,C4,2.2800000000000002,1.248457560303058e-06,1.003301064745118,0.48028117128444714
dense,C4,2.32,9.84112662834925e-07,1.0034764006910257,0.48042155067730197
dense,C4,2.36,7.75949110429648e-07,1.0036317751063835,0.4805460136556983
dense,C4,2.4,6.119881967540126e-07,1.0037694672734423,0.4806563697721857
dense,C4,2.44,4.828121304085187e-07,1.0038914958233356,0.4807542226838567
dense,C4,2.48,3.810153692220393e-07,1.0039996485199145,0.4808409935234816
dense,C4,2.52,3.007736836718896e-07,1.0040955086564693,0.4809179416393765
dense,C4,2.56,2.3750566709794543e-07,1.004180478445877,0.4809861829945978
dense,C4,2.6,1.8760683954147438e-07,1.0042557997430912,0.48104670648528486
dense,C4,2.64,1.482407566645631e-07,1.0043225724015659,0.48110038841019076
dense,C4,2.68,1.1717488445477317e-07,1.0043817705317695,0.48114800529834906
dense,C4,2.72,9.265163032314884e-08,1.0044342569000875,0.48119024527929033
dense,C4,2.7600000000000002,7.328698606566789e-08,1.0044807956797217,0.48122771815998483
dense,C4,2.8000000000000003,5.7990859195165905e-08,1.0045220637414343,0.4812609643545542
dense,C4,2.84,4.5904441722393125e-08,1.0045586606507941,0.4812904627965908
dense,C4,2.88,3.635096443309843e-08,1.0045911175197384,0.4813166379494431
dense,C4,2.92,2.87969688939046e-08,1.0046199048434987,0.4813398660168984
dense,C4,2.96,2.282184502257816e-08,1.0046454394390547,0.4813604804452051
dense,C4,3.0,1.809386532521018e-08,1.004668090588044,0.48137877679710417
dense,C4,3.04,1.4351326313123993e-08,1.0046881854753213,0.48139501706944426
dense,C4,3.08,1.1387705498609683e-08,1.004706014003943,0.48140943351784127
dense,C4,3.12,9.039976274255538e-09,1.0047218330581134,0.48142223204463197
dense,C4,3.16,7.179406661829948e-09,1.0047358702774438,0.48143359520000434
dense,C4,3.2,5.704312175849988e-09,1.0047483273986135,0.48144368484048244
dense,C4,3.24,4.534346359756369e-09,1.0047593832140862,0.48145264448392555
dense,C4,3.2800000000000002,3.6060015674116794e-09,1.0047691961918492,0.4814606013957333
dense,C4,3.3200000000000003,2.8690625028920323e-09,1.0047779067950846,0.4814676684369787
dense,C4,3.36,2.2838099912701854e-09,1.0047856395362187,0.48147394570169005
dense,C4,3.4,1.8188156489832035e-09,1.0047925047958384,0.48147952196739174
dense,C4,3.44,1.4492020783901788e-09,1.0047986004334586,0.48148447598024774
dense,C4,3.48,1.1552699085323658e-09,1.0048040132140277,0.4814888775937174
dense,C4,3.52,9.214139986038425e-10,1.0048088200713048,0.48149278877746743
dense,C4,3.56,7.352676337027688e-10,1.0048130892268268,0.4814962645113678
dense,C4,3.6,5.870265339797676e-10,1.004816881181013,0.4814993535776986
dense,C4,3.64,4.689147200899007e-10,1.0048202495910776,0.48150209926319737
dense,C4,3.68,3.7476232419468133e-10,1.0048232420487104,0.4815045399812422
dense,C4,3.72,2.9967176934895745e-10,1.0048259007690143,0.4815067098232859
dense,C4,3.7600000000000002,2.3975372764100884e-10,1.0048282632008618,0.48150863904761876
dense,C4,3.8000000000000003,1.9191819591730997e-10,1.004830362567663,0.48151035451260626
dense,C4,3.84,1.5370912253585944e-10,1.0048322283465125,0.48151188006073536
dense,C4,3.88,1.2317345755162553e-10,1.0048338866927624,0.48151323685907815
dense,C4,3.92,9.875742109614598e-11,1.0048353608162606,0.48151444370113416
dense,C4,3.96,7.9224300390277e-11,1.0048366713147783,0.48151551727445735
dense,C4,4.0,6.358928130540334e-11,1.0048378364695212,0.4815164723979567
dense,C4,4.04,5.1067763457314833e-11,1.0048388725070492,0.4815173222323251
dense,C4,4.08,4.103435207314121e-11,1.0048397938314424,0.4815180784666527
dense,C4,4.12,3.2990307374205055e-11,1.0048406132301053,0.4815187514839281
dense,C4,4.16,2.6537696062831903e-11,1.0048413420562199,0.4815193505078343
dense,C4,4.2,2.135885608454732e-11,1.0048419903905,0.48151988373295673
dense,C4,4.24,1.7200075193219744e-11,1.004842567184615,0.4815203584402876
dense,C4,4.28,1.3858612842270479e-11,1.0048430803883672,0.48152078109969887
dense,C4,4.32,1.1172375831451074e-11,1.0048435370624633,0.48152115746085683
dense,C4,4.36,9.011701233462913e-12,1.0048439434785335,0.4815214926338896
dense,C4,4.4,7.272813449577129e-12,1.0048443052078333,0.4815217911609707
dense,C4,4.44,5.872611785925131e-12,1.0048446271999265,0.4815220570798423
dense,C4,4.48,4.7445160183710786e-12,1.004844913852476,0.48152229398019514
dense,C4,4.5200000000000005,3.835153552966466e-12,1.0048451690731592,0.48152250505370825
dense,C4,4.5600000000000005,3.10171640992236e-12,1.0048453963346013,0.4815226931384679
dense,C4,4.6000000000000005,2.509851535154149e-12,1.004845598723109,0.4815228607584012
dense,C4,4.64,2.031975969215658e-12,1.0048457789819227,0.4815230101582843
dense,C4,4.68,1.6459306365488526e-12,1.0048459395495906,0.4815231433348246
dense,C4,4.72,1.3339041383876358e-12,1.0048460825940304,0.4815232620642636
dense,C4,4.76,1.0815719530331214e-12,1.0048462100427609,0.4815233679268861
dense,C4,4.8,8.774075713705054e-13,1.0048463236097323,0.4815234623287906
dense,C4,4.84,7.121309314997476e-13,1.004846424819149,0.4815235465212233
dense,C4,4.88,5.782665573656807e-13,1.0048465150266173,0.481523621617753
dense,C4,4.92,4.697893932763308e-13,1.0048465954379193,0.4815236886095305
dense,C4,4.96,3.818407747327023e-13,1.0048466671256873,0.4815237483788421
dense,C4,5.0,3.1050052899882755e-13,1.0048467310442084,0.48152380171115655
dense,C4,5.04,2.526040116054893e-13,1.004846788042573,0.48152384930582565
dense,C4,5.08,2.0559514128722884e-13,1.0048468388763532,0.4815238917855992
dense,C4,5.12,1.6740828481655706e-13,1.0048468842179765,0.4815239297050768
dense,C4,5.16,1.3637328041109508e-13,1.0048469246659413,0.48152396355822275
dense,C4,5.2,1.1113902217568132e-13,1.0048469607530048,0.4815239937850471
dense,C4,5.24,9.061194859076013e-14,1.004846992953456,0.48152402077754525
dense,C4,5.28,7.390649859878551e-14,1.0048470216895815,0.4815240448849759
dense,C4,5.32,6.030518743593778e-14,1.0048470473374083,0.48152406641856044
dense,C4,5.36,4.922641573483486e-14,1.0048470702318115,0.48152408565565563
dense,C4,5.4,4.019850172016196e-14,1.0048470906710516,0.4815241028434706
dense,C4,5.44,3.283872109259043e-14,1.0048471089208075,0.48152411820236757
dense,C4,5.48,2.6836380073714783e-14,1.0048471252177662,0.4815241319288051
dense,C4,5.5200000000000005,2.193913953764821e-14,1.0048471397728078,0.4815241441979482
dense,C4,5.5600000000000005,1.7941958482681122e-14,1.004847152773845,0.48152415516599856
dense,C4,5.6000000000000005,1.4678151624684103e-14,1.0048471643883423,0.4815241649722635
dense,C4,5.64,1.2012152786074353e-14,1.0048471747655598,0.48152417374099865
dense,C4,5.68,9.833655853181955e-15,1.0048471840385484,0.4815241815830477
dense,C4,5.72,8.052868244672697e-15,1.0048471923259243,0.48152418859730484
dense,C4,5.76,6.596664672386155e-15,1.004847199733448,0.4815241948720104
dense,C4,5.8,5.405467781342024e-15,1.0048472063554288,0.48152420048591144
dense,C4,5.84,4.430717912364577e-15,1.0048472122759757,0.48152420550929165
dense,C4,5.88,3.632819159488412e-15,1.0048472175701109,0.4815242100048871
dense,C4,5.92,2.9794719396068494e-15,1.004847222304757,0.48152421402870693
dense,C4,5.96,2.4443178841773414e-15,1.004847226539622,0.48152421763075876
dense,C4,6.0,2.005838729047088e-15,1.0048472303279823,0.4815242208556981
dense,C4,6.04,1.6464609010356613e-15,1.0048472337173817,0.4815242237434082
dense,C4,6.08,1.3518269391182877e-15,1.004847236750254,0.48152422632951164
dense,C4,6.12,1.110202729023223e-15,1.0048472394644767,0.4815242286458315
dense,C4,6.16,9.119946811035916e-16,1.0048472418938654,0.48152423072080136
dense,C4,6.2,7.49356544765864e-16,1.0048472440686118,0.4815242325798272
dense,C4,6.24,6.158689563041452e-16,1.0048472460156774,0.4815242342456143
dense,C4,6.28,5.062781887815701e-16,1.004847247759141,0.48152423573845726
dense,C4,6.32,4.1628307510815147e-16,1.00484724932051,0.4815242370764979
dense,C4,6.36,3.423612017196867e-16,1.0048472507189974,0.48152423827595525
dense,C4,6.4,2.8162696319811183e-16,1.0048472519717695,0.4815242393513326
dense,C4,6.44,2.31715747947324e-16,1.0048472530941654,0.48152424031560004
dense,C4,6.48,1.9068927845230084e-16,1.0048472540998936,0.4815242411803572
dense,C4,6.5200000000000005,1.5695829200923585e-16,1.0048472550012066,0.4815242419559816
dense,C4,6.5600000000000005,1.2921930042072135e-16,1.0048472558090575,0.4815242426517566
dense,C4,6.6000000000000005,1.0640294618056902e-16,1.004847256533238,0.4815242432759889
dense,C4,6.640000000000001,8.763165786594991e-17,1.0048472571825053,0.4815242438361128
dense,C4,6.68,7.21851055732256e-17,1.0048472577646896,0.48152424433878144
dense,C4,6.72,5.947185426209414e-17,1.0048472582867944,0.4815242447899504
dense,C4,6.76,4.900618571036885e-17,1.0048472587550843,0.481524245194952
dense,C4,6.8,4.038908549215729e-17,1.004847259175165,0.4815242455585601
dense,C4,6.84,3.3292712661621027e-17,1.0048472595520515,0.48152424588505016
dense,C4,6.88,2.7447620597496356e-17,1.0048472598902316,0.4815242461782513
dense,C4,6.92,2.2632313901607356e-17,1.004847260193723,0.4815242464415937
dense,C4,6.96,1.866467335479901e-17,1.004847260466121,0.4815242466781502
dense,C4,7.0,1.5394923843621584e-17,1.004847260710645,0.48152424689067386
dense,C4,7.04,1.2699857416077462e-17,1.0048472609301768,0.48152424708163255
dense,C4,7.08,1.0478109720445102e-17,1.0048472611272985,0.48152424725323734
dense,C4,7.12,8.646262450507457e-18,1.0048472613043218,0.48152424740747
dense,C4,7.16,7.135657366550548e-18,1.0048472614633175,0.48152424754610834
dense,C4,7.2,5.889768450904018e-18,1.0048472616061408,0.48152424767074603
dense,C4,7.24,4.862057925481486e-18,1.0048472617344537,0.48152424778281055
dense,C4,7.28,4.01419314851977e-18,1.0048472618497464,0.4815242478835849
dense,C4,7.32,3.3146026359762474e-18,1.004847261953354,0.48152424797421767
dense,C4,7.36,2.737276861117966e-18,1.0048472620464735,0.48152424805574046
dense,C4,7.4,2.260782659877336e-18,1.0048472621301772,0.4815242481290783
dense,C4,7.44,1.867457225150718e-18,1.0048472622054279,0.4815242481950613
dense,C4,7.48,1.5427428273409052e-18,1.0048472622730873,0.4815242482544358
dense,C4,7.5200000000000005,1.2746354301295062e-18,1.00484726233393,0.48152424830786944
dense,C4,7.5600000000000005,1.0532399651358813e-18,1.0048472623886495,0.481524248355963
dense,C4,7.6000000000000005,8.703952261900386e-19,1.004847262437869,0.4815242483992561
dense,C4,7.640000000000001,7.193709292677049e-19,1.0048472624821463,0.48152424843823216
dense,C4,7.68,5.946139514573833e-19,1.0048472625219833,0.481524248473327
dense,C4,7.72,4.915444844515992e-19,1.0048472625578302,0.48152424850493014
dense,C4,7.76,4.063823156982554e-19,1.0048472625900904,0.48152424853339304
dense,C4,7.8,3.360087293072374e-19,1.0048472626191263,0.48152424855903064
dense,C4,7.84,2.7784913976416843e-19,1.0048472626452636,0.4815242485821265
dense,C4,7.88,2.2977859524173224e-19,1.0048472626687952,0.4815242486029352
dense,C4,7.92,1.900429141011151e-19,1.004847262689983,0.48152424862168475
dense,C4,7.96,1.5719354625374552e-19,1.0048472627090625,0.4815242486385818
dense,C4,8.0,1.300341535403433e-19,1.0048472627262464,0.4815242486538111
dense,L2,0.0,0.5057923154719919,0.0,0.0
dense,L2,0.04,0.42056928569179,0.08864500570462987,0.006550426089958159
dense,L2,0.08,0.3491374611862013,0.17015739984813213,0.02098998219659762
dense,L2,0.12,0.2889585204864304,0.2455815314852925,0.0413762041112871
dense,L2,0.16,0.23817669322524915,0.3156102369365946,0.06610312198319432
dense,L2,0.2,0.19536999759211982,0.38070516827956463,0.09385373661050188
dense,L2,0.24,0.15939848429308084,0.4411790505339379,0.12353405602730463
dense,L2,0.28,0.12931127236337195,0.4972533518437131,0.15423181332508248
dense,L2,0.32,0.1042902904799643,0.5490989711773941,0.18519048830869977
dense,L2,0.36,0.08361713116982178,0.5968644989969257,0.21579174442255164
dense,L2,0.4,0.06665421673572319,0.640695021525253,0.2455419513954713
dense,L2,0.44,0.05283441148696371,0.680743617452693,0.2740602446330784
dense,L2,0.48,0.04165517268710566,0.7171772573211986,0.3010667894946661
dense,L2,0.52,0.03267472375513159,0.7501785510546267,0.3263707342072007
dense,L2,0.56,0.025508746560442837,0.7799445873409558,0.34985784875220066
dense,L2,0.6,0.019826815659046648,0.8066839186107898,0.37147812961885013
dense,L2,0.64,0.0153482899577522,0.8306125513223974,0.39123376198941057
dense,L2,0.68,0.011837681136181239,0.8519496060600678,0.40916782588755796
dense,L2,0.72,0.009099676853212888,0.8709131259736141,0.4253540583335174
dense,L2,0.76,0.0069740526089719064,0.8877163461706733,0.43988787767969917
dense,L2,0.8,0.005330696861162236,0.9025645984663383,0.45287876660246923
dense,L2,0.84,0.004064930037208849,0.9156529187032787,0.4644440140016941
dense,L2,0.88,0.003093241448756809,0.9271643470464919,0.47470374191819625
dense,L2,0.92,0.002349512839413337,0.9372688617911924,0.48377709367276167
dense,L2,0.96,0.001781750902604127,0.9461228593412299,0.49177943177017325
dense,L2,1.0,0.0013493164298227717,0.9538690817357891,0.4988203845535901
dense,L2,1.04,0.0010206146725718688,0.9606368933837681,0.5050025843074861
dense,L2,1.08,0.0007711983417048513,0.9665428162435408,0.5104209519124536
dense,L2,1.12,0.0005822291530753114,0.9716912442352923,0.5151624004184872
dense,L2,1.16,0.00043924369291175583,0.9761752707880633,0.5193058491077933
dense,L2,1.2,0.00033117266990307655,0.9800775764962434,0.5229224587343074
dense,L2,1.24,0.0002495678214590225,0.9834713359169753,0.5260760163800057
dense,L2,1.28,0.0001879967524612703,0.9864211130759339,0.5288234140675954
dense,L2,1.32,0.00014157207536857384,0.988983724082412,0.5312151786432582
dense,L2,1.36,0.00010658694646356819,0.9912090524099001,0.5332960214962779
dense,L2,1.4000000000000001,8.023421832226369e-05,0.9931408080183288,0.5351053855843411
dense,L2,1.44,6.039085898843835e-05,0.9948172257793275,0.5366779742388135
dense,L2,1.48,4.545301939865281e-05,0.9962717018339401,0.5380442516185548
dense,L2,1.52,3.421020982800711e-05,0.9975333687737352,0.5392309087453298
dense,L2,1.56,2.5749546928836666e-05,0.9986276120812495,0.5402612920468732
dense,L2,1.6,1.9383037796862503e-05,0.9995765312580004,0.5411557934810941
dense,L2,1.6400000000000001,1.4592457794837063e-05,1.0003993496442474,0.5419322028074429
dense,L2,1.68,1.0987629287603904e-05,1.0011127772046964,0.5426060235658788
dense,L2,1.72,8.274884462399401e-06,1.0017313306058355,0.543190754946147
dense,L2,1.76,6.233252584154196e-06,1.0022676148112817,0.5436981420796274
dense,L2,1.8,4.696496411804421e-06,1.0027325702229708,0.5441383974400368
dense,L2,1.84,3.5395715515912745e-06,1.003135689136648,0.5445203960567221
dense,L2,1.8800000000000001,2.6684263133679534e-06,1.0034852049879772,0.5448518471696199
dense,L2,1.92,2.012322016701972e-06,1.0037882575608066,0.5451394448211195
dense,L2,1.96,1.518053411353836e-06,1.0040510370255167,0.5453889997111393
dense,L2,2.0,1.1456005542261565e-06,1.00427890938233,0.5456055544549013
dense,L2,2.04,8.648584575020612e-07,1.004476525607778,0.5457934841902928
dense,L2,2.08,6.53177831323221e-07,1.0046479165456152,0.5459565842915115
dense,L2,2.12,4.935160001539591e-07,1.004796575347975,0.5460981467632956
dense,L2,2.16,3.730467086317397e-07,1.004925529058789,0.5462210267187296
dense,L2,2.2,2.821149651175937e-07,1.0050374007390612,0.5463277001852103
dense,L2,2.24,2.1345127705076014e-07,1.0051344633614199,0.5464203143384279
dense,L2,2.2800000000000002,1.615808713902102e-07,1.0052186865482033,0.5465007311332073
dense,L2,2.32,1.2237947773876162e-07,1.0052917770916578,0.5465705651823941
dense,L2,2.36,9.273927588422377e-08,1.0053552140750515,0.5466312166298708
dense,L2,2.4,7.031765131354034e-08,1.0054102793081467,0.5466838996704634
dense,L2,2.44,5.334819954035001e-08,1.0054580836980085,0.5467296672868901
dense,L2,2.48,4.049852893044583e-08,1.005499590095111,0.5467694327010869
dense,L2,2.52,3.07632509082432e-08,1.005535633083968,0.546803987973225
dense,L2,2.56,2.3383431254830478e-08,1.0055669361256983,0.5468340201255615
dense,L2,2.6,1.778594376711024e-08,1.0055941264061274,0.5468601251191284
dense,L2,2.64,1.353779617346595e-08,1.0056177476961428,0.5468828199683082
dense,L2,2.68,1.0311721919662855e-08,1.0056382714902639,0.5469025532408631
dense,L2,2.72,7.860250971882281e-09,1.0056561066539655,0.5469197141583368
dense,L2,2.7600000000000002,5.9961638085932275e-09,1.0056716077795327,0.5469346404833172
dense,L2,2.8000000000000003,4.577752133499962e-09,1.005685082423526,0.5469476253553075
dense,L2,2.84,3.4977002402278426e-09,1.0056967973757815,0.5469589232154902
dense,L2,2.88,2.6746944640618266e-09,1.0057069840897945,0.5469687549419715
dense,L2,2.92,2.047088859082851e-09,1.0057158433869202,0.546977312300922
dense,L2,2.96,1.5681212292209762e-09,1.005723549531762,0.5469847618049398
dense,L2,3.0,1.2022985130476465e-09,1.0057302537630353,0.5469912480578004
dense,L2,3.04,9.226644812608833e-10,1.005736087352897,0.546996896654157
dense,L2,3.08,7.087334242694084e-10,1.0057411642579246,0.5470018166936084
dense,L2,3.12,5.449267481342209e-10,1.005745583416435,0.5470061029605998
dense,L2,3.16,4.1938949022628264e-10,1.0057494307395234,0.5470098378147457
dense,L2,3.2,3.230939697301658e-10,1.0057527808367952,0.5470130928301948
dense,L2,3.24,2.4916054601898844e-10,1.0057556985123048,0.5470159302174973
dense,L2,3.2800000000000002,1.9234261392572624e-10,1.0057582400614258,0.5470184040569595
dense,L2,3.3200000000000003,1.486359008985724e-10,1.0057604543952603,0.5470205613685981
dense,L2,3.36,1.1498188895345488e-10,1.00576238401563,0.5470224430404359
dense,L2,3.4,8.9042547874526e-11,1.0057640658605977,0.5470240846340055
dense,L2,3.44,6.902912499129418e-11,1.0057655320377918,0.5470255170833693
dense,L2,3.48,5.3571934646590464e-11,1.0057668104605038,0.5470267673018189
dense,L2,3.52,4.162126252492017e-11,1.0057679253995069,0.5470278587085111
dense,L2,3.56,3.237189722094536e-11,1.005768897961828,0.5470288116856602
dense,L2,3.6,2.5205614453884217e-11,1.0057697465061906,0.5470296439755039
dense,L2,3.64,1.964731097410551e-11,1.0057704870035507,0.5470303710250176
dense,L2,3.68,1.5331523379421266e-11,1.0057711333500288,0.5470310062852985
dense,L2,3.72,1.1976853350410703e-11,1.00577169763855,0.5470315614716174
dense,L2,3.7600000000000002,9.366416557421523e-12,1.0057721903946835,0.5470320467893355
dense,L2,3.8000000000000003,7.332884154671373e-12,1.0057726207814184,0.5470324711302001
dense,L2,3.84,5.747028398976767e-12,1.0057729967769982,0.5470328422429241
dense,L2,3.88,4.508943911014219e-12,1.0057733253293781,0.5470331668814429
dense,L2,3.92,3.5413136238784704e-12,1.0057736124903973,0.5470334509337893
dense,L2,3.96,2.784238500604483e-12,1.0057738635323497,0.5470336995341382
dense,L2,4.0,2.191264206103891e-12,1.0057740830492732,0.5470339171602334
dense,L2,4.04,1.726324754489804e-12,1.005774275044979,0.5470341077181214
dense,L2,4.08,1.3613892445041079e-12,1.0057744430095654,0.5470342746158491
dense,L2,4.12,1.0746481721427587e-12,1.0057745899859325,0.5470344208275836
dense,L2,4.16,8.491142121348008e-13,1.0057747186276158,0.5470345489494043
dense,L2,4.2,6.715416630376107e-13,1.0057748312490797,0.5470346612478538
dense,L2,4.24,5.315911268746179e-13,1.0057749298694592,0.5470347597021995
dense,L2,4.28,4.2118310622007297e-13,1.0057750162506096,0.5470348460412258
dense,L2,4.32,3.3399725964674294e-13,1.0057750919302146,0.5470349217752704
dense,L2,4.36,2.6508409443071356e-13,1.0057751582505932,0.5470349882241229
dense,L2,4.4,2.1056352241700025e-13,1.0057752163837743,0.547035046541328
dense,L2,4.44,1.6739060360671018e-13,1.0057752673533216,0.5470350977353552
dense,L2,4.48,1.3317330451037338e-13,1.0057753120533368,0.5470351426880532
dense,L2,4.5200000000000005,1.0603056841181225e-13,1.0057753512650096,0.5470351821707231
dense,L2,4.5600000000000005,8.448166563559966e-14,1.0057753856710265,0.5470352168581396
dense,L2,4.6000000000000005,6.735983237663198e-14,1.00577541586813,0.5470352473407694
dense,L2,4.64,5.374479834468095e-14,1.0057754423780543,0.5470352741354303
dense,L2,4.68,4.291001275780548e-14,1.0057754656570617,0.5470352976945849
dense,L2,4.72,3.4281325363645025e-14,1.005775486104249,0.547035318414454
dense,L2,4.76,2.740459942268964e-14,1.0057755040687935,0.5470353366420891
dense,L2,4.8,2.1920301391853912e-14,1.0057755198562683,0.5470353526815528
dense,L2,4.84,1.754354294502324e-14,1.0057755337341518,0.5470353667993063
dense,L2,4.88,1.4048389149449767e-14,1.0057755459366333,0.5470353792289221
dense,L2,4.92,1.1255509078994078e-14,1.0057755566688054,0.5470353901751919
dense,L2,4.96,9.02244682662289e-15,1.0057755661103225,0.5470353998177199
dense,L2,5.0,7.235949569787192e-15,1.0057755744185952,0.5470354083140594
dense,L2,5.04,5.80591171829619e-15,1.005775581731578,0.5470354158024585
dense,L2,5.08,4.660590785169361e-15,1.005775588170206,0.5470354224042528
dense,L2,5.12,3.7428237527730075e-15,1.005775593840518,0.5470354282259662
dense,L2,5.16,3.0070324644064924e-15,1.0057755988355168,0.5470354333611388
dense,L2,5.2,2.416851373899896e-15,1.005775603236793,0.5470354378919356
dense,L2,5.24,1.9432463955159726e-15,1.0057756071159412,0.5470354418905449
dense,L2,5.28,1.563022280882958e-15,1.0057756105358033,0.5470354454204077
dense,L2,5.32,1.2576372352438621e-15,1.0057756135515505,0.5470354485372924
dense,L2,5.36,1.012260554137755e-15,1.0057756162116338,0.5470354512902363
dense,L2,5.4,8.150232544701374e-16,1.0057756185586122,0.5470354537223686
dense,L2,5.44,6.564214345560508e-16,1.0057756206298798,0.5470354558716309
dense,L2,5.48,5.288409844323773e-16,1.0057756224583014,0.5470354577714134
dense,L2,5.5200000000000005,4.2617879455260175e-16,1.0057756240727664,0.5470354594511057
dense,L2,5.5600000000000005,3.435405041521653e-16,1.0057756254986798,0.5470354609365837
dense,L2,5.6000000000000005,2.769993071089146e-16,1.0057756267583855,0.5470354622506374
dense,L2,5.64,2.234032454150005e-16,1.005775627871541,0.5470354634133416
dense,L2,5.68,1.802212468952982e-16,1.0057756288554458,0.5470354644423857
dense,L2,5.72,1.4541997582749486e-16,1.0057756297253269,0.5470354653533611
dense,L2,5.76,1.1736531737322584e-16,1.005775630494592,0.5470354661600142
dense,L2,5.8,9.474347975571486e-17,1.0057756311750485,0.5470354668744657
dense,L2,5.84,7.649784111236299e-17,1.0057756317770987,0.5470354675074081
dense,L2,5.88,6.177828497601888e-17,1.0057756323099079,0.5470354680682754
dense,L2,5.92,4.990064563860481e-17,1.0057756327815546,0.5470354685653938
dense,L2,5.96,4.0314100762473234e-17,1.0057756331991616,0.5470354690061131
dense,L2,6.0,3.2575072696878423e-17,1.0057756335690093,0.547035469396924
dense,L2,6.04,2.63262239926337e-17,1.0057756338966382,0.5470354697435578
dense,L2,6.08,2.127962257085665e-17,1.005775634186936,0.5470354700510793
dense,L2,6.12,1.7203184600298638e-17,1.0057756344442168,0.5470354703239639
dense,L2,6.16,1.3909803239926032e-17,1.0057756346722888,0.5470354705661672
dense,L2,6.2,1.1248588891035541e-17,1.005775634874515,0.5470354707811864
dense,L2,6.24,9.097830447535926e-18,1.005775635053865,0.547035470972115
dense,L2,6.28,7.359331567643388e-18,1.005775635212962,0.5470354711416886
dense,L2,6.32,5.953846241615514e-18,1.0057756353541256,0.5470354712923287
dense,L2,6.36,4.8174116055901554e-18,1.0057756354794043,0.5470354714261766
dense,L2,6.4,3.898387825093776e-18,1.00577563559061,0.5470354715451303
dense,L2,6.44,3.1550753137919747e-18,1.0057756356893452,0.5470354716508689
dense,L2,6.48,2.5537967885063953e-18,1.0057756357770269,0.5470354717448793
dense,L2,6.5200000000000005,2.067346305938015e-18,1.005775635854909,0.5470354718284798
dense,L2,6.5600000000000005,1.6737440037613573e-18,1.0057756359241012,0.5470354719028376
dense,L2,6.6000000000000005,1.3552281826291193e-18,1.005775635985586,0.5470354719689878
dense,L2,6.640000000000001,1.097443185600874e-18,1.0057756360402328,0.5470354720278476
dense,L2,6.68,8.887848523899658e-19,1.0057756360888122,0.5470354720802307
dense,L2,6.72,7.198716826835467e-19,1.0057756361320063,0.5470354721268587
dense,L2,6.76,5.831177146355026e-19,1.005775636170419,0.5470354721683713
dense,L2,6.8,4.723878799786994e-19,1.0057756362045875,0.5470354722053368
dense,L2,6.84,3.8272122949657862e-19,1.0057756362349857,0.547035472238259
dense,L2,6.88,3.1010294803368124e-19,1.0057756362620347,0.5470354722675852
dense,L2,6.92,2.5128565218793765e-19,1.0057756362861083,0.5470354722937134
dense,L2,6.96,2.0364213357172395e-19,1.0057756363075374,0.5470354723169957
dense,L2,7.0,1.6504579776418495e-19,1.0057756363266164,0.5470354723377465
dense,L2,7.04,1.3377592033075797e-19,1.0057756363436057,0.5470354723562432
dense,L2,7.08,1.084393827633427e-19,1.005775636358737,0.547035472372734
dense,L2,7.12,8.790845782625168e-20,1.0057756363722157,0.5470354723874387
dense,L2,7.16,7.127036221349011e-20,1.0057756363842243,0.5470354724005525
dense,L2,7.2,5.77856154036728e-20,1.0057756363949253,0.5470354724122501
dense,L2,7.24,4.685586602487053e-20,1.0057756364044623,0.5470354724226859
dense,L2,7.28,3.79962290749653e-20,1.0057756364129635,0.5470354724319966
dense,L2,7.32,3.0814062164178323e-20,1.0057756364205426,0.5470354724403054
dense,L2,7.36,2.4991276696328285e-20,1.0057756364273005,0.5470354724477213
dense,L2,7.4,2.0270227811355797e-20,1.0057756364333272,0.5470354724543413
dense,L2,7.44,1.644214605389927e-20,1.0057756364387032,0.5470354724602512
dense,L2,7.48,1.333793942537376e-20,1.0057756364434984,0.5470354724655281
dense,L2,7.5200000000000005,1.0820538335242634e-20,1.0057756364477768,0.5470354724702408
dense,L2,7.5600000000000005,8.778845954159586e-21,1.0057756364515948,0.54703547247445
dense,L2,7.6000000000000005,7.122844061344404e-21,1.0057756364550023,0.5470354724782098
dense,L2,7.640000000000001,5.779606283216272e-21,1.0057756364580437,0.5470354724815686
dense,L2,7.68,4.689975627441229e-21,1.0057756364607588,0.5470354724845701
dense,L2,7.72,3.806015053840444e-21,1.0057756364631831,0.5470354724872522
dense,L2,7.76,3.088834348416218e-21,1.0057756364653478,0.5470354724896491
dense,L2,7.8,2.506986579432434e-21,1.005775636467281,0.5470354724917916
dense,L2,7.84,2.0348427625236735e-21,1.0057756364690078,0.5470354724937067
dense,L2,7.88,1.6517141977163544e-21,1.0057756364705501,0.5470354724954193
dense,L2,7.92,1.340798915152263e-21,1.0057756364719286,0.5470354724969505
dense,L2,7.96,1.0884899442322767e-21,1.00577563647316,0.5470354724983196
dense,L2,8.0,8.836989145722248e-22,1.0057756364742605,0.5470354724995442
