source,case_id,fractional_loss_progress,depth_index,depth_fraction,gram_increment_fro,progress_path_scale,terminal_loss_reduction_fraction
PDE,C0,0.0,0,0.0,0.0,0.4853351268197654,1.0
PDE,C0,0.0,1,0.0625,0.0,0.4853351268197654,1.0
PDE,C0,0.0,2,0.125,0.0,0.4853351268197654,1.0
PDE,C0,0.0,3,0.1875,0.0,0.4853351268197654,1.0
PDE,C0,0.0,4,0.25,0.0,0.4853351268197654,1.0
PDE,C0,0.0,5,0.3125,0.0,0.4853351268197654,1.0
PDE,C0,0.0,6,0.375,0.0,0.4853351268197654,1.0
PDE,C0,0.0,7,0.4375,0.0,0.4853351268197654,1.0
PDE,C0,0.0,8,0.5,0.0,0.4853351268197654,1.0
PDE,C0,0.0,9,0.5625,0.0,0.4853351268197654,1.0
PDE,C0,0.0,10,0.625,0.0,0.4853351268197654,1.0
PDE,C0,0.0,11,0.6875,0.0,0.4853351268197654,1.0
PDE,C0,0.0,12,0.75,0.0,0.4853351268197654,1.0
PDE,C0,0.0,13,0.8125,0.0,0.4853351268197654,1.0
PDE,C0,0.0,14,0.875,0.0,0.4853351268197654,1.0
PDE,C0,0.0,15,0.9375,0.0,0.4853351268197654,1.0
PDE,C0,0.0,16,1.0,0.0,0.4853351268197654,1.0
PDE,C0,0.01,0,0.0,0.00021232212367719398,0.4853351268197654,1.0
PDE,C0,0.01,1,0.0625,0.00023007445287701996,0.4853351268197654,1.0
PDE,C0,0.01,2,0.125,0.0002481094524672403,0.4853351268197654,1.0
PDE,C0,0.01,3,0.1875,0.00026642730788291053,0.4853351268197654,1.0
PDE,C0,0.01,4,0.25,0.0002850282062829614,0.4853351268197654,1.0
PDE,C0,0.01,5,0.3125,0.000303912336552032,0.4853351268197654,1.0
PDE,C0,0.01,6,0.375,0.000323079889301727,0.4853351268197654,1.0
PDE,C0,0.01,7,0.4375,0.00034253105687305485,0.4853351268197654,1.0
PDE,C0,0.01,8,0.5,0.0003622660333369544,0.4853351268197654,1.0
PDE,C0,0.01,9,0.5625,0.0003822850144967301,0.4853351268197654,1.0
PDE,C0,0.01,10,0.625,0.0004025881978893369,0.4853351268197654,1.0
PDE,C0,0.01,11,0.6875,0.00042317578278723805,0.4853351268197654,1.0
PDE,C0,0.01,12,0.75,0.0004440479701997763,0.4853351268197654,1.0
PDE,C0,0.01,13,0.8125,0.00046520496287514863,0.4853351268197654,1.0
PDE,C0,0.01,14,0.875,0.00048664696530214483,0.4853351268197654,1.0
PDE,C0,0.01,15,0.9375,0.0005083741837115455,0.4853351268197654,1.0
PDE,C0,0.01,16,1.0,0.0005303868260783634,0.4853351268197654,1.0
PDE,C0,0.02,0,0.0,0.00042464424735449584,0.4853351268197654,1.0
PDE,C0,0.02,1,0.0625,0.00046014890575408476,0.4853351268197654,1.0
PDE,C0,0.02,2,0.125,0.0004962189049345255,0.4853351268197654,1.0
PDE,C0,0.02,3,0.1875,0.0005328546157657581,0.4853351268197654,1.0
PDE,C0,0.02,4,0.25,0.0005700564125658342,0.4853351268197654,1.0
PDE,C0,0.02,5,0.3125,0.000607824673103842,0.4853351268197654,1.0
PDE,C0,0.02,6,0.375,0.000646159778603454,0.4853351268197654,1.0
PDE,C0,0.02,7,0.4375,0.0006850621137460211,0.4853351268197654,1.0
PDE,C0,0.02,8,0.5,0.0007245320666739088,0.4853351268197654,1.0
PDE,C0,0.02,9,0.5625,0.0007645700289934346,0.4853351268197654,1.0
PDE,C0,0.02,10,0.625,0.0008051763957786738,0.4853351268197654,1.0
PDE,C0,0.02,11,0.6875,0.0008463515655744131,0.4853351268197654,1.0
PDE,C0,0.02,12,0.75,0.0008880959403993937,0.4853351268197654,1.0
PDE,C0,0.02,13,0.8125,0.0009304099257502087,0.4853351268197654,1.0
PDE,C0,0.02,14,0.875,0.0009732939306042012,0.4853351268197654,1.0
PDE,C0,0.02,15,0.9375,0.001016748367423199,0.4853351268197654,1.0
PDE,C0,0.02,16,1.0,0.0010607736521565556,0.4853351268197654,1.0
PDE,C0,0.03,0,0.0,0.0006369663710316897,0.4853351268197654,1.0
PDE,C0,0.03,1,0.0625,0.0006902233586309457,0.4853351268197654,1.0
PDE,C0,0.03,2,0.125,0.0007443283574017283,0.4853351268197654,1.0
PDE,C0,0.03,3,0.1875,0.0007992819236486054,0.4853351268197654,1.0
PDE,C0,0.03,4,0.25,0.0008550846188487068,0.4853351268197654,1.0
PDE,C0,0.03,5,0.3125,0.0009117370096557148,0.4853351268197654,1.0
PDE,C0,0.03,6,0.375,0.0009692396679050476,0.4853351268197654,1.0
PDE,C0,0.03,7,0.4375,0.0010275931706189873,0.4853351268197654,1.0
PDE,C0,0.03,8,0.5,0.0010867981000108886,0.4853351268197654,1.0
PDE,C0,0.03,9,0.5625,0.0011468550434902023,0.4853351268197654,1.0
PDE,C0,0.03,10,0.625,0.0012077645936680106,0.4853351268197654,1.0
PDE,C0,0.03,11,0.6875,0.0012695273483615177,0.4853351268197654,1.0
PDE,C0,0.03,12,0.75,0.001332143910599011,0.4853351268197654,1.0
PDE,C0,0.03,13,0.8125,0.001395614888625357,0.4853351268197654,1.0
PDE,C0,0.03,14,0.875,0.0014599408959063457,0.4853351268197654,1.0
PDE,C0,0.03,15,0.9375,0.0015251225511346738,0.4853351268197654,1.0
PDE,C0,0.03,16,1.0,0.0015911604782347225,0.4853351268197654,1.0
PDE,C0,0.04,0,0.0,0.0008492884947089468,0.4853351268197654,1.0
PDE,C0,0.04,1,0.0625,0.0009202978115080737,0.4853351268197654,1.0
PDE,C0,0.04,2,0.125,0.000992437809868943,0.4853351268197654,1.0
PDE,C0,0.04,3,0.1875,0.0010657092315315417,0.4853351268197654,1.0
PDE,C0,0.04,4,0.25,0.0011401128251316685,0.4853351268197654,1.0
PDE,C0,0.04,5,0.3125,0.001215649346207684,0.4853351268197654,1.0
PDE,C0,0.04,6,0.375,0.0012923195572069968,0.4853351268197654,1.0
PDE,C0,0.04,7,0.4375,0.0013701242274920423,0.4853351268197654,1.0
PDE,C0,0.04,8,0.5,0.001449064133347843,0.4853351268197654,1.0
PDE,C0,0.04,9,0.5625,0.0015291400579869325,0.4853351268197654,1.0
PDE,C0,0.04,10,0.625,0.0016103527915573733,0.4853351268197654,1.0
PDE,C0,0.04,11,0.6875,0.0016927031311487816,0.4853351268197654,1.0
PDE,C0,0.04,12,0.75,0.0017761918807987873,0.4853351268197654,1.0
PDE,C0,0.04,13,0.8125,0.001860819851500506,0.4853351268197654,1.0
PDE,C0,0.04,14,0.875,0.0019465878612084906,0.4853351268197654,1.0
PDE,C0,0.04,15,0.9375,0.0020334967348463527,0.4853351268197654,1.0
PDE,C0,0.04,16,1.0,0.002121547304313086,0.4853351268197654,1.0
PDE,C0,0.05,0,0.0,0.0010616106183861408,0.4853351268197654,1.0
PDE,C0,0.05,1,0.0625,0.001150372264385068,0.4853351268197654,1.0
PDE,C0,0.05,2,0.125,0.0012405472623361205,0.4853351268197654,1.0
PDE,C0,0.05,3,0.1875,0.0013321365394142557,0.4853351268197654,1.0
PDE,C0,0.05,4,0.25,0.0014251410314145413,0.4853351268197654,1.0
PDE,C0,0.05,5,0.3125,0.0015195616827595568,0.4853351268197654,1.0
PDE,C0,0.05,6,0.375,0.0016153994465085018,0.4853351268197654,1.0
PDE,C0,0.05,7,0.4375,0.0017126552843650085,0.4853351268197654,1.0
PDE,C0,0.05,8,0.5,0.0018113301666847976,0.4853351268197654,1.0
PDE,C0,0.05,9,0.5625,0.0019114250724836372,0.4853351268197654,1.0
PDE,C0,0.05,10,0.625,0.0020129409894466847,0.4853351268197654,1.0
PDE,C0,0.05,11,0.6875,0.0021158789139357976,0.4853351268197654,1.0
PDE,C0,0.05,12,0.75,0.0022202398509984303,0.4853351268197654,1.0
PDE,C0,0.05,13,0.8125,0.002326024814375433,0.4853351268197654,1.0
PDE,C0,0.05,14,0.875,0.002433234826510636,0.4853351268197654,1.0
PDE,C0,0.05,15,0.9375,0.002541870918557898,0.4853351268197654,1.0
PDE,C0,0.05,16,1.0,0.0026519341303912784,0.4853351268197654,1.0
PDE,C0,0.06,0,0.0,0.0012739327420634682,0.4853351268197654,1.0
PDE,C0,0.06,1,0.0625,0.0013804467172620878,0.4853351268197654,1.0
PDE,C0,0.06,2,0.125,0.001488656714803431,0.4853351268197654,1.0
PDE,C0,0.06,3,0.1875,0.0015985638472972364,0.4853351268197654,1.0
PDE,C0,0.06,4,0.25,0.0017101692376974135,0.4853351268197654,1.0
PDE,C0,0.06,5,0.3125,0.0018234740193115,0.4853351268197654,1.0
PDE,C0,0.06,6,0.375,0.0019384793358104507,0.4853351268197654,1.0
PDE,C0,0.06,7,0.4375,0.002055186341238171,0.4853351268197654,1.0
PDE,C0,0.06,8,0.5,0.002173596200021885,0.4853351268197654,1.0
PDE,C0,0.06,9,0.5625,0.0022937100869805005,0.4853351268197654,1.0
PDE,C0,0.06,10,0.625,0.0024155291873360213,0.4853351268197654,1.0
PDE,C0,0.06,11,0.6875,0.002539054696723061,0.4853351268197654,1.0
PDE,C0,0.06,12,0.75,0.0026642878211981806,0.4853351268197654,1.0
PDE,C0,0.06,13,0.8125,0.002791229777250651,0.4853351268197654,1.0
PDE,C0,0.06,14,0.875,0.0029198817918127803,0.4853351268197654,1.0
PDE,C0,0.06,15,0.9375,0.0030502451022696147,0.4853351268197654,1.0
PDE,C0,0.06,16,1.0,0.0031823209564696415,0.4853351268197654,1.0
PDE,C0,0.07,0,0.0,0.0014862548657406623,0.4853351268197654,1.0
PDE,C0,0.07,1,0.0625,0.0016105211701390827,0.4853351268197654,1.0
PDE,C0,0.07,2,0.125,0.001736766167270646,0.4853351268197654,1.0
PDE,C0,0.07,3,0.1875,0.0018649911551799506,0.4853351268197654,1.0
PDE,C0,0.07,4,0.25,0.0019951974439804837,0.4853351268197654,1.0
PDE,C0,0.07,5,0.3125,0.0021273863558633733,0.4853351268197654,1.0
PDE,C0,0.07,6,0.375,0.0022615592251119814,0.4853351268197654,1.0
PDE,C0,0.07,7,0.4375,0.002397717398111163,0.4853351268197654,1.0
PDE,C0,0.07,8,0.5,0.0025358622333588655,0.4853351268197654,1.0
PDE,C0,0.07,9,0.5625,0.002675995101477205,0.4853351268197654,1.0
PDE,C0,0.07,10,0.625,0.0028181173852253583,0.4853351268197654,1.0
PDE,C0,0.07,11,0.6875,0.0029622304795102737,0.4853351268197654,1.0
PDE,C0,0.07,12,0.75,0.003108335791397932,0.4853351268197654,1.0
PDE,C0,0.07,13,0.8125,0.003256434740125775,0.4853351268197654,1.0
PDE,C0,0.07,14,0.875,0.0034065287571148624,0.4853351268197654,1.0
PDE,C0,0.07,15,0.9375,0.0035586192859811605,0.4853351268197654,1.0
PDE,C0,0.07,16,1.0,0.0037127077825478087,0.4853351268197654,1.0
PDE,C0,0.08,0,0.0,0.0016985769894179896,0.4853351268197654,1.0
PDE,C0,0.08,1,0.0625,0.0018405956230162358,0.4853351268197654,1.0
PDE,C0,0.08,2,0.125,0.001984875619737849,0.4853351268197654,1.0
PDE,C0,0.08,3,0.1875,0.002131418463062861,0.4853351268197654,1.0
PDE,C0,0.08,4,0.25,0.002280225650263248,0.4853351268197654,1.0
PDE,C0,0.08,5,0.3125,0.002431298692415342,0.4853351268197654,1.0
PDE,C0,0.08,6,0.375,0.002584639114413771,0.4853351268197654,1.0
PDE,C0,0.08,7,0.4375,0.0027402484549841925,0.4853351268197654,1.0
PDE,C0,0.08,8,0.5,0.0028981282666958198,0.4853351268197654,1.0
PDE,C0,0.08,9,0.5625,0.0030582801159739098,0.4853351268197654,1.0
PDE,C0,0.08,10,0.625,0.003220705583114721,0.4853351268197654,1.0
PDE,C0,0.08,11,0.6875,0.003385406262297474,0.4853351268197654,1.0
PDE,C0,0.08,12,0.75,0.0035523837615975746,0.4853351268197654,1.0
PDE,C0,0.08,13,0.8125,0.0037216397030009236,0.4853351268197654,1.0
PDE,C0,0.08,14,0.875,0.0038931757224170073,0.4853351268197654,1.0
PDE,C0,0.08,15,0.9375,0.004066993469692705,0.4853351268197654,1.0
PDE,C0,0.08,16,1.0,0.004243094608626197,0.4853351268197654,1.0
PDE,C0,0.09,0,0.0,0.001910899113095158,0.4853351268197654,1.0
PDE,C0,0.09,1,0.0625,0.002070670075893008,0.4853351268197654,1.0
PDE,C0,0.09,2,0.125,0.002232985072205,0.4853351268197654,1.0
PDE,C0,0.09,3,0.1875,0.0023978457709457088,0.4853351268197654,1.0
PDE,C0,0.09,4,0.25,0.002565253856546121,0.4853351268197654,1.0
PDE,C0,0.09,5,0.3125,0.002735211028967152,0.4853351268197654,1.0
PDE,C0,0.09,6,0.375,0.0029077190037154095,0.4853351268197654,1.0
PDE,C0,0.09,7,0.4375,0.003082779511857025,0.4853351268197654,1.0
PDE,C0,0.09,8,0.5,0.003260394300032577,0.4853351268197654,1.0
PDE,C0,0.09,9,0.5625,0.0034405651304706773,0.4853351268197654,1.0
PDE,C0,0.09,10,0.625,0.003623293781003969,0.4853351268197654,1.0
PDE,C0,0.09,11,0.6875,0.0038085820450845533,0.4853351268197654,1.0
PDE,C0,0.09,12,0.75,0.003996431731797129,0.4853351268197654,1.0
PDE,C0,0.09,13,0.8125,0.004186844665875876,0.4853351268197654,1.0
PDE,C0,0.09,14,0.875,0.004379822687718931,0.4853351268197654,1.0
PDE,C0,0.09,15,0.9375,0.004575367653404225,0.4853351268197654,1.0
PDE,C0,0.09,16,1.0,0.004773481434704339,0.4853351268197654,1.0
PDE,C0,0.1,0,0.0,0.002123221236772327,0.4853351268197654,1.0
PDE,C0,0.1,1,0.0625,0.002300744528770028,0.4853351268197654,1.0
PDE,C0,0.1,2,0.125,0.0024810945246721778,0.4853351268197654,1.0
PDE,C0,0.1,3,0.1875,0.002664273078828423,0.4853351268197654,1.0
PDE,C0,0.1,4,0.25,0.002850282062828994,0.4853351268197654,1.0
PDE,C0,0.1,5,0.3125,0.0030391233655190255,0.4853351268197654,1.0
PDE,C0,0.1,6,0.375,0.0032307988930170037,0.4853351268197654,1.0
PDE,C0,0.1,7,0.4375,0.0034253105687299915,0.4853351268197654,1.0
PDE,C0,0.1,8,0.5,0.003622660333369532,0.4853351268197654,1.0
PDE,C0,0.1,9,0.5625,0.0038228501449673446,0.4853351268197654,1.0
PDE,C0,0.1,10,0.625,0.004025881978893306,0.4853351268197654,1.0
PDE,C0,0.1,11,0.6875,0.004231757827871684,0.4853351268197654,1.0
PDE,C0,0.1,12,0.75,0.004440479701996906,0.4853351268197654,1.0
PDE,C0,0.1,13,0.8125,0.004652049628750936,0.4853351268197654,1.0
PDE,C0,0.1,14,0.875,0.004866469653021075,0.4853351268197654,1.0
PDE,C0,0.1,15,0.9375,0.005083741837115771,0.4853351268197654,1.0
PDE,C0,0.1,16,1.0,0.005303868260782532,0.4853351268197654,1.0
PDE,C0,0.11,0,0.0,0.00233554336044952,0.4853351268197654,1.0
PDE,C0,0.11,1,0.0625,0.002530818981647156,0.4853351268197654,1.0
PDE,C0,0.11,2,0.125,0.0027292039771395515,0.4853351268197654,1.0
PDE,C0,0.11,3,0.1875,0.0029307003867112703,0.4853351268197654,1.0
PDE,C0,0.11,4,0.25,0.0031353102691120886,0.4853351268197654,1.0
PDE,C0,0.11,5,0.3125,0.003343035702071057,0.4853351268197654,1.0
PDE,C0,0.11,6,0.375,0.0035538787823188893,0.4853351268197654,1.0
PDE,C0,0.11,7,0.4375,0.0037678416256031796,0.4853351268197654,1.0
PDE,C0,0.11,8,0.5,0.003984926366706682,0.4853351268197654,1.0
PDE,C0,0.11,9,0.5625,0.004205135159464138,0.4853351268197654,1.0
PDE,C0,0.11,10,0.625,0.004428470176782732,0.4853351268197654,1.0
PDE,C0,0.11,11,0.6875,0.0046549336106588585,0.4853351268197654,1.0
PDE,C0,0.11,12,0.75,0.004884527672196719,0.4853351268197654,1.0
PDE,C0,0.11,13,0.8125,0.005117254591626084,0.4853351268197654,1.0
PDE,C0,0.11,14,0.875,0.005353116618323353,0.4853351268197654,1.0
PDE,C0,0.11,15,0.9375,0.005592116020827379,0.4853351268197654,1.0
PDE,C0,0.11,16,1.0,0.005834255086860761,0.4853351268197654,1.0
PDE,C0,0.12,0,0.0,0.002547865484126848,0.4853351268197654,1.0
PDE,C0,0.12,1,0.0625,0.00276089343452415,0.4853351268197654,1.0
PDE,C0,0.12,2,0.125,0.002977313429606862,0.4853351268197654,1.0
PDE,C0,0.12,3,0.1875,0.0031971276945941805,0.4853351268197654,1.0
PDE,C0,0.12,4,0.25,0.003420338475394827,0.4853351268197654,1.0
PDE,C0,0.12,5,0.3125,0.003646948038623,0.4853351268197654,1.0
PDE,C0,0.12,6,0.375,0.003876958671620546,0.4853351268197654,1.0
PDE,C0,0.12,7,0.4375,0.004110372682476145,0.4853351268197654,1.0
PDE,C0,0.12,8,0.5,0.0043471924000435735,0.4853351268197654,1.0
PDE,C0,0.12,9,0.5625,0.004587420173960976,0.4853351268197654,1.0
PDE,C0,0.12,10,0.625,0.004831058374672043,0.4853351268197654,1.0
PDE,C0,0.12,11,0.6875,0.005078109393446096,0.4853351268197654,1.0
PDE,C0,0.12,12,0.75,0.005328575642396298,0.4853351268197654,1.0
PDE,C0,0.12,13,0.8125,0.00558245955450134,0.4853351268197654,1.0
PDE,C0,0.12,14,0.875,0.005839763583625497,0.4853351268197654,1.0
PDE,C0,0.12,15,0.9375,0.006100490204538899,0.4853351268197654,1.0
PDE,C0,0.12,16,1.0,0.006364641912939124,0.4853351268197654,1.0
PDE,C0,0.13,0,0.0,0.0027601876078040422,0.4853351268197654,1.0
PDE,C0,0.13,1,0.0625,0.0029909678874011076,0.4853351268197654,1.0
PDE,C0,0.13,2,0.125,0.0032254228820741025,0.4853351268197654,1.0
PDE,C0,0.13,3,0.1875,0.0034635550024770543,0.4853351268197654,1.0
PDE,C0,0.13,4,0.25,0.003705366681677897,0.4853351268197654,1.0
PDE,C0,0.13,5,0.3125,0.003950860375174873,0.4853351268197654,1.0
PDE,C0,0.13,6,0.375,0.004200038560922273,0.4853351268197654,1.0
PDE,C0,0.13,7,0.4375,0.004452903739349201,0.4853351268197654,1.0
PDE,C0,0.13,8,0.5,0.004709458433380554,0.4853351268197654,1.0
PDE,C0,0.13,9,0.5625,0.004969705188457548,0.4853351268197654,1.0
PDE,C0,0.13,10,0.625,0.005233646572561405,0.4853351268197654,1.0
PDE,C0,0.13,11,0.6875,0.0055012851762332015,0.4853351268197654,1.0
PDE,C0,0.13,12,0.75,0.00577262361259605,0.4853351268197654,1.0
PDE,C0,0.13,13,0.8125,0.006047664517376293,0.4853351268197654,1.0
PDE,C0,0.13,14,0.875,0.006326410548927484,0.4853351268197654,1.0
PDE,C0,0.13,15,0.9375,0.006608864388250445,0.4853351268197654,1.0
PDE,C0,0.13,16,1.0,0.006895028739017317,0.4853351268197654,1.0
PDE,C0,0.14,0,0.0,0.002972509731481236,0.4853351268197654,1.0
PDE,C0,0.14,1,0.0625,0.003221042340278102,0.4853351268197654,1.0
PDE,C0,0.14,2,0.125,0.0034735323345412546,0.4853351268197654,1.0
PDE,C0,0.14,3,0.1875,0.003729982310359939,0.4853351268197654,1.0
PDE,C0,0.14,4,0.25,0.003990394887960796,0.4853351268197654,1.0
PDE,C0,0.14,5,0.3125,0.004254772711726843,0.4853351268197654,1.0
PDE,C0,0.14,6,0.375,0.004523118450224,0.4853351268197654,1.0
PDE,C0,0.14,7,0.4375,0.00479543479622223,0.4853351268197654,1.0
PDE,C0,0.14,8,0.5,0.005071724466717508,0.4853351268197654,1.0
PDE,C0,0.14,9,0.5625,0.005351990202954315,0.4853351268197654,1.0
PDE,C0,0.14,10,0.625,0.005636234770450679,0.4853351268197654,1.0
PDE,C0,0.14,11,0.6875,0.0059244609590203764,0.4853351268197654,1.0
PDE,C0,0.14,12,0.75,0.006216671582795693,0.4853351268197654,1.0
PDE,C0,0.14,13,0.8125,0.006512869480251441,0.4853351268197654,1.0
PDE,C0,0.14,14,0.875,0.006813057514229566,0.4853351268197654,1.0
PDE,C0,0.14,15,0.9375,0.007117238571962123,0.4853351268197654,1.0
PDE,C0,0.14,16,1.0,0.007425415565095681,0.4853351268197654,1.0
PDE,C0,0.15,0,0.0,0.0031848318551585633,0.4853351268197654,1.0
PDE,C0,0.15,1,0.0625,0.0034511167931551216,0.4853351268197654,1.0
PDE,C0,0.15,2,0.125,0.0037216417870084314,0.4853351268197654,1.0
PDE,C0,0.15,3,0.1875,0.003996409618242811,0.4853351268197654,1.0
PDE,C0,0.15,4,0.25,0.004275423094243668,0.4853351268197654,1.0
PDE,C0,0.15,5,0.3125,0.004558685048278715,0.4853351268197654,1.0
PDE,C0,0.15,6,0.375,0.004846198339525727,0.4853351268197654,1.0
PDE,C0,0.15,7,0.4375,0.0051379658530951965,0.4853351268197654,1.0
PDE,C0,0.15,8,0.5,0.005433990500054526,0.4853351268197654,1.0
PDE,C0,0.15,9,0.5625,0.00573427521745107,0.4853351268197654,1.0
PDE,C0,0.15,10,0.625,0.006038822968340079,0.4853351268197654,1.0
PDE,C0,0.15,11,0.6875,0.006347636741807703,0.4853351268197654,1.0
PDE,C0,0.15,12,0.75,0.006660719552995506,0.4853351268197654,1.0
PDE,C0,0.15,13,0.8125,0.00697807444312659,0.4853351268197654,1.0
PDE,C0,0.15,14,0.875,0.00729970447953171,0.4853351268197654,1.0
PDE,C0,0.15,15,0.9375,0.007625612755673598,0.4853351268197654,1.0
PDE,C0,0.15,16,1.0,0.007955802391173846,0.4853351268197654,1.0
PDE,C0,0.16,0,0.0,0.00339715397883582,0.4853351268197654,1.0
PDE,C0,0.16,1,0.0625,0.003681191246032116,0.4853351268197654,1.0
PDE,C0,0.16,2,0.125,0.003969751239475672,0.4853351268197654,1.0
PDE,C0,0.16,3,0.1875,0.0042628369261256596,0.4853351268197654,1.0
PDE,C0,0.16,4,0.25,0.004560451300526408,0.4853351268197654,1.0
PDE,C0,0.16,5,0.3125,0.004862597384830659,0.4853351268197654,1.0
PDE,C0,0.16,6,0.375,0.005169278228827454,0.4853351268197654,1.0
PDE,C0,0.16,7,0.4375,0.005480496909968189,0.4853351268197654,1.0
PDE,C0,0.16,8,0.5,0.0057962565333914175,0.4853351268197654,1.0
PDE,C0,0.16,9,0.5625,0.006116560231947908,0.4853351268197654,1.0
PDE,C0,0.16,10,0.625,0.006441411166229417,0.4853351268197654,1.0
PDE,C0,0.16,11,0.6875,0.0067708125245947185,0.4853351268197654,1.0
PDE,C0,0.16,12,0.75,0.007104767523195086,0.4853351268197654,1.0
PDE,C0,0.16,13,0.8125,0.00744327940600165,0.4853351268197654,1.0
PDE,C0,0.16,14,0.875,0.007786351444833855,0.4853351268197654,1.0
PDE,C0,0.16,15,0.9375,0.008133986939385253,0.4853351268197654,1.0
PDE,C0,0.16,16,1.0,0.008486189217252041,0.4853351268197654,1.0
PDE,C0,0.17,0,0.0,0.003609476102512989,0.4853351268197654,1.0
PDE,C0,0.17,1,0.0625,0.003911265698909111,0.4853351268197654,1.0
PDE,C0,0.17,2,0.125,0.004217860691942983,0.4853351268197654,1.0
PDE,C0,0.17,3,0.1875,0.00452926423400857,0.4853351268197654,1.0
PDE,C0,0.17,4,0.25,0.004845479506809503,0.4853351268197654,1.0
PDE,C0,0.17,5,0.3125,0.0051665097213825575,0.4853351268197654,1.0
PDE,C0,0.17,6,0.375,0.005492358118129182,0.4853351268197654,1.0
PDE,C0,0.17,7,0.4375,0.005823027966841218,0.4853351268197654,1.0
PDE,C0,0.17,8,0.5,0.006158522566728397,0.4853351268197654,1.0
PDE,C0,0.17,9,0.5625,0.006498845246444613,0.4853351268197654,1.0
PDE,C0,0.17,10,0.625,0.006843999364118753,0.4853351268197654,1.0
PDE,C0,0.17,11,0.6875,0.007193988307381984,0.4853351268197654,1.0
PDE,C0,0.17,12,0.75,0.007548815493394704,0.4853351268197654,1.0
PDE,C0,0.17,13,0.8125,0.0079084843688768,0.4853351268197654,1.0
PDE,C0,0.17,14,0.875,0.008272998410136,0.4853351268197654,1.0
PDE,C0,0.17,15,0.9375,0.008642361123096862,0.4853351268197654,1.0
PDE,C0,0.17,16,1.0,0.009016576043330404,0.4853351268197654,1.0
PDE,C0,0.18,0,0.0,0.003821798226190183,0.4853351268197654,1.0
PDE,C0,0.18,1,0.0625,0.004141340151786238,0.4853351268197654,1.0
PDE,C0,0.18,2,0.125,0.004465970144410223,0.4853351268197654,1.0
PDE,C0,0.18,3,0.1875,0.004795691541891443,0.4853351268197654,1.0
PDE,C0,0.18,4,0.25,0.005130507713092375,0.4853351268197654,1.0
PDE,C0,0.18,5,0.3125,0.005470422057934367,0.4853351268197654,1.0
PDE,C0,0.18,6,0.375,0.0058154380074309075,0.4853351268197654,1.0
PDE,C0,0.18,7,0.4375,0.006165559023714272,0.4853351268197654,1.0
PDE,C0,0.18,8,0.5,0.006520788600065326,0.4853351268197654,1.0
PDE,C0,0.18,9,0.5625,0.006881130260941317,0.4853351268197654,1.0
PDE,C0,0.18,10,0.625,0.007246587562008027,0.4853351268197654,1.0
PDE,C0,0.18,11,0.6875,0.007617164090169195,0.4853351268197654,1.0
PDE,C0,0.18,12,0.75,0.00799286346359448,0.4853351268197654,1.0
PDE,C0,0.18,13,0.8125,0.008373689331751859,0.4853351268197654,1.0
PDE,C0,0.18,14,0.875,0.008759645375438082,0.4853351268197654,1.0
PDE,C0,0.18,15,0.9375,0.009150735306808405,0.4853351268197654,1.0
PDE,C0,0.18,16,1.0,0.009546962869408766,0.4853351268197654,1.0
PDE,C0,0.19,0,0.0,0.0040341203498675095,0.4853351268197654,1.0
PDE,C0,0.19,1,0.0625,0.00437141460466317,0.4853351268197654,1.0
PDE,C0,0.19,2,0.125,0.004714079596877374,0.4853351268197654,1.0
PDE,C0,0.19,3,0.1875,0.005062118849774265,0.4853351268197654,1.0
PDE,C0,0.19,4,0.25,0.005415535919375249,0.4853351268197654,1.0
PDE,C0,0.19,5,0.3125,0.005774334394486374,0.4853351268197654,1.0
PDE,C0,0.19,6,0.375,0.006138517896732635,0.4853351268197654,1.0
PDE,C0,0.19,7,0.4375,0.006508090080587238,0.4853351268197654,1.0
PDE,C0,0.19,8,0.5,0.006883054633402306,0.4853351268197654,1.0
PDE,C0,0.19,9,0.5625,0.007263415275438047,0.4853351268197654,1.0
PDE,C0,0.19,10,0.625,0.0076491757598974265,0.4853351268197654,1.0
PDE,C0,0.19,11,0.6875,0.008040339872956263,0.4853351268197654,1.0
PDE,C0,0.19,12,0.75,0.00843691143379423,0.4853351268197654,1.0
PDE,C0,0.19,13,0.8125,0.008838894294627007,0.4853351268197654,1.0
PDE,C0,0.19,14,0.875,0.0092462923407402,0.4853351268197654,1.0
PDE,C0,0.19,15,0.9375,0.00965910949052006,0.4853351268197654,1.0
PDE,C0,0.19,16,1.0,0.010077349695486933,0.4853351268197654,1.0
PDE,C0,0.2,0,0.0,0.004246442473544705,0.4853351268197654,1.0
PDE,C0,0.2,1,0.0625,0.00460148905754019,0.4853351268197654,1.0
PDE,C0,0.2,2,0.125,0.004962189049344686,0.4853351268197654,1.0
PDE,C0,0.2,3,0.1875,0.005328546157657138,0.4853351268197654,1.0
PDE,C0,0.2,4,0.25,0.0057005641256582095,0.4853351268197654,1.0
PDE,C0,0.2,5,0.3125,0.006078246731038405,0.4853351268197654,1.0
PDE,C0,0.2,6,0.375,0.006461597786034363,0.4853351268197654,1.0
PDE,C0,0.2,7,0.4375,0.006850621137460206,0.4853351268197654,1.0
PDE,C0,0.2,8,0.5,0.0072453206667392606,0.4853351268197654,1.0
PDE,C0,0.2,9,0.5625,0.007645700289934816,0.4853351268197654,1.0
PDE,C0,0.2,10,0.625,0.008051763957786763,0.4853351268197654,1.0
PDE,C0,0.2,11,0.6875,0.0084635156557435,0.4853351268197654,1.0
PDE,C0,0.2,12,0.75,0.008880959403993874,0.4853351268197654,1.0
PDE,C0,0.2,13,0.8125,0.009304099257502094,0.4853351268197654,1.0
PDE,C0,0.2,14,0.875,0.009732939306042345,0.4853351268197654,1.0
PDE,C0,0.2,15,0.9375,0.010167483674231604,0.4853351268197654,1.0
PDE,C0,0.2,16,1.0,0.01060773652156526,0.4853351268197654,1.0
PDE,C0,0.21,0,0.0,0.004458764597222032,0.4853351268197654,1.0
PDE,C0,0.21,1,0.0625,0.004831563510417184,0.4853351268197654,1.0
PDE,C0,0.21,2,0.125,0.005210298501811925,0.4853351268197654,1.0
PDE,C0,0.21,3,0.1875,0.005594973465540048,0.4853351268197654,1.0
PDE,C0,0.21,4,0.25,0.005985592331941082,0.4853351268197654,1.0
PDE,C0,0.21,5,0.3125,0.006382159067590215,0.4853351268197654,1.0
PDE,C0,0.21,6,0.375,0.006784677675336114,0.4853351268197654,1.0
PDE,C0,0.21,7,0.4375,0.007193152194333393,0.4853351268197654,1.0
PDE,C0,0.21,8,0.5,0.007607586700076214,0.4853351268197654,1.0
PDE,C0,0.21,9,0.5625,0.008027985304431546,0.4853351268197654,1.0
PDE,C0,0.21,10,0.625,0.0084543521556761,0.4853351268197654,1.0
PDE,C0,0.21,11,0.6875,0.008886691438530738,0.4853351268197654,1.0
PDE,C0,0.21,12,0.75,0.009325007374193624,0.4853351268197654,1.0
PDE,C0,0.21,13,0.8125,0.009769304220377216,0.4853351268197654,1.0
PDE,C0,0.21,14,0.875,0.010219586271344491,0.4853351268197654,1.0
PDE,C0,0.21,15,0.9375,0.010675857857943212,0.4853351268197654,1.0
PDE,C0,0.21,16,1.0,0.011138123347643487,0.4853351268197654,1.0
PDE,C0,0.22,0,0.0,0.004943619307033415,0.4853351268197654,1.0
PDE,C0,0.22,1,0.0625,0.005357349016640617,0.4853351268197654,1.0
PDE,C0,0.22,2,0.125,0.005777702049493166,0.4853351268197654,1.0
PDE,C0,0.22,3,0.1875,0.006204684008650455,0.4853351268197654,1.0
PDE,C0,0.22,4,0.25,0.006638300550991978,0.4853351268197654,1.0
PDE,C0,0.22,5,0.3125,0.007078557387302611,0.4853351268197654,1.0
PDE,C0,0.22,6,0.375,0.007525460282366613,0.4853351268197654,1.0
PDE,C0,0.22,7,0.4375,0.007979015055055981,0.4853351268197654,1.0
PDE,C0,0.22,8,0.5,0.008439227578420708,0.4853351268197654,1.0
PDE,C0,0.22,9,0.5625,0.008906103779778053,0.4853351268197654,1.0
PDE,C0,0.22,10,0.625,0.009379649640809219,0.4853351268197654,1.0
PDE,C0,0.22,11,0.6875,0.009859871197649212,0.4853351268197654,1.0
PDE,C0,0.22,12,0.75,0.010346774540980165,0.4853351268197654,1.0
PDE,C0,0.22,13,0.8125,0.010840365816126076,0.4853351268197654,1.0
PDE,C0,0.22,14,0.875,0.011340651223148764,0.4853351268197654,1.0
PDE,C0,0.22,15,0.9375,0.011847637016941965,0.4853351268197654,1.0
PDE,C0,0.22,16,1.0,0.012361329507328682,0.4853351268197654,1.0
PDE,C0,0.23,0,0.0,0.005625091637233242,0.4853351268197654,1.0
PDE,C0,0.23,1,0.0625,0.006096474162193899,0.4853351268197654,1.0
PDE,C0,0.23,2,0.125,0.006575459134325864,0.4853351268197654,1.0
PDE,C0,0.23,3,0.1875,0.007062054964730492,0.4853351268197654,1.0
PDE,C0,0.23,4,0.25,0.007556270147407699,0.4853351268197654,1.0
PDE,C0,0.23,5,0.3125,0.008058113259436346,0.4853351268197654,1.0
PDE,C0,0.23,6,0.375,0.008567592961161346,0.4853351268197654,1.0
PDE,C0,0.23,7,0.4375,0.009084717996379114,0.4853351268197654,1.0
PDE,C0,0.23,8,0.5,0.009609497192523178,0.4853351268197654,1.0
PDE,C0,0.23,9,0.5625,0.010141939460850662,0.4853351268197654,1.0
PDE,C0,0.23,10,0.625,0.010682053796636448,0.4853351268197654,1.0
PDE,C0,0.23,11,0.6875,0.011229849279362162,0.4853351268197654,1.0
PDE,C0,0.23,12,0.75,0.01178533507290805,0.4853351268197654,1.0
PDE,C0,0.23,13,0.8125,0.01234852042574839,0.4853351268197654,1.0
PDE,C0,0.23,14,0.875,0.01291941467114749,0.4853351268197654,1.0
PDE,C0,0.23,15,0.9375,0.0134980272273565,0.4853351268197654,1.0
PDE,C0,0.23,16,1.0,0.0140843675978119,0.4853351268197654,1.0
PDE,C0,0.24,0,0.0,0.006306563967432935,0.4853351268197654,1.0
PDE,C0,0.24,1,0.0625,0.006835599307746957,0.4853351268197654,1.0
PDE,C0,0.24,2,0.125,0.007373216219158561,0.4853351268197654,1.0
PDE,C0,0.24,3,0.1875,0.007919425920810437,0.4853351268197654,1.0
PDE,C0,0.24,4,0.25,0.008474239743823418,0.4853351268197654,1.0
PDE,C0,0.24,5,0.3125,0.009037669131569882,0.4853351268197654,1.0
PDE,C0,0.24,6,0.375,0.00960972563995614,0.4853351268197654,1.0
PDE,C0,0.24,7,0.4375,0.010190420937702208,0.4853351268197654,1.0
PDE,C0,0.24,8,0.5,0.010779766806625513,0.4853351268197654,1.0
PDE,C0,0.24,9,0.5625,0.011377775141923157,0.4853351268197654,1.0
PDE,C0,0.24,10,0.625,0.011984457952463636,0.4853351268197654,1.0
PDE,C0,0.24,11,0.6875,0.01259982736107507,0.4853351268197654,1.0
PDE,C0,0.24,12,0.75,0.013223895604835896,0.4853351268197654,1.0
PDE,C0,0.24,13,0.8125,0.013856675035370645,0.4853351268197654,1.0
PDE,C0,0.24,14,0.875,0.014498178119146408,0.4853351268197654,1.0
PDE,C0,0.24,15,0.9375,0.015148417437771006,0.4853351268197654,1.0
PDE,C0,0.24,16,1.0,0.01580740568829505,0.4853351268197654,1.0
PDE,C0,0.25,0,0.0,0.006988036297632921,0.4853351268197654,1.0
PDE,C0,0.25,1,0.0625,0.007574724453300175,0.4853351268197654,1.0
PDE,C0,0.25,2,0.125,0.008170973303991198,0.4853351268197654,1.0
PDE,C0,0.25,3,0.1875,0.008776796876890609,0.4853351268197654,1.0
PDE,C0,0.25,4,0.25,0.009392209340239273,0.4853351268197654,1.0
PDE,C0,0.25,5,0.3125,0.010017225003703395,0.4853351268197654,1.0
PDE,C0,0.25,6,0.375,0.010651858318750712,0.4853351268197654,1.0
PDE,C0,0.25,7,0.4375,0.011296123879025368,0.4853351268197654,1.0
PDE,C0,0.25,8,0.5,0.011950036420727913,0.4853351268197654,1.0
PDE,C0,0.25,9,0.5625,0.012613610822995633,0.4853351268197654,1.0
PDE,C0,0.25,10,0.625,0.013286862108290888,0.4853351268197654,1.0
PDE,C0,0.25,11,0.6875,0.013969805442788115,0.4853351268197654,1.0
PDE,C0,0.25,12,0.75,0.014662456136763938,0.4853351268197654,1.0
PDE,C0,0.25,13,0.8125,0.01536482964499302,0.4853351268197654,1.0
PDE,C0,0.25,14,0.875,0.0160769415671452,0.4853351268197654,1.0
PDE,C0,0.25,15,0.9375,0.01679880764818554,0.4853351268197654,1.0
PDE,C0,0.25,16,1.0,0.017530443778778403,0.4853351268197654,1.0
PDE,C0,0.26,0,0.0,0.007669508627832553,0.4853351268197654,1.0
PDE,C0,0.26,1,0.0625,0.008313849598853368,0.4853351268197654,1.0
PDE,C0,0.26,2,0.125,0.008968730388823832,0.4853351268197654,1.0
PDE,C0,0.26,3,0.1875,0.00963416783297042,0.4853351268197654,1.0
PDE,C0,0.26,4,0.25,0.010310178936654932,0.4853351268197654,1.0
PDE,C0,0.26,5,0.3125,0.010996780875836994,0.4853351268197654,1.0
PDE,C0,0.26,6,0.375,0.011693990997545419,0.4853351268197654,1.0
PDE,C0,0.26,7,0.4375,0.012401826820348393,0.4853351268197654,1.0
PDE,C0,0.26,8,0.5,0.013120306034830383,0.4853351268197654,1.0
PDE,C0,0.26,9,0.5625,0.013849446504068151,0.4853351268197654,1.0
PDE,C0,0.26,10,0.625,0.014589266264118052,0.4853351268197654,1.0
PDE,C0,0.26,11,0.6875,0.015339783524501003,0.4853351268197654,1.0
PDE,C0,0.26,12,0.75,0.01610101666869176,0.4853351268197654,1.0
PDE,C0,0.26,13,0.8125,0.016872984254615083,0.4853351268197654,1.0
PDE,C0,0.26,14,0.875,0.017655705015143897,0.4853351268197654,1.0
PDE,C0,0.26,15,0.9375,0.018449197858599987,0.4853351268197654,1.0
PDE,C0,0.26,16,1.0,0.01925348186926153,0.4853351268197654,1.0
PDE,C0,0.27,0,0.0,0.008350980958032602,0.4853351268197654,1.0
PDE,C0,0.27,1,0.0625,0.009052974744406587,0.4853351268197654,1.0
PDE,C0,0.27,2,0.125,0.009766487473656531,0.4853351268197654,1.0
PDE,C0,0.27,3,0.1875,0.010491538789050592,0.4853351268197654,1.0
PDE,C0,0.27,4,0.25,0.01122814853307085,0.4853351268197654,1.0
PDE,C0,0.27,5,0.3125,0.011976336747970731,0.4853351268197654,1.0
PDE,C0,0.27,6,0.375,0.012736123676340177,0.4853351268197654,1.0
PDE,C0,0.27,7,0.4375,0.013507529761671553,0.4853351268197654,1.0
PDE,C0,0.27,8,0.5,0.014290575648932855,0.4853351268197654,1.0
PDE,C0,0.27,9,0.5625,0.015085282185140738,0.4853351268197654,1.0
PDE,C0,0.27,10,0.625,0.015891670419945308,0.4853351268197654,1.0
PDE,C0,0.27,11,0.6875,0.016709761606214048,0.4853351268197654,1.0
PDE,C0,0.27,12,0.75,0.017539577200619716,0.4853351268197654,1.0
PDE,C0,0.27,13,0.8125,0.018381138864237593,0.4853351268197654,1.0
PDE,C0,0.27,14,0.875,0.01923446846314282,0.4853351268197654,1.0
PDE,C0,0.27,15,0.9375,0.02009958806901461,0.4853351268197654,1.0
PDE,C0,0.27,16,1.0,0.020976519959744713,0.4853351268197654,1.0
PDE,C0,0.28,0,0.0,0.009032453288232233,0.4853351268197654,1.0
PDE,C0,0.28,1,0.0625,0.00979209988995984,0.4853351268197654,1.0
PDE,C0,0.28,2,0.125,0.010564244558489365,0.4853351268197654,1.0
PDE,C0,0.28,3,0.1875,0.011348909745130538,0.4853351268197654,1.0
PDE,C0,0.28,4,0.25,0.012146118129486506,0.4853351268197654,1.0
PDE,C0,0.28,5,0.3125,0.012955892620104267,0.4853351268197654,1.0
PDE,C0,0.28,6,0.375,0.01377825635513475,0.4853351268197654,1.0
PDE,C0,0.28,7,0.4375,0.014613232702994649,0.4853351268197654,1.0
PDE,C0,0.28,8,0.5,0.015460845263035192,0.4853351268197654,1.0
PDE,C0,0.28,9,0.5625,0.016321117866213285,0.4853351268197654,1.0
PDE,C0,0.28,10,0.625,0.01719407457577263,0.4853351268197654,1.0
PDE,C0,0.28,11,0.6875,0.018079739687927022,0.4853351268197654,1.0
PDE,C0,0.28,12,0.75,0.018978137732547758,0.4853351268197654,1.0
PDE,C0,0.28,13,0.8125,0.01988929347385985,0.4853351268197654,1.0
PDE,C0,0.28,14,0.875,0.020813231911141584,0.4853351268197654,1.0
PDE,C0,0.28,15,0.9375,0.021749978279429122,0.4853351268197654,1.0
PDE,C0,0.28,16,1.0,0.022699558050227837,0.4853351268197654,1.0
PDE,C0,0.29,0,0.0,0.009713925618432057,0.4853351268197654,1.0
PDE,C0,0.29,1,0.0625,0.010531225035513058,0.4853351268197654,1.0
PDE,C0,0.29,2,0.125,0.011362001643321839,0.4853351268197654,1.0
PDE,C0,0.29,3,0.1875,0.012206280701210572,0.4853351268197654,1.0
PDE,C0,0.29,4,0.25,0.013064087725902224,0.4853351268197654,1.0
PDE,C0,0.29,5,0.3125,0.013935448492237778,0.4853351268197654,1.0
PDE,C0,0.29,6,0.375,0.014820389033929479,0.4853351268197654,1.0
PDE,C0,0.29,7,0.4375,0.01571893564431774,0.4853351268197654,1.0
PDE,C0,0.29,8,0.5,0.016631114877137563,0.4853351268197654,1.0
PDE,C0,0.29,9,0.5625,0.01755695354728564,0.4853351268197654,1.0
PDE,C0,0.29,10,0.625,0.018496478731599854,0.4853351268197654,1.0
PDE,C0,0.29,11,0.6875,0.019449717769639902,0.4853351268197654,1.0
PDE,C0,0.29,12,0.75,0.020416698264475598,0.4853351268197654,1.0
PDE,C0,0.29,13,0.8125,0.021397448083482026,0.4853351268197654,1.0
PDE,C0,0.29,14,0.875,0.022391995359140302,0.4853351268197654,1.0
PDE,C0,0.29,15,0.9375,0.023400368489843518,0.4853351268197654,1.0
PDE,C0,0.29,16,1.0,0.024422596140711014,0.4853351268197654,1.0
PDE,C0,0.3,0,0.0,0.010395397948631912,0.4853351268197654,1.0
PDE,C0,0.3,1,0.0625,0.01127035018106625,0.4853351268197654,1.0
PDE,C0,0.3,2,0.125,0.012159758728154633,0.4853351268197654,1.0
PDE,C0,0.3,3,0.1875,0.013063651657290608,0.4853351268197654,1.0
PDE,C0,0.3,4,0.25,0.013982057322318081,0.4853351268197654,1.0
PDE,C0,0.3,5,0.3125,0.014915004364371487,0.4853351268197654,1.0
PDE,C0,0.3,6,0.375,0.015862521712724214,0.4853351268197654,1.0
PDE,C0,0.3,7,0.4375,0.0168246385856409,0.4853351268197654,1.0
PDE,C0,0.3,8,0.5,0.017801384491240056,0.4853351268197654,1.0
PDE,C0,0.3,9,0.5625,0.018792789228358187,0.4853351268197654,1.0
PDE,C0,0.3,10,0.625,0.01979888288742724,0.4853351268197654,1.0
PDE,C0,0.3,11,0.6875,0.02081969585135295,0.4853351268197654,1.0
PDE,C0,0.3,12,0.75,0.021855258796403425,0.4853351268197654,1.0
PDE,C0,0.3,13,0.8125,0.02290560269310451,0.4853351268197654,1.0
PDE,C0,0.3,14,0.875,0.023970758807139225,0.4853351268197654,1.0
PDE,C0,0.3,15,0.9375,0.025050758700258184,0.4853351268197654,1.0
PDE,C0,0.3,16,1.0,0.0261456342311945,0.4853351268197654,1.0
PDE,C0,0.31,0,0.0,0.011076870278831764,0.4853351268197654,1.0
PDE,C0,0.31,1,0.0625,0.012009475326619468,0.4853351268197654,1.0
PDE,C0,0.31,2,0.125,0.012957515812987333,0.4853351268197654,1.0
PDE,C0,0.31,3,0.1875,0.013921022613370556,0.4853351268197654,1.0
PDE,C0,0.31,4,0.25,0.014900026918733825,0.4853351268197654,1.0
PDE,C0,0.31,5,0.3125,0.01589456023650509,0.4853351268197654,1.0
PDE,C0,0.31,6,0.375,0.016904654391518947,0.4853351268197654,1.0
PDE,C0,0.31,7,0.4375,0.017930341526964058,0.4853351268197654,1.0
PDE,C0,0.31,8,0.5,0.018971654105342507,0.4853351268197654,1.0
PDE,C0,0.31,9,0.5625,0.02002862490943064,0.4853351268197654,1.0
PDE,C0,0.31,10,0.625,0.02110128704325443,0.4853351268197654,1.0
PDE,C0,0.31,11,0.6875,0.022189673933065857,0.4853351268197654,1.0
PDE,C0,0.31,12,0.75,0.023293819328331442,0.4853351268197654,1.0
PDE,C0,0.31,13,0.8125,0.024413757302726793,0.4853351268197654,1.0
PDE,C0,0.31,14,0.875,0.025549522255138016,0.4853351268197654,1.0
PDE,C0,0.31,15,0.9375,0.026701148910672694,0.4853351268197654,1.0
PDE,C0,0.31,16,1.0,0.02786867232167769,0.4853351268197654,1.0
PDE,C0,0.32,0,0.0,0.011758342609031592,0.4853351268197654,1.0
PDE,C0,0.32,1,0.0625,0.01274860047217259,0.4853351268197654,1.0
PDE,C0,0.32,2,0.125,0.013755272897820007,0.4853351268197654,1.0
PDE,C0,0.32,3,0.1875,0.014778393569450637,0.4853351268197654,1.0
PDE,C0,0.32,4,0.25,0.01581799651514952,0.4853351268197654,1.0
PDE,C0,0.32,5,0.3125,0.01687411610863876,0.4853351268197654,1.0
PDE,C0,0.32,6,0.375,0.017946787070313653,0.4853351268197654,1.0
PDE,C0,0.32,7,0.4375,0.019036044468287085,0.4853351268197654,1.0
PDE,C0,0.32,8,0.5,0.02014192371944493,0.4853351268197654,1.0
PDE,C0,0.32,9,0.5625,0.021264460590503225,0.4853351268197654,1.0
PDE,C0,0.32,10,0.625,0.022403691199081595,0.4853351268197654,1.0
PDE,C0,0.32,11,0.6875,0.02355965201477883,0.4853351268197654,1.0
PDE,C0,0.32,12,0.75,0.024732379860259446,0.4853351268197654,1.0
PDE,C0,0.32,13,0.8125,0.025921911912349053,0.4853351268197654,1.0
PDE,C0,0.32,14,0.875,0.027128285703136714,0.4853351268197654,1.0
PDE,C0,0.32,15,0.9375,0.028351539121087233,0.4853351268197654,1.0
PDE,C0,0.32,16,1.0,0.029591710412160785,0.4853351268197654,1.0
PDE,C0,0.33,0,0.0,0.012439814939231287,0.4853351268197654,1.0
PDE,C0,0.33,1,0.0625,0.013487725617725854,0.4853351268197654,1.0
PDE,C0,0.33,2,0.125,0.014553029982652704,0.4853351268197654,1.0
PDE,C0,0.33,3,0.1875,0.015635764525530674,0.4853351268197654,1.0
PDE,C0,0.33,4,0.25,0.016735966111565404,0.4853351268197654,1.0
PDE,C0,0.33,5,0.3125,0.01785367198077236,0.4853351268197654,1.0
PDE,C0,0.33,6,0.375,0.01898891974910829,0.4853351268197654,1.0
PDE,C0,0.33,7,0.4375,0.020141747409610184,0.4853351268197654,1.0
PDE,C0,0.33,8,0.5,0.021312193333547374,0.4853351268197654,1.0
PDE,C0,0.33,9,0.5625,0.02250029627157577,0.4853351268197654,1.0
PDE,C0,0.33,10,0.625,0.02370609535490885,0.4853351268197654,1.0
PDE,C0,0.33,11,0.6875,0.024929630096491854,0.4853351268197654,1.0
PDE,C0,0.33,12,0.75,0.02617094039218733,0.4853351268197654,1.0
PDE,C0,0.33,13,0.8125,0.02743006652197137,0.4853351268197654,1.0
PDE,C0,0.33,14,0.875,0.028707049151135575,0.4853351268197654,1.0
PDE,C0,0.33,15,0.9375,0.03000192933150174,0.4853351268197654,1.0
PDE,C0,0.33,16,1.0,0.031314748502644006,0.4853351268197654,1.0
PDE,C0,0.34,0,0.0,0.013121287269431138,0.4853351268197654,1.0
PDE,C0,0.34,1,0.0625,0.014226850763279135,0.4853351268197654,1.0
PDE,C0,0.34,2,0.125,0.01535078706748534,0.4853351268197654,1.0
PDE,C0,0.34,3,0.1875,0.01649313548161071,0.4853351268197654,1.0
PDE,C0,0.34,4,0.25,0.017653935707981124,0.4853351268197654,1.0
PDE,C0,0.34,5,0.3125,0.018833227852905875,0.4853351268197654,1.0
PDE,C0,0.34,6,0.375,0.020031052427902957,0.4853351268197654,1.0
PDE,C0,0.34,7,0.4375,0.02124745035093334,0.4853351268197654,1.0
PDE,C0,0.34,8,0.5,0.022482462947649714,0.4853351268197654,1.0
PDE,C0,0.34,9,0.5625,0.02373613195264829,0.4853351268197654,1.0
PDE,C0,0.34,10,0.625,0.025008499510736103,0.4853351268197654,1.0
PDE,C0,0.34,11,0.6875,0.0262996081782049,0.4853351268197654,1.0
PDE,C0,0.34,12,0.75,0.027609500924115286,0.4853351268197654,1.0
PDE,C0,0.34,13,0.8125,0.028938221131593653,0.4853351268197654,1.0
PDE,C0,0.34,14,0.875,0.030285812599134366,0.4853351268197654,1.0
PDE,C0,0.34,15,0.9375,0.03165231954191614,0.4853351268197654,1.0
PDE,C0,0.34,16,1.0,0.03303778659312732,0.4853351268197654,1.0
PDE,C0,0.35000000000000003,0,0.0,0.013802759599630902,0.4853351268197654,1.0
PDE,C0,0.35000000000000003,1,0.0625,0.014965975908832195,0.4853351268197654,1.0
PDE,C0,0.35000000000000003,2,0.125,0.01614854415231811,0.4853351268197654,1.0
PDE,C0,0.35000000000000003,3,0.1875,0.017350506437690656,0.4853351268197654,1.0
PDE,C0,0.35000000000000003,4,0.25,0.018571905304396844,0.4853351268197654,1.0
PDE,C0,0.35000000000000003,5,0.3125,0.019812783725039605,0.4853351268197654,1.0
PDE,C0,0.35000000000000003,6,0.375,0.021073185106697753,0.4853351268197654,1.0
PDE,C0,0.35000000000000003,7,0.4375,0.022353153292256435,0.4853351268197654,1.0
PDE,C0,0.35000000000000003,8,0.5,0.023652732561752245,0.4853351268197654,1.0
PDE,C0,0.35000000000000003,9,0.5625,0.024971967633720876,0.4853351268197654,1.0
PDE,C0,0.35000000000000003,10,0.625,0.026310903666563266,0.4853351268197654,1.0
PDE,C0,0.35000000000000003,11,0.6875,0.027669586259917785,0.4853351268197654,1.0
PDE,C0,0.35000000000000003,12,0.75,0.02904806145604313,0.4853351268197654,1.0
PDE,C0,0.35000000000000003,13,0.8125,0.030446375741215805,0.4853351268197654,1.0
PDE,C0,0.35000000000000003,14,0.875,0.03186457604713313,0.4853351268197654,1.0
PDE,C0,0.35000000000000003,15,0.9375,0.03330270975233081,0.4853351268197654,1.0
PDE,C0,0.35000000000000003,16,1.0,0.034760824683610504,0.4853351268197654,1.0
PDE,C0,0.36,0,0.0,0.014484231929830789,0.4853351268197654,1.0
PDE,C0,0.36,1,0.0625,0.01570510105438541,0.4853351268197654,1.0
PDE,C0,0.36,2,0.125,0.016946301237150806,0.4853351268197654,1.0
PDE,C0,0.36,3,0.1875,0.01820787739377076,0.4853351268197654,1.0
PDE,C0,0.36,4,0.25,0.019489874900812696,0.4853351268197654,1.0
PDE,C0,0.36,5,0.3125,0.020792339597173113,0.4853351268197654,1.0
PDE,C0,0.36,6,0.375,0.022115317785492347,0.4853351268197654,1.0
PDE,C0,0.36,7,0.4375,0.02345885623357959,0.4853351268197654,1.0
PDE,C0,0.36,8,0.5,0.024823002175854578,0.4853351268197654,1.0
PDE,C0,0.36,9,0.5625,0.02620780331479332,0.4853351268197654,1.0
PDE,C0,0.36,10,0.625,0.027613307822390586,0.4853351268197654,1.0
PDE,C0,0.36,11,0.6875,0.029039564341630693,0.4853351268197654,1.0
PDE,C0,0.36,12,0.75,0.030486621987971033,0.4853351268197654,1.0
PDE,C0,0.36,13,0.8125,0.031954530350838214,0.4853351268197654,1.0
PDE,C0,0.36,14,0.875,0.03344333949513204,0.4853351268197654,1.0
PDE,C0,0.36,15,0.9375,0.034953099962745204,0.4853351268197654,1.0
PDE,C0,0.36,16,1.0,0.036483862774093656,0.4853351268197654,1.0
PDE,C0,0.37,0,0.0,0.01516570426003058,0.4853351268197654,1.0
PDE,C0,0.37,1,0.0625,0.01644422619993869,0.4853351268197654,1.0
PDE,C0,0.37,2,0.125,0.01774405832198344,0.4853351268197654,1.0
PDE,C0,0.37,3,0.1875,0.01906524834985077,0.4853351268197654,1.0
PDE,C0,0.37,4,0.25,0.020407844497228416,0.4853351268197654,1.0
PDE,C0,0.37,5,0.3125,0.021771895469306718,0.4853351268197654,1.0
PDE,C0,0.37,6,0.375,0.023157450464287053,0.4853351268197654,1.0
PDE,C0,0.37,7,0.4375,0.024564559174902616,0.4853351268197654,1.0
PDE,C0,0.37,8,0.5,0.025993271789957053,0.4853351268197654,1.0
PDE,C0,0.37,9,0.5625,0.02744363899586587,0.4853351268197654,1.0
PDE,C0,0.37,10,0.625,0.028915711978217813,0.4853351268197654,1.0
PDE,C0,0.37,11,0.6875,0.03040954242334374,0.4853351268197654,1.0
PDE,C0,0.37,12,0.75,0.031925182519898995,0.4853351268197654,1.0
PDE,C0,0.37,13,0.8125,0.03346268496046037,0.4853351268197654,1.0
PDE,C0,0.37,14,0.875,0.035022102943130774,0.4853351268197654,1.0
PDE,C0,0.37,15,0.9375,0.03660349017315985,0.4853351268197654,1.0
PDE,C0,0.37,16,1.0,0.03820690086457681,0.4853351268197654,1.0
PDE,C0,0.38,0,0.0,0.01584717659023047,0.4853351268197654,1.0
PDE,C0,0.38,1,0.0625,0.017183351345491885,0.4853351268197654,1.0
PDE,C0,0.38,2,0.125,0.01854181540681614,0.4853351268197654,1.0
PDE,C0,0.38,3,0.1875,0.019922619305930808,0.4853351268197654,1.0
PDE,C0,0.38,4,0.25,0.021325814093644136,0.4853351268197654,1.0
PDE,C0,0.38,5,0.3125,0.022751451341440448,0.4853351268197654,1.0
PDE,C0,0.38,6,0.375,0.02419958314308179,0.4853351268197654,1.0
PDE,C0,0.38,7,0.4375,0.025670262116225685,0.4853351268197654,1.0
PDE,C0,0.38,8,0.5,0.027163541404059518,0.4853351268197654,1.0
PDE,C0,0.38,9,0.5625,0.02867947467693826,0.4853351268197654,1.0
PDE,C0,0.38,10,0.625,0.03021811613404507,0.4853351268197654,1.0
PDE,C0,0.38,11,0.6875,0.03177952050505671,0.4853351268197654,1.0
PDE,C0,0.38,12,0.75,0.033363743051826815,0.4853351268197654,1.0
PDE,C0,0.38,13,0.8125,0.03497083957008286,0.4853351268197654,1.0
PDE,C0,0.38,14,0.875,0.036600866391129534,0.4853351268197654,1.0
PDE,C0,0.38,15,0.9375,0.03825388038357425,0.4853351268197654,1.0
PDE,C0,0.38,16,1.0,0.039929938955060126,0.4853351268197654,1.0
PDE,C0,0.39,0,0.0,0.016732821194065495,0.4853351268197654,1.0
PDE,C0,0.39,1,0.0625,0.018144744987712666,0.4853351268197654,1.0
PDE,C0,0.39,2,0.125,0.019580319874792706,0.4853351268197654,1.0
PDE,C0,0.39,3,0.1875,0.021039602949584214,0.4853351268197654,1.0
PDE,C0,0.39,4,0.25,0.022522651901653378,0.4853351268197654,1.0
PDE,C0,0.39,5,0.3125,0.02402952501788135,0.4853351268197654,1.0
PDE,C0,0.39,6,0.375,0.02556028118450511,0.4853351268197654,1.0
PDE,C0,0.39,7,0.4375,0.02711497988917378,0.4853351268197654,1.0
PDE,C0,0.39,8,0.5,0.02869368122302986,0.4853351268197654,1.0
PDE,C0,0.39,9,0.5625,0.030296445882796754,0.4853351268197654,1.0
PDE,C0,0.39,10,0.625,0.03192333517289161,0.4853351268197654,1.0
PDE,C0,0.39,11,0.6875,0.033574411007550355,0.4853351268197654,1.0
PDE,C0,0.39,12,0.75,0.0352497359129725,0.4853351268197654,1.0
PDE,C0,0.39,13,0.8125,0.03694937302948403,0.4853351268197654,1.0
PDE,C0,0.39,14,0.875,0.038673386113713466,0.4853351268197654,1.0
PDE,C0,0.39,15,0.9375,0.040421839540790254,0.4853351268197654,1.0
PDE,C0,0.39,16,1.0,0.04219479830655931,0.4853351268197654,1.0
PDE,C0,0.4,0,0.0,0.017920617274607163,0.4853351268197654,1.0
PDE,C0,0.4,1,0.0625,0.019435070434912383,0.4853351268197654,1.0
PDE,C0,0.4,2,0.125,0.020975102773895273,0.4853351268197654,1.0
PDE,C0,0.4,3,0.1875,0.02254078350462747,0.4853351268197654,1.0
PDE,C0,0.4,4,0.25,0.02413218258141816,0.4853351268197654,1.0
PDE,C0,0.4,5,0.3125,0.025749370702777406,0.4853351268197654,1.0
PDE,C0,0.4,6,0.375,0.027392419314398845,0.4853351268197654,1.0
PDE,C0,0.4,7,0.4375,0.029061400612170322,0.4853351268197654,1.0
PDE,C0,0.4,8,0.5,0.030756387545216292,0.4853351268197654,1.0
PDE,C0,0.4,9,0.5625,0.03247745381895644,0.4853351268197654,1.0
PDE,C0,0.4,10,0.625,0.03422467389820007,0.4853351268197654,1.0
PDE,C0,0.4,11,0.6875,0.03599812301026016,0.4853351268197654,1.0
PDE,C0,0.4,12,0.75,0.037797877148097916,0.4853351268197654,1.0
PDE,C0,0.4,13,0.8125,0.03962401307349508,0.4853351268197654,1.0
PDE,C0,0.4,14,0.875,0.04147660832024728,0.4853351268197654,1.0
PDE,C0,0.4,15,0.9375,0.04335574119739211,0.4853351268197654,1.0
PDE,C0,0.4,16,1.0,0.04526149079246036,0.4853351268197654,1.0
PDE,C0,0.41000000000000003,0,0.0,0.019108413355148544,0.4853351268197654,1.0
PDE,C0,0.41000000000000003,1,0.0625,0.020725395882111898,0.4853351268197654,1.0
PDE,C0,0.41000000000000003,2,0.125,0.02236988567299775,0.4853351268197654,1.0
PDE,C0,0.41000000000000003,3,0.1875,0.02404196405967053,0.4853351268197654,1.0
PDE,C0,0.41000000000000003,4,0.25,0.025741713261182977,0.4853351268197654,1.0
PDE,C0,0.41000000000000003,5,0.3125,0.0274692163876734,0.4853351268197654,1.0
PDE,C0,0.41000000000000003,6,0.375,0.02922455744429252,0.4853351268197654,1.0
PDE,C0,0.41000000000000003,7,0.4375,0.031007821335166823,0.4853351268197654,1.0
PDE,C0,0.41000000000000003,8,0.5,0.0328190938674024,0.4853351268197654,1.0
PDE,C0,0.41000000000000003,9,0.5625,0.034658461755115964,0.4853351268197654,1.0
PDE,C0,0.41000000000000003,10,0.625,0.036526012623508346,0.4853351268197654,1.0
PDE,C0,0.41000000000000003,11,0.6875,0.03842183501296972,0.4853351268197654,1.0
PDE,C0,0.41000000000000003,12,0.75,0.0403460183832232,0.4853351268197654,1.0
PDE,C0,0.41000000000000003,13,0.8125,0.0422986531175058,0.4853351268197654,1.0
PDE,C0,0.41000000000000003,14,0.875,0.044279830526780924,0.4853351268197654,1.0
PDE,C0,0.41000000000000003,15,0.9375,0.046289642853993916,0.4853351268197654,1.0
PDE,C0,0.41000000000000003,16,1.0,0.048328183278361296,0.4853351268197654,1.0
PDE,C0,0.42,0,0.0,0.02029620943569001,0.4853351268197654,1.0
PDE,C0,0.42,1,0.0625,0.02201572132931145,0.4853351268197654,1.0
PDE,C0,0.42,2,0.125,0.02376466857210025,0.4853351268197654,1.0
PDE,C0,0.42,3,0.1875,0.025543144614713693,0.4853351268197654,1.0
PDE,C0,0.42,4,0.25,0.027351243940947942,0.4853351268197654,1.0
PDE,C0,0.42,5,0.3125,0.029189062072569428,0.4853351268197654,1.0
PDE,C0,0.42,6,0.375,0.031056695574186253,0.4853351268197654,1.0
PDE,C0,0.42,7,0.4375,0.03295424205816342,0.4853351268197654,1.0
PDE,C0,0.42,8,0.5,0.03488180018958853,0.4853351268197654,1.0
PDE,C0,0.42,9,0.5625,0.036839469691275425,0.4853351268197654,1.0
PDE,C0,0.42,10,0.625,0.03882735134881643,0.4853351268197654,1.0
PDE,C0,0.42,11,0.6875,0.040845547015679426,0.4853351268197654,1.0
PDE,C0,0.42,12,0.75,0.0428941596183486,0.4853351268197654,1.0
PDE,C0,0.42,13,0.8125,0.044973293161516714,0.4853351268197654,1.0
PDE,C0,0.42,14,0.875,0.0470830527333147,0.4853351268197654,1.0
PDE,C0,0.42,15,0.9375,0.04922354451059579,0.4853351268197654,1.0
PDE,C0,0.42,16,1.0,0.05139487576426241,0.4853351268197654,1.0
PDE,C0,0.43,0,0.0,0.021484005516231655,0.4853351268197654,1.0
PDE,C0,0.43,1,0.0625,0.023306046776511193,0.4853351268197654,1.0
PDE,C0,0.43,2,0.125,0.025159451471202923,0.4853351268197654,1.0
PDE,C0,0.43,3,0.1875,0.027044325169756956,0.4853351268197654,1.0
PDE,C0,0.43,4,0.25,0.028960774620712785,0.4853351268197654,1.0
PDE,C0,0.43,5,0.3125,0.030908907757465357,0.4853351268197654,1.0
PDE,C0,0.43,6,0.375,0.03288883370407999,0.4853351268197654,1.0
PDE,C0,0.43,7,0.4375,0.03490066278115999,0.4853351268197654,1.0
PDE,C0,0.43,8,0.5,0.03694450651177489,0.4853351268197654,1.0
PDE,C0,0.43,9,0.5625,0.03902047762743517,0.4853351268197654,1.0
PDE,C0,0.43,10,0.625,0.04112869007412493,0.4853351268197654,1.0
PDE,C0,0.43,11,0.6875,0.04326925901838904,0.4853351268197654,1.0
PDE,C0,0.43,12,0.75,0.04544230085347405,0.4853351268197654,1.0
PDE,C0,0.43,13,0.8125,0.04764793320552783,0.4853351268197654,1.0
PDE,C0,0.43,14,0.875,0.04988627493984837,0.4853351268197654,1.0
PDE,C0,0.43,15,0.9375,0.05215744616719767,0.4853351268197654,1.0
PDE,C0,0.43,16,1.0,0.05446156825016348,0.4853351268197654,1.0
PDE,C0,0.44,0,0.0,0.022671801596773233,0.4853351268197654,1.0
PDE,C0,0.44,1,0.0625,0.024596372223710614,0.4853351268197654,1.0
PDE,C0,0.44,2,0.125,0.026554234370305362,0.4853351268197654,1.0
PDE,C0,0.44,3,0.1875,0.028545505724800014,0.4853351268197654,1.0
PDE,C0,0.44,4,0.25,0.030570305300477538,0.4853351268197654,1.0
PDE,C0,0.44,5,0.3125,0.032628753442361415,0.4853351268197654,1.0
PDE,C0,0.44,6,0.375,0.034720971833973664,0.4853351268197654,1.0
PDE,C0,0.44,7,0.4375,0.03684708350415633,0.4853351268197654,1.0
PDE,C0,0.44,8,0.5,0.039007212833961136,0.4853351268197654,1.0
PDE,C0,0.44,9,0.5625,0.041201485563594695,0.4853351268197654,1.0
PDE,C0,0.44,10,0.625,0.04343002879943317,0.4853351268197654,1.0
PDE,C0,0.44,11,0.6875,0.045692971021098684,0.4853351268197654,1.0
PDE,C0,0.44,12,0.75,0.04799044208859933,0.4853351268197654,1.0
PDE,C0,0.44,13,0.8125,0.05032257324953866,0.4853351268197654,1.0
PDE,C0,0.44,14,0.875,0.05268949714638217,0.4853351268197654,1.0
PDE,C0,0.44,15,0.9375,0.05509134782379934,0.4853351268197654,1.0
PDE,C0,0.44,16,1.0,0.057528260736064527,0.4853351268197654,1.0
PDE,C0,0.45,0,0.0,0.02385959767731468,0.4853351268197654,1.0
PDE,C0,0.45,1,0.0625,0.02588669767091011,0.4853351268197654,1.0
PDE,C0,0.45,2,0.125,0.027949017269407767,0.4853351268197654,1.0
PDE,C0,0.45,3,0.1875,0.030046686279843048,0.4853351268197654,1.0
PDE,C0,0.45,4,0.25,0.03217983598024245,0.4853351268197654,1.0
PDE,C0,0.45,5,0.3125,0.034348599127257386,0.4853351268197654,1.0
PDE,C0,0.45,6,0.375,0.03655310996386724,0.4853351268197654,1.0
PDE,C0,0.45,7,0.4375,0.03879350422715287,0.4853351268197654,1.0
PDE,C0,0.45,8,0.5,0.04106991915614721,0.4853351268197654,1.0
PDE,C0,0.45,9,0.5625,0.043382493499754156,0.4853351268197654,1.0
PDE,C0,0.45,10,0.625,0.04573136752474147,0.4853351268197654,1.0
PDE,C0,0.45,11,0.6875,0.048116683023808185,0.4853351268197654,1.0
PDE,C0,0.45,12,0.75,0.05053858332372461,0.4853351268197654,1.0
PDE,C0,0.45,13,0.8125,0.05299721329354958,0.4853351268197654,1.0
PDE,C0,0.45,14,0.875,0.0554927193529158,0.4853351268197654,1.0
PDE,C0,0.45,15,0.9375,0.05802524948040119,0.4853351268197654,1.0
PDE,C0,0.45,16,1.0,0.06059495322196558,0.4853351268197654,1.0
PDE,C0,0.46,0,0.0,0.025047393757856286,0.4853351268197654,1.0
PDE,C0,0.46,1,0.0625,0.027177023118109822,0.4853351268197654,1.0
PDE,C0,0.46,2,0.125,0.029343800168510403,0.4853351268197654,1.0
PDE,C0,0.46,3,0.1875,0.03154786683488631,0.4853351268197654,1.0
PDE,C0,0.46,4,0.25,0.033789366660007265,0.4853351268197654,1.0
PDE,C0,0.46,5,0.3125,0.03606844481215331,0.4853351268197654,1.0
PDE,C0,0.46,6,0.375,0.038385248093761114,0.4853351268197654,1.0
PDE,C0,0.46,7,0.4375,0.040739924950149484,0.4853351268197654,1.0
PDE,C0,0.46,8,0.5,0.04313262547833355,0.4853351268197654,1.0
PDE,C0,0.46,9,0.5625,0.045563501435913714,0.4853351268197654,1.0
PDE,C0,0.46,10,0.625,0.04803270625004977,0.4853351268197654,1.0
PDE,C0,0.46,11,0.6875,0.050540395026517984,0.4853351268197654,1.0
PDE,C0,0.46,12,0.75,0.05308672455884996,0.4853351268197654,1.0
PDE,C0,0.46,13,0.8125,0.055671853337560494,0.4853351268197654,1.0
PDE,C0,0.46,14,0.875,0.0582959415594496,0.4853351268197654,1.0
PDE,C0,0.46,15,0.9375,0.06095915113700319,0.4853351268197654,1.0
PDE,C0,0.46,16,1.0,0.06366164570786671,0.4853351268197654,1.0
PDE,C0,0.47000000000000003,0,0.0,0.026235189838397864,0.4853351268197654,1.0
PDE,C0,0.47000000000000003,1,0.0625,0.028467348565309407,0.4853351268197654,1.0
PDE,C0,0.47000000000000003,2,0.125,0.03073858306761275,0.4853351268197654,1.0
PDE,C0,0.47000000000000003,3,0.1875,0.0330490473899295,0.4853351268197654,1.0
PDE,C0,0.47000000000000003,4,0.25,0.03539889733977224,0.4853351268197654,1.0
PDE,C0,0.47000000000000003,5,0.3125,0.0377882904970495,0.4853351268197654,1.0
PDE,C0,0.47000000000000003,6,0.375,0.04021738622365479,0.4853351268197654,1.0
PDE,C0,0.47000000000000003,7,0.4375,0.042686345673145915,0.4853351268197654,1.0
PDE,C0,0.47000000000000003,8,0.5,0.04519533180051984,0.4853351268197654,1.0
PDE,C0,0.47000000000000003,9,0.5625,0.04774450937207337,0.4853351268197654,1.0
PDE,C0,0.47000000000000003,10,0.625,0.05033404497535807,0.4853351268197654,1.0
PDE,C0,0.47000000000000003,11,0.6875,0.05296410702922774,0.4853351268197654,1.0
PDE,C0,0.47000000000000003,12,0.75,0.05563486579397547,0.4853351268197654,1.0
PDE,C0,0.47000000000000003,13,0.8125,0.05834649338157142,0.4853351268197654,1.0
PDE,C0,0.47000000000000003,14,0.875,0.061099163765983386,0.4853351268197654,1.0
PDE,C0,0.47000000000000003,15,0.9375,0.06389305279360487,0.4853351268197654,1.0
PDE,C0,0.47000000000000003,16,1.0,0.06672833819376778,0.4853351268197654,1.0
PDE,C0,0.48,0,0.0,0.027422985918939307,0.4853351268197654,1.0
PDE,C0,0.48,1,0.0625,0.02975767401250896,0.4853351268197654,1.0
PDE,C0,0.48,2,0.125,0.03213336596671545,0.4853351268197654,1.0
PDE,C0,0.48,3,0.1875,0.034550227944972596,0.4853351268197654,1.0
PDE,C0,0.48,4,0.25,0.03700842801953704,0.4853351268197654,1.0
PDE,C0,0.48,5,0.3125,0.039508136181945416,0.4853351268197654,1.0
PDE,C0,0.48,6,0.375,0.042049524353548494,0.4853351268197654,1.0
PDE,C0,0.48,7,0.4375,0.04463276639614239,0.4853351268197654,1.0
PDE,C0,0.48,8,0.5,0.04725803812270595,0.4853351268197654,1.0
PDE,C0,0.48,9,0.5625,0.049925517308232754,0.4853351268197654,1.0
PDE,C0,0.48,10,0.625,0.0526353837006665,0.4853351268197654,1.0
PDE,C0,0.48,11,0.6875,0.05538781903193729,0.4853351268197654,1.0
PDE,C0,0.48,12,0.75,0.058183007029100876,0.4853351268197654,1.0
PDE,C0,0.48,13,0.8125,0.061021133425582325,0.4853351268197654,1.0
PDE,C0,0.48,14,0.875,0.06390238597251706,0.4853351268197654,1.0
PDE,C0,0.48,15,0.9375,0.06682695445020659,0.4853351268197654,1.0
PDE,C0,0.48,16,1.0,0.06979503067966888,0.4853351268197654,1.0
PDE,C0,0.49,0,0.0,0.028610781999480916,0.4853351268197654,1.0
PDE,C0,0.49,1,0.0625,0.031047999459708542,0.4853351268197654,1.0
PDE,C0,0.49,2,0.125,0.033528148865817814,0.4853351268197654,1.0
PDE,C0,0.49,3,0.1875,0.03605140850001579,0.4853351268197654,1.0
PDE,C0,0.49,4,0.25,0.038617958699301826,0.4853351268197654,1.0
PDE,C0,0.49,5,0.3125,0.04122798186684146,0.4853351268197654,1.0
PDE,C0,0.49,6,0.375,0.04388166248344217,0.4853351268197654,1.0
PDE,C0,0.49,7,0.4375,0.04657918711913899,0.4853351268197654,1.0
PDE,C0,0.49,8,0.5,0.04932074444489209,0.4853351268197654,1.0
PDE,C0,0.49,9,0.5625,0.052106525244392445,0.4853351268197654,1.0
PDE,C0,0.49,10,0.625,0.05493672242597476,0.4853351268197654,1.0
PDE,C0,0.49,11,0.6875,0.05781153103464693,0.4853351268197654,1.0
PDE,C0,0.49,12,0.75,0.060731148264226154,0.4853351268197654,1.0
PDE,C0,0.49,13,0.8125,0.06369577346959317,0.4853351268197654,1.0
PDE,C0,0.49,14,0.875,0.06670560817905083,0.4853351268197654,1.0
PDE,C0,0.49,15,0.9375,0.0697608561068086,0.4853351268197654,1.0
PDE,C0,0.49,16,1.0,0.07286172316556974,0.4853351268197654,1.0
PDE,C0,0.5,0,0.0,0.02979857808002252,0.4853351268197654,1.0
PDE,C0,0.5,1,0.0625,0.03233832490690826,0.4853351268197654,1.0
PDE,C0,0.5,2,0.125,0.03492293176492042,0.4853351268197654,1.0
PDE,C0,0.5,3,0.1875,0.03755258905505882,0.4853351268197654,1.0
PDE,C0,0.5,4,0.25,0.0402274893790668,0.4853351268197654,1.0
PDE,C0,0.5,5,0.3125,0.042947827551737316,0.4853351268197654,1.0
PDE,C0,0.5,6,0.375,0.04571380061333591,0.4853351268197654,1.0
PDE,C0,0.5,7,0.4375,0.04852560784213543,0.4853351268197654,1.0
PDE,C0,0.5,8,0.5,0.051383450767078356,0.4853351268197654,1.0
PDE,C0,0.5,9,0.5625,0.05428753318055197,0.4853351268197654,1.0
PDE,C0,0.5,10,0.625,0.05723806115128306,0.4853351268197654,1.0
PDE,C0,0.5,11,0.6875,0.060235243037356646,0.4853351268197654,1.0
PDE,C0,0.5,12,0.75,0.06327928949935141,0.4853351268197654,1.0
PDE,C0,0.5,13,0.8125,0.06637041351360408,0.4853351268197654,1.0
PDE,C0,0.5,14,0.875,0.06950883038558464,0.4853351268197654,1.0
PDE,C0,0.5,15,0.9375,0.07269475776341026,0.4853351268197654,1.0
PDE,C0,0.5,16,1.0,0.075928415651471,0.4853351268197654,1.0
PDE,C0,0.51,0,0.0,0.030986374160563962,0.4853351268197654,1.0
PDE,C0,0.51,1,0.0625,0.033628650354107746,0.4853351268197654,1.0
PDE,C0,0.51,2,0.125,0.0363177146640229,0.4853351268197654,1.0
PDE,C0,0.51,3,0.1875,0.03905376961010201,0.4853351268197654,1.0
PDE,C0,0.51,4,0.25,0.04183702005883168,0.4853351268197654,1.0
PDE,C0,0.51,5,0.3125,0.04466767323663338,0.4853351268197654,1.0
PDE,C0,0.51,6,0.375,0.04754593874322964,0.4853351268197654,1.0
PDE,C0,0.51,7,0.4375,0.0504720285651319,0.4853351268197654,1.0
PDE,C0,0.51,8,0.5,0.05344615708926465,0.4853351268197654,1.0
PDE,C0,0.51,9,0.5625,0.056468541116711436,0.4853351268197654,1.0
PDE,C0,0.51,10,0.625,0.05953939987659136,0.4853351268197654,1.0
PDE,C0,0.51,11,0.6875,0.06265895504006623,0.4853351268197654,1.0
PDE,C0,0.51,12,0.75,0.06582743073447687,0.4853351268197654,1.0
PDE,C0,0.51,13,0.8125,0.06904505355761499,0.4853351268197654,1.0
PDE,C0,0.51,14,0.875,0.07231205259211834,0.4853351268197654,1.0
PDE,C0,0.51,15,0.9375,0.07562865942001212,0.4853351268197654,1.0
PDE,C0,0.51,16,1.0,0.07899510813737194,0.4853351268197654,1.0
PDE,C0,0.52,0,0.0,0.03217417024110541,0.4853351268197654,1.0
PDE,C0,0.52,1,0.0625,0.03491897580130733,0.4853351268197654,1.0
PDE,C0,0.52,2,0.125,0.037712497563125405,0.4853351268197654,1.0
PDE,C0,0.52,3,0.1875,0.04055495016514514,0.4853351268197654,1.0
PDE,C0,0.52,4,0.25,0.04344655073859652,0.4853351268197654,1.0
PDE,C0,0.52,5,0.3125,0.04638751892152941,0.4853351268197654,1.0
PDE,C0,0.52,6,0.375,0.049378076873123226,0.4853351268197654,1.0
PDE,C0,0.52,7,0.4375,0.052418449288128444,0.4853351268197654,1.0
PDE,C0,0.52,8,0.5,0.05550886341145079,0.4853351268197654,1.0
PDE,C0,0.52,9,0.5625,0.05864954905287118,0.4853351268197654,1.0
PDE,C0,0.52,10,0.625,0.06184073860189966,0.4853351268197654,1.0
PDE,C0,0.52,11,0.6875,0.06508266704277602,0.4853351268197654,1.0
PDE,C0,0.52,12,0.75,0.06837557196960216,0.4853351268197654,1.0
PDE,C0,0.52,13,0.8125,0.07171969360162592,0.4853351268197654,1.0
PDE,C0,0.52,14,0.875,0.07511527479865193,0.4853351268197654,1.0
PDE,C0,0.52,15,0.9375,0.07856256107661394,0.4853351268197654,1.0
PDE,C0,0.52,16,1.0,0.08206180062327298,0.4853351268197654,1.0
PDE,C0,0.53,0,0.0,0.033641530523684564,0.4853351268197654,1.0
PDE,C0,0.53,1,0.0625,0.036514942465175955,0.4853351268197654,1.0
PDE,C0,0.53,2,0.125,0.03943966916793576,0.4853351268197654,1.0
PDE,C0,0.53,3,0.1875,0.04241594787753568,0.4853351268197654,1.0
PDE,C0,0.53,4,0.25,0.04544401863937629,0.4853351268197654,1.0
PDE,C0,0.53,5,0.3125,0.04852412431561272,0.4853351268197654,1.0
PDE,C0,0.53,6,0.375,0.0516565106022494,0.4853351268197654,1.0
PDE,C0,0.53,7,0.4375,0.05484142604639443,0.4853351268197654,1.0
PDE,C0,0.53,8,0.5,0.05807912206369354,0.4853351268197654,1.0
PDE,C0,0.53,9,0.5625,0.06136985295592867,0.4853351268197654,1.0
PDE,C0,0.53,10,0.625,0.0647138759287856,0.4853351268197654,1.0
PDE,C0,0.53,11,0.6875,0.06811145110979967,0.4853351268197654,1.0
PDE,C0,0.53,12,0.75,0.07156284156646925,0.4853351268197654,1.0
PDE,C0,0.53,13,0.8125,0.07506831332455138,0.4853351268197654,1.0
PDE,C0,0.53,14,0.875,0.07862813538652136,0.4853351268197654,1.0
PDE,C0,0.53,15,0.9375,0.08224257975022654,0.4853351268197654,1.0
PDE,C0,0.53,16,1.0,0.08591192142770118,0.4853351268197654,1.0
PDE,C0,0.54,0,0.0,0.03537534739703193,0.4853351268197654,1.0
PDE,C0,0.54,1,0.0625,0.03840222009088583,0.4853351268197654,1.0
PDE,C0,0.54,2,0.125,0.04148364514429028,0.4853351268197654,1.0
PDE,C0,0.54,3,0.1875,0.04461989240624937,0.4853351268197654,1.0
PDE,C0,0.54,4,0.25,0.04781123498645304,0.4853351268197654,1.0
PDE,C0,0.54,5,0.3125,0.051057949276687435,0.4853351268197654,1.0
PDE,C0,0.54,6,0.375,0.054360314972464616,0.4853351268197654,1.0
PDE,C0,0.54,7,0.4375,0.0577186150948693,0.4853351268197654,1.0
PDE,C0,0.54,8,0.5,0.061133136012636057,0.4853351268197654,1.0
PDE,C0,0.54,9,0.5625,0.06460416746444776,0.4853351268197654,1.0
PDE,C0,0.54,10,0.625,0.0681320025814578,0.4853351268197654,1.0
PDE,C0,0.54,11,0.6875,0.07171693791004591,0.4853351268197654,1.0
PDE,C0,0.54,12,0.75,0.07535927343479944,0.4853351268197654,1.0
PDE,C0,0.54,13,0.8125,0.07905931260173205,0.4853351268197654,1.0
PDE,C0,0.54,14,0.875,0.08281736234172545,0.4853351268197654,1.0
PDE,C0,0.54,15,0.9375,0.08663373309422168,0.4853351268197654,1.0
PDE,C0,0.54,16,1.0,0.09050873883113816,0.4853351268197654,1.0
PDE,C0,0.55,0,0.0,0.037109164270379295,0.4853351268197654,1.0
PDE,C0,0.55,1,0.0625,0.04028949771659557,0.4853351268197654,1.0
PDE,C0,0.55,2,0.125,0.043527621120644656,0.4853351268197654,1.0
PDE,C0,0.55,3,0.1875,0.046823836934962955,0.4853351268197654,1.0
PDE,C0,0.55,4,0.25,0.05017845133352979,0.4853351268197654,1.0
PDE,C0,0.55,5,0.3125,0.05359177423776206,0.4853351268197654,1.0
PDE,C0,0.55,6,0.375,0.05706411934267977,0.4853351268197654,1.0
PDE,C0,0.55,7,0.4375,0.06059580414334402,0.4853351268197654,1.0
PDE,C0,0.55,8,0.5,0.06418714996157873,0.4853351268197654,1.0
PDE,C0,0.55,9,0.5625,0.06783848197296698,0.4853351268197654,1.0
PDE,C0,0.55,10,0.625,0.07155012923412993,0.4853351268197654,1.0
PDE,C0,0.55,11,0.6875,0.07532242471029214,0.4853351268197654,1.0
PDE,C0,0.55,12,0.75,0.07915570530312964,0.4853351268197654,1.0
PDE,C0,0.55,13,0.8125,0.08305031187891268,0.4853351268197654,1.0
PDE,C0,0.55,14,0.875,0.0870065892969294,0.4853351268197654,1.0
PDE,C0,0.55,15,0.9375,0.09102488643821688,0.4853351268197654,1.0
PDE,C0,0.55,16,1.0,0.09510555623457508,0.4853351268197654,1.0
PDE,C0,0.56,0,0.0,0.03884298114372666,0.4853351268197654,1.0
PDE,C0,0.56,1,0.0625,0.04217677534230541,0.4853351268197654,1.0
PDE,C0,0.56,2,0.125,0.04557159709699939,0.4853351268197654,1.0
PDE,C0,0.56,3,0.1875,0.04902778146367658,0.4853351268197654,1.0
PDE,C0,0.56,4,0.25,0.052545667680606756,0.4853351268197654,1.0
PDE,C0,0.56,5,0.3125,0.05612559919883658,0.4853351268197654,1.0
PDE,C0,0.56,6,0.375,0.05976792371289505,0.4853351268197654,1.0
PDE,C0,0.56,7,0.4375,0.06347299319181895,0.4853351268197654,1.0
PDE,C0,0.56,8,0.5,0.06724116391052123,0.4853351268197654,1.0
PDE,C0,0.56,9,0.5625,0.07107279648148603,0.4853351268197654,1.0
PDE,C0,0.56,10,0.625,0.07496825588680207,0.4853351268197654,1.0
PDE,C0,0.56,11,0.6875,0.07892791151053839,0.4853351268197654,1.0
PDE,C0,0.56,12,0.75,0.08295213717145983,0.4853351268197654,1.0
PDE,C0,0.56,13,0.8125,0.08704131115609332,0.4853351268197654,1.0
PDE,C0,0.56,14,0.875,0.09119581625213333,0.4853351268197654,1.0
PDE,C0,0.56,15,0.9375,0.09541603978221215,0.4853351268197654,1.0
PDE,C0,0.56,16,1.0,0.09970237363801215,0.4853351268197654,1.0
PDE,C0,0.5700000000000001,0,0.0,0.040576798017074034,0.4853351268197654,1.0
PDE,C0,0.5700000000000001,1,0.0625,0.04406405296801529,0.4853351268197654,1.0
PDE,C0,0.5700000000000001,2,0.125,0.04761557307335397,0.4853351268197654,1.0
PDE,C0,0.5700000000000001,3,0.1875,0.05123172599239029,0.4853351268197654,1.0
PDE,C0,0.5700000000000001,4,0.25,0.05491288402768368,0.4853351268197654,1.0
PDE,C0,0.5700000000000001,5,0.3125,0.058659424159911426,0.4853351268197654,1.0
PDE,C0,0.5700000000000001,6,0.375,0.06247172808311032,0.4853351268197654,1.0
PDE,C0,0.5700000000000001,7,0.4375,0.06635018224029386,0.4853351268197654,1.0
PDE,C0,0.5700000000000001,8,0.5,0.07029517785946378,0.4853351268197654,1.0
PDE,C0,0.5700000000000001,9,0.5625,0.07430711099000524,0.4853351268197654,1.0
PDE,C0,0.5700000000000001,10,0.625,0.07838638253947426,0.4853351268197654,1.0
PDE,C0,0.5700000000000001,11,0.6875,0.08253339831078484,0.4853351268197654,1.0
PDE,C0,0.5700000000000001,12,0.75,0.08674856903979024,0.4853351268197654,1.0
PDE,C0,0.5700000000000001,13,0.8125,0.09103231043327405,0.4853351268197654,1.0
PDE,C0,0.5700000000000001,14,0.875,0.09538504320733743,0.4853351268197654,1.0
PDE,C0,0.5700000000000001,15,0.9375,0.09980719312620735,0.4853351268197654,1.0
PDE,C0,0.5700000000000001,16,1.0,0.10429919104144916,0.4853351268197654,1.0
PDE,C0,0.58,0,0.0,0.042310614890421386,0.4853351268197654,1.0
PDE,C0,0.58,1,0.0625,0.04595133059372501,0.4853351268197654,1.0
PDE,C0,0.58,2,0.125,0.049659549049708464,0.4853351268197654,1.0
PDE,C0,0.58,3,0.1875,0.05343567052110393,0.4853351268197654,1.0
PDE,C0,0.58,4,0.25,0.057280100374760404,0.4853351268197654,1.0
PDE,C0,0.58,5,0.3125,0.06119324912098593,0.4853351268197654,1.0
PDE,C0,0.58,6,0.375,0.06517553245332552,0.4853351268197654,1.0
PDE,C0,0.58,7,0.4375,0.06922737128876878,0.4853351268197654,1.0
PDE,C0,0.58,8,0.5,0.07334919180840645,0.4853351268197654,1.0
PDE,C0,0.58,9,0.5625,0.07754142549852444,0.4853351268197654,1.0
PDE,C0,0.58,10,0.625,0.08180450919214631,0.4853351268197654,1.0
PDE,C0,0.58,11,0.6875,0.08613888511103099,0.4853351268197654,1.0
PDE,C0,0.58,12,0.75,0.09054500090812041,0.4853351268197654,1.0
PDE,C0,0.58,13,0.8125,0.09502330971045472,0.4853351268197654,1.0
PDE,C0,0.58,14,0.875,0.0995742701625415,0.4853351268197654,1.0
PDE,C0,0.58,15,0.9375,0.10419834647020258,0.4853351268197654,1.0
PDE,C0,0.58,16,1.0,0.10889600844488605,0.4853351268197654,1.0
PDE,C0,0.59,0,0.0,0.04404443176376862,0.4853351268197654,1.0
PDE,C0,0.59,1,0.0625,0.04783860821943476,0.4853351268197654,1.0
PDE,C0,0.59,2,0.125,0.05170352502606298,0.4853351268197654,1.0
PDE,C0,0.59,3,0.1875,0.05563961504981759,0.4853351268197654,1.0
PDE,C0,0.59,4,0.25,0.05964731672183715,0.4853351268197654,1.0
PDE,C0,0.59,5,0.3125,0.06372707408206058,0.4853351268197654,1.0
PDE,C0,0.59,6,0.375,0.06787933682354072,0.4853351268197654,1.0
PDE,C0,0.59,7,0.4375,0.0721045603372436,0.4853351268197654,1.0
PDE,C0,0.59,8,0.5,0.07640320575734885,0.4853351268197654,1.0
PDE,C0,0.59,9,0.5625,0.08077574000704346,0.4853351268197654,1.0
PDE,C0,0.59,10,0.625,0.08522263584481851,0.4853351268197654,1.0
PDE,C0,0.59,11,0.6875,0.0897443719112773,0.4853351268197654,1.0
PDE,C0,0.59,12,0.75,0.09434143277645061,0.4853351268197654,1.0
PDE,C0,0.59,13,0.8125,0.09901430898763536,0.4853351268197654,1.0
PDE,C0,0.59,14,0.875,0.10376349711774545,0.4853351268197654,1.0
PDE,C0,0.59,15,0.9375,0.10858949981419765,0.4853351268197654,1.0
PDE,C0,0.59,16,1.0,0.11349282584832289,0.4853351268197654,1.0
PDE,C0,0.6,0,0.0,0.04577824863711612,0.4853351268197654,1.0
PDE,C0,0.6,1,0.0625,0.049725885845144625,0.4853351268197654,1.0
PDE,C0,0.6,2,0.125,0.053747501002417486,0.4853351268197654,1.0
PDE,C0,0.6,3,0.1875,0.057843559578531184,0.4853351268197654,1.0
PDE,C0,0.6,4,0.25,0.06201453306891406,0.4853351268197654,1.0
PDE,C0,0.6,5,0.3125,0.06626089904313522,0.4853351268197654,1.0
PDE,C0,0.6,6,0.375,0.070583141193756,0.4853351268197654,1.0
PDE,C0,0.6,7,0.4375,0.07498174938571851,0.4853351268197654,1.0
PDE,C0,0.6,8,0.5,0.07945721970629148,0.4853351268197654,1.0
PDE,C0,0.6,9,0.5625,0.08401005451556255,0.4853351268197654,1.0
PDE,C0,0.6,10,0.625,0.08864076249749066,0.4853351268197654,1.0
PDE,C0,0.6,11,0.6875,0.09334985871152347,0.4853351268197654,1.0
PDE,C0,0.6,12,0.75,0.09813786464478082,0.4853351268197654,1.0
PDE,C0,0.6,13,0.8125,0.10300530826481602,0.4853351268197654,1.0
PDE,C0,0.6,14,0.875,0.10795272407294941,0.4853351268197654,1.0
PDE,C0,0.6,15,0.9375,0.11298065315819289,0.4853351268197654,1.0
PDE,C0,0.6,16,1.0,0.1180896432517599,0.4853351268197654,1.0
PDE,C0,0.61,0,0.0,0.04751206551046335,0.4853351268197654,1.0
PDE,C0,0.61,1,0.0625,0.051613163470854366,0.4853351268197654,1.0
PDE,C0,0.61,2,0.125,0.05579147697877201,0.4853351268197654,1.0
PDE,C0,0.61,3,0.1875,0.06004750410724488,0.4853351268197654,1.0
PDE,C0,0.61,4,0.25,0.06438174941599087,0.4853351268197654,1.0
PDE,C0,0.61,5,0.3125,0.06879472400420979,0.4853351268197654,1.0
PDE,C0,0.61,6,0.375,0.07328694556397128,0.4853351268197654,1.0
PDE,C0,0.61,7,0.4375,0.07785893843419343,0.4853351268197654,1.0
PDE,C0,0.61,8,0.5,0.08251123365523402,0.4853351268197654,1.0
PDE,C0,0.61,9,0.5625,0.08724436902408177,0.4853351268197654,1.0
PDE,C0,0.61,10,0.625,0.09205888915016285,0.4853351268197654,1.0
PDE,C0,0.61,11,0.6875,0.09695534551176971,0.4853351268197654,1.0
PDE,C0,0.61,12,0.75,0.101934296513111,0.4853351268197654,1.0
PDE,C0,0.61,13,0.8125,0.1069963075419968,0.4853351268197654,1.0
PDE,C0,0.61,14,0.875,0.11214195102815348,0.4853351268197654,1.0
PDE,C0,0.61,15,0.9375,0.1173718065021881,0.4853351268197654,1.0
PDE,C0,0.61,16,1.0,0.12268646065519687,0.4853351268197654,1.0
PDE,C0,0.62,0,0.0,0.04924588238381069,0.4853351268197654,1.0
PDE,C0,0.62,1,0.0625,0.0535004410965641,0.4853351268197654,1.0
PDE,C0,0.62,2,0.125,0.05783545295512674,0.4853351268197654,1.0
PDE,C0,0.62,3,0.1875,0.062251448635958516,0.4853351268197654,1.0
PDE,C0,0.62,4,0.25,0.06674896576306762,0.4853351268197654,1.0
PDE,C0,0.62,5,0.3125,0.07132854896528443,0.4853351268197654,1.0
PDE,C0,0.62,6,0.375,0.07599074993418649,0.4853351268197654,1.0
PDE,C0,0.62,7,0.4375,0.08073612748266816,0.4853351268197654,1.0
PDE,C0,0.62,8,0.5,0.08556524760417658,0.4853351268197654,1.0
PDE,C0,0.62,9,0.5625,0.09047868353260083,0.4853351268197654,1.0
PDE,C0,0.62,10,0.625,0.09547701580283498,0.4853351268197654,1.0
PDE,C0,0.62,11,0.6875,0.10056083231201596,0.4853351268197654,1.0
PDE,C0,0.62,12,0.75,0.10573072838144121,0.4853351268197654,1.0
PDE,C0,0.62,13,0.8125,0.11098730681917737,0.4853351268197654,1.0
PDE,C0,0.62,14,0.875,0.11633117798335757,0.4853351268197654,1.0
PDE,C0,0.62,15,0.9375,0.12176295984618335,0.4853351268197654,1.0
PDE,C0,0.62,16,1.0,0.12728327805863374,0.4853351268197654,1.0
PDE,C0,0.63,0,0.0,0.050979699257158055,0.4853351268197654,1.0
PDE,C0,0.63,1,0.0625,0.05538771872227395,0.4853351268197654,1.0
PDE,C0,0.63,2,0.125,0.05987942893148111,0.4853351268197654,1.0
PDE,C0,0.63,3,0.1875,0.06445539316467222,0.4853351268197654,1.0
PDE,C0,0.63,4,0.25,0.06911618211014453,0.4853351268197654,1.0
PDE,C0,0.63,5,0.3125,0.0738623739263591,0.4853351268197654,1.0
PDE,C0,0.63,6,0.375,0.07869455430440171,0.4853351268197654,1.0
PDE,C0,0.63,7,0.4375,0.08361331653114311,0.4853351268197654,1.0
PDE,C0,0.63,8,0.5,0.08861926155311914,0.4853351268197654,1.0
PDE,C0,0.63,9,0.5625,0.09371299804112003,0.4853351268197654,1.0
PDE,C0,0.63,10,0.625,0.09889514245550718,0.4853351268197654,1.0
PDE,C0,0.63,11,0.6875,0.1041663191122622,0.4853351268197654,1.0
PDE,C0,0.63,12,0.75,0.10952716024977142,0.4853351268197654,1.0
PDE,C0,0.63,13,0.8125,0.11497830609635815,0.4853351268197654,1.0
PDE,C0,0.63,14,0.875,0.12052040493856166,0.4853351268197654,1.0
PDE,C0,0.63,15,0.9375,0.12615411319017855,0.4853351268197654,1.0
PDE,C0,0.63,16,1.0,0.13188009546207072,0.4853351268197654,1.0
PDE,C0,0.64,0,0.0,0.05288960205576813,0.4853351268197654,1.0
PDE,C0,0.64,1,0.0625,0.057468360540718584,0.4853351268197654,1.0
PDE,C0,0.64,2,0.125,0.06213457055653717,0.4853351268197654,1.0
PDE,C0,0.64,3,0.1875,0.06688883874751256,0.4853351268197654,1.0
PDE,C0,0.64,4,0.25,0.07173177982580728,0.4853351268197654,1.0
PDE,C0,0.64,5,0.3125,0.07666401664068853,0.4853351268197654,1.0
PDE,C0,0.64,6,0.375,0.0816861802485581,0.4853351268197654,1.0
PDE,C0,0.64,7,0.4375,0.08679890998378509,0.4853351268197654,1.0
PDE,C0,0.64,8,0.5,0.09200285353035575,0.4853351268197654,1.0
PDE,C0,0.64,9,0.5625,0.0972986669943356,0.4853351268197654,1.0
PDE,C0,0.64,10,0.625,0.10268701497716352,0.4853351268197654,1.0
PDE,C0,0.64,11,0.6875,0.1081685706497794,0.4853351268197654,1.0
PDE,C0,0.64,12,0.75,0.11374401582759712,0.4853351268197654,1.0
PDE,C0,0.64,13,0.8125,0.1194140410463283,0.4853351268197654,1.0
PDE,C0,0.64,14,0.875,0.12517934563866304,0.4853351268197654,1.0
PDE,C0,0.64,15,0.9375,0.13104063781182254,0.4853351268197654,1.0
PDE,C0,0.64,16,1.0,0.13699863472598617,0.4853351268197654,1.0
PDE,C0,0.65,0,0.0,0.05522047310479085,0.4853351268197654,1.0
PDE,C0,0.65,1,0.0625,0.0600112777272067,0.4853351268197654,1.0
PDE,C0,0.65,2,0.125,0.06489454545289777,0.4853351268197654,1.0
PDE,C0,0.65,3,0.1875,0.06987095201676456,0.4853351268197654,1.0
PDE,C0,0.65,4,0.25,0.07494118235586847,0.4853351268197654,1.0
PDE,C0,0.65,5,0.3125,0.08010593069327974,0.4853351268197654,1.0
PDE,C0,0.65,6,0.375,0.08536590062293192,0.4853351268197654,1.0
PDE,C0,0.65,7,0.4375,0.09072180519548638,0.4853351268197654,1.0
PDE,C0,0.65,8,0.5,0.09617436700522711,0.4853351268197654,1.0
PDE,C0,0.65,9,0.5625,0.10172431827798425,0.4853351268197654,1.0
PDE,C0,0.65,10,0.625,0.10737240096010514,0.4853351268197654,1.0
PDE,C0,0.65,11,0.6875,0.1131193668084815,0.4853351268197654,1.0
PDE,C0,0.65,12,0.75,0.1189659774816419,0.4853351268197654,1.0
PDE,C0,0.65,13,0.8125,0.1249130046319251,0.4853351268197654,1.0
PDE,C0,0.65,14,0.875,0.13096122999873766,0.4853351268197654,1.0
PDE,C0,0.65,15,0.9375,0.1371114455029128,0.4853351268197654,1.0
PDE,C0,0.65,16,1.0,0.14336445334218376,0.4853351268197654,1.0
PDE,C0,0.66,0,0.0,0.05755134415381348,0.4853351268197654,1.0
PDE,C0,0.66,1,0.0625,0.06255419491369468,0.4853351268197654,1.0
PDE,C0,0.66,2,0.125,0.06765452034925835,0.4853351268197654,1.0
PDE,C0,0.66,3,0.1875,0.0728530652860167,0.4853351268197654,1.0
PDE,C0,0.66,4,0.25,0.07815058488592935,0.4853351268197654,1.0
PDE,C0,0.66,5,0.3125,0.08354784474587094,0.4853351268197654,1.0
PDE,C0,0.66,6,0.375,0.08904562099730573,0.4853351268197654,1.0
PDE,C0,0.66,7,0.4375,0.09464470040718757,0.4853351268197654,1.0
PDE,C0,0.66,8,0.5,0.10034588048009833,0.4853351268197654,1.0
PDE,C0,0.66,9,0.5625,0.10614996956163282,0.4853351268197654,1.0
PDE,C0,0.66,10,0.625,0.11205778694304695,0.4853351268197654,1.0
PDE,C0,0.66,11,0.6875,0.11807016296718344,0.4853351268197654,1.0
PDE,C0,0.66,12,0.75,0.12418793913568653,0.4853351268197654,1.0
PDE,C0,0.66,13,0.8125,0.13041196821752202,0.4853351268197654,1.0
PDE,C0,0.66,14,0.875,0.13674311435881195,0.4853351268197654,1.0
PDE,C0,0.66,15,0.9375,0.14318225319400282,0.4853351268197654,1.0
PDE,C0,0.66,16,1.0,0.1497302719583812,0.4853351268197654,1.0
PDE,C0,0.67,0,0.0,0.0598822152028361,0.4853351268197654,1.0
PDE,C0,0.67,1,0.0625,0.06509711210018253,0.4853351268197654,1.0
PDE,C0,0.67,2,0.125,0.07041449524561899,0.4853351268197654,1.0
PDE,C0,0.67,3,0.1875,0.0758351785552685,0.4853351268197654,1.0
PDE,C0,0.67,4,0.25,0.08135998741599035,0.4853351268197654,1.0
PDE,C0,0.67,5,0.3125,0.08698975879846213,0.4853351268197654,1.0
PDE,C0,0.67,6,0.375,0.09272534137167954,0.4853351268197654,1.0
PDE,C0,0.67,7,0.4375,0.09856759561888873,0.4853351268197654,1.0
PDE,C0,0.67,8,0.5,0.10451739395496952,0.4853351268197654,1.0
PDE,C0,0.67,9,0.5625,0.11057562084528126,0.4853351268197654,1.0
PDE,C0,0.67,10,0.625,0.11674317292598863,0.4853351268197654,1.0
PDE,C0,0.67,11,0.6875,0.12302095912588533,0.4853351268197654,1.0
PDE,C0,0.67,12,0.75,0.12940990078973133,0.4853351268197654,1.0
PDE,C0,0.67,13,0.8125,0.135910931803119,0.4853351268197654,1.0
PDE,C0,0.67,14,0.875,0.1425249987188863,0.4853351268197654,1.0
PDE,C0,0.67,15,0.9375,0.14925306088509302,0.4853351268197654,1.0
PDE,C0,0.67,16,1.0,0.1560960905745787,0.4853351268197654,1.0
PDE,C0,0.68,0,0.0,0.06221308625185882,0.4853351268197654,1.0
PDE,C0,0.68,1,0.0625,0.06764002928667068,0.4853351268197654,1.0
PDE,C0,0.68,2,0.125,0.07317447014197972,0.4853351268197654,1.0
PDE,C0,0.68,3,0.1875,0.07881729182452066,0.4853351268197654,1.0
PDE,C0,0.68,4,0.25,0.0845693899460513,0.4853351268197654,1.0
PDE,C0,0.68,5,0.3125,0.0904316728510535,0.4853351268197654,1.0
PDE,C0,0.68,6,0.375,0.09640506174605347,0.4853351268197654,1.0
PDE,C0,0.68,7,0.4375,0.10249049083058989,0.4853351268197654,1.0
PDE,C0,0.68,8,0.5,0.10868890742984096,0.4853351268197654,1.0
PDE,C0,0.68,9,0.5625,0.11500127212892983,0.4853351268197654,1.0
PDE,C0,0.68,10,0.625,0.12142855890893042,0.4853351268197654,1.0
PDE,C0,0.68,11,0.6875,0.12797175528458732,0.4853351268197654,1.0
PDE,C0,0.68,12,0.75,0.13463186244377615,0.4853351268197654,1.0
PDE,C0,0.68,13,0.8125,0.14140989538871593,0.4853351268197654,1.0
PDE,C0,0.68,14,0.875,0.14830688307896084,0.4853351268197654,1.0
PDE,C0,0.68,15,0.9375,0.1553238685761831,0.4853351268197654,1.0
PDE,C0,0.68,16,1.0,0.16246190919077613,0.4853351268197654,1.0
PDE,C0,0.6900000000000001,0,0.0,0.06454395730088151,0.4853351268197654,1.0
PDE,C0,0.6900000000000001,1,0.0625,0.07018294647315866,0.4853351268197654,1.0
PDE,C0,0.6900000000000001,2,0.125,0.07593444503834033,0.4853351268197654,1.0
PDE,C0,0.6900000000000001,3,0.1875,0.08179940509377266,0.4853351268197654,1.0
PDE,C0,0.6900000000000001,4,0.25,0.08777879247611231,0.4853351268197654,1.0
PDE,C0,0.6900000000000001,5,0.3125,0.09387358690364475,0.4853351268197654,1.0
PDE,C0,0.6900000000000001,6,0.375,0.10008478212042746,0.4853351268197654,1.0
PDE,C0,0.6900000000000001,7,0.4375,0.10641338604229117,0.4853351268197654,1.0
PDE,C0,0.6900000000000001,8,0.5,0.11286042090471216,0.4853351268197654,1.0
PDE,C0,0.6900000000000001,9,0.5625,0.11942692341257831,0.4853351268197654,1.0
PDE,C0,0.6900000000000001,10,0.625,0.12611394489187214,0.4853351268197654,1.0
PDE,C0,0.6900000000000001,11,0.6875,0.13292255144328943,0.4853351268197654,1.0
PDE,C0,0.6900000000000001,12,0.75,0.13985382409782093,0.4853351268197654,1.0
PDE,C0,0.6900000000000001,13,0.8125,0.14690885897431305,0.4853351268197654,1.0
PDE,C0,0.6900000000000001,14,0.875,0.1540887674390353,0.4853351268197654,1.0
PDE,C0,0.6900000000000001,15,0.9375,0.16139467626727325,0.4853351268197654,1.0
PDE,C0,0.6900000000000001,16,1.0,0.16882772780697375,0.4853351268197654,1.0
PDE,C0,0.7000000000000001,0,0.0,0.06687482834990413,0.4853351268197654,1.0
PDE,C0,0.7000000000000001,1,0.0625,0.07272586365964664,0.4853351268197654,1.0
PDE,C0,0.7000000000000001,2,0.125,0.07869441993470096,0.4853351268197654,1.0
PDE,C0,0.7000000000000001,3,0.1875,0.08478151836302467,0.4853351268197654,1.0
PDE,C0,0.7000000000000001,4,0.25,0.0909881950061734,0.4853351268197654,1.0
PDE,C0,0.7000000000000001,5,0.3125,0.09731550095623596,0.4853351268197654,1.0
PDE,C0,0.7000000000000001,6,0.375,0.10376450249480126,0.4853351268197654,1.0
PDE,C0,0.7000000000000001,7,0.4375,0.11033628125399243,0.4853351268197654,1.0
PDE,C0,0.7000000000000001,8,0.5,0.11703193437958345,0.4853351268197654,1.0
PDE,C0,0.7000000000000001,9,0.5625,0.12385257469622672,0.4853351268197654,1.0
PDE,C0,0.7000000000000001,10,0.625,0.1307993308748138,0.4853351268197654,1.0
PDE,C0,0.7000000000000001,11,0.6875,0.1378733476019915,0.4853351268197654,1.0
PDE,C0,0.7000000000000001,12,0.75,0.14507578575186575,0.4853351268197654,1.0
PDE,C0,0.7000000000000001,13,0.8125,0.15240782255991,0.4853351268197654,1.0
PDE,C0,0.7000000000000001,14,0.875,0.1598706517991097,0.4853351268197654,1.0
PDE,C0,0.7000000000000001,15,0.9375,0.1674654839583633,0.4853351268197654,1.0
PDE,C0,0.7000000000000001,16,1.0,0.1751935464231711,0.4853351268197654,1.0
PDE,C0,0.71,0,0.0,0.06920569939892685,0.4853351268197654,1.0
PDE,C0,0.71,1,0.0625,0.07526878084613464,0.4853351268197654,1.0
PDE,C0,0.71,2,0.125,0.08145439483106154,0.4853351268197654,1.0
PDE,C0,0.71,3,0.1875,0.08776363163227652,0.4853351268197654,1.0
PDE,C0,0.71,4,0.25,0.0941975975362343,0.4853351268197654,1.0
PDE,C0,0.71,5,0.3125,0.10075741500882728,0.4853351268197654,1.0
PDE,C0,0.71,6,0.375,0.10744422286917503,0.4853351268197654,1.0
PDE,C0,0.71,7,0.4375,0.1142591764656935,0.4853351268197654,1.0
PDE,C0,0.71,8,0.5,0.12120344785445461,0.4853351268197654,1.0
PDE,C0,0.71,9,0.5625,0.12827822597987515,0.4853351268197654,1.0
PDE,C0,0.71,10,0.625,0.13548471685775543,0.4853351268197654,1.0
PDE,C0,0.71,11,0.6875,0.14282414376069336,0.4853351268197654,1.0
PDE,C0,0.71,12,0.75,0.15029774740591048,0.4853351268197654,1.0
PDE,C0,0.71,13,0.8125,0.1579067861455068,0.4853351268197654,1.0
PDE,C0,0.71,14,0.875,0.1656525361591839,0.4853351268197654,1.0
PDE,C0,0.71,15,0.9375,0.17353629164945347,0.4853351268197654,1.0
PDE,C0,0.71,16,1.0,0.18155936503936854,0.4853351268197654,1.0
PDE,C0,0.72,0,0.0,0.07153657044794946,0.4853351268197654,1.0
PDE,C0,0.72,1,0.0625,0.07781169803262261,0.4853351268197654,1.0
PDE,C0,0.72,2,0.125,0.08421436972742215,0.4853351268197654,1.0
PDE,C0,0.72,3,0.1875,0.09074574490152867,0.4853351268197654,1.0
PDE,C0,0.72,4,0.25,0.0974070000662953,0.4853351268197654,1.0
PDE,C0,0.72,5,0.3125,0.10419932906141852,0.4853351268197654,1.0
PDE,C0,0.72,6,0.375,0.11112394324354885,0.4853351268197654,1.0
PDE,C0,0.72,7,0.4375,0.11818207167739479,0.4853351268197654,1.0
PDE,C0,0.72,8,0.5,0.12537496132932582,0.4853351268197654,1.0
PDE,C0,0.72,9,0.5625,0.13270387726352373,0.4853351268197654,1.0
PDE,C0,0.72,10,0.625,0.1401701028406972,0.4853351268197654,1.0
PDE,C0,0.72,11,0.6875,0.14777493991939536,0.4853351268197654,1.0
PDE,C0,0.72,12,0.75,0.15551970905995524,0.4853351268197654,1.0
PDE,C0,0.72,13,0.8125,0.16340574973110383,0.4853351268197654,1.0
PDE,C0,0.72,14,0.875,0.17143442051925842,0.4853351268197654,1.0
PDE,C0,0.72,15,0.9375,0.1796070993405436,0.4853351268197654,1.0
PDE,C0,0.72,16,1.0,0.187925183655566,0.4853351268197654,1.0
PDE,C0,0.73,0,0.0,0.07407862089715438,0.4853351268197654,1.0
PDE,C0,0.73,1,0.0625,0.0805874482910719,0.4853351268197654,1.0
PDE,C0,0.73,2,0.125,0.08722957494209115,0.4853351268197654,1.0
PDE,C0,0.73,3,0.1875,0.09400624761835308,0.4853351268197654,1.0
PDE,C0,0.73,4,0.25,0.10091873175809996,0.4853351268197654,1.0
PDE,C0,0.73,5,0.3125,0.10796831167771205,0.4853351268197654,1.0
PDE,C0,0.73,6,0.375,0.11515629078252379,0.4853351268197654,1.0
PDE,C0,0.73,7,0.4375,0.12248399178047237,0.4853351268197654,1.0
PDE,C0,0.73,8,0.5,0.1299527568985931,0.4853351268197654,1.0
PDE,C0,0.73,9,0.5625,0.13756394810241412,0.4853351268197654,1.0
PDE,C0,0.73,10,0.625,0.14531894731827183,0.4853351268197654,1.0
PDE,C0,0.73,11,0.6875,0.15321915665858485,0.4853351268197654,1.0
PDE,C0,0.73,12,0.75,0.16126599865013025,0.4853351268197654,1.0
PDE,C0,0.73,13,0.8125,0.16946091646534595,0.4853351268197654,1.0
PDE,C0,0.73,14,0.875,0.177805374156708,0.4853351268197654,1.0
PDE,C0,0.73,15,0.9375,0.18630085689420786,0.4853351268197654,1.0
PDE,C0,0.73,16,1.0,0.19494887120597465,0.4853351268197654,1.0
PDE,C0,0.74,0,0.0,0.0770767166527694,0.4853351268197654,1.0
PDE,C0,0.74,1,0.0625,0.08386600530791442,0.4853351268197654,1.0
PDE,C0,0.74,2,0.125,0.09079595412835786,0.4853351268197654,1.0
PDE,C0,0.74,3,0.1875,0.09786793681837598,0.4853351268197654,1.0
PDE,C0,0.74,4,0.25,0.10508334813034724,0.4853351268197654,1.0
PDE,C0,0.74,5,0.3125,0.11244360411031357,0.4853351268197654,1.0
PDE,C0,0.74,6,0.375,0.11995014234694032,0.4853351268197654,1.0
PDE,C0,0.74,7,0.4375,0.12760442222393206,0.4853351268197654,1.0
PDE,C0,0.74,8,0.5,0.13540792517593658,0.4853351268197654,1.0
PDE,C0,0.74,9,0.5625,0.1433621549479889,0.4853351268197654,1.0
PDE,C0,0.74,10,0.625,0.15146863785853484,0.4853351268197654,1.0
PDE,C0,0.74,11,0.6875,0.15972892306608127,0.4853351268197654,1.0
PDE,C0,0.74,12,0.75,0.16814458283952083,0.4853351268197654,1.0
PDE,C0,0.74,13,0.8125,0.1767172128321719,0.4853351268197654,1.0
PDE,C0,0.74,14,0.875,0.18544843235959152,0.4853351268197654,1.0
PDE,C0,0.74,15,0.9375,0.1943398846811934,0.4853351268197654,1.0
PDE,C0,0.74,16,1.0,0.20339323728573377,0.4853351268197654,1.0
PDE,C0,0.75,0,0.0,0.08007481240838432,0.4853351268197654,1.0
PDE,C0,0.75,1,0.0625,0.08714456232475683,0.4853351268197654,1.0
PDE,C0,0.75,2,0.125,0.09436233331462444,0.4853351268197654,1.0
PDE,C0,0.75,3,0.1875,0.10172962601839884,0.4853351268197654,1.0
PDE,C0,0.75,4,0.25,0.10924796450259439,0.4853351268197654,1.0
PDE,C0,0.75,5,0.3125,0.11691889654291487,0.4853351268197654,1.0
PDE,C0,0.75,6,0.375,0.12474399391135643,0.4853351268197654,1.0
PDE,C0,0.75,7,0.4375,0.13272485266739165,0.4853351268197654,1.0
PDE,C0,0.75,8,0.5,0.14086309345327994,0.4853351268197654,1.0
PDE,C0,0.75,9,0.5625,0.14916036179356323,0.4853351268197654,1.0
PDE,C0,0.75,10,0.625,0.1576183283987977,0.4853351268197654,1.0
PDE,C0,0.75,11,0.6875,0.16623868947357764,0.4853351268197654,1.0
PDE,C0,0.75,12,0.75,0.17502316702891124,0.4853351268197654,1.0
PDE,C0,0.75,13,0.8125,0.18397350919899794,0.4853351268197654,1.0
PDE,C0,0.75,14,0.875,0.1930914905624746,0.4853351268197654,1.0
PDE,C0,0.75,15,0.9375,0.2023789124681786,0.4853351268197654,1.0
PDE,C0,0.75,16,1.0,0.21183760336549293,0.4853351268197654,1.0
PDE,C0,0.76,0,0.0,0.08307290816399951,0.4853351268197654,1.0
PDE,C0,0.76,1,0.0625,0.09042311934159916,0.4853351268197654,1.0
PDE,C0,0.76,2,0.125,0.09792871250089127,0.4853351268197654,1.0
PDE,C0,0.76,3,0.1875,0.10559131521842172,0.4853351268197654,1.0
PDE,C0,0.76,4,0.25,0.11341258087484171,0.4853351268197654,1.0
PDE,C0,0.76,5,0.3125,0.12139418897551646,0.4853351268197654,1.0
PDE,C0,0.76,6,0.375,0.12953784547577255,0.4853351268197654,1.0
PDE,C0,0.76,7,0.4375,0.1378452831108512,0.4853351268197654,1.0
PDE,C0,0.76,8,0.5,0.1463182617306234,0.4853351268197654,1.0
PDE,C0,0.76,9,0.5625,0.1549585686391377,0.4853351268197654,1.0
PDE,C0,0.76,10,0.625,0.16376801893906084,0.4853351268197654,1.0
PDE,C0,0.76,11,0.6875,0.17274845588107407,0.4853351268197654,1.0
PDE,C0,0.76,12,0.75,0.1819017512183017,0.4853351268197654,1.0
PDE,C0,0.76,13,0.8125,0.19122980556582392,0.4853351268197654,1.0
PDE,C0,0.76,14,0.875,0.20073454876535793,0.4853351268197654,1.0
PDE,C0,0.76,15,0.9375,0.2104179402551638,0.4853351268197654,1.0
PDE,C0,0.76,16,1.0,0.22028196944525216,0.4853351268197654,1.0
PDE,C0,0.77,0,0.0,0.08607100391961453,0.4853351268197654,1.0
PDE,C0,0.77,1,0.0625,0.09370167635844157,0.4853351268197654,1.0
PDE,C0,0.77,2,0.125,0.10149509168715795,0.4853351268197654,1.0
PDE,C0,0.77,3,0.1875,0.10945300441844463,0.4853351268197654,1.0
PDE,C0,0.77,4,0.25,0.11757719724708904,0.4853351268197654,1.0
PDE,C0,0.77,5,0.3125,0.1258694814081179,0.4853351268197654,1.0
PDE,C0,0.77,6,0.375,0.13433169704018888,0.4853351268197654,1.0
PDE,C0,0.77,7,0.4375,0.14296571355431079,0.4853351268197654,1.0
PDE,C0,0.77,8,0.5,0.1517734300079669,0.4853351268197654,1.0
PDE,C0,0.77,9,0.5625,0.16075677548471226,0.4853351268197654,1.0
PDE,C0,0.77,10,0.625,0.16991770947932358,0.4853351268197654,1.0
PDE,C0,0.77,11,0.6875,0.17925822228857055,0.4853351268197654,1.0
PDE,C0,0.77,12,0.75,0.18878033540769223,0.4853351268197654,1.0
PDE,C0,0.77,13,0.8125,0.19848610193264984,0.4853351268197654,1.0
PDE,C0,0.77,14,0.875,0.20837760696824123,0.4853351268197654,1.0
PDE,C0,0.77,15,0.9375,0.21845696804214923,0.4853351268197654,1.0
PDE,C0,0.77,16,1.0,0.22872633552501126,0.4853351268197654,1.0
PDE,C0,0.78,0,0.0,0.08906909967522951,0.4853351268197654,1.0
PDE,C0,0.78,1,0.0625,0.09698023337528403,0.4853351268197654,1.0
PDE,C0,0.78,2,0.125,0.1050614708734247,0.4853351268197654,1.0
PDE,C0,0.78,3,0.1875,0.11331469361846752,0.4853351268197654,1.0
PDE,C0,0.78,4,0.25,0.12174181361933624,0.4853351268197654,1.0
PDE,C0,0.78,5,0.3125,0.1303447738407192,0.4853351268197654,1.0
PDE,C0,0.78,6,0.375,0.13912554860460521,0.4853351268197654,1.0
PDE,C0,0.78,7,0.4375,0.14808614399777037,0.4853351268197654,1.0
PDE,C0,0.78,8,0.5,0.15722859828531022,0.4853351268197654,1.0
PDE,C0,0.78,9,0.5625,0.16655498233028684,0.4853351268197654,1.0
PDE,C0,0.78,10,0.625,0.17606740001958643,0.4853351268197654,1.0
PDE,C0,0.78,11,0.6875,0.18576798869606695,0.4853351268197654,1.0
PDE,C0,0.78,12,0.75,0.19565891959708284,0.4853351268197654,1.0
PDE,C0,0.78,13,0.8125,0.205742398299476,0.4853351268197654,1.0
PDE,C0,0.78,14,0.875,0.21602066517112456,0.4853351268197654,1.0
PDE,C0,0.78,15,0.9375,0.22649599582913463,0.4853351268197654,1.0
PDE,C0,0.78,16,1.0,0.23717070160477058,0.4853351268197654,1.0
PDE,C0,0.79,0,0.0,0.09206719543084452,0.4853351268197654,1.0
PDE,C0,0.79,1,0.0625,0.10025879039212643,0.4853351268197654,1.0
PDE,C0,0.79,2,0.125,0.10862785005969153,0.4853351268197654,1.0
PDE,C0,0.79,3,0.1875,0.1171763828184905,0.4853351268197654,1.0
PDE,C0,0.79,4,0.25,0.12590642999158352,0.4853351268197654,1.0
PDE,C0,0.79,5,0.3125,0.13482006627332072,0.4853351268197654,1.0
PDE,C0,0.79,6,0.375,0.1439194001690214,0.4853351268197654,1.0
PDE,C0,0.79,7,0.4375,0.15320657444123012,0.4853351268197654,1.0
PDE,C0,0.79,8,0.5,0.1626837665626537,0.4853351268197654,1.0
PDE,C0,0.79,9,0.5625,0.1723531891758613,0.4853351268197654,1.0
PDE,C0,0.79,10,0.625,0.1822170905598495,0.4853351268197654,1.0
PDE,C0,0.79,11,0.6875,0.19227775510356335,0.4853351268197654,1.0
PDE,C0,0.79,12,0.75,0.2025375037864732,0.4853351268197654,1.0
PDE,C0,0.79,13,0.8125,0.21299869466630195,0.4853351268197654,1.0
PDE,C0,0.79,14,0.875,0.22366372337400786,0.4853351268197654,1.0
PDE,C0,0.79,15,0.9375,0.23453502361612005,0.4853351268197654,1.0
PDE,C0,0.79,16,1.0,0.24561506768452962,0.4853351268197654,1.0
PDE,C0,0.8,0,0.0,0.0952413157468245,0.4853351268197654,1.0
PDE,C0,0.8,1,0.0625,0.10373205711323871,0.4853351268197654,1.0
PDE,C0,0.8,2,0.125,0.11240832775252292,0.4853351268197654,1.0
PDE,C0,0.8,3,0.1875,0.12127228263374783,0.4853351268197654,1.0
PDE,C0,0.8,4,0.25,0.13032611251984977,0.4853351268197654,1.0
PDE,C0,0.8,5,0.3125,0.13957204444855206,0.4853351268197654,1.0
PDE,C0,0.8,6,0.375,0.1490123422206136,0.4853351268197654,1.0
PDE,C0,0.8,7,0.4375,0.15864930689549153,0.4853351268197654,1.0
PDE,C0,0.8,8,0.5,0.1684852772945417,0.4853351268197654,1.0
PDE,C0,0.8,9,0.5625,0.17852263051184825,0.4853351268197654,1.0
PDE,C0,0.8,10,0.625,0.1887637824328001,0.4853351268197654,1.0
PDE,C0,0.8,11,0.6875,0.19921118826052306,0.4853351268197654,1.0
PDE,C0,0.8,12,0.75,0.20986734305027377,0.4853351268197654,1.0
PDE,C0,0.8,13,0.8125,0.22073478225191592,0.4853351268197654,1.0
PDE,C0,0.8,14,0.875,0.23181608226058853,0.4853351268197654,1.0
PDE,C0,0.8,15,0.9375,0.24311386097568569,0.4853351268197654,1.0
PDE,C0,0.8,16,1.0,0.2546307783682652,0.4853351268197654,1.0
PDE,C0,0.81,0,0.0,0.09900328746964739,0.4853351268197654,1.0
PDE,C0,0.81,1,0.0625,0.1078555761249603,0.4853351268197654,1.0
PDE,C0,0.81,2,0.125,0.11690380855643145,0.4853351268197654,1.0
PDE,C0,0.81,3,0.1875,0.1261503519336358,0.4853351268197654,1.0
PDE,C0,0.81,4,0.25,0.1355976136712825,0.4853351268197654,1.0
PDE,C0,0.81,5,0.3125,0.14524804199199506,0.4853351268197654,1.0
PDE,C0,0.81,6,0.375,0.1551041264979438,0.4853351268197654,1.0
PDE,C0,0.81,7,0.4375,0.16516839875144773,0.4853351268197654,1.0
PDE,C0,0.81,8,0.5,0.17544343286469152,0.4853351268197654,1.0
PDE,C0,0.81,9,0.5625,0.18593184609868368,0.4853351268197654,1.0
PDE,C0,0.81,10,0.625,0.19663629947159686,0.4853351268197654,1.0
PDE,C0,0.81,11,0.6875,0.20755949837662904,0.4853351268197654,1.0
PDE,C0,0.81,12,0.75,0.21870419320952406,0.4853351268197654,1.0
PDE,C0,0.81,13,0.8125,0.23007318000589758,0.4853351268197654,1.0
PDE,C0,0.81,14,0.875,0.24166930108851206,0.4853351268197654,1.0
PDE,C0,0.81,15,0.9375,0.25349544572465205,0.4853351268197654,1.0
PDE,C0,0.81,16,1.0,0.2655545507937432,0.4853351268197654,1.0
PDE,C0,0.8200000000000001,0,0.0,0.10276525919247022,0.4853351268197654,1.0
PDE,C0,0.8200000000000001,1,0.0625,0.11197909513668182,0.4853351268197654,1.0
PDE,C0,0.8200000000000001,2,0.125,0.12139928936033978,0.4853351268197654,1.0
PDE,C0,0.8200000000000001,3,0.1875,0.13102842123352365,0.4853351268197654,1.0
PDE,C0,0.8200000000000001,4,0.25,0.14086911482271502,0.4853351268197654,1.0
PDE,C0,0.8200000000000001,5,0.3125,0.15092403953543804,0.4853351268197654,1.0
PDE,C0,0.8200000000000001,6,0.375,0.16119591077527418,0.4853351268197654,1.0
PDE,C0,0.8200000000000001,7,0.4375,0.1716874906074037,0.4853351268197654,1.0
PDE,C0,0.8200000000000001,8,0.5,0.18240158843484106,0.4853351268197654,1.0
PDE,C0,0.8200000000000001,9,0.5625,0.19334106168551896,0.4853351268197654,1.0
PDE,C0,0.8200000000000001,10,0.625,0.2045088165103935,0.4853351268197654,1.0
PDE,C0,0.8200000000000001,11,0.6875,0.215907808492735,0.4853351268197654,1.0
PDE,C0,0.8200000000000001,12,0.75,0.2275410433687742,0.4853351268197654,1.0
PDE,C0,0.8200000000000001,13,0.8125,0.23941157775987912,0.4853351268197654,1.0
PDE,C0,0.8200000000000001,14,0.875,0.2515225199164355,0.4853351268197654,1.0
PDE,C0,0.8200000000000001,15,0.9375,0.26387703047361843,0.4853351268197654,1.0
PDE,C0,0.8200000000000001,16,1.0,0.27647832321922106,0.4853351268197654,1.0
PDE,C0,0.8300000000000001,0,0.0,0.10652723091529293,0.4853351268197654,1.0
PDE,C0,0.8300000000000001,1,0.0625,0.11610261414840357,0.4853351268197654,1.0
PDE,C0,0.8300000000000001,2,0.125,0.12589477016424827,0.4853351268197654,1.0
PDE,C0,0.8300000000000001,3,0.1875,0.13590649053341156,0.4853351268197654,1.0
PDE,C0,0.8300000000000001,4,0.25,0.14614061597414776,0.4853351268197654,1.0
PDE,C0,0.8300000000000001,5,0.3125,0.15660003707888107,0.4853351268197654,1.0
PDE,C0,0.8300000000000001,6,0.375,0.1672876950526046,0.4853351268197654,1.0
PDE,C0,0.8300000000000001,7,0.4375,0.17820658246335988,0.4853351268197654,1.0
PDE,C0,0.8300000000000001,8,0.5,0.18935974400499073,0.4853351268197654,1.0
PDE,C0,0.8300000000000001,9,0.5625,0.2007502772723543,0.4853351268197654,1.0
PDE,C0,0.8300000000000001,10,0.625,0.21238133354919034,0.4853351268197654,1.0
PDE,C0,0.8300000000000001,11,0.6875,0.2242561186088411,0.4853351268197654,1.0
PDE,C0,0.8300000000000001,12,0.75,0.23637789352802452,0.4853351268197654,1.0
PDE,C0,0.8300000000000001,13,0.8125,0.24874997551386052,0.4853351268197654,1.0
PDE,C0,0.8300000000000001,14,0.875,0.26137573874435904,0.4853351268197654,1.0
PDE,C0,0.8300000000000001,15,0.9375,0.27425861522258493,0.4853351268197654,1.0
PDE,C0,0.8300000000000001,16,1.0,0.28740209564469904,0.4853351268197654,1.0
PDE,C0,0.84,0,0.0,0.11028920263811577,0.4853351268197654,1.0
PDE,C0,0.84,1,0.0625,0.12022613316012519,0.4853351268197654,1.0
PDE,C0,0.84,2,0.125,0.1303902509681568,0.4853351268197654,1.0
PDE,C0,0.84,3,0.1875,0.14078455983329952,0.4853351268197654,1.0
PDE,C0,0.84,4,0.25,0.15141211712558045,0.4853351268197654,1.0
PDE,C0,0.84,5,0.3125,0.16227603462232404,0.4853351268197654,1.0
PDE,C0,0.84,6,0.375,0.17337947932993478,0.4853351268197654,1.0
PDE,C0,0.84,7,0.4375,0.1847256743193161,0.4853351268197654,1.0
PDE,C0,0.84,8,0.5,0.1963178995751403,0.4853351268197654,1.0
PDE,C0,0.84,9,0.5625,0.20815949285918964,0.4853351268197654,1.0
PDE,C0,0.84,10,0.625,0.22025385058798672,0.4853351268197654,1.0
PDE,C0,0.84,11,0.6875,0.23260442872494697,0.4853351268197654,1.0
PDE,C0,0.84,12,0.75,0.24521474368727467,0.4853351268197654,1.0
PDE,C0,0.84,13,0.8125,0.2580883732678421,0.4853351268197654,1.0
PDE,C0,0.84,14,0.875,0.2712289575722824,0.4853351268197654,1.0
PDE,C0,0.84,15,0.9375,0.2846401999715513,0.4853351268197654,1.0
PDE,C0,0.84,16,1.0,0.2983258680701769,0.4853351268197654,1.0
PDE,C0,0.85,0,0.0,0.11405117436093845,0.4853351268197654,1.0
PDE,C0,0.85,1,0.0625,0.1243496521718468,0.4853351268197654,1.0
PDE,C0,0.85,2,0.125,0.13488573177206528,0.4853351268197654,1.0
PDE,C0,0.85,3,0.1875,0.14566262913318742,0.4853351268197654,1.0
PDE,C0,0.85,4,0.25,0.15668361827701316,0.4853351268197654,1.0
PDE,C0,0.85,5,0.3125,0.16795203216576698,0.4853351268197654,1.0
PDE,C0,0.85,6,0.375,0.17947126360726512,0.4853351268197654,1.0
PDE,C0,0.85,7,0.4375,0.19124476617527217,0.4853351268197654,1.0
PDE,C0,0.85,8,0.5,0.2032760551452899,0.4853351268197654,1.0
PDE,C0,0.85,9,0.5625,0.21556870844602494,0.4853351268197654,1.0
PDE,C0,0.85,10,0.625,0.22812636762678357,0.4853351268197654,1.0
PDE,C0,0.85,11,0.6875,0.24095273884105292,0.4853351268197654,1.0
PDE,C0,0.85,12,0.75,0.25405159384652476,0.4853351268197654,1.0
PDE,C0,0.85,13,0.8125,0.26742677102182355,0.4853351268197654,1.0
PDE,C0,0.85,14,0.875,0.2810821764002058,0.4853351268197654,1.0
PDE,C0,0.85,15,0.9375,0.29502178472051777,0.4853351268197654,1.0
PDE,C0,0.85,16,1.0,0.30924964049565473,0.4853351268197654,1.0
PDE,C0,0.86,0,0.0,0.11847118004426038,0.4853351268197654,1.0
PDE,C0,0.86,1,0.0625,0.12920284249849928,0.4853351268197654,1.0
PDE,C0,0.86,2,0.125,0.14018540158423842,0.4853351268197654,1.0
PDE,C0,0.86,3,0.1875,0.15142237351721657,0.4853351268197654,1.0
PDE,C0,0.86,4,0.25,0.16291733937382882,0.4853351268197654,1.0
PDE,C0,0.86,5,0.3125,0.17467394611969245,0.4853351268197654,1.0
PDE,C0,0.86,6,0.375,0.18669590765598013,0.4853351268197654,1.0
PDE,C0,0.86,7,0.4375,0.19898700588380863,0.4853351268197654,1.0
PDE,C0,0.86,8,0.5,0.21155109178699089,0.4853351268197654,1.0
PDE,C0,0.86,9,0.5625,0.22439208653344975,0.4853351268197654,1.0
PDE,C0,0.86,10,0.625,0.23751398259560005,0.4853351268197654,1.0
PDE,C0,0.86,11,0.6875,0.25092084489002087,0.4853351268197654,1.0
PDE,C0,0.86,12,0.75,0.26461681193673064,0.4853351268197654,1.0
PDE,C0,0.86,13,0.8125,0.2786060970383913,0.4853351268197654,1.0
PDE,C0,0.86,14,0.875,0.29289298947977055,0.4853351268197654,1.0
PDE,C0,0.86,15,0.9375,0.3074818557478114,0.4853351268197654,1.0
PDE,C0,0.86,16,1.0,0.32237714077262325,0.4853351268197654,1.0
PDE,C0,0.87,0,0.0,0.12312772078774462,0.4853351268197654,1.0
PDE,C0,0.87,1,0.0625,0.13431831844981013,0.4853351268197654,1.0
PDE,C0,0.87,2,0.125,0.14577414294418967,0.4853351268197654,1.0
PDE,C0,0.87,3,0.1875,0.15749904237868934,0.4853351268197654,1.0
PDE,C0,0.87,4,0.25,0.16949693738024654,0.4853351268197654,1.0
PDE,C0,0.87,5,0.3125,0.18177182228215025,0.4853351268197654,1.0
PDE,C0,0.87,6,0.375,0.19432776633230642,0.4853351268197654,1.0
PDE,C0,0.87,7,0.4375,0.20716891492290423,0.4853351268197654,1.0
PDE,C0,0.87,8,0.5,0.22029949084185696,0.4853351268197654,1.0
PDE,C0,0.87,9,0.5625,0.23372379554638312,0.4853351268197654,1.0
PDE,C0,0.87,10,0.625,0.24744621045910317,0.4853351268197654,1.0
PDE,C0,0.87,11,0.6875,0.26147119828704357,0.4853351268197654,1.0
PDE,C0,0.87,12,0.75,0.275803304363935,0.4853351268197654,1.0
PDE,C0,0.87,13,0.8125,0.29044715801619947,0.4853351268197654,1.0
PDE,C0,0.87,14,0.875,0.30540747395303436,0.4853351268197654,1.0
PDE,C0,0.87,15,0.9375,0.320689053681015,0.4853351268197654,1.0
PDE,C0,0.87,16,1.0,0.33629678694361065,0.4853351268197654,1.0
PDE,C0,0.88,0,0.0,0.12778426153122865,0.4853351268197654,1.0
PDE,C0,0.88,1,0.0625,0.13943379440112097,0.4853351268197654,1.0
PDE,C0,0.88,2,0.125,0.15136288430414072,0.4853351268197654,1.0
PDE,C0,0.88,3,0.1875,0.16357571124016182,0.4853351268197654,1.0
PDE,C0,0.88,4,0.25,0.17607653538666418,0.4853351268197654,1.0
PDE,C0,0.88,5,0.3125,0.18886969844460796,0.4853351268197654,1.0
PDE,C0,0.88,6,0.375,0.20195962500863246,0.4853351268197654,1.0
PDE,C0,0.88,7,0.4375,0.2153508239619996,0.4853351268197654,1.0
PDE,C0,0.88,8,0.5,0.22904788989672278,0.4853351268197654,1.0
PDE,C0,0.88,9,0.5625,0.24305550455931632,0.4853351268197654,1.0
PDE,C0,0.88,10,0.625,0.2573784383226062,0.4853351268197654,1.0
PDE,C0,0.88,11,0.6875,0.27202155168406633,0.4853351268197654,1.0
PDE,C0,0.88,12,0.75,0.2869897967911395,0.4853351268197654,1.0
PDE,C0,0.88,13,0.8125,0.3022882189940075,0.4853351268197654,1.0
PDE,C0,0.88,14,0.875,0.3179219584262983,0.4853351268197654,1.0
PDE,C0,0.88,15,0.9375,0.3338962516142185,0.4853351268197654,1.0
PDE,C0,0.88,16,1.0,0.350216433114598,0.4853351268197654,1.0
PDE,C0,0.89,0,0.0,0.13244080227471292,0.4853351268197654,1.0
PDE,C0,0.89,1,0.0625,0.14454927035243184,0.4853351268197654,1.0
PDE,C0,0.89,2,0.125,0.15695162566409193,0.4853351268197654,1.0
PDE,C0,0.89,3,0.1875,0.16965238010163444,0.4853351268197654,1.0
PDE,C0,0.89,4,0.25,0.18265613339308207,0.4853351268197654,1.0
PDE,C0,0.89,5,0.3125,0.19596757460706565,0.4853351268197654,1.0
PDE,C0,0.89,6,0.375,0.20959148368495875,0.4853351268197654,1.0
PDE,C0,0.89,7,0.4375,0.22353273300109502,0.4853351268197654,1.0
PDE,C0,0.89,8,0.5,0.23779628895158875,0.4853351268197654,1.0
PDE,C0,0.89,9,0.5625,0.2523872135722497,0.4853351268197654,1.0
PDE,C0,0.89,10,0.625,0.26731066618610916,0.4853351268197654,1.0
PDE,C0,0.89,11,0.6875,0.28257190508108904,0.4853351268197654,1.0
PDE,C0,0.89,12,0.75,0.2981762892183439,0.4853351268197654,1.0
PDE,C0,0.89,13,0.8125,0.3141292799718155,0.4853351268197654,1.0
PDE,C0,0.89,14,0.875,0.33043644289956214,0.4853351268197654,1.0
PDE,C0,0.89,15,0.9375,0.34710344954742206,0.4853351268197654,1.0
PDE,C0,0.89,16,1.0,0.36413607928558517,0.4853351268197654,1.0
PDE,C0,0.9,0,0.0,0.13769280133658376,0.4853351268197654,1.0
PDE,C0,0.9,1,0.0625,0.15032616300589383,0.4853351268197654,1.0
PDE,C0,0.9,2,0.125,0.16327051700165848,0.4853351268197654,1.0
PDE,C0,0.9,3,0.1875,0.17653079768063434,0.4853351268197654,1.0
PDE,C0,0.9,4,0.25,0.19011203751106948,0.4853351268197654,1.0
PDE,C0,0.9,5,0.3125,0.20401936880421398,0.4853351268197654,1.0
PDE,C0,0.9,6,0.375,0.21825802547841722,0.4853351268197654,1.0
PDE,C0,0.9,7,0.4375,0.23283334485639523,0.4853351268197654,1.0
PDE,C0,0.9,8,0.5,0.2477507694962923,0.4853351268197654,1.0
PDE,C0,0.9,9,0.5625,0.26301584905713976,0.4853351268197654,1.0
PDE,C0,0.9,10,0.625,0.2786342421993436,0.4853351268197654,1.0
PDE,C0,0.9,11,0.6875,0.29461171852083906,0.4853351268197654,1.0
PDE,C0,0.9,12,0.75,0.31095416052956837,0.4853351268197654,1.0
PDE,C0,0.9,13,0.8125,0.3276675656529351,0.4853351268197654,1.0
PDE,C0,0.9,14,0.875,0.34475804828491935,0.4853351268197654,1.0
PDE,C0,0.9,15,0.9375,0.3622318418715392,0.4853351268197654,1.0
PDE,C0,0.9,16,1.0,0.380095301035358,0.4853351268197654,1.0
PDE,C0,0.91,0,0.0,0.14341711557937906,0.4853351268197654,1.0
PDE,C0,0.91,1,0.0625,0.15662768876917518,0.4853351268197654,1.0
PDE,C0,0.91,2,0.125,0.17016856041105077,0.4853351268197654,1.0
PDE,C0,0.91,3,0.1875,0.1840451591685222,0.4853351268197654,1.0
PDE,C0,0.91,4,0.25,0.19826302416775163,0.4853351268197654,1.0
PDE,C0,0.91,5,0.3125,0.21282780701023696,0.4853351268197654,1.0
PDE,C0,0.91,6,0.375,0.2277452738244211,0.4853351268197654,1.0
PDE,C0,0.91,7,0.4375,0.24302130735693936,0.4853351268197654,1.0
PDE,C0,0.91,8,0.5,0.2586619091042623,0.4853351268197654,1.0
PDE,C0,0.91,9,0.5625,0.2746732014854889,0.4853351268197654,1.0
PDE,C0,0.91,10,0.625,0.2910614300570639,0.4853351268197654,1.0
PDE,C0,0.91,11,0.6875,0.3078329657702073,0.4853351268197654,1.0
PDE,C0,0.91,12,0.75,0.32499430727186174,0.4853351268197654,1.0
PDE,C0,0.91,13,0.8125,0.34255208324997743,0.4853351268197654,1.0
PDE,C0,0.91,14,0.875,0.36051305482396284,0.4853351268197654,1.0
PDE,C0,0.91,15,0.9375,0.37888411798116395,0.4853351268197654,1.0
PDE,C0,0.91,16,1.0,0.3976723060602272,0.4853351268197654,1.0
PDE,C0,0.92,0,0.0,0.14914142982217432,0.4853351268197654,1.0
PDE,C0,0.92,1,0.0625,0.16292921453245632,0.4853351268197654,1.0
PDE,C0,0.92,2,0.125,0.17706660382044292,0.4853351268197654,1.0
PDE,C0,0.92,3,0.1875,0.1915595206564099,0.4853351268197654,1.0
PDE,C0,0.92,4,0.25,0.20641401082443356,0.4853351268197654,1.0
PDE,C0,0.92,5,0.3125,0.22163624521625977,0.4853351268197654,1.0
PDE,C0,0.92,6,0.375,0.23723252217042515,0.4853351268197654,1.0
PDE,C0,0.92,7,0.4375,0.2532092698574836,0.4853351268197654,1.0
PDE,C0,0.92,8,0.5,0.2695730487122322,0.4853351268197654,1.0
PDE,C0,0.92,9,0.5625,0.2863305539138379,0.4853351268197654,1.0
PDE,C0,0.92,10,0.625,0.30348861791478415,0.4853351268197654,1.0
PDE,C0,0.92,11,0.6875,0.32105421301957543,0.4853351268197654,1.0
PDE,C0,0.92,12,0.75,0.33903445401415494,0.4853351268197654,1.0
PDE,C0,0.92,13,0.8125,0.3574366008470197,0.4853351268197654,1.0
PDE,C0,0.92,14,0.875,0.37626806136300633,0.4853351268197654,1.0
PDE,C0,0.92,15,0.9375,0.39553639409078867,0.4853351268197654,1.0
PDE,C0,0.92,16,1.0,0.4152493110850962,0.4853351268197654,1.0
PDE,C0,0.93,0,0.0,0.15544190539336616,0.4853351268197654,1.0
PDE,C0,0.93,1,0.0625,0.1698714513893016,0.4853351268197654,1.0
PDE,C0,0.93,2,0.125,0.18467270835667077,0.4853351268197654,1.0
PDE,C0,0.93,3,0.1875,0.19985218941159835,0.4853351268197654,1.0
PDE,C0,0.93,4,0.25,0.2154165457682805,0.4853351268197654,1.0
PDE,C0,0.93,5,0.3125,0.23137256939587109,0.4853351268197654,1.0
PDE,C0,0.93,6,0.375,0.24772719572912705,0.4853351268197654,1.0
PDE,C0,0.93,7,0.4375,0.2644875064338595,0.4853351268197654,1.0
PDE,C0,0.93,8,0.5,0.28166073222828236,0.4853351268197654,1.0
PDE,C0,0.93,9,0.5625,0.29925425576135795,0.4853351268197654,1.0
PDE,C0,0.93,10,0.625,0.317275614549272,0.4853351268197654,1.0
PDE,C0,0.93,11,0.6875,0.33573250397117654,0.4853351268197654,1.0
PDE,C0,0.93,12,0.75,0.35463278032538126,0.4853351268197654,1.0
PDE,C0,0.93,13,0.8125,0.37398446394718965,0.4853351268197654,1.0
PDE,C0,0.93,14,0.875,0.393795742389586,0.4853351268197654,1.0
PDE,C0,0.93,15,0.9375,0.4140749736680366,0.4853351268197654,1.0
PDE,C0,0.93,16,1.0,0.4348306895706547,0.4853351268197654,1.0
PDE,C0,0.9400000000000001,0,0.0,0.16245977364632563,0.4853351268197654,1.0
PDE,C0,0.9400000000000001,1,0.0625,0.17761145343272958,0.4853351268197654,1.0
PDE,C0,0.9400000000000001,2,0.125,0.19316043726718587,0.4853351268197654,1.0
PDE,C0,0.9400000000000001,3,0.1875,0.2091139477432804,0.4853351268197654,1.0
PDE,C0,0.9400000000000001,4,0.25,0.22547936448904035,0.4853351268197654,1.0
PDE,C0,0.9400000000000001,5,0.3125,0.24226422728873168,0.4853351268197654,1.0
PDE,C0,0.9400000000000001,6,0.375,0.2594762392696339,0.4853351268197654,1.0
PDE,C0,0.9400000000000001,7,0.4375,0.2771232701551051,0.4853351268197654,1.0
PDE,C0,0.9400000000000001,8,0.5,0.2952133595852938,0.4853351268197654,1.0
PDE,C0,0.9400000000000001,9,0.5625,0.3137547205068707,0.4853351268197654,1.0
PDE,C0,0.9400000000000001,10,0.625,0.33275574263319435,0.4853351268197654,1.0
PDE,C0,0.9400000000000001,11,0.6875,0.3522249959763374,0.4853351268197654,1.0
PDE,C0,0.9400000000000001,12,0.75,0.37217123445244515,0.4853351268197654,1.0
PDE,C0,0.9400000000000001,13,0.8125,0.3926033995619197,0.4853351268197654,1.0
PDE,C0,0.9400000000000001,14,0.875,0.41353062414595676,0.4853351268197654,1.0
PDE,C0,0.9400000000000001,15,0.9375,0.43496223622099084,0.4853351268197654,1.0
PDE,C0,0.9400000000000001,16,1.0,0.4569077628926388,0.4853351268197654,1.0
PDE,C0,0.95,0,0.0,0.16975250205078843,0.4853351268197654,1.0
PDE,C0,0.95,1,0.0625,0.18565733156236036,0.4853351268197654,1.0
PDE,C0,0.95,2,0.125,0.20198643151700918,0.4853351268197654,1.0
PDE,C0,0.95,3,0.1875,0.21874778260964034,0.4853351268197654,1.0
PDE,C0,0.95,4,0.25,0.2359495430597897,0.4853351268197654,1.0
PDE,C0,0.95,5,0.3125,0.2536000522439214,0.4853351268197654,1.0
PDE,C0,0.95,6,0.375,0.2717078344052007,0.4853351268197654,1.0
PDE,C0,0.95,7,0.4375,0.290281602442355,0.4853351268197654,1.0
PDE,C0,0.95,8,0.5,0.3093302617792794,0.4853351268197654,1.0
PDE,C0,0.95,9,0.5625,0.32886291431707126,0.4853351268197654,1.0
PDE,C0,0.95,10,0.625,0.34888886247022605,0.4853351268197654,1.0
PDE,C0,0.95,11,0.6875,0.36941761328874456,0.4853351268197654,1.0
PDE,C0,0.95,12,0.75,0.39045888266796047,0.4853351268197654,1.0
PDE,C0,0.95,13,0.8125,0.41202259964791055,0.4853351268197654,1.0
PDE,C0,0.95,14,0.875,0.43411891080414133,0.4853351268197654,1.0
PDE,C0,0.95,15,0.9375,0.45675818473184554,0.4853351268197654,1.0
PDE,C0,0.95,16,1.0,0.47995101662529427,0.4853351268197654,1.0
PDE,C2,0.0,0,0.0,0.0,0.4853351268197654,1.0
PDE,C2,0.0,1,0.0625,0.0,0.4853351268197654,1.0
PDE,C2,0.0,2,0.125,0.0,0.4853351268197654,1.0
PDE,C2,0.0,3,0.1875,0.0,0.4853351268197654,1.0
PDE,C2,0.0,4,0.25,0.0,0.4853351268197654,1.0
PDE,C2,0.0,5,0.3125,0.0,0.4853351268197654,1.0
PDE,C2,0.0,6,0.375,0.0,0.4853351268197654,1.0
PDE,C2,0.0,7,0.4375,0.0,0.4853351268197654,1.0
PDE,C2,0.0,8,0.5,0.0,0.4853351268197654,1.0
PDE,C2,0.0,9,0.5625,0.0,0.4853351268197654,1.0
PDE,C2,0.0,10,0.625,0.0,0.4853351268197654,1.0
PDE,C2,0.0,11,0.6875,0.0,0.4853351268197654,1.0
PDE,C2,0.0,12,0.75,0.0,0.4853351268197654,1.0
PDE,C2,0.0,13,0.8125,0.0,0.4853351268197654,1.0
PDE,C2,0.0,14,0.875,0.0,0.4853351268197654,1.0
PDE,C2,0.0,15,0.9375,0.0,0.4853351268197654,1.0
PDE,C2,0.0,16,1.0,0.0,0.4853351268197654,1.0
PDE,C2,0.01,0,0.0,0.00020088990976707544,0.4853351268197654,1.0
PDE,C2,0.01,1,0.0625,0.0002077002822814753,0.4853351268197654,1.0
PDE,C2,0.01,2,0.125,0.00021457720744483676,0.4853351268197654,1.0
PDE,C2,0.01,3,0.1875,0.00022152069383501413,0.4853351268197654,1.0
PDE,C2,0.01,4,0.25,0.00022853075014095658,0.4853351268197654,1.0
PDE,C2,0.01,5,0.3125,0.00023560738515024027,0.4853351268197654,1.0
PDE,C2,0.01,6,0.375,0.00024275060773835055,0.4853351268197654,1.0
PDE,C2,0.01,7,0.4375,0.0002499604268612407,0.4853351268197654,1.0
PDE,C2,0.01,8,0.5,0.0002572368515462996,0.4853351268197654,1.0
PDE,C2,0.01,9,0.5625,0.00026457989088786313,0.4853351268197654,1.0
PDE,C2,0.01,10,0.625,0.00027198955404046616,0.4853351268197654,1.0
PDE,C2,0.01,11,0.6875,0.00027946585021491064,0.4853351268197654,1.0
PDE,C2,0.01,12,0.75,0.0002870087886741825,0.4853351268197654,1.0
PDE,C2,0.01,13,0.8125,0.0002946183787302249,0.4853351268197654,1.0
PDE,C2,0.01,14,0.875,0.0003022946297407382,0.4853351268197654,1.0
PDE,C2,0.01,15,0.9375,0.00031003755110742157,0.4853351268197654,1.0
PDE,C2,0.01,16,1.0,0.00031784715227294415,0.4853351268197654,1.0
PDE,C2,0.02,0,0.0,0.0004017798195341509,0.4853351268197654,1.0
PDE,C2,0.02,1,0.0625,0.00041540056456301294,0.4853351268197654,1.0
PDE,C2,0.02,2,0.125,0.0004291544148897106,0.4853351268197654,1.0
PDE,C2,0.02,3,0.1875,0.000443041387670003,0.4853351268197654,1.0
PDE,C2,0.02,4,0.25,0.0004570615002821074,0.4853351268197654,1.0
PDE,C2,0.02,5,0.3125,0.00047121477030048054,0.4853351268197654,1.0
PDE,C2,0.02,6,0.375,0.0004855012154767011,0.4853351268197654,1.0
PDE,C2,0.02,7,0.4375,0.0004999208537222619,0.4853351268197654,1.0
PDE,C2,0.02,8,0.5,0.0005144737030926616,0.4853351268197654,1.0
PDE,C2,0.02,9,0.5625,0.0005291597817757515,0.4853351268197654,1.0
PDE,C2,0.02,10,0.625,0.000543979108080775,0.4853351268197654,1.0
PDE,C2,0.02,11,0.6875,0.0005589317004297337,0.4853351268197654,1.0
PDE,C2,0.02,12,0.75,0.000574017577348365,0.4853351268197654,1.0
PDE,C2,0.02,13,0.8125,0.00058923675746038,0.4853351268197654,1.0
PDE,C2,0.02,14,0.875,0.0006045892594815643,0.4853351268197654,1.0
PDE,C2,0.02,15,0.9375,0.0006200751022147807,0.4853351268197654,1.0
PDE,C2,0.02,16,1.0,0.000635694304545719,0.4853351268197654,1.0
PDE,C2,0.03,0,0.0,0.0006026697293010945,0.4853351268197654,1.0
PDE,C2,0.03,1,0.0625,0.0006231008468445135,0.4853351268197654,1.0
PDE,C2,0.03,2,0.125,0.0006437316223343901,0.4853351268197654,1.0
PDE,C2,0.03,3,0.1875,0.0006645620815050171,0.4853351268197654,1.0
PDE,C2,0.03,4,0.25,0.000685592250422932,0.4853351268197654,1.0
PDE,C2,0.03,5,0.3125,0.0007068221554506584,0.4853351268197654,1.0
PDE,C2,0.03,6,0.375,0.0007282518232151464,0.4853351268197654,1.0
PDE,C2,0.03,7,0.4375,0.0007498812805835025,0.4853351268197654,1.0
PDE,C2,0.03,8,0.5,0.0007717105546389611,0.4853351268197654,1.0
PDE,C2,0.03,9,0.5625,0.0007937396726635524,0.4853351268197654,1.0
PDE,C2,0.03,10,0.625,0.0008159686621212159,0.4853351268197654,1.0
PDE,C2,0.03,11,0.6875,0.0008383975506445819,0.4853351268197654,1.0
PDE,C2,0.03,12,0.75,0.0008610263660225102,0.4853351268197654,1.0
PDE,C2,0.03,13,0.8125,0.0008838551361906048,0.4853351268197654,1.0
PDE,C2,0.03,14,0.875,0.0009068838892223025,0.4853351268197654,1.0
PDE,C2,0.03,15,0.9375,0.0009301126533222468,0.4853351268197654,1.0
PDE,C2,0.03,16,1.0,0.0009535414568186884,0.4853351268197654,1.0
PDE,C2,0.04,0,0.0,0.0008035596390681952,0.4853351268197654,1.0
PDE,C2,0.04,1,0.0625,0.0008308011291260763,0.4853351268197654,1.0
PDE,C2,0.04,2,0.125,0.0008583088297792893,0.4853351268197654,1.0
PDE,C2,0.04,3,0.1875,0.0008860827753402255,0.4853351268197654,1.0
PDE,C2,0.04,4,0.25,0.0009141230005640829,0.4853351268197654,1.0
PDE,C2,0.04,5,0.3125,0.000942429540600792,0.4853351268197654,1.0
PDE,C2,0.04,6,0.375,0.0009710024309534971,0.4853351268197654,1.0
PDE,C2,0.04,7,0.4375,0.0009998417074447432,0.4853351268197654,1.0
PDE,C2,0.04,8,0.5,0.0010289474061853231,0.4853351268197654,1.0
PDE,C2,0.04,9,0.5625,0.0010583195635514408,0.4853351268197654,1.0
PDE,C2,0.04,10,0.625,0.0010879582161616196,0.4853351268197654,1.0
PDE,C2,0.04,11,0.6875,0.0011178634008594925,0.4853351268197654,1.0
PDE,C2,0.04,12,0.75,0.001148035154696693,0.4853351268197654,1.0
PDE,C2,0.04,13,0.8125,0.0011784735149206976,0.4853351268197654,1.0
PDE,C2,0.04,14,0.875,0.0012091785189631032,0.4853351268197654,1.0
PDE,C2,0.04,15,0.9375,0.0012401502044296683,0.4853351268197654,1.0
PDE,C2,0.04,16,1.0,0.0012713886090915004,0.4853351268197654,1.0
PDE,C2,0.05,0,0.0,0.0010044495488352085,0.4853351268197654,1.0
PDE,C2,0.05,1,0.0625,0.0010385014114076836,0.4853351268197654,1.0
PDE,C2,0.05,2,0.125,0.001072886037223969,0.4853351268197654,1.0
PDE,C2,0.05,3,0.1875,0.0011076034691752394,0.4853351268197654,1.0
PDE,C2,0.05,4,0.25,0.0011426537507050142,0.4853351268197654,1.0
PDE,C2,0.05,5,0.3125,0.0011780369257510324,0.4853351268197654,1.0
PDE,C2,0.05,6,0.375,0.0012137530386918476,0.4853351268197654,1.0
PDE,C2,0.05,7,0.4375,0.0012498021343059216,0.4853351268197654,1.0
PDE,C2,0.05,8,0.5,0.0012861842577316226,0.4853351268197654,1.0
PDE,C2,0.05,9,0.5625,0.0013228994544393039,0.4853351268197654,1.0
PDE,C2,0.05,10,0.625,0.0013599477702020857,0.4853351268197654,1.0
PDE,C2,0.05,11,0.6875,0.001397329251074378,0.4853351268197654,1.0
PDE,C2,0.05,12,0.75,0.0014350439433708753,0.4853351268197654,1.0
PDE,C2,0.05,13,0.8125,0.001473091893650985,0.4853351268197654,1.0
PDE,C2,0.05,14,0.875,0.001511473148703929,0.4853351268197654,1.0
PDE,C2,0.05,15,0.9375,0.0015501877555370899,0.4853351268197654,1.0
PDE,C2,0.05,16,1.0,0.0015892357613644698,0.4853351268197654,1.0
PDE,C2,0.06,0,0.0,0.0012053394586021518,0.4853351268197654,1.0
PDE,C2,0.06,1,0.0625,0.001246201693689027,0.4853351268197654,1.0
PDE,C2,0.06,2,0.125,0.0012874632446688678,0.4853351268197654,1.0
PDE,C2,0.06,3,0.1875,0.0013291241630102285,0.4853351268197654,1.0
PDE,C2,0.06,4,0.25,0.0013711845008460583,0.4853351268197654,1.0
PDE,C2,0.06,5,0.3125,0.0014136443109012725,0.4853351268197654,1.0
PDE,C2,0.06,6,0.375,0.001456503646430198,0.4853351268197654,1.0
PDE,C2,0.06,7,0.4375,0.0014997625611669427,0.4853351268197654,1.0
PDE,C2,0.06,8,0.5,0.0015434211092779221,0.4853351268197654,1.0
PDE,C2,0.06,9,0.5625,0.0015874793453270351,0.4853351268197654,1.0
PDE,C2,0.06,10,0.625,0.0016319373242423944,0.4853351268197654,1.0
PDE,C2,0.06,11,0.6875,0.0016767951012890939,0.4853351268197654,1.0
PDE,C2,0.06,12,0.75,0.0017220527320449257,0.4853351268197654,1.0
PDE,C2,0.06,13,0.8125,0.0017677102723812096,0.4853351268197654,1.0
PDE,C2,0.06,14,0.875,0.0018137677784446418,0.4853351268197654,1.0
PDE,C2,0.06,15,0.9375,0.0018602253066444488,0.4853351268197654,1.0
PDE,C2,0.06,16,1.0,0.0019070829136373514,0.4853351268197654,1.0
PDE,C2,0.07,0,0.0,0.0014062293683692272,0.4853351268197654,1.0
PDE,C2,0.07,1,0.0625,0.0014539019759706963,0.4853351268197654,1.0
PDE,C2,0.07,2,0.125,0.0015020404521136797,0.4853351268197654,1.0
PDE,C2,0.07,3,0.1875,0.0015506448568452427,0.4853351268197654,1.0
PDE,C2,0.07,4,0.25,0.0015997152509870775,0.4853351268197654,1.0
PDE,C2,0.07,5,0.3125,0.0016492516960515129,0.4853351268197654,1.0
PDE,C2,0.07,6,0.375,0.0016992542541686805,0.4853351268197654,1.0
PDE,C2,0.07,7,0.4375,0.0017497229880281836,0.4853351268197654,1.0
PDE,C2,0.07,8,0.5,0.0018006579608242218,0.4853351268197654,1.0
PDE,C2,0.07,9,0.5625,0.0018520592362149234,0.4853351268197654,1.0
PDE,C2,0.07,10,0.625,0.0019039268782828354,0.4853351268197654,1.0
PDE,C2,0.07,11,0.6875,0.001956260951503942,0.4853351268197654,1.0
PDE,C2,0.07,12,0.75,0.0020090615207191778,0.4853351268197654,1.0
PDE,C2,0.07,13,0.8125,0.0020623286511114347,0.4853351268197654,1.0
PDE,C2,0.07,14,0.875,0.0021160624081856005,0.4853351268197654,1.0
PDE,C2,0.07,15,0.9375,0.0021702628577519403,0.4853351268197654,1.0
PDE,C2,0.07,16,1.0,0.0022249300659101887,0.4853351268197654,1.0
PDE,C2,0.08,0,0.0,0.0016071192781363028,0.4853351268197654,1.0
PDE,C2,0.08,1,0.0625,0.0016616022582522593,0.4853351268197654,1.0
PDE,C2,0.08,2,0.125,0.0017166176595585533,0.4853351268197654,1.0
PDE,C2,0.08,3,0.1875,0.001772165550680319,0.4853351268197654,1.0
PDE,C2,0.08,4,0.25,0.0018282460011280338,0.4853351268197654,1.0
PDE,C2,0.08,5,0.3125,0.001884859081201753,0.4853351268197654,1.0
PDE,C2,0.08,6,0.375,0.0019420048619070564,0.4853351268197654,1.0
PDE,C2,0.08,7,0.4375,0.001999683414889424,0.4853351268197654,1.0
PDE,C2,0.08,8,0.5,0.0020578948123705838,0.4853351268197654,1.0
PDE,C2,0.08,9,0.5625,0.0021166391271027494,0.4853351268197654,1.0
PDE,C2,0.08,10,0.625,0.0021759164323233017,0.4853351268197654,1.0
PDE,C2,0.08,11,0.6875,0.0022357268017188276,0.4853351268197654,1.0
PDE,C2,0.08,12,0.75,0.0022960703093932284,0.4853351268197654,1.0
PDE,C2,0.08,13,0.8125,0.002356947029841527,0.4853351268197654,1.0
PDE,C2,0.08,14,0.875,0.0024183570379263386,0.4853351268197654,1.0
PDE,C2,0.08,15,0.9375,0.0024803004088593365,0.4853351268197654,1.0
PDE,C2,0.08,16,1.0,0.002542777218183158,0.4853351268197654,1.0
PDE,C2,0.09,0,0.0,0.0018080091879033157,0.4853351268197654,1.0
PDE,C2,0.09,1,0.0625,0.0018693025405337345,0.4853351268197654,1.0
PDE,C2,0.09,2,0.125,0.001931194867003258,0.4853351268197654,1.0
PDE,C2,0.09,3,0.1875,0.0019936862445153326,0.4853351268197654,1.0
PDE,C2,0.09,4,0.25,0.002056776751269097,0.4853351268197654,1.0
PDE,C2,0.09,5,0.3125,0.002120466466351824,0.4853351268197654,1.0
PDE,C2,0.09,6,0.375,0.002184755469645407,0.4853351268197654,1.0
PDE,C2,0.09,7,0.4375,0.0022496438417504705,0.4853351268197654,1.0
PDE,C2,0.09,8,0.5,0.002315131663916908,0.4853351268197654,1.0
PDE,C2,0.09,9,0.5625,0.0023812190179906124,0.4853351268197654,1.0
PDE,C2,0.09,10,0.625,0.002447905986363705,0.4853351268197654,1.0
PDE,C2,0.09,11,0.6875,0.0025151926519337378,0.4853351268197654,1.0
PDE,C2,0.09,12,0.75,0.002583079098067543,0.4853351268197654,1.0
PDE,C2,0.09,13,0.8125,0.0026515654085717075,0.4853351268197654,1.0
PDE,C2,0.09,14,0.875,0.002720651667667139,0.4853351268197654,1.0
PDE,C2,0.09,15,0.9375,0.002790337959966783,0.4853351268197654,1.0
PDE,C2,0.09,16,1.0,0.0028606243704561024,0.4853351268197654,1.0
PDE,C2,0.1,0,0.0,0.002008899097670285,0.4853351268197654,1.0
PDE,C2,0.1,1,0.0625,0.002077002822815235,0.4853351268197654,1.0
PDE,C2,0.1,2,0.125,0.002145772074448132,0.4853351268197654,1.0
PDE,C2,0.1,3,0.1875,0.002215206938350347,0.4853351268197654,1.0
PDE,C2,0.1,4,0.25,0.0022853075014101416,0.4853351268197654,1.0
PDE,C2,0.1,5,0.3125,0.0023560738515021966,0.4853351268197654,1.0
PDE,C2,0.1,6,0.375,0.0024275060773838895,0.4853351268197654,1.0
PDE,C2,0.1,7,0.4375,0.002499604268611818,0.4853351268197654,1.0
PDE,C2,0.1,8,0.5,0.002572368515463208,0.4853351268197654,1.0
PDE,C2,0.1,9,0.5625,0.002645798908878476,0.4853351268197654,1.0
PDE,C2,0.1,10,0.625,0.0027198955404040145,0.4853351268197654,1.0
PDE,C2,0.1,11,0.6875,0.002794658502148719,0.4853351268197654,1.0
PDE,C2,0.1,12,0.75,0.002870087886741726,0.4853351268197654,1.0
PDE,C2,0.1,13,0.8125,0.0029461837873019075,0.4853351268197654,1.0
PDE,C2,0.1,14,0.875,0.0030229462974079024,0.4853351268197654,1.0
PDE,C2,0.1,15,0.9375,0.0031003755110742496,0.4853351268197654,1.0
PDE,C2,0.1,16,1.0,0.0031784715227289395,0.4853351268197654,1.0
PDE,C2,0.11,0,0.0,0.0022097890074373604,0.4853351268197654,1.0
PDE,C2,0.11,1,0.0625,0.0022847031050967728,0.4853351268197654,1.0
PDE,C2,0.11,2,0.125,0.0023603492818930314,0.4853351268197654,1.0
PDE,C2,0.11,3,0.1875,0.0024367276321854933,0.4853351268197654,1.0
PDE,C2,0.11,4,0.25,0.0025138382515511606,0.4853351268197654,1.0
PDE,C2,0.11,5,0.3125,0.0025916812366523047,0.4853351268197654,1.0
PDE,C2,0.11,6,0.375,0.0026702566851222404,0.4853351268197654,1.0
PDE,C2,0.11,7,0.4375,0.002749564695472927,0.4853351268197654,1.0
PDE,C2,0.11,8,0.5,0.00282960536700957,0.4853351268197654,1.0
PDE,C2,0.11,9,0.5625,0.002910378799766364,0.4853351268197654,1.0
PDE,C2,0.11,10,0.625,0.0029918850944444545,0.4853351268197654,1.0
PDE,C2,0.11,11,0.6875,0.0030741243523634723,0.4853351268197654,1.0
PDE,C2,0.11,12,0.75,0.003157096675415908,0.4853351268197654,1.0
PDE,C2,0.11,13,0.8125,0.003240802166032132,0.4853351268197654,1.0
PDE,C2,0.11,14,0.875,0.003325240927148729,0.4853351268197654,1.0
PDE,C2,0.11,15,0.9375,0.003410413062181671,0.4853351268197654,1.0
PDE,C2,0.11,16,1.0,0.003496318675001821,0.4853351268197654,1.0
PDE,C2,0.12,0,0.0,0.002410678917204498,0.4853351268197654,1.0
PDE,C2,0.12,1,0.0625,0.0024924033873782478,0.4853351268197654,1.0
PDE,C2,0.12,2,0.125,0.0025749264893378423,0.4853351268197654,1.0
PDE,C2,0.12,3,0.1875,0.0026582483260203502,0.4853351268197654,1.0
PDE,C2,0.12,4,0.25,0.002742369001692054,0.4853351268197654,1.0
PDE,C2,0.12,5,0.3125,0.002827288621802677,0.4853351268197654,1.0
PDE,C2,0.12,6,0.375,0.0029130072928606155,0.4853351268197654,1.0
PDE,C2,0.12,7,0.4375,0.002999525122334105,0.4853351268197654,1.0
PDE,C2,0.12,8,0.5,0.0030868422185560017,0.4853351268197654,1.0
PDE,C2,0.12,9,0.5625,0.0031749586906542524,0.4853351268197654,1.0
PDE,C2,0.12,10,0.625,0.0032638746484849207,0.4853351268197654,1.0
PDE,C2,0.12,11,0.6875,0.00335359020257832,0.4853351268197654,1.0
PDE,C2,0.12,12,0.75,0.003444105464090028,0.4853351268197654,1.0
PDE,C2,0.12,13,0.8125,0.0035354205447624193,0.4853351268197654,1.0
PDE,C2,0.12,14,0.875,0.0036275355568894667,0.4853351268197654,1.0
PDE,C2,0.12,15,0.9375,0.00372045061328903,0.4853351268197654,1.0
PDE,C2,0.12,16,1.0,0.003814165827274853,0.4853351268197654,1.0
PDE,C2,0.13,0,0.0,0.002611568826971511,0.4853351268197654,1.0
PDE,C2,0.13,1,0.0625,0.002700103669659811,0.4853351268197654,1.0
PDE,C2,0.13,2,0.125,0.002789503696782548,0.4853351268197654,1.0
PDE,C2,0.13,3,0.1875,0.0028797690198555585,0.4853351268197654,1.0
PDE,C2,0.13,4,0.25,0.0029708997518330484,0.4853351268197654,1.0
PDE,C2,0.13,5,0.3125,0.003062896006952811,0.4853351268197654,1.0
PDE,C2,0.13,6,0.375,0.0031557579005990983,0.4853351268197654,1.0
PDE,C2,0.13,7,0.4375,0.003249485549195346,0.4853351268197654,1.0
PDE,C2,0.13,8,0.5,0.003344079070102301,0.4853351268197654,1.0
PDE,C2,0.13,9,0.5625,0.003439538581542116,0.4853351268197654,1.0
PDE,C2,0.13,10,0.625,0.003535864202525362,0.4853351268197654,1.0
PDE,C2,0.13,11,0.6875,0.0036330560527932307,0.4853351268197654,1.0
PDE,C2,0.13,12,0.75,0.003731114252764236,0.4853351268197654,1.0
PDE,C2,0.13,13,0.8125,0.003830038923492512,0.4853351268197654,1.0
PDE,C2,0.13,14,0.875,0.0039298301866304,0.4853351268197654,1.0
PDE,C2,0.13,15,0.9375,0.004030488164396452,0.4853351268197654,1.0
PDE,C2,0.13,16,1.0,0.004132012979547628,0.4853351268197654,1.0
PDE,C2,0.14,0,0.0,0.00281245873673848,0.4853351268197654,1.0
PDE,C2,0.14,1,0.0625,0.0029078039519412863,0.4853351268197654,1.0
PDE,C2,0.14,2,0.125,0.0030040809042274214,0.4853351268197654,1.0
PDE,C2,0.14,3,0.1875,0.0031012897136905478,0.4853351268197654,1.0
PDE,C2,0.14,4,0.25,0.0031994305019740674,0.4853351268197654,1.0
PDE,C2,0.14,5,0.3125,0.003298503392103051,0.4853351268197654,1.0
PDE,C2,0.14,6,0.375,0.003398508508337255,0.4853351268197654,1.0
PDE,C2,0.14,7,0.4375,0.0034994459760564296,0.4853351268197654,1.0
PDE,C2,0.14,8,0.5,0.0036013159216486635,0.4853351268197654,1.0
PDE,C2,0.14,9,0.5625,0.003704118472429979,0.4853351268197654,1.0
PDE,C2,0.14,10,0.625,0.003807853756565634,0.4853351268197654,1.0
PDE,C2,0.14,11,0.6875,0.003912521903008054,0.4853351268197654,1.0
PDE,C2,0.14,12,0.75,0.004018123041438418,0.4853351268197654,1.0
PDE,C2,0.14,13,0.8125,0.004124657302222763,0.4853351268197654,1.0
PDE,C2,0.14,14,0.875,0.004232124816371201,0.4853351268197654,1.0
PDE,C2,0.14,15,0.9375,0.004340525715503811,0.4853351268197654,1.0
PDE,C2,0.14,16,1.0,0.004449860131820509,0.4853351268197654,1.0
PDE,C2,0.15,0,0.0,0.00301334864650553,0.4853351268197654,1.0
PDE,C2,0.15,1,0.0625,0.003115504234222849,0.4853351268197654,1.0
PDE,C2,0.15,2,0.125,0.003218658111672258,0.4853351268197654,1.0
PDE,C2,0.15,3,0.1875,0.0033228104075255617,0.4853351268197654,1.0
PDE,C2,0.15,4,0.25,0.003427961252115181,0.4853351268197654,1.0
PDE,C2,0.15,5,0.3125,0.003534110777253254,0.4853351268197654,1.0
PDE,C2,0.15,6,0.375,0.003641259116075799,0.4853351268197654,1.0
PDE,C2,0.15,7,0.4375,0.003749406402917607,0.4853351268197654,1.0
PDE,C2,0.15,8,0.5,0.003858552773194963,0.4853351268197654,1.0
PDE,C2,0.15,9,0.5625,0.003968698363317735,0.4853351268197654,1.0
PDE,C2,0.15,10,0.625,0.004079843310606137,0.4853351268197654,1.0
PDE,C2,0.15,11,0.6875,0.004191987753222964,0.4853351268197654,1.0
PDE,C2,0.15,12,0.75,0.004305131830112601,0.4853351268197654,1.0
PDE,C2,0.15,13,0.8125,0.004419275680952918,0.4853351268197654,1.0
PDE,C2,0.15,14,0.875,0.004534419446111964,0.4853351268197654,1.0
PDE,C2,0.15,15,0.9375,0.004650563266611364,0.4853351268197654,1.0
PDE,C2,0.15,16,1.0,0.004767707284093541,0.4853351268197654,1.0
PDE,C2,0.16,0,0.0,0.0032142385562726307,0.4853351268197654,1.0
PDE,C2,0.16,1,0.0625,0.003323204516504456,0.4853351268197654,1.0
PDE,C2,0.16,2,0.125,0.003433235319117132,0.4853351268197654,1.0
PDE,C2,0.16,3,0.1875,0.003544331101360576,0.4853351268197654,1.0
PDE,C2,0.16,4,0.25,0.0036564920022561995,0.4853351268197654,1.0
PDE,C2,0.16,5,0.3125,0.003769718162403469,0.4853351268197654,1.0
PDE,C2,0.16,6,0.375,0.0038840097238141127,0.4853351268197654,1.0
PDE,C2,0.16,7,0.4375,0.003999366829778848,0.4853351268197654,1.0
PDE,C2,0.16,8,0.5,0.0041157896247413246,0.4853351268197654,1.0
PDE,C2,0.16,9,0.5625,0.004233278254205536,0.4853351268197654,1.0
PDE,C2,0.16,10,0.625,0.004351832864646541,0.4853351268197654,1.0
PDE,C2,0.16,11,0.6875,0.004471453603437787,0.4853351268197654,1.0
PDE,C2,0.16,12,0.75,0.004592140618786589,0.4853351268197654,1.0
PDE,C2,0.16,13,0.8125,0.004713894059683117,0.4853351268197654,1.0
PDE,C2,0.16,14,0.875,0.004836714075852702,0.4853351268197654,1.0
PDE,C2,0.16,15,0.9375,0.004960600817718698,0.4853351268197654,1.0
PDE,C2,0.16,16,1.0,0.005085554436366291,0.4853351268197654,1.0
PDE,C2,0.17,0,0.0,0.0034151284660397067,0.4853351268197654,1.0
PDE,C2,0.17,1,0.0625,0.0035309047987857993,0.4853351268197654,1.0
PDE,C2,0.17,2,0.125,0.003647812526561837,0.4853351268197654,1.0
PDE,C2,0.17,3,0.1875,0.00376585179519559,0.4853351268197654,1.0
PDE,C2,0.17,4,0.25,0.0038850227523971313,0.4853351268197654,1.0
PDE,C2,0.17,5,0.3125,0.004005325547553603,0.4853351268197654,1.0
PDE,C2,0.17,6,0.375,0.00412676033155257,0.4853351268197654,1.0
PDE,C2,0.17,7,0.4375,0.004249327256639895,0.4853351268197654,1.0
PDE,C2,0.17,8,0.5,0.004373026476287624,0.4853351268197654,1.0
PDE,C2,0.17,9,0.5625,0.004497858145093425,0.4853351268197654,1.0
PDE,C2,0.17,10,0.625,0.0046238224186869814,0.4853351268197654,1.0
PDE,C2,0.17,11,0.6875,0.004750919453652723,0.4853351268197654,1.0
PDE,C2,0.17,12,0.75,0.004879149407460904,0.4853351268197654,1.0
PDE,C2,0.17,13,0.8125,0.00500851243841321,0.4853351268197654,1.0
PDE,C2,0.17,14,0.875,0.005139008705593503,0.4853351268197654,1.0
PDE,C2,0.17,15,0.9375,0.00527063836882612,0.4853351268197654,1.0
PDE,C2,0.17,16,1.0,0.005403401588639261,0.4853351268197654,1.0
PDE,C2,0.18,0,0.0,0.003912583256343288,0.4853351268197654,1.0
PDE,C2,0.18,1,0.0625,0.004045240165640245,0.4853351268197654,1.0
PDE,C2,0.18,2,0.125,0.004179195301283402,0.4853351268197654,1.0
PDE,C2,0.18,3,0.1875,0.004314448875892208,0.4853351268197654,1.0
PDE,C2,0.18,4,0.25,0.00445100110446665,0.4853351268197654,1.0
PDE,C2,0.18,5,0.3125,0.004588852204147704,0.4853351268197654,1.0
PDE,C2,0.18,6,0.375,0.004728002394006868,0.4853351268197654,1.0
PDE,C2,0.18,7,0.4375,0.004868451894879735,0.4853351268197654,1.0
PDE,C2,0.18,8,0.5,0.005010200929207323,0.4853351268197654,1.0
PDE,C2,0.18,9,0.5625,0.005153249720917555,0.4853351268197654,1.0
PDE,C2,0.18,10,0.625,0.005297598495311161,0.4853351268197654,1.0
PDE,C2,0.18,11,0.6875,0.005443247478970026,0.4853351268197654,1.0
PDE,C2,0.18,12,0.75,0.005590196899671987,0.4853351268197654,1.0
PDE,C2,0.18,13,0.8125,0.0057384469863256,0.4853351268197654,1.0
PDE,C2,0.18,14,0.875,0.005887997968907243,0.4853351268197654,1.0
PDE,C2,0.18,15,0.9375,0.006038850078410517,0.4853351268197654,1.0
PDE,C2,0.18,16,1.0,0.006191003546798878,0.4853351268197654,1.0
PDE,C2,0.19,0,0.0,0.004551814000694987,0.4853351268197654,1.0
PDE,C2,0.19,1,0.0625,0.0047061656559974525,0.4853351268197654,1.0
PDE,C2,0.19,2,0.125,0.004862030308440903,0.4853351268197654,1.0
PDE,C2,0.19,3,0.1875,0.005019408265262398,0.4853351268197654,1.0
PDE,C2,0.19,4,0.25,0.005178299836765423,0.4853351268197654,1.0
PDE,C2,0.19,5,0.3125,0.005338705336032393,0.4853351268197654,1.0
PDE,C2,0.19,6,0.375,0.005500625078672704,0.4853351268197654,1.0
PDE,C2,0.19,7,0.4375,0.005664059382620408,0.4853351268197654,1.0
PDE,C2,0.19,8,0.5,0.0058290085679435985,0.4853351268197654,1.0
PDE,C2,0.19,9,0.5625,0.005995472956698375,0.4853351268197654,1.0
PDE,C2,0.19,10,0.625,0.006163452872790817,0.4853351268197654,1.0
PDE,C2,0.19,11,0.6875,0.006332948641862505,0.4853351268197654,1.0
PDE,C2,0.19,12,0.75,0.006503960591187369,0.4853351268197654,1.0
PDE,C2,0.19,13,0.8125,0.0066764890495872005,0.4853351268197654,1.0
PDE,C2,0.19,14,0.875,0.006850534347353893,0.4853351268197654,1.0
PDE,C2,0.19,15,0.9375,0.007026096816184698,0.4853351268197654,1.0
PDE,C2,0.19,16,1.0,0.007203176789120426,0.4853351268197654,1.0
PDE,C2,0.2,0,0.0,0.005191044787101486,0.4853351268197654,1.0
PDE,C2,0.2,1,0.0625,0.005367091192006301,0.4853351268197654,1.0
PDE,C2,0.2,2,0.125,0.005544865365027991,0.4853351268197654,1.0
PDE,C2,0.2,3,0.1875,0.005724367708018671,0.4853351268197654,1.0
PDE,C2,0.2,4,0.25,0.005905598626583771,0.4853351268197654,1.0
PDE,C2,0.2,5,0.3125,0.006088558529746141,0.4853351268197654,1.0
PDE,C2,0.2,6,0.375,0.006273247829653687,0.4853351268197654,1.0
PDE,C2,0.2,7,0.4375,0.006459666941338888,0.4853351268197654,1.0
PDE,C2,0.2,8,0.5,0.006647816282498518,0.4853351268197654,1.0
PDE,C2,0.2,9,0.5625,0.006837696273319164,0.4853351268197654,1.0
PDE,C2,0.2,10,0.625,0.007029307336313777,0.4853351268197654,1.0
PDE,C2,0.2,11,0.6875,0.007222649896187515,0.4853351268197654,1.0
PDE,C2,0.2,12,0.75,0.007417724379712603,0.4853351268197654,1.0
PDE,C2,0.2,13,0.8125,0.007614531215628583,0.4853351268197654,1.0
PDE,C2,0.2,14,0.875,0.007813070834547065,0.4853351268197654,1.0
PDE,C2,0.2,15,0.9375,0.008013343668873024,0.4853351268197654,1.0
PDE,C2,0.2,16,1.0,0.008215350152729959,0.4853351268197654,1.0
PDE,C2,0.21,0,0.0,0.005830275601730042,0.4853351268197654,1.0
PDE,C2,0.21,1,0.0625,0.006028016758650844,0.4853351268197654,1.0
PDE,C2,0.21,2,0.125,0.006227700454785852,0.4853351268197654,1.0
PDE,C2,0.21,3,0.1875,0.006429327186600191,0.4853351268197654,1.0
PDE,C2,0.21,4,0.25,0.006632897455000515,0.4853351268197654,1.0
PDE,C2,0.21,5,0.3125,0.006838411764949961,0.4853351268197654,1.0
PDE,C2,0.21,6,0.375,0.007045870625134061,0.4853351268197654,1.0
PDE,C2,0.21,7,0.4375,0.00725527454768517,0.4853351268197654,1.0
PDE,C2,0.21,8,0.5,0.007466624047928985,0.4853351268197654,1.0
PDE,C2,0.21,9,0.5625,0.007679919644183777,0.4853351268197654,1.0
PDE,C2,0.21,10,0.625,0.007895161857571513,0.4853351268197654,1.0
PDE,C2,0.21,11,0.6875,0.008112351211861978,0.4853351268197654,1.0
PDE,C2,0.21,12,0.75,0.008331488233328774,0.4853351268197654,1.0
PDE,C2,0.21,13,0.8125,0.008552573450631516,0.4853351268197654,1.0
PDE,C2,0.21,14,0.875,0.00877560739470391,0.4853351268197654,1.0
PDE,C2,0.21,15,0.9375,0.009000590598661979,0.4853351268197654,1.0
PDE,C2,0.21,16,1.0,0.009227523597715096,0.4853351268197654,1.0
PDE,C2,0.22,0,0.0,0.0064695064362149945,0.4853351268197654,1.0
PDE,C2,0.22,1,0.0625,0.00668894234684982,0.4853351268197654,1.0
PDE,C2,0.22,2,0.125,0.006910535567881229,0.4853351268197654,1.0
PDE,C2,0.22,3,0.1875,0.0071342866903867696,0.4853351268197654,1.0
PDE,C2,0.22,4,0.25,0.00736019631057324,0.4853351268197654,1.0
PDE,C2,0.22,5,0.3125,0.007588265029343753,0.4853351268197654,1.0
PDE,C2,0.22,6,0.375,0.007818493451921687,0.4853351268197654,1.0
PDE,C2,0.22,7,0.4375,0.008050882187539065,0.4853351268197654,1.0
PDE,C2,0.22,8,0.5,0.008285431849151613,0.4853351268197654,1.0
PDE,C2,0.22,9,0.5625,0.008522143053209672,0.4853351268197654,1.0
PDE,C2,0.22,10,0.625,0.008761016419445853,0.4853351268197654,1.0
PDE,C2,0.22,11,0.6875,0.009002052570695866,0.4853351268197654,1.0
PDE,C2,0.22,12,0.75,0.009245252132736139,0.4853351268197654,1.0
PDE,C2,0.22,13,0.8125,0.00949061573414745,0.4853351268197654,1.0
PDE,C2,0.22,14,0.875,0.00973814400618868,0.4853351268197654,1.0
PDE,C2,0.22,15,0.9375,0.009987837582688555,0.4853351268197654,1.0
PDE,C2,0.22,16,1.0,0.010239697099944262,0.4853351268197654,1.0
PDE,C2,0.23,0,0.0,0.007108737285199872,0.4853351268197654,1.0
PDE,C2,0.23,1,0.0625,0.007349867950788395,0.4853351268197654,1.0
PDE,C2,0.23,2,0.125,0.007593370698018389,0.4853351268197654,1.0
PDE,C2,0.23,3,0.1875,0.007839246212578808,0.4853351268197654,1.0
PDE,C2,0.23,4,0.25,0.008087495185975865,0.4853351268197654,1.0
PDE,C2,0.23,5,0.3125,0.00833811831505243,0.4853351268197654,1.0
PDE,C2,0.23,6,0.375,0.008591116301569756,0.4853351268197654,1.0
PDE,C2,0.23,7,0.4375,0.008846489851860045,0.4853351268197654,1.0
PDE,C2,0.23,8,0.5,0.009104239676509203,0.4853351268197654,1.0
PDE,C2,0.23,9,0.5625,0.009364366490100468,0.4853351268197654,1.0
PDE,C2,0.23,10,0.625,0.009626871010977563,0.4853351268197654,1.0
PDE,C2,0.23,11,0.6875,0.009891753961043347,0.4853351268197654,1.0
PDE,C2,0.23,12,0.75,0.010159016065578274,0.4853351268197654,1.0
PDE,C2,0.23,13,0.8125,0.01042865805308568,0.4853351268197654,1.0
PDE,C2,0.23,14,0.875,0.010700680655150448,0.4853351268197654,1.0
PDE,C2,0.23,15,0.9375,0.010975084606315919,0.4853351268197654,1.0
PDE,C2,0.23,16,1.0,0.011251870643969188,0.4853351268197654,1.0
PDE,C2,0.24,0,0.0,0.007747968145095876,0.4853351268197654,1.0
PDE,C2,0.24,1,0.0625,0.0080107935665709,0.4853351268197654,1.0
PDE,C2,0.24,2,0.125,0.008276205840979194,0.4853351268197654,1.0
PDE,C2,0.24,3,0.1875,0.008544205748620345,0.4853351268197654,1.0
PDE,C2,0.24,4,0.25,0.008814794076299894,0.4853351268197654,1.0
PDE,C2,0.24,5,0.3125,0.009087971616799933,0.4853351268197654,1.0
PDE,C2,0.24,6,0.375,0.00936373916841979,0.4853351268197654,1.0
PDE,C2,0.24,7,0.4375,0.00964209753459164,0.4853351268197654,1.0
PDE,C2,0.24,8,0.5,0.009923047523532258,0.4853351268197654,1.0
PDE,C2,0.24,9,0.5625,0.010206589947958216,0.4853351268197654,1.0
PDE,C2,0.24,10,0.625,0.010492725624824813,0.4853351268197654,1.0
PDE,C2,0.24,11,0.6875,0.010781455375103086,0.4853351268197654,1.0
PDE,C2,0.24,12,0.75,0.011072780023577672,0.4853351268197654,1.0
PDE,C2,0.24,13,0.8125,0.01136670039867632,0.4853351268197654,1.0
PDE,C2,0.24,14,0.875,0.011663217332310455,0.4853351268197654,1.0
PDE,C2,0.24,15,0.9375,0.011962331659739625,0.4853351268197654,1.0
PDE,C2,0.24,16,1.0,0.01226404421944146,0.4853351268197654,1.0
PDE,C2,0.25,0,0.0,0.00838719901340809,0.4853351268197654,1.0
PDE,C2,0.25,1,0.0625,0.008671719191489343,0.4853351268197654,1.0
PDE,C2,0.25,2,0.125,0.008959040993831711,0.4853351268197654,1.0
PDE,C2,0.25,3,0.1875,0.009249165295344886,0.4853351268197654,1.0
PDE,C2,0.25,4,0.25,0.009542092978133503,0.4853351268197654,1.0
PDE,C2,0.25,5,0.3125,0.009837824930918634,0.4853351268197654,1.0
PDE,C2,0.25,6,0.375,0.010136362048538072,0.4853351268197654,1.0
PDE,C2,0.25,7,0.4375,0.010437705231523852,0.4853351268197654,1.0
PDE,C2,0.25,8,0.5,0.01074185538572359,0.4853351268197654,1.0
PDE,C2,0.25,9,0.5625,0.011048813421988064,0.4853351268197654,1.0
PDE,C2,0.25,10,0.625,0.011358580255884326,0.4853351268197654,1.0
PDE,C2,0.25,11,0.6875,0.011671156807451993,0.4853351268197654,1.0
PDE,C2,0.25,12,0.75,0.011986544000981099,0.4853351268197654,1.0
PDE,C2,0.25,13,0.8125,0.012304742764823951,0.4853351268197654,1.0
PDE,C2,0.25,14,0.875,0.012625754031219924,0.4853351268197654,1.0
PDE,C2,0.25,15,0.9375,0.012949578736144768,0.4853351268197654,1.0
PDE,C2,0.25,16,1.0,0.013276217819168499,0.4853351268197654,1.0
PDE,C2,0.26,0,0.0,0.009026429888348564,0.4853351268197654,1.0
PDE,C2,0.26,1,0.0625,0.009332644823602517,0.4853351268197654,1.0
PDE,C2,0.26,2,0.125,0.009641876154474021,0.4853351268197654,1.0
PDE,C2,0.26,3,0.1875,0.009954124850482382,0.4853351268197654,1.0
PDE,C2,0.26,4,0.25,0.010269391889030916,0.4853351268197654,1.0
PDE,C2,0.26,5,0.3125,0.010587678254780058,0.4853351268197654,1.0
PDE,C2,0.26,6,0.375,0.010908984939105386,0.4853351268197654,1.0
PDE,C2,0.26,7,0.4375,0.011233312939639093,0.4853351268197654,1.0
PDE,C2,0.26,8,0.5,0.011560663259860316,0.4853351268197654,1.0
PDE,C2,0.26,9,0.5625,0.011891036908753634,0.4853351268197654,1.0
PDE,C2,0.26,10,0.625,0.01222443490049849,0.4853351268197654,1.0
PDE,C2,0.26,11,0.6875,0.012560858254203814,0.4853351268197654,1.0
PDE,C2,0.26,12,0.75,0.012900307993665094,0.4853351268197654,1.0
PDE,C2,0.26,13,0.8125,0.01324278514716018,0.4853351268197654,1.0
PDE,C2,0.26,14,0.875,0.013588290747256395,0.4853351268197654,1.0
PDE,C2,0.26,15,0.9375,0.013936825830647632,0.4853351268197654,1.0
PDE,C2,0.26,16,1.0,0.014288391437995889,0.4853351268197654,1.0
PDE,C2,0.27,0,0.0,0.009665660768602152,0.4853351268197654,1.0
PDE,C2,0.27,1,0.0625,0.009993570461483109,0.4853351268197654,1.0
PDE,C2,0.27,2,0.125,0.010324711321360591,0.4853351268197654,1.0
PDE,C2,0.27,3,0.1875,0.01065908441236383,0.4853351268197654,1.0
PDE,C2,0.27,4,0.25,0.01099669080719412,0.4853351268197654,1.0
PDE,C2,0.27,5,0.3125,0.011337531586451257,0.4853351268197654,1.0
PDE,C2,0.27,6,0.375,0.011681607838048547,0.4853351268197654,1.0
PDE,C2,0.27,7,0.4375,0.012028920656718785,0.4853351268197654,1.0
PDE,C2,0.27,8,0.5,0.012379471143572069,0.4853351268197654,1.0
PDE,C2,0.27,9,0.5625,0.012733260405727809,0.4853351268197654,1.0
PDE,C2,0.27,10,0.625,0.013090289555977894,0.4853351268197654,1.0
PDE,C2,0.27,11,0.6875,0.01345055971250041,0.4853351268197654,1.0
PDE,C2,0.27,12,0.75,0.013814071998597473,0.4853351268197654,1.0
PDE,C2,0.27,13,0.8125,0.014180827542472275,0.4853351268197654,1.0
PDE,C2,0.27,14,0.875,0.014550827477021562,0.4853351268197654,1.0
PDE,C2,0.27,15,0.9375,0.014924072939656228,0.4853351268197654,1.0
PDE,C2,0.27,16,1.0,0.01530056507213262,0.4853351268197654,1.0
PDE,C2,0.28,0,0.0,0.010304891653180085,0.4853351268197654,1.0
PDE,C2,0.28,1,0.0625,0.010654496104057769,0.4853351268197654,1.0
PDE,C2,0.28,2,0.125,0.011007546493329549,0.4853351268197654,1.0
PDE,C2,0.28,3,0.1875,0.011364043979734086,0.4853351268197654,1.0
PDE,C2,0.28,4,0.25,0.011723989731270864,0.4853351268197654,1.0
PDE,C2,0.28,5,0.3125,0.01208738492447851,0.4853351268197654,1.0
PDE,C2,0.28,6,0.375,0.012454230743808508,0.4853351268197654,1.0
PDE,C2,0.28,7,0.4375,0.01282452838109409,0.4853351268197654,1.0
PDE,C2,0.28,8,0.5,0.013198279035076917,0.4853351268197654,1.0
PDE,C2,0.28,9,0.5625,0.013575483911010391,0.4853351268197654,1.0
PDE,C2,0.28,10,0.625,0.013956144220299912,0.4853351268197654,1.0
PDE,C2,0.28,11,0.6875,0.014340261180193,0.4853351268197654,1.0
PDE,C2,0.28,12,0.75,0.014727836013498316,0.4853351268197654,1.0
PDE,C2,0.28,13,0.8125,0.015118869948345166,0.4853351268197654,1.0
PDE,C2,0.28,14,0.875,0.015513364217959461,0.4853351268197654,1.0
PDE,C2,0.28,15,0.9375,0.01591132006047096,0.4853351268197654,1.0
PDE,C2,0.28,16,1.0,0.016312738718729368,0.4853351268197654,1.0
PDE,C2,0.29,0,0.0,0.010944122541324732,0.4853351268197654,1.0
PDE,C2,0.29,1,0.0625,0.011315421750503872,0.4853351268197654,1.0
PDE,C2,0.29,2,0.125,0.011690381669490355,0.4853351268197654,1.0
PDE,C2,0.29,3,0.1875,0.012069003551631177,0.4853351268197654,1.0
PDE,C2,0.29,4,0.25,0.012451288660224671,0.4853351268197654,1.0
PDE,C2,0.29,5,0.3125,0.012837238267748243,0.4853351268197654,1.0
PDE,C2,0.29,6,0.375,0.013226853655190982,0.4853351268197654,1.0
PDE,C2,0.29,7,0.4375,0.013620136111486771,0.4853351268197654,1.0
PDE,C2,0.29,8,0.5,0.014017086933008897,0.4853351268197654,1.0
PDE,C2,0.29,9,0.5625,0.014417707423145541,0.4853351268197654,1.0
PDE,C2,0.29,10,0.625,0.014821998891915027,0.4853351268197654,1.0
PDE,C2,0.29,11,0.6875,0.015229962655635056,0.4853351268197654,1.0
PDE,C2,0.29,12,0.75,0.01564160003662078,0.4853351268197654,1.0
PDE,C2,0.29,13,0.8125,0.01605691236292799,0.4853351268197654,1.0
PDE,C2,0.29,14,0.875,0.016475900968112415,0.4853351268197654,1.0
PDE,C2,0.29,15,0.9375,0.01689856719102233,0.4853351268197654,1.0
PDE,C2,0.29,16,1.0,0.01732491237560188,0.4853351268197654,1.0
PDE,C2,0.3,0,0.0,0.011583353432445629,0.4853351268197654,1.0
PDE,C2,0.3,1,0.0625,0.011976347400180767,0.4853351268197654,1.0
PDE,C2,0.3,2,0.125,0.012373216849148707,0.4853351268197654,1.0
PDE,C2,0.3,3,0.1875,0.012773963127305853,0.4853351268197654,1.0
PDE,C2,0.3,4,0.25,0.01317858759324837,0.4853351268197654,1.0
PDE,C2,0.3,5,0.3125,0.01358709161539215,0.4853351268197654,1.0
PDE,C2,0.3,6,0.375,0.013999476571264869,0.4853351268197654,1.0
PDE,C2,0.3,7,0.4375,0.01441574384690047,0.4853351268197654,1.0
PDE,C2,0.3,8,0.5,0.014835894836303975,0.4853351268197654,1.0
PDE,C2,0.3,9,0.5625,0.01525993094099868,0.4853351268197654,1.0
PDE,C2,0.3,10,0.625,0.015687853569615866,0.4853351268197654,1.0
PDE,C2,0.3,11,0.6875,0.01611966413754318,0.4853351268197654,1.0
PDE,C2,0.3,12,0.75,0.01655536406660319,0.4853351268197654,1.0
PDE,C2,0.3,13,0.8125,0.016994954784778207,0.4853351268197654,1.0
PDE,C2,0.3,14,0.875,0.017438437725954267,0.4853351268197654,1.0
PDE,C2,0.3,15,0.9375,0.01788581432969819,0.4853351268197654,1.0
PDE,C2,0.3,16,1.0,0.01833708604104883,0.4853351268197654,1.0
PDE,C2,0.31,0,0.0,0.01222258432607559,0.4853351268197654,1.0
PDE,C2,0.31,1,0.0625,0.01263727305258104,0.4853351268197654,1.0
PDE,C2,0.31,2,0.125,0.013056052031756022,0.4853351268197654,1.0
PDE,C2,0.31,3,0.1875,0.013478922706165367,0.4853351268197654,1.0
PDE,C2,0.31,4,0.25,0.013905886529703112,0.4853351268197654,1.0
PDE,C2,0.31,5,0.3125,0.014336944966724169,0.4853351268197654,1.0
PDE,C2,0.31,6,0.375,0.014772099491294002,0.4853351268197654,1.0
PDE,C2,0.31,7,0.4375,0.015211351586547463,0.4853351268197654,1.0
PDE,C2,0.31,8,0.5,0.015654702744120844,0.4853351268197654,1.0
PDE,C2,0.31,9,0.5625,0.016102154463672337,0.4853351268197654,1.0
PDE,C2,0.31,10,0.625,0.01655370825244708,0.4853351268197654,1.0
PDE,C2,0.31,11,0.6875,0.017009365624902822,0.4853351268197654,1.0
PDE,C2,0.31,12,0.75,0.017469128102369436,0.4853351268197654,1.0
PDE,C2,0.31,13,0.8125,0.01793299721275589,0.4853351268197654,1.0
PDE,C2,0.31,14,0.875,0.01840097449027838,0.4853351268197654,1.0
PDE,C2,0.31,15,0.9375,0.01887306147522338,0.4853351268197654,1.0
PDE,C2,0.31,16,1.0,0.019349259713724577,0.4853351268197654,1.0
PDE,C2,0.32,0,0.0,0.012974717854692812,0.4853351268197654,1.0
PDE,C2,0.32,1,0.0625,0.013414953781043154,0.4853351268197654,1.0
PDE,C2,0.32,2,0.125,0.013859535182565337,0.4853351268197654,1.0
PDE,C2,0.32,3,0.1875,0.014308463666986486,0.4853351268197654,1.0
PDE,C2,0.32,4,0.25,0.014761740854303623,0.4853351268197654,1.0
PDE,C2,0.32,5,0.3125,0.015219368375848885,0.4853351268197654,1.0
PDE,C2,0.32,6,0.375,0.015681347873480377,0.4853351268197654,1.0
PDE,C2,0.32,7,0.4375,0.01614768099889001,0.4853351268197654,1.0
PDE,C2,0.32,8,0.5,0.016618369412990105,0.4853351268197654,1.0
PDE,C2,0.32,9,0.5625,0.01709341478539283,0.4853351268197654,1.0
PDE,C2,0.32,10,0.625,0.017572818793939345,0.4853351268197654,1.0
PDE,C2,0.32,11,0.6875,0.018056583124293354,0.4853351268197654,1.0
PDE,C2,0.32,12,0.75,0.018544709469569855,0.4853351268197654,1.0
PDE,C2,0.32,13,0.8125,0.019037199530017455,0.4853351268197654,1.0
PDE,C2,0.32,14,0.875,0.01953405501271985,0.4853351268197654,1.0
PDE,C2,0.32,15,0.9375,0.020035277631337226,0.4853351268197654,1.0
PDE,C2,0.32,16,1.0,0.020540869105862305,0.4853351268197654,1.0
PDE,C2,0.33,0,0.0,0.01408662894080393,0.4853351268197654,1.0
PDE,C2,0.33,1,0.0625,0.014564688332522183,0.4853351268197654,1.0
PDE,C2,0.33,2,0.125,0.015047477324912508,0.4853351268197654,1.0
PDE,C2,0.33,3,0.1875,0.015534997915673336,0.4853351268197654,1.0
PDE,C2,0.33,4,0.25,0.016027252116520542,0.4853351268197654,1.0
PDE,C2,0.33,5,0.3125,0.01652424195212567,0.4853351268197654,1.0
PDE,C2,0.33,6,0.375,0.01702596945919524,0.4853351268197654,1.0
PDE,C2,0.33,7,0.4375,0.017532436685678544,0.4853351268197654,1.0
PDE,C2,0.33,8,0.5,0.01804364569006373,0.4853351268197654,1.0
PDE,C2,0.33,9,0.5625,0.018559598540778145,0.4853351268197654,1.0
PDE,C2,0.33,10,0.625,0.019080297315642925,0.4853351268197654,1.0
PDE,C2,0.33,11,0.6875,0.019605744101399907,0.4853351268197654,1.0
PDE,C2,0.33,12,0.75,0.020135940993280466,0.4853351268197654,1.0
PDE,C2,0.33,13,0.8125,0.020670890094629767,0.4853351268197654,1.0
PDE,C2,0.33,14,0.875,0.0212105935165577,0.4853351268197654,1.0
PDE,C2,0.33,15,0.9375,0.021755053377632137,0.4853351268197654,1.0
PDE,C2,0.33,16,1.0,0.02230427180358973,0.4853351268197654,1.0
PDE,C2,0.34,0,0.0,0.0151985401204386,0.4853351268197654,1.0
PDE,C2,0.34,1,0.0625,0.015714422991718924,0.4853351268197654,1.0
PDE,C2,0.34,2,0.125,0.016235419590460973,0.4853351268197654,1.0
PDE,C2,0.34,3,0.1875,0.016761532304310708,0.4853351268197654,1.0
PDE,C2,0.34,4,0.25,0.017292763536685116,0.4853351268197654,1.0
PDE,C2,0.34,5,0.3125,0.01782911570558208,0.4853351268197654,1.0
PDE,C2,0.34,6,0.375,0.0183705912425467,0.4853351268197654,1.0
PDE,C2,0.34,7,0.4375,0.01891719259178021,0.4853351268197654,1.0
PDE,C2,0.34,8,0.5,0.019468922209344708,0.4853351268197654,1.0
PDE,C2,0.34,9,0.5625,0.02002578256248333,0.4853351268197654,1.0
PDE,C2,0.34,10,0.625,0.020587776129000968,0.4853351268197654,1.0
PDE,C2,0.34,11,0.6875,0.021154905396724735,0.4853351268197654,1.0
PDE,C2,0.34,12,0.75,0.02172717286301101,0.4853351268197654,1.0
PDE,C2,0.34,13,0.8125,0.022304581034313722,0.4853351268197654,1.0
PDE,C2,0.34,14,0.875,0.02288713242578254,0.4853351268197654,1.0
PDE,C2,0.34,15,0.9375,0.02347482956090921,0.4853351268197654,1.0
PDE,C2,0.34,16,1.0,0.024067674971192388,0.4853351268197654,1.0
PDE,C2,0.35000000000000003,0,0.0,0.016310451374469546,0.4853351268197654,1.0
PDE,C2,0.35000000000000003,1,0.0625,0.01686415773660211,0.4853351268197654,1.0
PDE,C2,0.35000000000000003,2,0.125,0.017423361954010435,0.4853351268197654,1.0
PDE,C2,0.35000000000000003,3,0.1875,0.017988066804270425,0.4853351268197654,1.0
PDE,C2,0.35000000000000003,4,0.25,0.018558275082485424,0.4853351268197654,1.0
PDE,C2,0.35000000000000003,5,0.3125,0.019133989599968843,0.4853351268197654,1.0
PDE,C2,0.35000000000000003,6,0.375,0.019715213183097064,0.4853351268197654,1.0
PDE,C2,0.35000000000000003,7,0.4375,0.020301948672318403,0.4853351268197654,1.0
PDE,C2,0.35000000000000003,8,0.5,0.02089419892126725,0.4853351268197654,1.0
PDE,C2,0.35000000000000003,9,0.5625,0.021491966796002994,0.4853351268197654,1.0
PDE,C2,0.35000000000000003,10,0.625,0.02209525517431791,0.4853351268197654,1.0
PDE,C2,0.35000000000000003,11,0.6875,0.022704066945129057,0.4853351268197654,1.0
PDE,C2,0.35000000000000003,12,0.75,0.023318405007925123,0.4853351268197654,1.0
PDE,C2,0.35000000000000003,13,0.8125,0.023938272272277843,0.4853351268197654,1.0
PDE,C2,0.35000000000000003,14,0.875,0.02456367165738781,0.4853351268197654,1.0
PDE,C2,0.35000000000000003,15,0.9375,0.02519460609168351,0.4853351268197654,1.0
PDE,C2,0.35000000000000003,16,1.0,0.025831078512439983,0.4853351268197654,1.0
PDE,C2,0.36,0,0.0,0.01742236268865264,0.4853351268197654,1.0
PDE,C2,0.36,1,0.0625,0.018013892550765003,0.4853351268197654,1.0
PDE,C2,0.36,2,0.125,0.01861130439679513,0.4853351268197654,1.0
PDE,C2,0.36,3,0.1875,0.019214601394234275,0.4853351268197654,1.0
PDE,C2,0.36,4,0.25,0.01982378672986033,0.4853351268197654,1.0
PDE,C2,0.36,5,0.3125,0.02043886360829374,0.4853351268197654,1.0
PDE,C2,0.36,6,0.375,0.021059835250735875,0.4853351268197654,1.0
PDE,C2,0.36,7,0.4375,0.021686704893878195,0.4853351268197654,1.0
PDE,C2,0.36,8,0.5,0.02231947578892617,0.4853351268197654,1.0
PDE,C2,0.36,9,0.5625,0.0229581512007557,0.4853351268197654,1.0
PDE,C2,0.36,10,0.625,0.02360273440714881,0.4853351268197654,1.0
PDE,C2,0.36,11,0.6875,0.024253228698116715,0.4853351268197654,1.0
PDE,C2,0.36,12,0.75,0.024909637375286144,0.4853351268197654,1.0
PDE,C2,0.36,13,0.8125,0.025571963751354083,0.4853351268197654,1.0
PDE,C2,0.36,14,0.875,0.026240211149581083,0.4853351268197654,1.0
PDE,C2,0.36,15,0.9375,0.026914382903341777,0.4853351268197654,1.0
PDE,C2,0.36,16,1.0,0.027594482355699664,0.4853351268197654,1.0
PDE,C2,0.37,0,0.0,0.018534274052161962,0.4853351268197654,1.0
PDE,C2,0.37,1,0.0625,0.019163627421737866,0.4853351268197654,1.0
PDE,C2,0.37,2,0.125,0.01979924690455278,0.4853351268197654,1.0
PDE,C2,0.37,3,0.1875,0.020441136058000478,0.4853351268197654,1.0
PDE,C2,0.37,4,0.25,0.021089298460524528,0.4853351268197654,1.0
PDE,C2,0.37,5,0.3125,0.021743737710043898,0.4853351268197654,1.0
PDE,C2,0.37,6,0.375,0.02240445742258098,0.4853351268197654,1.0
PDE,C2,0.37,7,0.4375,0.023071461231066934,0.4853351268197654,1.0
PDE,C2,0.37,8,0.5,0.023744752784276995,0.4853351268197654,1.0
PDE,C2,0.37,9,0.5625,0.024424335745904278,0.4853351268197654,1.0
PDE,C2,0.37,10,0.625,0.02511021379372169,0.4853351268197654,1.0
PDE,C2,0.37,11,0.6875,0.0258023906188386,0.4853351268197654,1.0
PDE,C2,0.37,12,0.75,0.026500869925024182,0.4853351268197654,1.0
PDE,C2,0.37,13,0.8125,0.027205655428106493,0.4853351268197654,1.0
PDE,C2,0.37,14,0.875,0.027916750855413314,0.4853351268197654,1.0
PDE,C2,0.37,15,0.9375,0.02863415994527411,0.4853351268197654,1.0
PDE,C2,0.37,16,1.0,0.029357886446549884,0.4853351268197654,1.0
PDE,C2,0.38,0,0.0,0.019646185456622462,0.4853351268197654,1.0
PDE,C2,0.38,1,0.0625,0.02031336233987473,0.4853351268197654,1.0
PDE,C2,0.38,2,0.125,0.02098718946625039,0.4853351268197654,1.0
PDE,C2,0.38,3,0.1875,0.021667670783036178,0.4853351268197654,1.0
PDE,C2,0.38,4,0.25,0.02235481026033246,0.4853351268197654,1.0
PDE,C2,0.38,5,0.3125,0.023048611889352033,0.4853351268197654,1.0
PDE,C2,0.38,6,0.375,0.023749079680932886,0.4853351268197654,1.0
PDE,C2,0.38,7,0.4375,0.02445621766424377,0.4853351268197654,1.0
PDE,C2,0.38,8,0.5,0.02517002988562823,0.4853351268197654,1.0
PDE,C2,0.38,9,0.5625,0.025890520407596797,0.4853351268197654,1.0
PDE,C2,0.38,10,0.625,0.026617693307915545,0.4853351268197654,1.0
PDE,C2,0.38,11,0.6875,0.027351552678793887,0.4853351268197654,1.0
PDE,C2,0.38,12,0.75,0.028092102626147822,0.4853351268197654,1.0
PDE,C2,0.38,13,0.8125,0.028839347268941475,0.4853351268197654,1.0
PDE,C2,0.38,14,0.875,0.029593290738575157,0.4853351268197654,1.0
PDE,C2,0.38,15,0.9375,0.030353937178340257,0.4853351268197654,1.0
PDE,C2,0.38,16,1.0,0.031121290742903665,0.4853351268197654,1.0
PDE,C2,0.39,0,0.0,0.020758096895453472,0.4853351268197654,1.0
PDE,C2,0.39,1,0.0625,0.021463097297595855,0.4853351268197654,1.0
PDE,C2,0.39,2,0.125,0.022175132073219136,0.4853351268197654,1.0
PDE,C2,0.39,3,0.1875,0.022894205559493917,0.4853351268197654,1.0
PDE,C2,0.39,4,0.25,0.02362032211817089,0.4853351268197654,1.0
PDE,C2,0.39,5,0.3125,0.02435348613375129,0.4853351268197654,1.0
PDE,C2,0.39,6,0.375,0.025093702011885235,0.4853351268197654,1.0
PDE,C2,0.39,7,0.4375,0.02584097417797707,0.4853351268197654,1.0
PDE,C2,0.39,8,0.5,0.026595307075937453,0.4853351268197654,1.0
PDE,C2,0.39,9,0.5625,0.027356705167094843,0.4853351268197654,1.0
PDE,C2,0.39,10,0.625,0.02812517292920904,0.4853351268197654,1.0
PDE,C2,0.39,11,0.6875,0.02890071485559265,0.4853351268197654,1.0
PDE,C2,0.39,12,0.75,0.029683335454311028,0.4853351268197654,1.0
PDE,C2,0.39,13,0.8125,0.03047303924746858,0.4853351268197654,1.0
PDE,C2,0.39,14,0.875,0.03126983077054373,0.4853351268197654,1.0
PDE,C2,0.39,15,0.9375,0.03207371457179493,0.4853351268197654,1.0
PDE,C2,0.39,16,1.0,0.03288469521170093,0.4853351268197654,1.0
PDE,C2,0.4,0,0.0,0.021870008363412297,0.4853351268197654,1.0
PDE,C2,0.4,1,0.0625,0.02261283228886338,0.4853351268197654,1.0
PDE,C2,0.4,2,0.125,0.02336307471855343,0.4853351268197654,1.0
PDE,C2,0.4,3,0.1875,0.024120740379529257,0.4853351268197654,1.0
PDE,C2,0.4,4,0.25,0.02488583402518668,0.4853351268197654,1.0
PDE,C2,0.4,5,0.3125,0.025658360433310844,0.4853351268197654,1.0
PDE,C2,0.4,6,0.375,0.026438324404360915,0.4853351268197654,1.0
PDE,C2,0.4,7,0.4375,0.027225730759975066,0.4853351268197654,1.0
PDE,C2,0.4,8,0.5,0.028020584341630152,0.4853351268197654,1.0
PDE,C2,0.4,9,0.5625,0.02882289000947237,0.4853351268197654,1.0
PDE,C2,0.4,10,0.625,0.02963265264125721,0.4853351268197654,1.0
PDE,C2,0.4,11,0.6875,0.030449877131401275,0.4853351268197654,1.0
PDE,C2,0.4,12,0.75,0.0312745683901229,0.4853351268197654,1.0
PDE,C2,0.4,13,0.8125,0.03210673134266964,0.4853351268197654,1.0
PDE,C2,0.4,14,0.875,0.03294637092860199,0.4853351268197654,1.0
PDE,C2,0.4,15,0.9375,0.033793492101151006,0.4853351268197654,1.0
PDE,C2,0.4,16,1.0,0.03464809982661254,0.4853351268197654,1.0
PDE,C2,0.41000000000000003,0,0.0,0.022981919856271696,0.4853351268197654,1.0
PDE,C2,0.41000000000000003,1,0.0625,0.02376256730880807,0.4853351268197654,1.0
PDE,C2,0.41000000000000003,2,0.125,0.02455101739668398,0.4853351268197654,1.0
PDE,C2,0.41000000000000003,3,0.1875,0.025347275236816135,0.4853351268197654,1.0
PDE,C2,0.41000000000000003,4,0.25,0.026151345974240483,0.4853351268197654,1.0
PDE,C2,0.41000000000000003,5,0.3125,0.026963234780022348,0.4853351268197654,1.0
PDE,C2,0.41000000000000003,6,0.375,0.02778294684942736,0.4853351268197654,1.0
PDE,C2,0.41000000000000003,7,0.4375,0.02861048740032548,0.4853351268197654,1.0
PDE,C2,0.41000000000000003,8,0.5,0.02944586167175969,0.4853351268197654,1.0
PDE,C2,0.41000000000000003,9,0.5625,0.030289074922693986,0.4853351268197654,1.0
PDE,C2,0.41000000000000003,10,0.625,0.03114013243087971,0.4853351268197654,1.0
PDE,C2,0.41000000000000003,11,0.6875,0.0319990394918398,0.4853351268197654,1.0
PDE,C2,0.41000000000000003,12,0.75,0.03286580141794726,0.4853351268197654,1.0
PDE,C2,0.41000000000000003,13,0.8125,0.03374042353759645,0.4853351268197654,1.0
PDE,C2,0.41000000000000003,14,0.875,0.03462291119443324,0.4853351268197654,1.0
PDE,C2,0.41000000000000003,15,0.9375,0.03551326974666492,0.4853351268197654,1.0
PDE,C2,0.41000000000000003,16,1.0,0.03641150456640974,0.4853351268197654,1.0
PDE,C2,0.42,0,0.0,0.02409383137058377,0.4853351268197654,1.0
PDE,C2,0.42,1,0.0625,0.024912302353459315,0.4853351268197654,1.0
PDE,C2,0.42,2,0.125,0.025738960103069523,0.4853351268197654,1.0
PDE,C2,0.42,3,0.1875,0.026573810126196494,0.4853351268197654,1.0
PDE,C2,0.42,4,0.25,0.027416857959511105,0.4853351268197654,1.0
PDE,C2,0.42,5,0.3125,0.028268109167355893,0.4853351268197654,1.0
PDE,C2,0.42,6,0.375,0.029127569339801204,0.4853351268197654,1.0
PDE,C2,0.42,7,0.4375,0.029995244090946827,0.4853351268197654,1.0
PDE,C2,0.42,8,0.5,0.030871139057401336,0.4853351268197654,1.0
PDE,C2,0.42,9,0.5625,0.0317552598969466,0.4853351268197654,1.0
PDE,C2,0.42,10,0.625,0.03264761228733083,0.4853351268197654,1.0
PDE,C2,0.42,11,0.6875,0.03354820192518428,0.4853351268197654,1.0
PDE,C2,0.42,12,0.75,0.03445703452503706,0.4853351268197654,1.0
PDE,C2,0.42,13,0.8125,0.03537411581843222,0.4853351268197654,1.0
PDE,C2,0.42,14,0.875,0.03629945155310426,0.4853351268197654,1.0
PDE,C2,0.42,15,0.9375,0.037233047492240705,0.4853351268197654,1.0
PDE,C2,0.42,16,1.0,0.03817490941378574,0.4853351268197654,1.0
PDE,C2,0.43,0,0.0,0.0252057429035097,0.4853351268197654,1.0
PDE,C2,0.43,1,0.0625,0.026062037419547598,0.4853351268197654,1.0
PDE,C2,0.43,2,0.125,0.026926902833971113,0.4853351268197654,1.0
PDE,C2,0.43,3,0.1875,0.02780034504342244,0.4853351268197654,1.0
PDE,C2,0.43,4,0.25,0.028682369976204738,0.4853351268197654,1.0
PDE,C2,0.43,5,0.3125,0.029572983589934602,0.4853351268197654,1.0
PDE,C2,0.43,6,0.375,0.030472191869484546,0.4853351268197654,1.0
PDE,C2,0.43,7,0.4375,0.03138000082518408,0.4853351268197654,1.0
PDE,C2,0.43,8,0.5,0.03229641649120565,0.4853351268197654,1.0
PDE,C2,0.43,9,0.5625,0.03322144492414977,0.4853351268197654,1.0
PDE,C2,0.43,10,0.625,0.03415509220176176,0.4853351268197654,1.0
PDE,C2,0.43,11,0.6875,0.035097364421780755,0.4853351268197654,1.0
PDE,C2,0.43,12,0.75,0.03604826770089539,0.4853351268197654,1.0
PDE,C2,0.43,13,0.8125,0.037007808173799776,0.4853351268197654,1.0
PDE,C2,0.43,14,0.875,0.037975991992319505,0.4853351268197654,1.0
PDE,C2,0.43,15,0.9375,0.03895282532462533,0.4853351268197654,1.0
PDE,C2,0.43,16,1.0,0.03993831435449105,0.4853351268197654,1.0
PDE,C2,0.44,0,0.0,0.026396165346660005,0.4853351268197654,1.0
PDE,C2,0.44,1,0.0625,0.0272929796755127,0.4853351268197654,1.0
PDE,C2,0.44,2,0.125,0.028198779265286047,0.4853351268197654,1.0
PDE,C2,0.44,3,0.1875,0.029113570493386278,0.4853351268197654,1.0
PDE,C2,0.44,4,0.25,0.03003735977088972,0.4853351268197654,1.0
PDE,C2,0.44,5,0.3125,0.030970153540055615,0.4853351268197654,1.0
PDE,C2,0.44,6,0.375,0.03191195827214368,0.4853351268197654,1.0
PDE,C2,0.44,7,0.4375,0.03286278046550776,0.4853351268197654,1.0
PDE,C2,0.44,8,0.5,0.03382262664388468,0.4853351268197654,1.0
PDE,C2,0.44,9,0.5625,0.03479150335489431,0.4853351268197654,1.0
PDE,C2,0.44,10,0.625,0.03576941716868165,0.4853351268197654,1.0
PDE,C2,0.44,11,0.6875,0.03675637467669682,0.4853351268197654,1.0
PDE,C2,0.44,12,0.75,0.037752382490591305,0.4853351268197654,1.0
PDE,C2,0.44,13,0.8125,0.03875744724121978,0.4853351268197654,1.0
PDE,C2,0.44,14,0.875,0.03977157557771808,0.4853351268197654,1.0
PDE,C2,0.44,15,0.9375,0.04079477416667268,0.4853351268197654,1.0
PDE,C2,0.44,16,1.0,0.04182704969134173,0.4853351268197654,1.0
PDE,C2,0.45,0,0.0,0.028015806347652647,0.4853351268197654,1.0
PDE,C2,0.45,1,0.0625,0.02896788103850987,0.4853351268197654,1.0
PDE,C2,0.45,2,0.125,0.02992952062641423,0.4853351268197654,1.0
PDE,C2,0.45,3,0.1875,0.03090073246649463,0.4853351268197654,1.0
PDE,C2,0.45,4,0.25,0.031881523950867845,0.4853351268197654,1.0
PDE,C2,0.45,5,0.3125,0.032871902505944496,0.4853351268197654,1.0
PDE,C2,0.45,6,0.375,0.033871875590071626,0.4853351268197654,1.0
PDE,C2,0.45,7,0.4375,0.03488145069147754,0.4853351268197654,1.0
PDE,C2,0.45,8,0.5,0.03590063532643903,0.4853351268197654,1.0
PDE,C2,0.45,9,0.5625,0.03692943703767716,0.4853351268197654,1.0
PDE,C2,0.45,10,0.625,0.03796786339291604,0.4853351268197654,1.0
PDE,C2,0.45,11,0.6875,0.039015921983596685,0.4853351268197654,1.0
PDE,C2,0.45,12,0.75,0.04007362042372,0.4853351268197654,1.0
PDE,C2,0.45,13,0.8125,0.041140966348811946,0.4853351268197654,1.0
PDE,C2,0.45,14,0.875,0.04221796741497537,0.4853351268197654,1.0
PDE,C2,0.45,15,0.9375,0.04330463129804673,0.4853351268197654,1.0
PDE,C2,0.45,16,1.0,0.044400965692813675,0.4853351268197654,1.0
PDE,C2,0.46,0,0.0,0.02963544750979605,0.4853351268197654,1.0
PDE,C2,0.46,1,0.0625,0.0306427825960276,0.4853351268197654,1.0
PDE,C2,0.46,2,0.125,0.0316602622195847,0.4853351268197654,1.0
PDE,C2,0.46,3,0.1875,0.03268789471327151,0.4853351268197654,1.0
PDE,C2,0.46,4,0.25,0.03372568845021321,0.4853351268197654,1.0
PDE,C2,0.46,5,0.3125,0.034773651840953074,0.4853351268197654,1.0
PDE,C2,0.46,6,0.375,0.03583179333091854,0.4853351268197654,1.0
PDE,C2,0.46,7,0.4375,0.036900121398217745,0.4853351268197654,1.0
PDE,C2,0.46,8,0.5,0.03797864455168227,0.4853351268197654,1.0
PDE,C2,0.46,9,0.5625,0.039067371329159044,0.4853351268197654,1.0
PDE,C2,0.46,10,0.625,0.04016631029598586,0.4853351268197654,1.0
PDE,C2,0.46,11,0.6875,0.04127547004363646,0.4853351268197654,1.0
PDE,C2,0.46,12,0.75,0.042394859188512525,0.4853351268197654,1.0
PDE,C2,0.46,13,0.8125,0.0435244863708691,0.4853351268197654,1.0
PDE,C2,0.46,14,0.875,0.04466436025384185,0.4853351268197654,1.0
PDE,C2,0.46,15,0.9375,0.04581448952258956,0.4853351268197654,1.0
PDE,C2,0.46,16,1.0,0.04697488288350916,0.4853351268197654,1.0
PDE,C2,0.47000000000000003,0,0.0,0.031255088808037575,0.4853351268197654,1.0
PDE,C2,0.47000000000000003,1,0.0625,0.03231768431782239,0.4853351268197654,1.0
PDE,C2,0.47000000000000003,2,0.125,0.0333910040087153,0.4853351268197654,1.0
PDE,C2,0.47000000000000003,3,0.1875,0.03447505719115656,0.4853351268197654,1.0
PDE,C2,0.47000000000000003,4,0.25,0.03556985321925183,0.4853351268197654,1.0
PDE,C2,0.47000000000000003,5,0.3125,0.03667540148766068,0.4853351268197654,1.0
PDE,C2,0.47000000000000003,6,0.375,0.037791711428885315,0.4853351268197654,1.0
PDE,C2,0.47000000000000003,7,0.4375,0.03891879251091728,0.4853351268197654,1.0
PDE,C2,0.47000000000000003,8,0.5,0.04005665423515526,0.4853351268197654,1.0
PDE,C2,0.47000000000000003,9,0.5625,0.04120530613459314,0.4853351268197654,1.0
PDE,C2,0.47000000000000003,10,0.625,0.04236475777220997,0.4853351268197654,1.0
PDE,C2,0.47000000000000003,11,0.6875,0.04353501873954844,0.4853351268197654,1.0
PDE,C2,0.47000000000000003,12,0.75,0.04471609865545243,0.4853351268197654,1.0
PDE,C2,0.47000000000000003,13,0.8125,0.04590800716495551,0.4853351268197654,1.0
PDE,C2,0.47000000000000003,14,0.875,0.04711075393828105,0.4853351268197654,1.0
PDE,C2,0.47000000000000003,15,0.9375,0.04832434866997096,0.4853351268197654,1.0
PDE,C2,0.47000000000000003,16,1.0,0.04954880107809803,0.4853351268197654,1.0
PDE,C2,0.48,0,0.0,0.032874730222261866,0.4853351268197654,1.0
PDE,C2,0.48,1,0.0625,0.03399258617961081,0.4853351268197654,1.0
PDE,C2,0.48,2,0.125,0.035121745964836415,0.4853351268197654,1.0
PDE,C2,0.48,3,0.1875,0.036262219865979585,0.4853351268197654,1.0
PDE,C2,0.48,4,0.25,0.0374140182181034,0.4853351268197654,1.0
PDE,C2,0.48,5,0.3125,0.03857715139996949,0.4853351268197654,1.0
PDE,C2,0.48,6,0.375,0.03975162983114943,0.4853351268197654,1.0
PDE,C2,0.48,7,0.4375,0.0409374639695211,0.4853351268197654,1.0
PDE,C2,0.48,8,0.5,0.04213466430906067,0.4853351268197654,1.0
PDE,C2,0.48,9,0.5625,0.043343241377926084,0.4853351268197654,1.0
PDE,C2,0.48,10,0.625,0.04456320573676172,0.4853351268197654,1.0
PDE,C2,0.48,11,0.6875,0.045794567977208614,0.4853351268197654,1.0
PDE,C2,0.48,12,0.75,0.047037338720589364,0.4853351268197654,1.0
PDE,C2,0.48,13,0.8125,0.04829152861675631,0.4853351268197654,1.0
PDE,C2,0.48,14,0.875,0.04955714834306748,0.4853351268197654,1.0
PDE,C2,0.48,15,0.9375,0.05083420860349978,0.4853351268197654,1.0
PDE,C2,0.48,16,1.0,0.05212272012785767,0.4853351268197654,1.0
PDE,C2,0.49,0,0.0,0.03449437173613164,0.4853351268197654,1.0
PDE,C2,0.49,1,0.0625,0.035667488161671576,0.4853351268197654,1.0
PDE,C2,0.49,2,0.125,0.036852488064420444,0.4853351268197654,1.0
PDE,C2,0.49,3,0.1875,0.03804938270999057,0.4853351268197654,1.0
PDE,C2,0.49,4,0.25,0.03925818341438162,0.4853351268197654,1.0
PDE,C2,0.49,5,0.3125,0.040478901540444825,0.4853351268197654,1.0
PDE,C2,0.49,6,0.375,0.04171154849481676,0.4853351268197654,1.0
PDE,C2,0.49,7,0.4375,0.04295613572526355,0.4853351268197654,1.0
PDE,C2,0.49,8,0.5,0.04421267471834742,0.4853351268197654,1.0
PDE,C2,0.49,9,0.5625,0.045481176997405184,0.4853351268197654,1.0
PDE,C2,0.49,10,0.625,0.04676165412076665,0.4853351268197654,1.0
PDE,C2,0.49,11,0.6875,0.04805411768019678,0.4853351268197654,1.0
PDE,C2,0.49,12,0.75,0.049358579299527076,0.4853351268197654,1.0
PDE,C2,0.49,13,0.8125,0.05067505063346411,0.4853351268197654,1.0
PDE,C2,0.49,14,0.875,0.05200354336654011,0.4853351268197654,1.0
PDE,C2,0.49,15,0.9375,0.05334406921221032,0.4853351268197654,1.0
PDE,C2,0.49,16,1.0,0.05469663991206025,0.4853351268197654,1.0
PDE,C2,0.5,0,0.0,0.036114013336239946,0.4853351268197654,1.0
PDE,C2,0.5,1,0.0625,0.037342390247820816,0.4853351268197654,1.0
PDE,C2,0.5,2,0.125,0.03858323028816097,0.4853351268197654,1.0
PDE,C2,0.5,3,0.1875,0.039836545700418856,0.4853351268197654,1.0
PDE,C2,0.5,4,0.25,0.04110234878151203,0.4853351268197654,1.0
PDE,C2,0.5,5,0.3125,0.04238065187837094,0.4853351268197654,1.0
PDE,C2,0.5,6,0.375,0.04367146738469283,0.4853351268197654,1.0
PDE,C2,0.5,7,0.4375,0.04497480773813368,0.4853351268197654,1.0
PDE,C2,0.5,8,0.5,0.046290685417849115,0.4853351268197654,1.0
PDE,C2,0.5,9,0.5625,0.04761911294236728,0.4853351268197654,1.0
PDE,C2,0.5,10,0.625,0.0489601028677207,0.4853351268197654,1.0
PDE,C2,0.5,11,0.6875,0.0503136677858202,0.4853351268197654,1.0
PDE,C2,0.5,12,0.75,0.05167982032303203,0.4853351268197654,1.0
PDE,C2,0.5,13,0.8125,0.05305857313894759,0.4853351268197654,1.0
PDE,C2,0.5,14,0.875,0.0544499389253072,0.4853351268197654,1.0
PDE,C2,0.5,15,0.9375,0.05585393040508261,0.4853351268197654,1.0
PDE,C2,0.5,16,1.0,0.057270560331681104,0.4853351268197654,1.0
PDE,C2,0.51,0,0.0,0.03773365501148193,0.4853351268197654,1.0
PDE,C2,0.51,1,0.0625,0.03901729242465382,0.4853351268197654,1.0
PDE,C2,0.51,2,0.125,0.040313972620067584,0.4853351268197654,1.0
PDE,C2,0.51,3,0.1875,0.04162370881840451,0.4853351268197654,1.0
PDE,C2,0.51,4,0.25,0.04294651429748501,0.4853351268197654,1.0
PDE,C2,0.51,5,0.3125,0.044282402388308856,0.4853351268197654,1.0
PDE,C2,0.51,6,0.375,0.04563138647162975,0.4853351268197654,1.0
PDE,C2,0.51,7,0.4375,0.04699347997499549,0.4853351268197654,1.0
PDE,C2,0.51,8,0.5,0.0483686963701612,0.4853351268197654,1.0
PDE,C2,0.51,9,0.5625,0.04975704917085686,0.4853351268197654,1.0
PDE,C2,0.51,10,0.625,0.0511585519308328,0.4853351268197654,1.0
PDE,C2,0.51,11,0.6875,0.05257321824216403,0.4853351268197654,1.0
PDE,C2,0.51,12,0.75,0.05400106173377525,0.4853351268197654,1.0
PDE,C2,0.51,13,0.8125,0.05544209607016769,0.4853351268197654,1.0
PDE,C2,0.51,14,0.875,0.05689633495032004,0.4853351268197654,1.0
PDE,C2,0.51,15,0.9375,0.0583637921067531,0.4853351268197654,1.0
PDE,C2,0.51,16,1.0,0.05984448130473189,0.4853351268197654,1.0
PDE,C2,0.52,0,0.0,0.039353296752581,0.4853351268197654,1.0
PDE,C2,0.52,1,0.0625,0.04069219468097296,0.4853351268197654,1.0
PDE,C2,0.52,2,0.125,0.04204471504678256,0.4853351268197654,1.0
PDE,C2,0.52,3,0.1875,0.04341087204819394,0.4853351268197654,1.0
PDE,C2,0.52,4,0.25,0.044790679943915696,0.4853351268197654,1.0
PDE,C2,0.52,5,0.3125,0.046184153049009316,0.4853351268197654,1.0
PDE,C2,0.52,6,0.375,0.04759130573128146,0.4853351268197654,1.0
PDE,C2,0.52,7,0.4375,0.049012152408172444,0.4853351268197654,1.0
PDE,C2,0.52,8,0.5,0.0504467075440422,0.4853351268197654,1.0
PDE,C2,0.52,9,0.5625,0.051894985647832105,0.4853351268197654,1.0
PDE,C2,0.52,10,0.625,0.05335700127102298,0.4853351268197654,1.0
PDE,C2,0.52,11,0.6875,0.054832769005871106,0.4853351268197654,1.0
PDE,C2,0.52,12,0.75,0.05632230348387798,0.4853351268197654,1.0
PDE,C2,0.52,13,0.8125,0.05782561937447904,0.4853351268197654,1.0
PDE,C2,0.52,14,0.875,0.05934273138391573,0.4853351268197654,1.0
PDE,C2,0.52,15,0.9375,0.06087365425428736,0.4853351268197654,1.0
PDE,C2,0.52,16,1.0,0.062418402762748,0.4853351268197654,1.0
PDE,C2,0.53,0,0.0,0.04097293855172723,0.4853351268197654,1.0
PDE,C2,0.53,1,0.0625,0.042367097007351265,0.4853351268197654,1.0
PDE,C2,0.53,2,0.125,0.0437754575570605,0.4853351268197654,1.0
PDE,C2,0.53,3,0.1875,0.04519803537652409,0.4853351268197654,1.0
PDE,C2,0.53,4,0.25,0.04663484570532735,0.4853351268197654,1.0
PDE,C2,0.53,5,0.3125,0.04808590384258496,0.4853351268197654,1.0
PDE,C2,0.53,6,0.375,0.049551225143153445,0.4853351268197654,1.0
PDE,C2,0.53,7,0.4375,0.05103082501436686,0.4853351268197654,1.0
PDE,C2,0.53,8,0.5,0.052524718913194664,0.4853351268197654,1.0
PDE,C2,0.53,9,0.5625,0.05403292234379716,0.4853351268197654,1.0
PDE,C2,0.53,10,0.625,0.05555545085539764,0.4853351268197654,1.0
PDE,C2,0.53,11,0.6875,0.05709232004044749,0.4853351268197654,1.0
PDE,C2,0.53,12,0.75,0.0586435455330426,0.4853351268197654,1.0
PDE,C2,0.53,13,0.8125,0.06020914300757239,0.4853351268197654,1.0
PDE,C2,0.53,14,0.875,0.06178912817756386,0.4853351268197654,1.0
PDE,C2,0.53,15,0.9375,0.06338351679471978,0.4853351268197654,1.0
PDE,C2,0.53,16,1.0,0.06499232464811046,0.4853351268197654,1.0
PDE,C2,0.54,0,0.0,0.04260911209349201,0.4853351268197654,1.0
PDE,C2,0.54,1,0.0625,0.04405910242494151,0.4853351268197654,1.0
PDE,C2,0.54,2,0.125,0.045523881332641326,0.4853351268197654,1.0
PDE,C2,0.54,3,0.1875,0.047003464998324744,0.4853351268197654,1.0
PDE,C2,0.54,4,0.25,0.048497869671189645,0.4853351268197654,1.0
PDE,C2,0.54,5,0.3125,0.05000711166330227,0.4853351268197654,1.0
PDE,C2,0.54,6,0.375,0.05153120734563261,0.4853351268197654,1.0
PDE,C2,0.54,7,0.4375,0.053070173144641554,0.4853351268197654,1.0
PDE,C2,0.54,8,0.5,0.0546240255393178,0.4853351268197654,1.0
PDE,C2,0.54,9,0.5625,0.056192781058631694,0.4853351268197654,1.0
PDE,C2,0.54,10,0.625,0.05777645627932743,0.4853351268197654,1.0
PDE,C2,0.54,11,0.6875,0.05937506782402696,0.4853351268197654,1.0
PDE,C2,0.54,12,0.75,0.06098863235959743,0.4853351268197654,1.0
PDE,C2,0.54,13,0.8125,0.06261716659576944,0.4853351268197654,1.0
PDE,C2,0.54,14,0.875,0.06426068728396271,0.4853351268197654,1.0
PDE,C2,0.54,15,0.9375,0.06591921121631546,0.4853351268197654,1.0
PDE,C2,0.54,16,1.0,0.06759275522488319,0.4853351268197654,1.0
PDE,C2,0.55,0,0.0,0.04477522247028905,0.4853351268197654,1.0
PDE,C2,0.55,1,0.0625,0.04629935941638288,0.4853351268197654,1.0
PDE,C2,0.55,2,0.125,0.04783909018169531,0.4853351268197654,1.0
PDE,C2,0.55,3,0.1875,0.04939443287058583,0.4853351268197654,1.0
PDE,C2,0.55,4,0.25,0.05096540566337372,0.4853351268197654,1.0
PDE,C2,0.55,5,0.3125,0.052552026811640944,0.4853351268197654,1.0
PDE,C2,0.55,6,0.375,0.05415431463422972,0.4853351268197654,1.0
PDE,C2,0.55,7,0.4375,0.055772287513844256,0.4853351268197654,1.0
PDE,C2,0.55,8,0.5,0.057405963894146796,0.4853351268197654,1.0
PDE,C2,0.55,9,0.5625,0.059055362277313415,0.4853351268197654,1.0
PDE,C2,0.55,10,0.625,0.06072050122196071,0.4853351268197654,1.0
PDE,C2,0.55,11,0.6875,0.06240139934141718,0.4853351268197654,1.0
PDE,C2,0.55,12,0.75,0.06409807530228581,0.4853351268197654,1.0
PDE,C2,0.55,13,0.8125,0.06581054782328143,0.4853351268197654,1.0
PDE,C2,0.55,14,0.875,0.0675388356742986,0.4853351268197654,1.0
PDE,C2,0.55,15,0.9375,0.06928295767570318,0.4853351268197654,1.0
PDE,C2,0.55,16,1.0,0.07104293269781002,0.4853351268197654,1.0
PDE,C2,0.56,0,0.0,0.046941333102306415,0.4853351268197654,1.0
PDE,C2,0.56,1,0.0625,0.048539616726622103,0.4853351268197654,1.0
PDE,C2,0.56,2,0.125,0.05015429942321906,0.4853351268197654,1.0
PDE,C2,0.56,3,0.1875,0.051785401219020886,0.4853351268197654,1.0
PDE,C2,0.56,4,0.25,0.053432942225438804,0.4853351268197654,1.0
PDE,C2,0.56,5,0.3125,0.05509694263357193,0.4853351268197654,1.0
PDE,C2,0.56,6,0.375,0.05677742271016376,0.4853351268197654,1.0
PDE,C2,0.56,7,0.4375,0.058474402794215556,0.4853351268197654,1.0
PDE,C2,0.56,8,0.5,0.060187903294140796,0.4853351268197654,1.0
PDE,C2,0.56,9,0.5625,0.06191794468541986,0.4853351268197654,1.0
PDE,C2,0.56,10,0.625,0.06366454750866106,0.4853351268197654,1.0
PDE,C2,0.56,11,0.6875,0.06542773236803681,0.4853351268197654,1.0
PDE,C2,0.56,12,0.75,0.06720751993004132,0.4853351268197654,1.0
PDE,C2,0.56,13,0.8125,0.06900393092254543,0.4853351268197654,1.0
PDE,C2,0.56,14,0.875,0.07081698613410663,0.4853351268197654,1.0
PDE,C2,0.56,15,0.9375,0.07264670641351972,0.4853351268197654,1.0
PDE,C2,0.56,16,1.0,0.07449311266957602,0.4853351268197654,1.0
PDE,C2,0.5700000000000001,0,0.0,0.049107443955770366,0.4853351268197654,1.0
PDE,C2,0.5700000000000001,1,0.0625,0.050779874313465964,0.4853351268197654,1.0
PDE,C2,0.5700000000000001,2,0.125,0.05246950900525957,0.4853351268197654,1.0
PDE,C2,0.5700000000000001,3,0.1875,0.05417636998058438,0.4853351268197654,1.0
PDE,C2,0.5700000000000001,4,0.25,0.05590047928191803,0.4853351268197654,1.0
PDE,C2,0.5700000000000001,5,0.3125,0.05764185903987668,0.4853351268197654,1.0
PDE,C2,0.5700000000000001,6,0.375,0.059400531469128805,0.4853351268197654,1.0
PDE,C2,0.5700000000000001,7,0.4375,0.061176518865018584,0.4853351268197654,1.0
PDE,C2,0.5700000000000001,8,0.5,0.0629698436007768,0.4853351268197654,1.0
PDE,C2,0.5700000000000001,9,0.5625,0.0647805281252728,0.4853351268197654,1.0
PDE,C2,0.5700000000000001,10,0.625,0.06660859496120823,0.4853351268197654,1.0
PDE,C2,0.5700000000000001,11,0.6875,0.06845406670371806,0.4853351268197654,1.0
PDE,C2,0.5700000000000001,12,0.75,0.07031696601932064,0.4853351268197654,1.0
PDE,C2,0.5700000000000001,13,0.8125,0.07219731564519108,0.4853351268197654,1.0
PDE,C2,0.5700000000000001,14,0.875,0.07409513838871061,0.4853351268197654,1.0
PDE,C2,0.5700000000000001,15,0.9375,0.07601045712727783,0.4853351268197654,1.0
PDE,C2,0.5700000000000001,16,1.0,0.07794329480834564,0.4853351268197654,1.0
PDE,C2,0.58,0,0.0,0.0512735550026156,0.4853351268197654,1.0
PDE,C2,0.58,1,0.0625,0.05302013214185221,0.4853351268197654,1.0
PDE,C2,0.58,2,0.125,0.054784718884645735,0.4853351268197654,1.0
PDE,C2,0.58,3,0.1875,0.056567339102890635,0.4853351268197654,1.0
PDE,C2,0.58,4,0.25,0.05836801677010672,0.4853351268197654,1.0
PDE,C2,0.58,5,0.3125,0.06018677595642687,0.4853351268197654,1.0
PDE,C2,0.58,6,0.375,0.062023640824464536,0.4853351268197654,1.0
PDE,C2,0.58,7,0.4375,0.06387863562594578,0.4853351268197654,1.0
PDE,C2,0.58,8,0.5,0.06575178469897551,0.4853351268197654,1.0
PDE,C2,0.58,9,0.5625,0.06764311246588502,0.4853351268197654,1.0
PDE,C2,0.58,10,0.625,0.06955264343155709,0.4853351268197654,1.0
PDE,C2,0.58,11,0.6875,0.07148040218219184,0.4853351268197654,1.0
PDE,C2,0.58,12,0.75,0.07342641338444715,0.4853351268197654,1.0
PDE,C2,0.58,13,0.8125,0.0753907017849299,0.4853351268197654,1.0
PDE,C2,0.58,14,0.875,0.07737329220998512,0.4853351268197654,1.0
PDE,C2,0.58,15,0.9375,0.07937420956576557,0.4853351268197654,1.0
PDE,C2,0.58,16,1.0,0.08139347883854835,0.4853351268197654,1.0
PDE,C2,0.59,0,0.0,0.05343966621932653,0.4853351268197654,1.0
PDE,C2,0.59,1,0.0625,0.055260390182404605,0.4853351268197654,1.0
PDE,C2,0.59,2,0.125,0.0570999290252091,0.4853351268197654,1.0
PDE,C2,0.59,3,0.1875,0.05895830854205168,0.4853351268197654,1.0
PDE,C2,0.59,4,0.25,0.060835554637473845,0.4853351268197654,1.0
PDE,C2,0.59,5,0.3125,0.06273169332112344,0.4853351268197654,1.0
PDE,C2,0.59,6,0.375,0.0646467507035759,0.4853351268197654,1.0
PDE,C2,0.59,7,0.4375,0.0665807529929734,0.4853351268197654,1.0
PDE,C2,0.59,8,0.5,0.06853372649234324,0.4853351268197654,1.0
PDE,C2,0.59,9,0.5625,0.07050569759754204,0.4853351268197654,1.0
PDE,C2,0.59,10,0.625,0.07249669279571101,0.4853351268197654,1.0
PDE,C2,0.59,11,0.6875,0.07450673866420361,0.4853351268197654,1.0
PDE,C2,0.59,12,0.75,0.07653586186991788,0.4853351268197654,1.0
PDE,C2,0.59,13,0.8125,0.07858408916900471,0.4853351268197654,1.0
PDE,C2,0.59,14,0.875,0.08065144740689374,0.4853351268197654,1.0
PDE,C2,0.59,15,0.9375,0.08273796351862438,0.4853351268197654,1.0
PDE,C2,0.59,16,1.0,0.0848436645294376,0.4853351268197654,1.0
PDE,C2,0.6,0,0.0,0.055605777586052035,0.4853351268197654,1.0
PDE,C2,0.6,1,0.0625,0.05750064841032465,0.4853351268197654,1.0
PDE,C2,0.6,2,0.125,0.0594151393964173,0.4853351268197654,1.0
PDE,C2,0.6,3,0.1875,0.061349278261020886,0.4853351268197654,1.0
PDE,C2,0.6,4,0.25,0.06330309283967822,0.4853351268197654,1.0
PDE,C2,0.6,5,0.3125,0.06527661108155086,0.4853351268197654,1.0
PDE,C2,0.6,6,0.375,0.06726986104519078,0.4853351268197654,1.0
PDE,C2,0.6,7,0.4375,0.06928287089518499,0.4853351268197654,1.0
PDE,C2,0.6,8,0.5,0.0713156688995263,0.4853351268197654,1.0
PDE,C2,0.6,9,0.5625,0.07336828342765211,0.4853351268197654,1.0
PDE,C2,0.6,10,0.625,0.0754407429490284,0.4853351268197654,1.0
PDE,C2,0.6,11,0.6875,0.0775330760322403,0.4853351268197654,1.0
PDE,C2,0.6,12,0.75,0.07964531134451427,0.4853351268197654,1.0
PDE,C2,0.6,13,0.8125,0.08177747765164227,0.4853351268197654,1.0
PDE,C2,0.6,14,0.875,0.08392960381824628,0.4853351268197654,1.0
PDE,C2,0.6,15,0.9375,0.08610171880836678,0.4853351268197654,1.0
PDE,C2,0.6,16,1.0,0.08829385168633336,0.4853351268197654,1.0
PDE,C2,0.61,0,0.0,0.057771889085917724,0.4853351268197654,1.0
PDE,C2,0.61,1,0.0625,0.05974090680453391,0.4853351268197654,1.0
PDE,C2,0.61,2,0.125,0.06173034997231984,0.4853351268197654,1.0
PDE,C2,0.61,3,0.1875,0.06374024822831031,0.4853351268197654,1.0
PDE,C2,0.61,4,0.25,0.06577063133903319,0.4853351268197654,1.0
PDE,C2,0.61,5,0.3125,0.06782152919316148,0.4853351268197654,1.0
PDE,C2,0.61,6,0.375,0.06989297179723557,0.4853351268197654,1.0
PDE,C2,0.61,7,0.4375,0.07198498927231273,0.4853351268197654,1.0
PDE,C2,0.61,8,0.5,0.07409761185138915,0.4853351268197654,1.0
PDE,C2,0.61,9,0.5625,0.07623086987753111,0.4853351268197654,1.0
PDE,C2,0.61,10,0.625,0.07838479380258888,0.4853351268197654,1.0
PDE,C2,0.61,11,0.6875,0.0805594141864473,0.4853351268197654,1.0
PDE,C2,0.61,12,0.75,0.0827547616967391,0.4853351268197654,1.0
PDE,C2,0.61,13,0.8125,0.08497086710898374,0.4853351268197654,1.0
PDE,C2,0.61,14,0.875,0.08720776130708918,0.4853351268197654,1.0
PDE,C2,0.61,15,0.9375,0.08946547528419944,0.4853351268197654,1.0
PDE,C2,0.61,16,1.0,0.09174404014384095,0.4853351268197654,1.0
PDE,C2,0.62,0,0.0,0.05993800070448934,0.4853351268197654,1.0
PDE,C2,0.62,1,0.0625,0.061981165347000856,0.4853351268197654,1.0
PDE,C2,0.62,2,0.125,0.06404556073071742,0.4853351268197654,1.0
PDE,C2,0.62,3,0.1875,0.0661312184169862,0.4853351268197654,1.0
PDE,C2,0.62,4,0.25,0.0682381701033035,0.4853351268197654,1.0
PDE,C2,0.62,5,0.3125,0.0703664476178517,0.4853351268197654,1.0
PDE,C2,0.62,6,0.375,0.07251608291517062,0.4853351268197654,1.0
PDE,C2,0.62,7,0.4375,0.07468710807281044,0.4853351268197654,1.0
PDE,C2,0.62,8,0.5,0.07687955528880303,0.4853351268197654,1.0
PDE,C2,0.62,9,0.5625,0.07909345687988643,0.4853351268197654,1.0
PDE,C2,0.62,10,0.625,0.08132884528034728,0.4853351268197654,1.0
PDE,C2,0.62,11,0.6875,0.08358575304143157,0.4853351268197654,1.0
PDE,C2,0.62,12,0.75,0.08586421283124648,0.4853351268197654,1.0
PDE,C2,0.62,13,0.8125,0.08816425743511497,0.4853351268197654,1.0
PDE,C2,0.62,14,0.875,0.09048591975631526,0.4853351268197654,1.0
PDE,C2,0.62,15,0.9375,0.09282923281718476,0.4853351268197654,1.0
PDE,C2,0.62,16,1.0,0.0951942297605437,0.4853351268197654,1.0
PDE,C2,0.63,0,0.0,0.062435865166271164,0.4853351268197654,1.0
PDE,C2,0.63,1,0.0625,0.06456470547748988,0.4853351268197654,1.0
PDE,C2,0.63,2,0.125,0.06671572754448639,0.4853351268197654,1.0
PDE,C2,0.63,3,0.1875,0.06888896563618885,0.4853351268197654,1.0
PDE,C2,0.63,4,0.25,0.07108445417436934,0.4853351268197654,1.0
PDE,C2,0.63,5,0.3125,0.07330222772832812,0.4853351268197654,1.0
PDE,C2,0.63,6,0.375,0.07554232101079032,0.4853351268197654,1.0
PDE,C2,0.63,7,0.4375,0.07780476887485016,0.4853351268197654,1.0
PDE,C2,0.63,8,0.5,0.08008960631178831,0.4853351268197654,1.0
PDE,C2,0.63,9,0.5625,0.08239686844968883,0.4853351268197654,1.0
PDE,C2,0.63,10,0.625,0.08472659055271217,0.4853351268197654,1.0
PDE,C2,0.63,11,0.6875,0.08707880802096701,0.4853351268197654,1.0
PDE,C2,0.63,12,0.75,0.08945355639090177,0.4853351268197654,1.0
PDE,C2,0.63,13,0.8125,0.09185087133616485,0.4853351268197654,1.0
PDE,C2,0.63,14,0.875,0.0942707886688696,0.4853351268197654,1.0
PDE,C2,0.63,15,0.9375,0.09671334434123371,0.4853351268197654,1.0
PDE,C2,0.63,16,1.0,0.0991785744475468,0.4853351268197654,1.0
PDE,C2,0.64,0,0.0,0.06519338903875577,0.4853351268197654,1.0
PDE,C2,0.64,1,0.0625,0.06741692850269161,0.4853351268197654,1.0
PDE,C2,0.64,2,0.125,0.06966371480626503,0.4853351268197654,1.0
PDE,C2,0.64,3,0.1875,0.0719337855405655,0.4853351268197654,1.0
PDE,C2,0.64,4,0.25,0.07422717847255415,0.4853351268197654,1.0
PDE,C2,0.64,5,0.3125,0.07654393154009695,0.4853351268197654,1.0
PDE,C2,0.64,6,0.375,0.07888408284829822,0.4853351268197654,1.0
PDE,C2,0.64,7,0.4375,0.08124767066695902,0.4853351268197654,1.0
PDE,C2,0.64,8,0.5,0.08363473342896983,0.4853351268197654,1.0
PDE,C2,0.64,9,0.5625,0.08604530972955089,0.4853351268197654,1.0
PDE,C2,0.64,10,0.625,0.0884794383261909,0.4853351268197654,1.0
PDE,C2,0.64,11,0.6875,0.0909371581392145,0.4853351268197654,1.0
PDE,C2,0.64,12,0.75,0.0934185082528927,0.4853351268197654,1.0
PDE,C2,0.64,13,0.8125,0.09592352791704015,0.4853351268197654,1.0
PDE,C2,0.64,14,0.875,0.09845225654902548,0.4853351268197654,1.0
PDE,C2,0.64,15,0.9375,0.10100473373616423,0.4853351268197654,1.0
PDE,C2,0.64,16,1.0,0.10358099923843771,0.4853351268197654,1.0
PDE,C2,0.65,0,0.0,0.06795091323953673,0.4853351268197654,1.0
PDE,C2,0.65,1,0.0625,0.07026915194971174,0.4853351268197654,1.0
PDE,C2,0.65,2,0.125,0.07261170260211348,0.4853351268197654,1.0
PDE,C2,0.65,3,0.1875,0.07497860610992657,0.4853351268197654,1.0
PDE,C2,0.65,4,0.25,0.07736990358529078,0.4853351268197654,1.0
PDE,C2,0.65,5,0.3125,0.07978563633467707,0.4853351268197654,1.0
PDE,C2,0.65,6,0.375,0.08222584585565443,0.4853351268197654,1.0
PDE,C2,0.65,7,0.4375,0.08469057383485662,0.4853351268197654,1.0
PDE,C2,0.65,8,0.5,0.08717986214694762,0.4853351268197654,1.0
PDE,C2,0.65,9,0.5625,0.0896937528544815,0.4853351268197654,1.0
PDE,C2,0.65,10,0.625,0.09223228820850368,0.4853351268197654,1.0
PDE,C2,0.65,11,0.6875,0.09479551064981169,0.4853351268197654,1.0
PDE,C2,0.65,12,0.75,0.09738346281078258,0.4853351268197654,1.0
PDE,C2,0.65,13,0.8125,0.09999618751770345,0.4853351268197654,1.0
PDE,C2,0.65,14,0.875,0.10263372779352711,0.4853351268197654,1.0
PDE,C2,0.65,15,0.9375,0.10529612686101551,0.4853351268197654,1.0
PDE,C2,0.65,16,1.0,0.10798342814620848,0.4853351268197654,1.0
PDE,C2,0.66,0,0.0,0.07070843773020488,0.4853351268197654,1.0
PDE,C2,0.66,1,0.0625,0.07312137576918909,0.4853351268197654,1.0
PDE,C2,0.66,2,0.125,0.0755596908695212,0.4853351268197654,1.0
PDE,C2,0.66,3,0.1875,0.07802342726642053,0.4853351268197654,1.0
PDE,C2,0.66,4,0.25,0.08051262941719406,0.4853351268197654,1.0
PDE,C2,0.66,5,0.3125,0.08302734199695057,0.4853351268197654,1.0
PDE,C2,0.66,6,0.375,0.08556760989579684,0.4853351268197654,1.0
PDE,C2,0.66,7,0.4375,0.08813347821730905,0.4853351268197654,1.0
PDE,C2,0.66,8,0.5,0.0907249922780659,0.4853351268197654,1.0
PDE,C2,0.66,9,0.5625,0.09334219760812765,0.4853351268197654,1.0
PDE,C2,0.66,10,0.625,0.09598513995229556,0.4853351268197654,1.0
PDE,C2,0.66,11,0.6875,0.09865386527206468,0.4853351268197654,1.0
PDE,C2,0.66,12,0.75,0.10134841974816476,0.4853351268197654,1.0
PDE,C2,0.66,13,0.8125,0.10406884978362325,0.4853351268197654,1.0
PDE,C2,0.66,14,0.875,0.10681520200726519,0.4853351268197654,1.0
PDE,C2,0.66,15,0.9375,0.10958752327760236,0.4853351268197654,1.0
PDE,C2,0.66,16,1.0,0.11238586068705447,0.4853351268197654,1.0
PDE,C2,0.67,0,0.0,0.07346596247811785,0.4853351268197654,1.0
PDE,C2,0.67,1,0.0625,0.07597359991917481,0.4853351268197654,1.0
PDE,C2,0.67,2,0.125,0.07850767955536661,0.4853351268197654,1.0
PDE,C2,0.67,3,0.1875,0.0810682489438914,0.4853351268197654,1.0
PDE,C2,0.67,4,0.25,0.08365535588721162,0.4853351268197654,1.0
PDE,C2,0.67,5,0.3125,0.08626904842910235,0.4853351268197654,1.0
PDE,C2,0.67,6,0.375,0.08890937485227023,0.4853351268197654,1.0
PDE,C2,0.67,7,0.4375,0.0915763836773289,0.4853351268197654,1.0
PDE,C2,0.67,8,0.5,0.09427012366289629,0.4853351268197654,1.0
PDE,C2,0.67,9,0.5625,0.09699064380668938,0.4853351268197654,1.0
PDE,C2,0.67,10,0.625,0.09973799334744014,0.4853351268197654,1.0
PDE,C2,0.67,11,0.6875,0.10251222176753769,0.4853351268197654,1.0
PDE,C2,0.67,12,0.75,0.10531337879628135,0.4853351268197654,1.0
PDE,C2,0.67,13,0.8125,0.10814151441367523,0.4853351268197654,1.0
PDE,C2,0.67,14,0.875,0.11099667885466724,0.4853351268197654,1.0
PDE,C2,0.67,15,0.9375,0.11387892261378879,0.4853351268197654,1.0
PDE,C2,0.67,16,1.0,0.11678829645012033,0.4853351268197654,1.0
PDE,C2,0.68,0,0.0,0.07622348745535645,0.4853351268197654,1.0
PDE,C2,0.68,1,0.0625,0.07882582436379168,0.4853351268197654,1.0
PDE,C2,0.68,2,0.125,0.08145566861421803,0.4853351268197654,1.0
PDE,C2,0.68,3,0.1875,0.0841130710857621,0.4853351268197654,1.0
PDE,C2,0.68,4,0.25,0.08679808292603056,0.4853351268197654,1.0
PDE,C2,0.68,5,0.3125,0.0895107555474869,0.4853351268197654,1.0
PDE,C2,0.68,6,0.375,0.09225114062549321,0.4853351268197654,1.0
PDE,C2,0.68,7,0.4375,0.09501929009778344,0.4853351268197654,1.0
PDE,C2,0.68,8,0.5,0.09781525616512374,0.4853351268197654,1.0
PDE,C2,0.68,9,0.5625,0.10063909129302055,0.4853351268197654,1.0
PDE,C2,0.68,10,0.625,0.10349084821429022,0.4853351268197654,1.0
PDE,C2,0.68,11,0.6875,0.10637057993239006,0.4853351268197654,1.0
PDE,C2,0.68,12,0.75,0.10927833972538066,0.4853351268197654,1.0
PDE,C2,0.68,13,0.8125,0.11221418115044984,0.4853351268197654,1.0
PDE,C2,0.68,14,0.875,0.11517815804889273,0.4853351268197654,1.0
PDE,C2,0.68,15,0.9375,0.1181703245514958,0.4853351268197654,1.0
PDE,C2,0.68,16,1.0,0.1211907350842501,0.4853351268197654,1.0
PDE,C2,0.6900000000000001,0,0.0,0.07898101263790089,0.4853351268197654,1.0
PDE,C2,0.6900000000000001,1,0.0625,0.0816780490721739,0.4853351268197654,1.0
PDE,C2,0.6900000000000001,2,0.125,0.0844036580069914,0.4853351268197654,1.0
PDE,C2,0.6900000000000001,3,0.1875,0.08715789364336222,0.4853351268197654,1.0
PDE,C2,0.6900000000000001,4,0.25,0.08994081047402534,0.4853351268197654,1.0
PDE,C2,0.6900000000000001,5,0.3125,0.09275246328015274,0.4853351268197654,1.0
PDE,C2,0.6900000000000001,6,0.375,0.09559290712980908,0.4853351268197654,1.0
PDE,C2,0.6900000000000001,7,0.4375,0.09846219737792257,0.4853351268197654,1.0
PDE,C2,0.6900000000000001,8,0.5,0.10136038966750346,0.4853351268197654,1.0
PDE,C2,0.6900000000000001,9,0.5625,0.10428753993196486,0.4853351268197654,1.0
PDE,C2,0.6900000000000001,10,0.625,0.10724370439834467,0.4853351268197654,1.0
PDE,C2,0.6900000000000001,11,0.6875,0.1102289395913212,0.4853351268197654,1.0
PDE,C2,0.6900000000000001,12,0.75,0.11324330233788713,0.4853351268197654,1.0
PDE,C2,0.6900000000000001,13,0.8125,0.11628684977259862,0.4853351268197654,1.0
PDE,C2,0.6900000000000001,14,0.875,0.11935963934329548,0.4853351268197654,1.0
PDE,C2,0.6900000000000001,15,0.9375,0.1224617288172295,0.4853351268197654,1.0
PDE,C2,0.6900000000000001,16,1.0,0.12559317628752387,0.4853351268197654,1.0
PDE,C2,0.7000000000000001,0,0.0,0.08206088833943902,0.4853351268197654,1.0
PDE,C2,0.7000000000000001,1,0.0625,0.08486388002295511,0.4853351268197654,1.0
PDE,C2,0.7000000000000001,2,0.125,0.08769665884285399,0.4853351268197654,1.0
PDE,C2,0.7000000000000001,3,0.1875,0.09055928330338109,0.4853351268197654,1.0
PDE,C2,0.7000000000000001,4,0.25,0.0934518122377848,0.4853351268197654,1.0
PDE,C2,0.7000000000000001,5,0.3125,0.09637430480577147,0.4853351268197654,1.0
PDE,C2,0.7000000000000001,6,0.375,0.09932682049281057,0.4853351268197654,1.0
PDE,C2,0.7000000000000001,7,0.4375,0.10230941911102427,0.4853351268197654,1.0
PDE,C2,0.7000000000000001,8,0.5,0.1053221608013803,0.4853351268197654,1.0
PDE,C2,0.7000000000000001,9,0.5625,0.10836510603701915,0.4853351268197654,1.0
PDE,C2,0.7000000000000001,10,0.625,0.11143831562750722,0.4853351268197654,1.0
PDE,C2,0.7000000000000001,11,0.6875,0.11454185072388663,0.4853351268197654,1.0
PDE,C2,0.7000000000000001,12,0.75,0.11767577282438027,0.4853351268197654,1.0
PDE,C2,0.7000000000000001,13,0.8125,0.12084014378065741,0.4853351268197654,1.0
PDE,C2,0.7000000000000001,14,0.875,0.12403502580454294,0.4853351268197654,1.0
PDE,C2,0.7000000000000001,15,0.9375,0.12726048147510385,0.4853351268197654,1.0
PDE,C2,0.7000000000000001,16,1.0,0.13051657374602216,0.4853351268197654,1.0
PDE,C2,0.71,0,0.0,0.08546312369919079,0.4853351268197654,1.0
PDE,C2,0.71,1,0.0625,0.08838332673266976,0.4853351268197654,1.0
PDE,C2,0.71,2,0.125,0.09133468103916138,0.4853351268197654,1.0
PDE,C2,0.71,3,0.1875,0.09431725040748264,0.4853351268197654,1.0
PDE,C2,0.71,4,0.25,0.09733109900680303,0.4853351268197654,1.0
PDE,C2,0.71,5,0.3125,0.10037629138526605,0.4853351268197654,1.0
PDE,C2,0.71,6,0.375,0.10345289247056376,0.4853351268197654,1.0
PDE,C2,0.71,7,0.4375,0.10656096757216524,0.4853351268197654,1.0
PDE,C2,0.71,8,0.5,0.10970058238488864,0.4853351268197654,1.0
PDE,C2,0.71,9,0.5625,0.11287180299363334,0.4853351268197654,1.0
PDE,C2,0.71,10,0.625,0.1160746958790309,0.4853351268197654,1.0
PDE,C2,0.71,11,0.6875,0.11930932792388174,0.4853351268197654,1.0
PDE,C2,0.71,12,0.75,0.12257576642020789,0.4853351268197654,1.0
PDE,C2,0.71,13,0.8125,0.12587407907682013,0.4853351268197654,1.0
PDE,C2,0.71,14,0.875,0.12920433402726564,0.4853351268197654,1.0
PDE,C2,0.71,15,0.9375,0.1325665998380829,0.4853351268197654,1.0
PDE,C2,0.71,16,1.0,0.13596094551725632,0.4853351268197654,1.0
PDE,C2,0.72,0,0.0,0.08886535945701249,0.4853351268197654,1.0
PDE,C2,0.72,1,0.0625,0.09190277396690626,0.4853351268197654,1.0
PDE,C2,0.72,2,0.125,0.09497270391943799,0.4853351268197654,1.0
PDE,C2,0.72,3,0.1875,0.09807521838790037,0.4853351268197654,1.0
PDE,C2,0.72,4,0.25,0.10121038687737575,0.4853351268197654,1.0
PDE,C2,0.72,5,0.3125,0.10437827932451545,0.4853351268197654,1.0
PDE,C2,0.72,6,0.375,0.1075789660993753,0.4853351268197654,1.0
PDE,C2,0.72,7,0.4375,0.11081251800897352,0.4853351268197654,1.0
PDE,C2,0.72,8,0.5,0.11407900630223727,0.4853351268197654,1.0
PDE,C2,0.72,9,0.5625,0.11737850267612973,0.4853351268197654,1.0
PDE,C2,0.72,10,0.625,0.12071107928269866,0.4853351268197654,1.0
PDE,C2,0.72,11,0.6875,0.12407680873688991,0.4853351268197654,1.0
PDE,C2,0.72,12,0.75,0.12747576412494577,0.4853351268197654,1.0
PDE,C2,0.72,13,0.8125,0.13090801901326876,0.4853351268197654,1.0
PDE,C2,0.72,14,0.875,0.1343736474576043,0.4853351268197654,1.0
PDE,C2,0.72,15,0.9375,0.13787272401245967,0.4853351268197654,1.0
PDE,C2,0.72,16,1.0,0.1414053237406376,0.4853351268197654,1.0
PDE,C2,0.73,0,0.0,0.09226759556886904,0.4853351268197654,1.0
PDE,C2,0.73,1,0.0625,0.09542222166762694,0.4853351268197654,1.0
PDE,C2,0.73,2,0.125,0.09861072740798348,0.4853351268197654,1.0
PDE,C2,0.73,3,0.1875,0.10183318714761762,0.4853351268197654,1.0
PDE,C2,0.73,4,0.25,0.10508967572751414,0.4853351268197654,1.0
PDE,C2,0.73,5,0.3125,0.10838026847289087,0.4853351268197654,1.0
PDE,C2,0.73,6,0.375,0.11170504119628866,0.4853351268197654,1.0
PDE,C2,0.73,7,0.4375,0.11506407020245005,0.4853351268197654,1.0
PDE,C2,0.73,8,0.5,0.11845743229463546,0.4853351268197654,1.0
PDE,C2,0.73,9,0.5625,0.12188520478214031,0.4853351268197654,1.0
PDE,C2,0.73,10,0.625,0.12534746548873324,0.4853351268197654,1.0
PDE,C2,0.73,11,0.6875,0.1288442927618459,0.4853351268197654,1.0
PDE,C2,0.73,12,0.75,0.1323757654823094,0.4853351268197654,1.0
PDE,C2,0.73,13,0.8125,0.13594196307451295,0.4853351268197654,1.0
PDE,C2,0.73,14,0.875,0.1395429655168169,0.4853351268197654,1.0
PDE,C2,0.73,15,0.9375,0.1431788533521335,0.4853351268197654,1.0
PDE,C2,0.73,16,1.0,0.14684970769853575,0.4853351268197654,1.0
PDE,C2,0.74,0,0.0,0.09566983199698957,0.4853351268197654,1.0
PDE,C2,0.74,1,0.0625,0.09894166978505181,0.4853351268197654,1.0
PDE,C2,0.74,2,0.125,0.10224875143987076,0.4853351268197654,1.0
PDE,C2,0.74,3,0.1875,0.10559115660342915,0.4853351268197654,1.0
PDE,C2,0.74,4,0.25,0.10896896545260078,0.4853351268197654,1.0
PDE,C2,0.74,5,0.3125,0.11238225870121991,0.4853351268197654,1.0
PDE,C2,0.74,6,0.375,0.1158311176044159,0.4853351268197654,1.0
PDE,C2,0.74,7,0.4375,0.11931562396480952,0.4853351268197654,1.0
PDE,C2,0.74,8,0.5,0.12283586014019086,0.4853351268197654,1.0
PDE,C2,0.74,9,0.5625,0.12639190905242226,0.4853351268197654,1.0
PDE,C2,0.74,10,0.625,0.12998385419726277,0.4853351268197654,1.0
PDE,C2,0.74,11,0.6875,0.13361177965492774,0.4853351268197654,1.0
PDE,C2,0.74,12,0.75,0.13727577010116226,0.4853351268197654,1.0
PDE,C2,0.74,13,0.8125,0.14097591081869013,0.4853351268197654,1.0
PDE,C2,0.74,14,0.875,0.14471228770885433,0.4853351268197654,1.0
PDE,C2,0.74,15,0.9375,0.14848498730335655,0.4853351268197654,1.0
PDE,C2,0.74,16,1.0,0.1522940967759387,0.4853351268197654,1.0
PDE,C2,0.75,0,0.0,0.09907206870879175,0.4853351268197654,1.0
PDE,C2,0.75,1,0.0625,0.10246111827624078,0.4853351268197654,1.0
PDE,C2,0.75,2,0.125,0.105886775959096,0.4853351268197654,1.0
PDE,C2,0.75,3,0.1875,0.10934912668356736,0.4853351268197654,1.0
PDE,C2,0.75,4,0.25,0.11284825596240361,0.4853351268197654,1.0
PDE,C2,0.75,5,0.3125,0.11638424989809641,0.4853351268197654,1.0
PDE,C2,0.75,6,0.375,0.11995719518845455,0.4853351268197654,1.0
PDE,C2,0.75,7,0.4375,0.12356717913411126,0.4853351268197654,1.0
PDE,C2,0.75,8,0.5,0.1272142896475592,0.4853351268197654,1.0
PDE,C2,0.75,9,0.5625,0.1308986152634348,0.4853351268197654,1.0
PDE,C2,0.75,10,0.625,0.13462024514972531,0.4853351268197654,1.0
PDE,C2,0.75,11,0.6875,0.13837926911969411,0.4853351268197654,1.0
PDE,C2,0.75,12,0.75,0.14217577764428832,0.4853351268197654,1.0
PDE,C2,0.75,13,0.8125,0.14600986186487336,0.4853351268197654,1.0
PDE,C2,0.75,14,0.875,0.14988161360610122,0.4853351268197654,1.0
PDE,C2,0.75,15,0.9375,0.1537911253888028,0.4853351268197654,1.0
PDE,C2,0.75,16,1.0,0.15773849044274263,0.4853351268197654,1.0
PDE,C2,0.76,0,0.0,0.1029278882562119,0.4853351268197654,1.0
PDE,C2,0.76,1,0.0625,0.1064500549805473,0.4853351268197654,1.0
PDE,C2,0.76,2,0.125,0.11001041429135204,0.4853351268197654,1.0
PDE,C2,0.76,3,0.1875,0.11360905806637313,0.4853351268197654,1.0
PDE,C2,0.76,4,0.25,0.11724607884894776,0.4853351268197654,1.0
PDE,C2,0.76,5,0.3125,0.12092156985307101,0.4853351268197654,1.0
PDE,C2,0.76,6,0.375,0.12463562497090853,0.4853351268197654,1.0
PDE,C2,0.76,7,0.4375,0.12838833878227066,0.4853351268197654,1.0
PDE,C2,0.76,8,0.5,0.13217980656560524,0.4853351268197654,1.0
PDE,C2,0.76,9,0.5625,0.1360101243101857,0.4853351268197654,1.0
PDE,C2,0.76,10,0.625,0.13987938872914565,0.4853351268197654,1.0
PDE,C2,0.76,11,0.6875,0.14378769727311858,0.4853351268197654,1.0
PDE,C2,0.76,12,0.75,0.14773514814422672,0.4853351268197654,1.0
PDE,C2,0.76,13,0.8125,0.15172184031023458,0.4853351268197654,1.0
PDE,C2,0.76,14,0.875,0.15574787351865937,0.4853351268197654,1.0
PDE,C2,0.76,15,0.9375,0.15981334831070806,0.4853351268197654,1.0
PDE,C2,0.76,16,1.0,0.16391836603486304,0.4853351268197654,1.0
PDE,C2,0.77,0,0.0,0.10703847031274111,0.4853351268197654,1.0
PDE,C2,0.77,1,0.0625,0.11070268780304168,0.4853351268197654,1.0
PDE,C2,0.77,2,0.125,0.11440680608082296,0.4853351268197654,1.0
PDE,C2,0.77,3,0.1875,0.11815092491171109,0.4853351268197654,1.0
PDE,C2,0.77,4,0.25,0.12193514482145516,0.4853351268197654,1.0
PDE,C2,0.77,5,0.3125,0.12575956710325992,0.4853351268197654,1.0
PDE,C2,0.77,6,0.375,0.12962429382761767,0.4853351268197654,1.0
PDE,C2,0.77,7,0.4375,0.13352942785411004,0.4853351268197654,1.0
PDE,C2,0.77,8,0.5,0.13747507284468247,0.4853351268197654,1.0
PDE,C2,0.77,9,0.5625,0.14146133327802787,0.4853351268197654,1.0
PDE,C2,0.77,10,0.625,0.14548831446468802,0.4853351268197654,1.0
PDE,C2,0.77,11,0.6875,0.14955612256259895,0.4853351268197654,1.0
PDE,C2,0.77,12,0.75,0.15366486459279238,0.4853351268197654,1.0
PDE,C2,0.77,13,0.8125,0.15781464845503992,0.4853351268197654,1.0
PDE,C2,0.77,14,0.875,0.16200558294320913,0.4853351268197654,1.0
PDE,C2,0.77,15,0.9375,0.166237777760178,0.4853351268197654,1.0
PDE,C2,0.77,16,1.0,0.17051134353211475,0.4853351268197654,1.0
PDE,C2,0.78,0,0.0,0.1111490527804376,0.4853351268197654,1.0
PDE,C2,0.78,1,0.0625,0.11495532117389803,0.4853351268197654,1.0
PDE,C2,0.78,2,0.125,0.11880319860718401,0.4853351268197654,1.0
PDE,C2,0.78,3,0.1875,0.1226927927336184,0.4853351268197654,1.0
PDE,C2,0.78,4,0.25,0.12662421206130675,0.4853351268197654,1.0
PDE,C2,0.78,5,0.3125,0.13059756596271718,0.4853351268197654,1.0
PDE,C2,0.78,6,0.375,0.134612964686818,0.4853351268197654,1.0
PDE,C2,0.78,7,0.4375,0.1386705193731936,0.4853351268197654,1.0
PDE,C2,0.78,8,0.5,0.142770342067593,0.4853351268197654,1.0
PDE,C2,0.78,9,0.5625,0.14691254573849347,0.4853351268197654,1.0
PDE,C2,0.78,10,0.625,0.15109724429426458,0.4853351268197654,1.0
PDE,C2,0.78,11,0.6875,0.15532455260060807,0.4853351268197654,1.0
PDE,C2,0.78,12,0.75,0.15959458649796582,0.4853351268197654,1.0
PDE,C2,0.78,13,0.8125,0.1639074628186473,0.4853351268197654,1.0
PDE,C2,0.78,14,0.875,0.1682632994034248,0.4853351268197654,1.0
PDE,C2,0.78,15,0.9375,0.17266221511742155,0.4853351268197654,1.0
PDE,C2,0.78,16,1.0,0.1771043298650773,0.4853351268197654,1.0
PDE,C2,0.79,0,0.0,0.11525963561531004,0.4853351268197654,1.0
PDE,C2,0.79,1,0.0625,0.11920795503442944,0.4853351268197654,1.0
PDE,C2,0.79,2,0.125,0.12319959179154683,0.4853351268197654,1.0
PDE,C2,0.79,3,0.1875,0.12723466142751377,0.4853351268197654,1.0
PDE,C2,0.79,4,0.25,0.1313132804327357,0.4853351268197654,1.0
PDE,C2,0.79,5,0.3125,0.13543556625898484,0.4853351268197654,1.0
PDE,C2,0.79,6,0.375,0.1396016373338316,0.4853351268197654,1.0
PDE,C2,0.79,7,0.4375,0.1438116130770634,0.4853351268197654,1.0
PDE,C2,0.79,8,0.5,0.1480656139184956,0.4853351268197654,1.0
PDE,C2,0.79,9,0.5625,0.15236376131670923,0.4853351268197654,1.0
PDE,C2,0.79,10,0.625,0.15670617777826623,0.4853351268197654,1.0
PDE,C2,0.79,11,0.6875,0.16109298687703882,0.4853351268197654,1.0
PDE,C2,0.79,12,0.75,0.1655243132733168,0.4853351268197654,1.0
PDE,C2,0.79,13,0.8125,0.17000028273241055,0.4853351268197654,1.0
PDE,C2,0.79,14,0.875,0.17452102214248327,0.4853351268197654,1.0
PDE,C2,0.79,15,0.9375,0.17908665953140357,0.4853351268197654,1.0
PDE,C2,0.79,16,1.0,0.18369732408239653,0.4853351268197654,1.0
PDE,C2,0.8,0,0.0,0.1193702187794267,0.4853351268197654,1.0
PDE,C2,0.8,1,0.0625,0.12346058933403481,0.4853351268197654,1.0
PDE,C2,0.8,2,0.125,0.1275959855658961,0.4853351268197654,1.0
PDE,C2,0.8,3,0.1875,0.13177653090323457,0.4853351268197654,1.0
PDE,C2,0.8,4,0.25,0.13600234981869916,0.4853351268197654,1.0
PDE,C2,0.8,5,0.3125,0.14027356784339748,0.4853351268197654,1.0
PDE,C2,0.8,6,0.375,0.1445903115836088,0.4853351268197654,1.0
PDE,C2,0.8,7,0.4375,0.14895270873949631,0.4853351268197654,1.0
PDE,C2,0.8,8,0.5,0.1533608881251712,0.4853351268197654,1.0
PDE,C2,0.8,9,0.5625,0.15781497968959682,0.4853351268197654,1.0
PDE,C2,0.8,10,0.625,0.162315114537848,0.4853351268197654,1.0
PDE,C2,0.8,11,0.6875,0.166861424952322,0.4853351268197654,1.0
PDE,C2,0.8,12,0.75,0.17145404441354067,0.4853351268197654,1.0
PDE,C2,0.8,13,0.8125,0.17609310762022382,0.4853351268197654,1.0
PDE,C2,0.8,14,0.875,0.1807787505083509,0.4853351268197654,1.0
PDE,C2,0.8,15,0.9375,0.18551111026897735,0.4853351268197654,1.0
PDE,C2,0.8,16,1.0,0.19029032536456394,0.4853351268197654,1.0
PDE,C2,0.81,0,0.0,0.12411138362766834,0.4853351268197654,1.0
PDE,C2,0.81,1,0.0625,0.12836600012313146,0.4853351268197654,1.0
PDE,C2,0.81,2,0.125,0.13266766841755526,0.4853351268197654,1.0
PDE,C2,0.81,3,0.1875,0.13701652245716867,0.4853351268197654,1.0
PDE,C2,0.81,4,0.25,0.14141269737103,0.4853351268197654,1.0
PDE,C2,0.81,5,0.3125,0.14585632948824884,0.4853351268197654,1.0
PDE,C2,0.81,6,0.375,0.1503475563578626,0.4853351268197654,1.0
PDE,C2,0.81,7,0.4375,0.15488651677060047,0.4853351268197654,1.0
PDE,C2,0.81,8,0.5,0.15947335078180475,0.4853351268197654,1.0
PDE,C2,0.81,9,0.5625,0.16410819973493293,0.4853351268197654,1.0
PDE,C2,0.81,10,0.625,0.1687912062850871,0.4853351268197654,1.0
PDE,C2,0.81,11,0.6875,0.1735225144221114,0.4853351268197654,1.0
PDE,C2,0.81,12,0.75,0.17830226949284503,0.4853351268197654,1.0
PDE,C2,0.81,13,0.8125,0.18313061822216953,0.4853351268197654,1.0
PDE,C2,0.81,14,0.875,0.1880077087325244,0.4853351268197654,1.0
PDE,C2,0.81,15,0.9375,0.19293369056162438,0.4853351268197654,1.0
PDE,C2,0.81,16,1.0,0.19790871467811774,0.4853351268197654,1.0
PDE,C2,0.8200000000000001,0,0.0,0.12900623407476872,0.4853351268197654,1.0
PDE,C2,0.8200000000000001,1,0.0625,0.13343050591635267,0.4853351268197654,1.0
PDE,C2,0.8200000000000001,2,0.125,0.13790393319731173,0.4853351268197654,1.0
PDE,C2,0.8200000000000001,3,0.1875,0.14242666102270193,0.4853351268197654,1.0
PDE,C2,0.8200000000000001,4,0.25,0.14699883582958317,0.4853351268197654,1.0
PDE,C2,0.8200000000000001,5,0.3125,0.15162060540764014,0.4853351268197654,1.0
PDE,C2,0.8200000000000001,6,0.375,0.15629211892242242,0.4853351268197654,1.0
PDE,C2,0.8200000000000001,7,0.4375,0.1610135269403235,0.4853351268197654,1.0
PDE,C2,0.8200000000000001,8,0.5,0.16578498145449527,0.4853351268197654,1.0
PDE,C2,0.8200000000000001,9,0.5625,0.17060663591103728,0.4853351268197654,1.0
PDE,C2,0.8200000000000001,10,0.625,0.17547864523483955,0.4853351268197654,1.0
PDE,C2,0.8200000000000001,11,0.6875,0.180401165854557,0.4853351268197654,1.0
PDE,C2,0.8200000000000001,12,0.75,0.18537435572624494,0.4853351268197654,1.0
PDE,C2,0.8200000000000001,13,0.8125,0.19039837435524887,0.4853351268197654,1.0
PDE,C2,0.8200000000000001,14,0.875,0.1954733828159773,0.4853351268197654,1.0
PDE,C2,0.8200000000000001,15,0.9375,0.20059954376925762,0.4853351268197654,1.0
PDE,C2,0.8200000000000001,16,1.0,0.20577702147698296,0.4853351268197654,1.0
PDE,C2,0.8300000000000001,0,0.0,0.1339010849151223,0.4853351268197654,1.0
PDE,C2,0.8300000000000001,1,0.0625,0.13849501220860483,0.4853351268197654,1.0
PDE,C2,0.8300000000000001,2,0.125,0.1431401986558527,0.4853351268197654,1.0
PDE,C2,0.8300000000000001,3,0.1875,0.14783680052040488,0.4853351268197654,1.0
PDE,C2,0.8300000000000001,4,0.25,0.15258497554714767,0.4853351268197654,1.0
PDE,C2,0.8300000000000001,5,0.3125,0.1573848829863151,0.4853351268197654,1.0
PDE,C2,0.8300000000000001,6,0.375,0.16223668362006735,0.4853351268197654,1.0
PDE,C2,0.8300000000000001,7,0.4375,0.16714053979067175,0.4853351268197654,1.0
PDE,C2,0.8300000000000001,8,0.5,0.17209661542938934,0.4853351268197654,1.0
PDE,C2,0.8300000000000001,9,0.5625,0.17710507608534054,0.4853351268197654,1.0
PDE,C2,0.8300000000000001,10,0.625,0.18216608895364605,0.4853351268197654,1.0
PDE,C2,0.8300000000000001,11,0.6875,0.1872798229022677,0.4853351268197654,1.0
PDE,C2,0.8300000000000001,12,0.75,0.19244644849701478,0.4853351268197654,1.0
PDE,C2,0.8300000000000001,13,0.8125,0.19766613802426755,0.4853351268197654,1.0
PDE,C2,0.8300000000000001,14,0.875,0.20293906551099986,0.4853351268197654,1.0
PDE,C2,0.8300000000000001,15,0.9375,0.2082654067417642,0.4853351268197654,1.0
PDE,C2,0.8300000000000001,16,1.0,0.21364533927232274,0.4853351268197654,1.0
PDE,C2,0.84,0,0.0,0.13879593610712304,0.4853351268197654,1.0
PDE,C2,0.84,1,0.0625,0.1435595189470734,0.4853351268197654,1.0
PDE,C2,0.84,2,0.125,0.14837646472131458,0.4853351268197654,1.0
PDE,C2,0.84,3,0.1875,0.15324694085155105,0.4853351268197654,1.0
PDE,C2,0.84,4,0.25,0.15817111639032996,0.4853351268197654,1.0
PDE,C2,0.84,5,0.3125,0.1631491620483995,0.4853351268197654,1.0
PDE,C2,0.84,6,0.375,0.16818125022460867,0.4853351268197654,1.0
PDE,C2,0.84,7,0.4375,0.17326755503727187,0.4853351268197654,1.0
PDE,C2,0.84,8,0.5,0.17840825235601626,0.4853351268197654,1.0
PDE,C2,0.84,9,0.5625,0.18360351983330772,0.4853351268197654,1.0
PDE,C2,0.84,10,0.625,0.18885353693487983,0.4853351268197654,1.0
PDE,C2,0.84,11,0.6875,0.19415848496843013,0.4853351268197654,1.0
PDE,C2,0.84,12,0.75,0.1995185471099877,0.4853351268197654,1.0
PDE,C2,0.84,13,0.8125,0.20493390842746348,0.4853351268197654,1.0
PDE,C2,0.84,14,0.875,0.2104047559009126,0.4853351268197654,1.0
PDE,C2,0.84,15,0.9375,0.21593127843914428,0.4853351268197654,1.0
PDE,C2,0.84,16,1.0,0.22151366689233007,0.4853351268197654,1.0
PDE,C2,0.85,0,0.0,0.14442189914804507,0.4853351268197654,1.0
PDE,C2,0.85,1,0.0625,0.14938095200126605,0.4853351268197654,1.0
PDE,C2,0.85,2,0.125,0.15439585066088882,0.4853351268197654,1.0
PDE,C2,0.85,3,0.1875,0.15946677698005954,0.4853351268197654,1.0
PDE,C2,0.85,4,0.25,0.16459391464104692,0.4853351268197654,1.0
PDE,C2,0.85,5,0.3125,0.1697774491868144,0.4853351268197654,1.0
PDE,C2,0.85,6,0.375,0.17501756805495058,0.4853351268197654,1.0
PDE,C2,0.85,7,0.4375,0.18031446061273554,0.4853351268197654,1.0
PDE,C2,0.85,8,0.5,0.18566831819223356,0.4853351268197654,1.0
PDE,C2,0.85,9,0.5625,0.1910793341244868,0.4853351268197654,1.0
PDE,C2,0.85,10,0.625,0.19654770377192715,0.4853351268197654,1.0
PDE,C2,0.85,11,0.6875,0.2020736245582707,0.4853351268197654,1.0
PDE,C2,0.85,12,0.75,0.20765729599521993,0.4853351268197654,1.0
PDE,C2,0.85,13,0.8125,0.2132989197054076,0.4853351268197654,1.0
PDE,C2,0.85,14,0.875,0.21899869944105266,0.4853351268197654,1.0
PDE,C2,0.85,15,0.9375,0.22475684109791613,0.4853351268197654,1.0
PDE,C2,0.85,16,1.0,0.23057355272417476,0.4853351268197654,1.0
PDE,C2,0.86,0,0.0,0.15019123125491932,0.4853351268197654,1.0
PDE,C2,0.86,1,0.0625,0.1553508162495351,0.4853351268197654,1.0
PDE,C2,0.86,2,0.125,0.16056880435936274,0.4853351268197654,1.0
PDE,C2,0.86,3,0.1875,0.16584539251031521,0.4853351268197654,1.0
PDE,C2,0.86,4,0.25,0.17118077966549933,0.4853351268197654,1.0
PDE,C2,0.86,5,0.3125,0.17657516686113914,0.4853351268197654,1.0
PDE,C2,0.86,6,0.375,0.1820287572446464,0.4853351268197654,1.0
PDE,C2,0.86,7,0.4375,0.18754175611347074,0.4853351268197654,1.0
PDE,C2,0.86,8,0.5,0.1931143709534698,0.4853351268197654,1.0
PDE,C2,0.86,9,0.5625,0.19874681147575324,0.4853351268197654,1.0
PDE,C2,0.86,10,0.625,0.20443928965100194,0.4853351268197654,1.0
PDE,C2,0.86,11,0.6875,0.2101920197404157,0.4853351268197654,1.0
PDE,C2,0.86,12,0.75,0.2160052183225374,0.4853351268197654,1.0
PDE,C2,0.86,13,0.8125,0.22187910431529773,0.4853351268197654,1.0
PDE,C2,0.86,14,0.875,0.22781389899269125,0.4853351268197654,1.0
PDE,C2,0.86,15,0.9375,0.23380982599562655,0.4853351268197654,1.0
PDE,C2,0.86,16,1.0,0.23986711133652255,0.4853351268197654,1.0
PDE,C2,0.87,0,0.0,0.1559605638057146,0.4853351268197654,1.0
PDE,C2,0.87,1,0.0625,0.16132068094696703,0.4853351268197654,1.0
PDE,C2,0.87,2,0.125,0.16674175861465565,0.4853351268197654,1.0
PDE,C2,0.87,3,0.1875,0.17222400880687225,0.4853351268197654,1.0
PDE,C2,0.87,4,0.25,0.1777676457672065,0.4853351268197654,1.0
PDE,C2,0.87,5,0.3125,0.18337288602498883,0.4853351268197654,1.0
PDE,C2,0.87,6,0.375,0.1890399484374739,0.4853351268197654,1.0
PDE,C2,0.87,7,0.4375,0.19476905423244775,0.4853351268197654,1.0
PDE,C2,0.87,8,0.5,0.20056042704985508,0.4853351268197654,1.0
PDE,C2,0.87,9,0.5625,0.20641429298127356,0.4853351268197654,1.0
PDE,C2,0.87,10,0.625,0.2123308806061214,0.4853351268197654,1.0
PDE,C2,0.87,11,0.6875,0.2183104210236461,0.4853351268197654,1.0
PDE,C2,0.87,12,0.75,0.22435314787985364,0.4853351268197654,1.0
PDE,C2,0.87,13,0.8125,0.23045929738864412,0.4853351268197654,1.0
PDE,C2,0.87,14,0.875,0.2366291083464976,0.4853351268197654,1.0
PDE,C2,0.87,15,0.9375,0.24286282214020954,0.4853351268197654,1.0
PDE,C2,0.87,16,1.0,0.24916068274720285,0.4853351268197654,1.0
PDE,C2,0.88,0,0.0,0.1623191670553299,0.4853351268197654,1.0
PDE,C2,0.88,1,0.0625,0.16790067407004344,0.4853351268197654,1.0
PDE,C2,0.88,2,0.125,0.17354601084989427,0.4853351268197654,1.0
PDE,C2,0.88,3,0.1875,0.17925540716975957,0.4853351268197654,1.0
PDE,C2,0.88,4,0.25,0.18502909529057196,0.4853351268197654,1.0
PDE,C2,0.88,5,0.3125,0.1908673100042333,0.4853351268197654,1.0
PDE,C2,0.88,6,0.375,0.19677028868015264,0.4853351268197654,1.0
PDE,C2,0.88,7,0.4375,0.20273827131169647,0.4853351268197654,1.0
PDE,C2,0.88,8,0.5,0.20877150056096352,0.4853351268197654,1.0
PDE,C2,0.88,9,0.5625,0.2148702218005473,0.4853351268197654,1.0
PDE,C2,0.88,10,0.625,0.22103468315102043,0.4853351268197654,1.0
PDE,C2,0.88,11,0.6875,0.22726513551305996,0.4853351268197654,1.0
PDE,C2,0.88,12,0.75,0.23356183259325664,0.4853351268197654,1.0
PDE,C2,0.88,13,0.8125,0.2399250309227784,0.4853351268197654,1.0
PDE,C2,0.88,14,0.875,0.24635498986816115,0.4853351268197654,1.0
PDE,C2,0.88,15,0.9375,0.2528519716336675,0.4853351268197654,1.0
PDE,C2,0.88,16,1.0,0.25941624125471724,0.4853351268197654,1.0
PDE,C2,0.89,0,0.0,0.1690696177602758,0.4853351268197654,1.0
PDE,C2,0.89,1,0.0625,0.1748863842070731,0.4853351268197654,1.0
PDE,C2,0.89,2,0.125,0.18077005709484362,0.4853351268197654,1.0
PDE,C2,0.89,3,0.1875,0.18672088577319276,0.4853351268197654,1.0
PDE,C2,0.89,4,0.25,0.19273912233998675,0.4853351268197654,1.0
PDE,C2,0.89,5,0.3125,0.19882502169114435,0.4853351268197654,1.0
PDE,C2,0.89,6,0.375,0.20497884157166976,0.4853351268197654,1.0
PDE,C2,0.89,7,0.4375,0.2112008426259841,0.4853351268197654,1.0
PDE,C2,0.89,8,0.5,0.21749128844575719,0.4853351268197654,1.0
PDE,C2,0.89,9,0.5625,0.22385044561371903,0.4853351268197654,1.0
PDE,C2,0.89,10,0.625,0.23027858374199808,0.4853351268197654,1.0
PDE,C2,0.89,11,0.6875,0.23677597550377416,0.4853351268197654,1.0
PDE,C2,0.89,12,0.75,0.24334289665714212,0.4853351268197654,1.0
PDE,C2,0.89,13,0.8125,0.2499796260602569,0.4853351268197654,1.0
PDE,C2,0.89,14,0.875,0.25668644567695587,0.4853351268197654,1.0
PDE,C2,0.89,15,0.9375,0.2634636405722339,0.4853351268197654,1.0
PDE,C2,0.89,16,1.0,0.2703114988970575,0.4853351268197654,1.0
PDE,C2,0.9,0,0.0,0.17582006926764274,0.4853351268197654,1.0
PDE,C2,0.9,1,0.0625,0.18187209493573095,0.4853351268197654,1.0
PDE,C2,0.9,2,0.125,0.18799410386112836,0.4853351268197654,1.0
PDE,C2,0.9,3,0.1875,0.19418636496725888,0.4853351268197654,1.0
PDE,C2,0.9,4,0.25,0.20044915018834364,0.4853351268197654,1.0
PDE,C2,0.9,5,0.3125,0.20678273452403018,0.4853351268197654,1.0
PDE,C2,0.9,6,0.375,0.2131873960948818,0.4853351268197654,1.0
PDE,C2,0.9,7,0.4375,0.21966341619655746,0.4853351268197654,1.0
PDE,C2,0.9,8,0.5,0.226211079350672,0.4853351268197654,1.0
PDE,C2,0.9,9,0.5625,0.2328306733506302,0.4853351268197654,1.0
PDE,C2,0.9,10,0.625,0.2395224893007979,0.4853351268197654,1.0
PDE,C2,0.9,11,0.6875,0.24628682164766116,0.4853351268197654,1.0
PDE,C2,0.9,12,0.75,0.25312396820172994,0.4853351268197654,1.0
PDE,C2,0.9,13,0.8125,0.26003423014914867,0.4853351268197654,1.0
PDE,C2,0.9,14,0.875,0.26701791205213926,0.4853351268197654,1.0
PDE,C2,0.9,15,0.9375,0.27407532183758254,0.4853351268197654,1.0
PDE,C2,0.9,16,1.0,0.2812067707732098,0.4853351268197654,1.0
PDE,C2,0.91,0,0.0,0.18365369855230979,0.4853351268197654,1.0
PDE,C2,0.91,1,0.0625,0.18997939022637728,0.4853351268197654,1.0
PDE,C2,0.91,2,0.125,0.196378722781068,0.4853351268197654,1.0
PDE,C2,0.91,3,0.1875,0.2028519896410151,0.4853351268197654,1.0
PDE,C2,0.91,4,0.25,0.20939948754314178,0.4853351268197654,1.0
PDE,C2,0.91,5,0.3125,0.21602151659613528,0.4853351268197654,1.0
PDE,C2,0.91,6,0.375,0.22271838034030395,0.4853351268197654,1.0
PDE,C2,0.91,7,0.4375,0.22949038580534034,0.4853351268197654,1.0
PDE,C2,0.91,8,0.5,0.23633784356370394,0.4853351268197654,1.0
PDE,C2,0.91,9,0.5625,0.2432610677776597,0.4853351268197654,1.0
PDE,C2,0.91,10,0.625,0.2502603762381237,0.4853351268197654,1.0
PDE,C2,0.91,11,0.6875,0.25733609039375965,0.4853351268197654,1.0
PDE,C2,0.91,12,0.75,0.26448853536893074,0.4853351268197654,1.0
PDE,C2,0.91,13,0.8125,0.2717180399693463,0.4853351268197654,1.0
PDE,C2,0.91,14,0.875,0.2790249366744444,0.4853351268197654,1.0
PDE,C2,0.91,15,0.9375,0.2864095616157756,0.4853351268197654,1.0
PDE,C2,0.91,16,1.0,0.29387225454086197,0.4853351268197654,1.0
PDE,C2,0.92,0,0.0,0.1915106535506686,0.4853351268197654,1.0
PDE,C2,0.92,1,0.0625,0.19811083759953027,0.4853351268197654,1.0
PDE,C2,0.92,2,0.125,0.20478833285182166,0.4853351268197654,1.0
PDE,C2,0.92,3,0.1875,0.21154345733817598,0.4853351268197654,1.0
PDE,C2,0.92,4,0.25,0.218376532704343,0.4853351268197654,1.0
PDE,C2,0.92,5,0.3125,0.22528788427545357,0.4853351268197654,1.0
PDE,C2,0.92,6,0.375,0.23227784112019387,0.4853351268197654,1.0
PDE,C2,0.92,7,0.4375,0.23934673611210086,0.4853351268197654,1.0
PDE,C2,0.92,8,0.5,0.24649490598542015,0.4853351268197654,1.0
PDE,C2,0.92,9,0.5625,0.25372269138330006,0.4853351268197654,1.0
PDE,C2,0.92,10,0.625,0.26103043689625555,0.4853351268197654,1.0
PDE,C2,0.92,11,0.6875,0.26841849108914684,0.4853351268197654,1.0
PDE,C2,0.92,12,0.75,0.27588720651511506,0.4853351268197654,1.0
PDE,C2,0.92,13,0.8125,0.2834369397151959,0.4853351268197654,1.0
PDE,C2,0.92,14,0.875,0.29106805120256696,0.4853351268197654,1.0
PDE,C2,0.92,15,0.9375,0.29878090543065117,0.4853351268197654,1.0
PDE,C2,0.92,16,1.0,0.3065758707445581,0.4853351268197654,1.0
PDE,C2,0.93,0,0.0,0.20045485905969868,0.4853351268197654,1.0
PDE,C2,0.93,1,0.0625,0.2073681273041723,0.4853351268197654,1.0
PDE,C2,0.93,2,0.125,0.21436296467758645,0.4853351268197654,1.0
PDE,C2,0.93,3,0.1875,0.2214397186084626,0.4853351268197654,1.0
PDE,C2,0.93,4,0.25,0.2285987404590409,0.4853351268197654,1.0
PDE,C2,0.93,5,0.3125,0.2358403855938924,0.4853351268197654,1.0
PDE,C2,0.93,6,0.375,0.24316501344810246,0.4853351268197654,1.0
PDE,C2,0.93,7,0.4375,0.25057298759187635,0.4853351268197654,1.0
PDE,C2,0.93,8,0.5,0.25806467578869835,0.4853351268197654,1.0
PDE,C2,0.93,9,0.5625,0.26564045004451514,0.4853351268197654,1.0
PDE,C2,0.93,10,0.625,0.2733006866456346,0.4853351268197654,1.0
PDE,C2,0.93,11,0.6875,0.2810457661833526,0.4853351268197654,1.0
PDE,C2,0.93,12,0.75,0.2888760735635956,0.4853351268197654,1.0
PDE,C2,0.93,13,0.8125,0.2967919980001593,0.4853351268197654,1.0
PDE,C2,0.93,14,0.875,0.30479393299043384,0.4853351268197654,1.0
PDE,C2,0.93,15,0.9375,0.31288227627282145,0.4853351268197654,1.0
PDE,C2,0.93,16,1.0,0.32105742976536505,0.4853351268197654,1.0
PDE,C2,0.9400000000000001,0,0.0,0.20981745799641688,0.4853351268197654,1.0
PDE,C2,0.9400000000000001,1,0.0625,0.2170586644925306,0.4853351268197654,1.0
PDE,C2,0.9400000000000001,2,0.125,0.22438592486383308,0.4853351268197654,1.0
PDE,C2,0.9400000000000001,3,0.1875,0.23179961773100732,0.4853351268197654,1.0
PDE,C2,0.9400000000000001,4,0.25,0.2393001259683832,0.4853351268197654,1.0
PDE,C2,0.9400000000000001,5,0.3125,0.24688783677669857,0.4853351268197654,1.0
PDE,C2,0.9400000000000001,6,0.375,0.25456314175523104,0.4853351268197654,1.0
PDE,C2,0.9400000000000001,7,0.4375,0.2623264369697904,0.4853351268197654,1.0
PDE,C2,0.9400000000000001,8,0.5,0.2701781230133787,0.4853351268197654,1.0
PDE,C2,0.9400000000000001,9,0.5625,0.27811860505667807,0.4853351268197654,1.0
PDE,C2,0.9400000000000001,10,0.625,0.28614829288580756,0.4853351268197654,1.0
PDE,C2,0.9400000000000001,11,0.6875,0.2942676009251259,0.4853351268197654,1.0
PDE,C2,0.9400000000000001,12,0.75,0.30247694824320326,0.4853351268197654,1.0
PDE,C2,0.9400000000000001,13,0.8125,0.3107767585404064,0.4853351268197654,1.0
PDE,C2,0.9400000000000001,14,0.875,0.3191674601169147,0.4853351268197654,1.0
PDE,C2,0.9400000000000001,15,0.9375,0.32764948582036163,0.4853351268197654,1.0
PDE,C2,0.9400000000000001,16,1.0,0.3362232729726602,0.4853351268197654,1.0
PDE,C2,0.95,0,0.0,0.2203518034527573,0.4853351268197654,1.0
PDE,C2,0.95,1,0.0625,0.22796255813991154,0.4853351268197654,1.0
PDE,C2,0.95,2,0.125,0.23566448724866443,0.4853351268197654,1.0
PDE,C2,0.95,3,0.1875,0.24345800553036576,0.4853351268197654,1.0
PDE,C2,0.95,4,0.25,0.2513435323028969,0.4853351268197654,1.0
PDE,C2,0.95,5,0.3125,0.2593214915271681,0.4853351268197654,1.0
PDE,C2,0.95,6,0.375,0.2673923118833211,0.4853351268197654,1.0
PDE,C2,0.95,7,0.4375,0.27555642684277487,0.4853351268197654,1.0
PDE,C2,0.95,8,0.5,0.28381427473256166,0.4853351268197654,1.0
PDE,C2,0.95,9,0.5625,0.29216629878882516,0.4853351268197654,1.0
PDE,C2,0.95,10,0.625,0.30061294719662035,0.4853351268197654,1.0
PDE,C2,0.95,11,0.6875,0.3091546731135942,0.4853351268197654,1.0
PDE,C2,0.95,12,0.75,0.3177919346754402,0.4853351268197654,1.0
PDE,C2,0.95,13,0.8125,0.32652519498147414,0.4853351268197654,1.0
PDE,C2,0.95,14,0.875,0.3353549220590322,0.4853351268197654,1.0
PDE,C2,0.95,15,0.9375,0.34428158880588183,0.4853351268197654,1.0
PDE,C2,0.95,16,1.0,0.3533056729102318,0.4853351268197654,1.0
dense,C0,0.0,0,0.0,0.0,0.4853351268197654,1.0
dense,C0,0.0,1,0.0625,0.0,0.4853351268197654,1.0
dense,C0,0.0,2,0.125,0.0,0.4853351268197654,1.0
dense,C0,0.0,3,0.1875,0.0,0.4853351268197654,1.0
dense,C0,0.0,4,0.25,0.0,0.4853351268197654,1.0
dense,C0,0.0,5,0.3125,0.0,0.4853351268197654,1.0
dense,C0,0.0,6,0.375,0.0,0.4853351268197654,1.0
dense,C0,0.0,7,0.4375,0.0,0.4853351268197654,1.0
dense,C0,0.0,8,0.5,0.0,0.4853351268197654,1.0
dense,C0,0.0,9,0.5625,0.0,0.4853351268197654,1.0
dense,C0,0.0,10,0.625,0.0,0.4853351268197654,1.0
dense,C0,0.0,11,0.6875,0.0,0.4853351268197654,1.0
dense,C0,0.0,12,0.75,0.0,0.4853351268197654,1.0
dense,C0,0.0,13,0.8125,0.0,0.4853351268197654,1.0
dense,C0,0.0,14,0.875,0.0,0.4853351268197654,1.0
dense,C0,0.0,15,0.9375,0.0,0.4853351268197654,1.0
dense,C0,0.0,16,1.0,0.0,0.4853351268197654,1.0
dense,C0,0.01,0,0.0,0.0002560115464897467,0.4853351268197654,1.0
dense,C0,0.01,1,0.0625,0.0002687841064116011,0.4853351268197654,1.0
dense,C0,0.01,2,0.125,0.0002912176144595705,0.4853351268197654,1.0
dense,C0,0.01,3,0.1875,0.0003198765551219699,0.4853351268197654,1.0
dense,C0,0.01,4,0.25,0.00033936874167628847,0.4853351268197654,1.0
dense,C0,0.01,5,0.3125,0.00035955621586113693,0.4853351268197654,1.0
dense,C0,0.01,6,0.375,0.000391080273756614,0.4853351268197654,1.0
dense,C0,0.01,7,0.4375,0.0004123124281121133,0.4853351268197654,1.0
dense,C0,0.01,8,0.5,0.0004358514975376229,0.4853351268197654,1.0
dense,C0,0.01,9,0.5625,0.0004661974399467718,0.4853351268197654,1.0
dense,C0,0.01,10,0.625,0.0004913057161928471,0.4853351268197654,1.0
dense,C0,0.01,11,0.6875,0.0005154576621552478,0.4853351268197654,1.0
dense,C0,0.01,12,0.75,0.0005402510653954554,0.4853351268197654,1.0
dense,C0,0.01,13,0.8125,0.0005684885707382177,0.4853351268197654,1.0
dense,C0,0.01,14,0.875,0.0005893245888378038,0.4853351268197654,1.0
dense,C0,0.01,15,0.9375,0.0006139518892253724,0.4853351268197654,1.0
dense,C0,0.01,16,1.0,0.000639590597912279,0.4853351268197654,1.0
dense,C0,0.02,0,0.0,0.0005120230929792972,0.4853351268197654,1.0
dense,C0,0.02,1,0.0625,0.0005375682128230249,0.4853351268197654,1.0
dense,C0,0.02,2,0.125,0.0005824352289192227,0.4853351268197654,1.0
dense,C0,0.02,3,0.1875,0.000639753110244023,0.4853351268197654,1.0
dense,C0,0.02,4,0.25,0.000678737483352443,0.4853351268197654,1.0
dense,C0,0.02,5,0.3125,0.0007191124317222215,0.4853351268197654,1.0
dense,C0,0.02,6,0.375,0.0007821605475132125,0.4853351268197654,1.0
dense,C0,0.02,7,0.4375,0.0008246248562242848,0.4853351268197654,1.0
dense,C0,0.02,8,0.5,0.0008717029950751625,0.4853351268197654,1.0
dense,C0,0.02,9,0.5625,0.0009323948798936889,0.4853351268197654,1.0
dense,C0,0.02,10,0.625,0.0009826114323856824,0.4853351268197654,1.0
dense,C0,0.02,11,0.6875,0.0010309153243103176,0.4853351268197654,1.0
dense,C0,0.02,12,0.75,0.0010805021307908308,0.4853351268197654,1.0
dense,C0,0.02,13,0.8125,0.001136977141476448,0.4853351268197654,1.0
dense,C0,0.02,14,0.875,0.0011786491776756777,0.4853351268197654,1.0
dense,C0,0.02,15,0.9375,0.001227903778450792,0.4853351268197654,1.0
dense,C0,0.02,16,1.0,0.0012791811958246951,0.4853351268197654,1.0
dense,C0,0.03,0,0.0,0.000768034639469105,0.4853351268197654,1.0
dense,C0,0.03,1,0.0625,0.0008063523192346872,0.4853351268197654,1.0
dense,C0,0.03,2,0.125,0.0008736528433787932,0.4853351268197654,1.0
dense,C0,0.03,3,0.1875,0.0009596296653661391,0.4853351268197654,1.0
dense,C0,0.03,4,0.25,0.0010181062250287731,0.4853351268197654,1.0
dense,C0,0.03,5,0.3125,0.0010786686475835036,0.4853351268197654,1.0
dense,C0,0.03,6,0.375,0.001173240821269975,0.4853351268197654,1.0
dense,C0,0.03,7,0.4375,0.0012369372843364448,0.4853351268197654,1.0
dense,C0,0.03,8,0.5,0.00130755449261292,0.4853351268197654,1.0
dense,C0,0.03,9,0.5625,0.0013985923198405919,0.4853351268197654,1.0
dense,C0,0.03,10,0.625,0.0014739171485784568,0.4853351268197654,1.0
dense,C0,0.03,11,0.6875,0.0015463729864656224,0.4853351268197654,1.0
dense,C0,0.03,12,0.75,0.0016207531961863425,0.4853351268197654,1.0
dense,C0,0.03,13,0.8125,0.0017054657122149218,0.4853351268197654,1.0
dense,C0,0.03,14,0.875,0.0017679737665134846,0.4853351268197654,1.0
dense,C0,0.03,15,0.9375,0.0018418556676762141,0.4853351268197654,1.0
dense,C0,0.03,16,1.0,0.0019187717937371612,0.4853351268197654,1.0
dense,C0,0.04,0,0.0,0.0010240461859587885,0.4853351268197654,1.0
dense,C0,0.04,1,0.0625,0.0010751364256460936,0.4853351268197654,1.0
dense,C0,0.04,2,0.125,0.0011648704578383602,0.4853351268197654,1.0
dense,C0,0.04,3,0.1875,0.0012795062204879607,0.4853351268197654,1.0
dense,C0,0.04,4,0.25,0.0013574749667047382,0.4853351268197654,1.0
dense,C0,0.04,5,0.3125,0.0014382248634444523,0.4853351268197654,1.0
dense,C0,0.04,6,0.375,0.001564321095026438,0.4853351268197654,1.0
dense,C0,0.04,7,0.4375,0.0016492497124485578,0.4853351268197654,1.0
dense,C0,0.04,8,0.5,0.001743405990150406,0.4853351268197654,1.0
dense,C0,0.04,9,0.5625,0.001864789759787306,0.4853351268197654,1.0
dense,C0,0.04,10,0.625,0.001965222864771115,0.4853351268197654,1.0
dense,C0,0.04,11,0.6875,0.00206183064862068,0.4853351268197654,1.0
dense,C0,0.04,12,0.75,0.0021610042615816624,0.4853351268197654,1.0
dense,C0,0.04,13,0.8125,0.0022739542829530853,0.4853351268197654,1.0
dense,C0,0.04,14,0.875,0.002357298355351223,0.4853351268197654,1.0
dense,C0,0.04,15,0.9375,0.0024558075569015704,0.4853351268197654,1.0
dense,C0,0.04,16,1.0,0.002558362391649387,0.4853351268197654,1.0
dense,C0,0.05,0,0.0,0.001280057732448535,0.4853351268197654,1.0
dense,C0,0.05,1,0.0625,0.0013439205320577032,0.4853351268197654,1.0
dense,C0,0.05,2,0.125,0.001456088072298016,0.4853351268197654,1.0
dense,C0,0.05,3,0.1875,0.001599382775610078,0.4853351268197654,1.0
dense,C0,0.05,4,0.25,0.0016968437083810274,0.4853351268197654,1.0
dense,C0,0.05,5,0.3125,0.0017977810793057395,0.4853351268197654,1.0
dense,C0,0.05,6,0.375,0.001955401368783187,0.4853351268197654,1.0
dense,C0,0.05,7,0.4375,0.00206156214056073,0.4853351268197654,1.0
dense,C0,0.05,8,0.5,0.0021792574876880813,0.4853351268197654,1.0
dense,C0,0.05,9,0.5625,0.002330987199734209,0.4853351268197654,1.0
dense,C0,0.05,10,0.625,0.0024565285809641526,0.4853351268197654,1.0
dense,C0,0.05,11,0.6875,0.0025772883107761284,0.4853351268197654,1.0
dense,C0,0.05,12,0.75,0.002701255326977173,0.4853351268197654,1.0
dense,C0,0.05,13,0.8125,0.002842442853691505,0.4853351268197654,1.0
dense,C0,0.05,14,0.875,0.002946622944189178,0.4853351268197654,1.0
dense,C0,0.05,15,0.9375,0.0030697594461270073,0.4853351268197654,1.0
dense,C0,0.05,16,1.0,0.0031979529895618717,0.4853351268197654,1.0
dense,C0,0.06,0,0.0,0.0015360692789380876,0.4853351268197654,1.0
dense,C0,0.06,1,0.0625,0.001612704638469118,0.4853351268197654,1.0
dense,C0,0.06,2,0.125,0.0017473056867575842,0.4853351268197654,1.0
dense,C0,0.06,3,0.1875,0.0019192593307321207,0.4853351268197654,1.0
dense,C0,0.06,4,0.25,0.00203621245005718,0.4853351268197654,1.0
dense,C0,0.06,5,0.3125,0.0021573372951668745,0.4853351268197654,1.0
dense,C0,0.06,6,0.375,0.0023464816425397997,0.4853351268197654,1.0
dense,C0,0.06,7,0.4375,0.002473874568672842,0.4853351268197654,1.0
dense,C0,0.06,8,0.5,0.0026151089852257015,0.4853351268197654,1.0
dense,C0,0.06,9,0.5625,0.002797184639680992,0.4853351268197654,1.0
dense,C0,0.06,10,0.625,0.0029478342971568008,0.4853351268197654,1.0
dense,C0,0.06,11,0.6875,0.003092745972931188,0.4853351268197654,1.0
dense,C0,0.06,12,0.75,0.0032415063923726256,0.4853351268197654,1.0
dense,C0,0.06,13,0.8125,0.003410931424429721,0.4853351268197654,1.0
dense,C0,0.06,14,0.875,0.0035359475330269566,0.4853351268197654,1.0
dense,C0,0.06,15,0.9375,0.0036837113353524282,0.4853351268197654,1.0
dense,C0,0.06,16,1.0,0.003837543587474218,0.4853351268197654,1.0
dense,C0,0.07,0,0.0,0.0017920808254278965,0.4853351268197654,1.0
dense,C0,0.07,1,0.0625,0.0018814887448807282,0.4853351268197654,1.0
dense,C0,0.07,2,0.125,0.002038523301217155,0.4853351268197654,1.0
dense,C0,0.07,3,0.1875,0.0022391358858541003,0.4853351268197654,1.0
dense,C0,0.07,4,0.25,0.00237558119173347,0.4853351268197654,1.0
dense,C0,0.07,5,0.3125,0.002516893511028148,0.4853351268197654,1.0
dense,C0,0.07,6,0.375,0.002737561916296547,0.4853351268197654,1.0
dense,C0,0.07,7,0.4375,0.0028861869967850154,0.4853351268197654,1.0
dense,C0,0.07,8,0.5,0.0030509604827631803,0.4853351268197654,1.0
dense,C0,0.07,9,0.5625,0.003263382079627898,0.4853351268197654,1.0
dense,C0,0.07,10,0.625,0.0034391400133497044,0.4853351268197654,1.0
dense,C0,0.07,11,0.6875,0.0036082036350864486,0.4853351268197654,1.0
dense,C0,0.07,12,0.75,0.0037817574577681382,0.4853351268197654,1.0
dense,C0,0.07,13,0.8125,0.003979419995168141,0.4853351268197654,1.0
dense,C0,0.07,14,0.875,0.00412527212186491,0.4853351268197654,1.0
dense,C0,0.07,15,0.9375,0.004297663224577801,0.4853351268197654,1.0
dense,C0,0.07,16,1.0,0.004477134185386701,0.4853351268197654,1.0
dense,C0,0.08,0,0.0,0.0020480923719175784,0.4853351268197654,1.0
dense,C0,0.08,1,0.0625,0.002150272851292329,0.4853351268197654,1.0
dense,C0,0.08,2,0.125,0.0023297409156768077,0.4853351268197654,1.0
dense,C0,0.08,3,0.1875,0.0025590124409760697,0.4853351268197654,1.0
dense,C0,0.08,4,0.25,0.002714949933409611,0.4853351268197654,1.0
dense,C0,0.08,5,0.3125,0.0028764497268892316,0.4853351268197654,1.0
dense,C0,0.08,6,0.375,0.0031286421900530974,0.4853351268197654,1.0
dense,C0,0.08,7,0.4375,0.003298499424897118,0.4853351268197654,1.0
dense,C0,0.08,8,0.5,0.003486811980300801,0.4853351268197654,1.0
dense,C0,0.08,9,0.5625,0.0037295795195746093,0.4853351268197654,1.0
dense,C0,0.08,10,0.625,0.003930445729542552,0.4853351268197654,1.0
dense,C0,0.08,11,0.6875,0.004123661297241551,0.4853351268197654,1.0
dense,C0,0.08,12,0.75,0.004322008523163459,0.4853351268197654,1.0
dense,C0,0.08,13,0.8125,0.004547908565906359,0.4853351268197654,1.0
dense,C0,0.08,14,0.875,0.004714596710702649,0.4853351268197654,1.0
dense,C0,0.08,15,0.9375,0.0049116151138030705,0.4853351268197654,1.0
dense,C0,0.08,16,1.0,0.00511672478329898,0.4853351268197654,1.0
dense,C0,0.09,0,0.0,0.0023041039184071286,0.4853351268197654,1.0
dense,C0,0.09,1,0.0625,0.0024190569577037966,0.4853351268197654,1.0
dense,C0,0.09,2,0.125,0.0026209585301363663,0.4853351268197654,1.0
dense,C0,0.09,3,0.1875,0.0028788889960981094,0.4853351268197654,1.0
dense,C0,0.09,4,0.25,0.003054318675085763,0.4853351268197654,1.0
dense,C0,0.09,5,0.3125,0.0032360059427501797,0.4853351268197654,1.0
dense,C0,0.09,6,0.375,0.003519722463809707,0.4853351268197654,1.0
dense,C0,0.09,7,0.4375,0.0037108118530092874,0.4853351268197654,1.0
dense,C0,0.09,8,0.5,0.003922663477838421,0.4853351268197654,1.0
dense,C0,0.09,9,0.5625,0.004195776959521381,0.4853351268197654,1.0
dense,C0,0.09,10,0.625,0.004421751445735256,0.4853351268197654,1.0
dense,C0,0.09,11,0.6875,0.004639118959396741,0.4853351268197654,1.0
dense,C0,0.09,12,0.75,0.004862259588558967,0.4853351268197654,1.0
dense,C0,0.09,13,0.8125,0.005116397136644589,0.4853351268197654,1.0
dense,C0,0.09,14,0.875,0.005303921299540249,0.4853351268197654,1.0
dense,C0,0.09,15,0.9375,0.005525567003028562,0.4853351268197654,1.0
dense,C0,0.09,16,1.0,0.0057563153812112055,0.4853351268197654,1.0
dense,C0,0.1,0,0.0,0.002560115464896742,0.4853351268197654,1.0
dense,C0,0.1,1,0.0625,0.0026878410641154064,0.4853351268197654,1.0
dense,C0,0.1,2,0.125,0.0029121761445960828,0.4853351268197654,1.0
dense,C0,0.1,3,0.1875,0.003198765551220091,0.4853351268197654,1.0
dense,C0,0.1,4,0.25,0.003393687416761917,0.4853351268197654,1.0
dense,C0,0.1,5,0.3125,0.0035955621586114747,0.4853351268197654,1.0
dense,C0,0.1,6,0.375,0.003910802737566321,0.4853351268197654,1.0
dense,C0,0.1,7,0.4375,0.004123124281121404,0.4853351268197654,1.0
dense,C0,0.1,8,0.5,0.004358514975375963,0.4853351268197654,1.0
dense,C0,0.1,9,0.5625,0.004661974399468295,0.4853351268197654,1.0
dense,C0,0.1,10,0.625,0.004913057161928103,0.4853351268197654,1.0
dense,C0,0.1,11,0.6875,0.005154576621551869,0.4853351268197654,1.0
dense,C0,0.1,12,0.75,0.005402510653954291,0.4853351268197654,1.0
dense,C0,0.1,13,0.8125,0.0056848857073828725,0.4853351268197654,1.0
dense,C0,0.1,14,0.875,0.005893245888378329,0.4853351268197654,1.0
dense,C0,0.1,15,0.9375,0.006139518892253998,0.4853351268197654,1.0
dense,C0,0.1,16,1.0,0.006395905979123811,0.4853351268197654,1.0
dense,C0,0.11,0,0.0,0.0028161270113864867,0.4853351268197654,1.0
dense,C0,0.11,1,0.0625,0.0029566251705268293,0.4853351268197654,1.0
dense,C0,0.11,2,0.125,0.0032033937590555898,0.4853351268197654,1.0
dense,C0,0.11,3,0.1875,0.0035186421063420083,0.4853351268197654,1.0
dense,C0,0.11,4,0.25,0.003733056158438207,0.4853351268197654,1.0
dense,C0,0.11,5,0.3125,0.003955118374472736,0.4853351268197654,1.0
dense,C0,0.11,6,0.375,0.004301883011322882,0.4853351268197654,1.0
dense,C0,0.11,7,0.4375,0.004535436709233509,0.4853351268197654,1.0
dense,C0,0.11,8,0.5,0.004794366472913586,0.4853351268197654,1.0
dense,C0,0.11,9,0.5625,0.0051281718394151415,0.4853351268197654,1.0
dense,C0,0.11,10,0.625,0.005404362878120951,0.4853351268197654,1.0
dense,C0,0.11,11,0.6875,0.005670034283706983,0.4853351268197654,1.0
dense,C0,0.11,12,0.75,0.005942761719349745,0.4853351268197654,1.0
dense,C0,0.11,13,0.8125,0.006253374278121091,0.4853351268197654,1.0
dense,C0,0.11,14,0.875,0.006482570477216119,0.4853351268197654,1.0
dense,C0,0.11,15,0.9375,0.0067534707814792165,0.4853351268197654,1.0
dense,C0,0.11,16,1.0,0.007035496577036019,0.4853351268197654,1.0
dense,C0,0.12,0,0.0,0.0030721385578762355,0.4853351268197654,1.0
dense,C0,0.12,1,0.0625,0.003225409276938432,0.4853351268197654,1.0
dense,C0,0.12,2,0.125,0.0034946113735151657,0.4853351268197654,1.0
dense,C0,0.12,3,0.1875,0.0038385186614641135,0.4853351268197654,1.0
dense,C0,0.12,4,0.25,0.004072424900114348,0.4853351268197654,1.0
dense,C0,0.12,5,0.3125,0.004314674590333885,0.4853351268197654,1.0
dense,C0,0.12,6,0.375,0.00469296328507968,0.4853351268197654,1.0
dense,C0,0.12,7,0.4375,0.004947749137345867,0.4853351268197654,1.0
dense,C0,0.12,8,0.5,0.005230217970451206,0.4853351268197654,1.0
dense,C0,0.12,9,0.5625,0.00559436927936197,0.4853351268197654,1.0
dense,C0,0.12,10,0.625,0.005895668594313711,0.4853351268197654,1.0
dense,C0,0.12,11,0.6875,0.006185491945862376,0.4853351268197654,1.0
dense,C0,0.12,12,0.75,0.0064830127847452556,0.4853351268197654,1.0
dense,C0,0.12,13,0.8125,0.006821862848859508,0.4853351268197654,1.0
dense,C0,0.12,14,0.875,0.0070718950660539235,0.4853351268197654,1.0
dense,C0,0.12,15,0.9375,0.007367422670704655,0.4853351268197654,1.0
dense,C0,0.12,16,1.0,0.007675087174948452,0.4853351268197654,1.0
dense,C0,0.13,0,0.0,0.0033281501043659826,0.4853351268197654,1.0
dense,C0,0.13,1,0.0625,0.0034941933833498966,0.4853351268197654,1.0
dense,C0,0.13,2,0.125,0.003785828987974729,0.4853351268197654,1.0
dense,C0,0.13,3,0.1875,0.004158395216586084,0.4853351268197654,1.0
dense,C0,0.13,4,0.25,0.004411793641790639,0.4853351268197654,1.0
dense,C0,0.13,5,0.3125,0.00467423080619497,0.4853351268197654,1.0
dense,C0,0.13,6,0.375,0.005084043558836283,0.4853351268197654,1.0
dense,C0,0.13,7,0.4375,0.005360061565457847,0.4853351268197654,1.0
dense,C0,0.13,8,0.5,0.005666069467988749,0.4853351268197654,1.0
dense,C0,0.13,9,0.5625,0.0060605667193086975,0.4853351268197654,1.0
dense,C0,0.13,10,0.625,0.006386974310506561,0.4853351268197654,1.0
dense,C0,0.13,11,0.6875,0.00670094960801749,0.4853351268197654,1.0
dense,C0,0.13,12,0.75,0.00702326385014063,0.4853351268197654,1.0
dense,C0,0.13,13,0.8125,0.007390351419597862,0.4853351268197654,1.0
dense,C0,0.13,14,0.875,0.007661219654891678,0.4853351268197654,1.0
dense,C0,0.13,15,0.9375,0.007981374559930077,0.4853351268197654,1.0
dense,C0,0.13,16,1.0,0.008314677772860919,0.4853351268197654,1.0
dense,C0,0.14,0,0.0,0.003584161650855667,0.4853351268197654,1.0
dense,C0,0.14,1,0.0625,0.0037629774897614565,0.4853351268197654,1.0
dense,C0,0.14,2,0.125,0.004077046602434392,0.4853351268197654,1.0
dense,C0,0.14,3,0.1875,0.004478271771708189,0.4853351268197654,1.0
dense,C0,0.14,4,0.25,0.004751162383466793,0.4853351268197654,1.0
dense,C0,0.14,5,0.3125,0.005033787022056055,0.4853351268197654,1.0
dense,C0,0.14,6,0.375,0.005475123832592895,0.4853351268197654,1.0
dense,C0,0.14,7,0.4375,0.0057723739935700985,0.4853351268197654,1.0
dense,C0,0.14,8,0.5,0.00610192096552637,0.4853351268197654,1.0
dense,C0,0.14,9,0.5625,0.00652676415925566,0.4853351268197654,1.0
dense,C0,0.14,10,0.625,0.006878280026699409,0.4853351268197654,1.0
dense,C0,0.14,11,0.6875,0.007216407270172684,0.4853351268197654,1.0
dense,C0,0.14,12,0.75,0.007563514915536087,0.4853351268197654,1.0
dense,C0,0.14,13,0.8125,0.007958839990336095,0.4853351268197654,1.0
dense,C0,0.14,14,0.875,0.008250544243729481,0.4853351268197654,1.0
dense,C0,0.14,15,0.9375,0.008595326449155432,0.4853351268197654,1.0
dense,C0,0.14,16,1.0,0.0089542683707732,0.4853351268197654,1.0
dense,C0,0.15,0,0.0,0.003840173197345278,0.4853351268197654,1.0
dense,C0,0.15,1,0.0625,0.004031761596173059,0.4853351268197654,1.0
dense,C0,0.15,2,0.125,0.004368264216893961,0.4853351268197654,1.0
dense,C0,0.15,3,0.1875,0.004798148326830108,0.4853351268197654,1.0
dense,C0,0.15,4,0.25,0.0050905311251430805,0.4853351268197654,1.0
dense,C0,0.15,5,0.3125,0.005393343237917202,0.4853351268197654,1.0
dense,C0,0.15,6,0.375,0.005866204106349453,0.4853351268197654,1.0
dense,C0,0.15,7,0.4375,0.006184686421682267,0.4853351268197654,1.0
dense,C0,0.15,8,0.5,0.006537772463063991,0.4853351268197654,1.0
dense,C0,0.15,9,0.5625,0.006992961599202372,0.4853351268197654,1.0
dense,C0,0.15,10,0.625,0.007369585742892111,0.4853351268197654,1.0
dense,C0,0.15,11,0.6875,0.007731864932327986,0.4853351268197654,1.0
dense,C0,0.15,12,0.75,0.008103765980931462,0.4853351268197654,1.0
dense,C0,0.15,13,0.8125,0.008527328561074379,0.4853351268197654,1.0
dense,C0,0.15,14,0.875,0.008839868832567408,0.4853351268197654,1.0
dense,C0,0.15,15,0.9375,0.009209278338380988,0.4853351268197654,1.0
dense,C0,0.15,16,1.0,0.00959385896868563,0.4853351268197654,1.0
dense,C0,0.16,0,0.0,0.004096184743835025,0.4853351268197654,1.0
dense,C0,0.16,1,0.0625,0.004300545702584526,0.4853351268197654,1.0
dense,C0,0.16,2,0.125,0.0046594818313536665,0.4853351268197654,1.0
dense,C0,0.16,3,0.1875,0.0051180248819522114,0.4853351268197654,1.0
dense,C0,0.16,4,0.25,0.005429899866819283,0.4853351268197654,1.0
dense,C0,0.16,5,0.3125,0.00575289945377834,0.4853351268197654,1.0
dense,C0,0.16,6,0.375,0.006257284380106067,0.4853351268197654,1.0
dense,C0,0.16,7,0.4375,0.006596998849794438,0.4853351268197654,1.0
dense,C0,0.16,8,0.5,0.006973623960601612,0.4853351268197654,1.0
dense,C0,0.16,9,0.5625,0.007459159039149275,0.4853351268197654,1.0
dense,C0,0.16,10,0.625,0.007860891459084961,0.4853351268197654,1.0
dense,C0,0.16,11,0.6875,0.008247322594483056,0.4853351268197654,1.0
dense,C0,0.16,12,0.75,0.008644017046326917,0.4853351268197654,1.0
dense,C0,0.16,13,0.8125,0.00909581713181273,0.4853351268197654,1.0
dense,C0,0.16,14,0.875,0.00942919342140516,0.4853351268197654,1.0
dense,C0,0.16,15,0.9375,0.009823230227606278,0.4853351268197654,1.0
dense,C0,0.16,16,1.0,0.01023344956659803,0.4853351268197654,1.0
dense,C0,0.17,0,0.0,0.004352196290324763,0.4853351268197654,1.0
dense,C0,0.17,1,0.0625,0.004569329808996135,0.4853351268197654,1.0
dense,C0,0.17,2,0.125,0.004950699445813184,0.4853351268197654,1.0
dense,C0,0.17,3,0.1875,0.005437901437074182,0.4853351268197654,1.0
dense,C0,0.17,4,0.25,0.005769268608495427,0.4853351268197654,1.0
dense,C0,0.17,5,0.3125,0.00611245566963961,0.4853351268197654,1.0
dense,C0,0.17,6,0.375,0.00664836465386268,0.4853351268197654,1.0
dense,C0,0.17,7,0.4375,0.007009311277906552,0.4853351268197654,1.0
dense,C0,0.17,8,0.5,0.007409475458139099,0.4853351268197654,1.0
dense,C0,0.17,9,0.5625,0.007925356479096061,0.4853351268197654,1.0
dense,C0,0.17,10,0.625,0.008352197175277864,0.4853351268197654,1.0
dense,C0,0.17,11,0.6875,0.008762780256638316,0.4853351268197654,1.0
dense,C0,0.17,12,0.75,0.009184268111722427,0.4853351268197654,1.0
dense,C0,0.17,13,0.8125,0.009664305702550878,0.4853351268197654,1.0
dense,C0,0.17,14,0.875,0.010018518010243088,0.4853351268197654,1.0
dense,C0,0.17,15,0.9375,0.010437182116831784,0.4853351268197654,1.0
dense,C0,0.17,16,1.0,0.010873040164510323,0.4853351268197654,1.0
dense,C0,0.18,0,0.0,0.0046082078368143205,0.4853351268197654,1.0
dense,C0,0.18,1,0.0625,0.004838113915407736,0.4853351268197654,1.0
dense,C0,0.18,2,0.125,0.005241917060272753,0.4853351268197654,1.0
dense,C0,0.18,3,0.1875,0.00575777799219615,0.4853351268197654,1.0
dense,C0,0.18,4,0.25,0.006108637350171717,0.4853351268197654,1.0
dense,C0,0.18,5,0.3125,0.006472011885500708,0.4853351268197654,1.0
dense,C0,0.18,6,0.375,0.007039444927619418,0.4853351268197654,1.0
dense,C0,0.18,7,0.4375,0.007421623706018655,0.4853351268197654,1.0
dense,C0,0.18,8,0.5,0.007845326955676775,0.4853351268197654,1.0
dense,C0,0.18,9,0.5625,0.008391553919042907,0.4853351268197654,1.0
dense,C0,0.18,10,0.625,0.008843502891470569,0.4853351268197654,1.0
dense,C0,0.18,11,0.6875,0.009278237918793564,0.4853351268197654,1.0
dense,C0,0.18,12,0.75,0.009724519177117894,0.4853351268197654,1.0
dense,C0,0.18,13,0.8125,0.010232794273289231,0.4853351268197654,1.0
dense,C0,0.18,14,0.875,0.01060784259908084,0.4853351268197654,1.0
dense,C0,0.18,15,0.9375,0.011051134006057017,0.4853351268197654,1.0
dense,C0,0.18,16,1.0,0.011512630762422737,0.4853351268197654,1.0
dense,C0,0.19,0,0.0,0.004864219383304067,0.4853351268197654,1.0
dense,C0,0.19,1,0.0625,0.00510689802181921,0.4853351268197654,1.0
dense,C0,0.19,2,0.125,0.0055331346747323215,0.4853351268197654,1.0
dense,C0,0.19,3,0.1875,0.006077654547318204,0.4853351268197654,1.0
dense,C0,0.19,4,0.25,0.006448006091847869,0.4853351268197654,1.0
dense,C0,0.19,5,0.3125,0.006831568101361841,0.4853351268197654,1.0
dense,C0,0.19,6,0.375,0.007430525201376028,0.4853351268197654,1.0
dense,C0,0.19,7,0.4375,0.007833936134130826,0.4853351268197654,1.0
dense,C0,0.19,8,0.5,0.008281178453214385,0.4853351268197654,1.0
dense,C0,0.19,9,0.5625,0.008857751358989734,0.4853351268197654,1.0
dense,C0,0.19,10,0.625,0.009334808607663414,0.4853351268197654,1.0
dense,C0,0.19,11,0.6875,0.00979369558094862,0.4853351268197654,1.0
dense,C0,0.19,12,0.75,0.01026477024251327,0.4853351268197654,1.0
dense,C0,0.19,13,0.8125,0.010801282844027513,0.4853351268197654,1.0
dense,C0,0.19,14,0.875,0.011197167187918643,0.4853351268197654,1.0
dense,C0,0.19,15,0.9375,0.011665085895282439,0.4853351268197654,1.0
dense,C0,0.19,16,1.0,0.012152221360335154,0.4853351268197654,1.0
dense,C0,0.2,0,0.0,0.005120230929793805,0.4853351268197654,1.0
dense,C0,0.2,1,0.0625,0.005375682128230814,0.4853351268197654,1.0
dense,C0,0.2,2,0.125,0.005824352289191968,0.4853351268197654,1.0
dense,C0,0.2,3,0.1875,0.006397531102440172,0.4853351268197654,1.0
dense,C0,0.2,4,0.25,0.00678737483352397,0.4853351268197654,1.0
dense,C0,0.2,5,0.3125,0.007191124317223115,0.4853351268197654,1.0
dense,C0,0.2,6,0.375,0.00782160547513264,0.4853351268197654,1.0
dense,C0,0.2,7,0.4375,0.008246248562242943,0.4853351268197654,1.0
dense,C0,0.2,8,0.5,0.008717029950752006,0.4853351268197654,1.0
dense,C0,0.2,9,0.5625,0.009323948798936582,0.4853351268197654,1.0
dense,C0,0.2,10,0.625,0.009826114323856265,0.4853351268197654,1.0
dense,C0,0.2,11,0.6875,0.01030915324310387,0.4853351268197654,1.0
dense,C0,0.2,12,0.75,0.010805021307908644,0.4853351268197654,1.0
dense,C0,0.2,13,0.8125,0.011369771414765868,0.4853351268197654,1.0
dense,C0,0.2,14,0.875,0.011786491776756522,0.4853351268197654,1.0
dense,C0,0.2,15,0.9375,0.012279037784507861,0.4853351268197654,1.0
dense,C0,0.2,16,1.0,0.012791811958247435,0.4853351268197654,1.0
dense,C0,0.21,0,0.0,0.005376242476283417,0.4853351268197654,1.0
dense,C0,0.21,1,0.0625,0.005644466234642236,0.4853351268197654,1.0
dense,C0,0.21,2,0.125,0.006115569903651546,0.4853351268197654,1.0
dense,C0,0.21,3,0.1875,0.0067174076575622355,0.4853351268197654,1.0
dense,C0,0.21,4,0.25,0.00712674357520025,0.4853351268197654,1.0
dense,C0,0.21,5,0.3125,0.0075506805330840775,0.4853351268197654,1.0
dense,C0,0.21,6,0.375,0.00821268574888939,0.4853351268197654,1.0
dense,C0,0.21,7,0.4375,0.0086585609903551,0.4853351268197654,1.0
dense,C0,0.21,8,0.5,0.009152881448289494,0.4853351268197654,1.0
dense,C0,0.21,9,0.5625,0.009790146238883368,0.4853351268197654,1.0
dense,C0,0.21,10,0.625,0.010317420040049112,0.4853351268197654,1.0
dense,C0,0.21,11,0.6875,0.010824610905259118,0.4853351268197654,1.0
dense,C0,0.21,12,0.75,0.011345272373304101,0.4853351268197654,1.0
dense,C0,0.21,13,0.8125,0.0119382599855041,0.4853351268197654,1.0
dense,C0,0.21,14,0.875,0.012375816365594323,0.4853351268197654,1.0
dense,C0,0.21,15,0.9375,0.012892989673733231,0.4853351268197654,1.0
dense,C0,0.21,16,1.0,0.013431402556159898,0.4853351268197654,1.0
dense,C0,0.22,0,0.0,0.00563225402277311,0.4853351268197654,1.0
dense,C0,0.22,1,0.0625,0.005913250341053837,0.4853351268197654,1.0
dense,C0,0.22,2,0.125,0.0064067875181111145,0.4853351268197654,1.0
dense,C0,0.22,3,0.1875,0.0070372842126841945,0.4853351268197654,1.0
dense,C0,0.22,4,0.25,0.007466112316876412,0.4853351268197654,1.0
dense,C0,0.22,5,0.3125,0.007910236748945346,0.4853351268197654,1.0
dense,C0,0.22,6,0.375,0.008603766022646002,0.4853351268197654,1.0
dense,C0,0.22,7,0.4375,0.009070873418467218,0.4853351268197654,1.0
dense,C0,0.22,8,0.5,0.009588732945827181,0.4853351268197654,1.0
dense,C0,0.22,9,0.5625,0.010256343678830267,0.4853351268197654,1.0
dense,C0,0.22,10,0.625,0.010808725756241828,0.4853351268197654,1.0
dense,C0,0.22,11,0.6875,0.011340068567414244,0.4853351268197654,1.0
dense,C0,0.22,12,0.75,0.01188552343869961,0.4853351268197654,1.0
dense,C0,0.22,13,0.8125,0.01250674855624238,0.4853351268197654,1.0
dense,C0,0.22,14,0.875,0.012965140954432115,0.4853351268197654,1.0
dense,C0,0.22,15,0.9375,0.013506941562958652,0.4853351268197654,1.0
dense,C0,0.22,16,1.0,0.014070993154072127,0.4853351268197654,1.0
dense,C0,0.23,0,0.0,0.006341149980876753,0.4853351268197654,1.0
dense,C0,0.23,1,0.0625,0.006674042742317511,0.4853351268197654,1.0
dense,C0,0.23,2,0.125,0.0072330245113777815,0.4853351268197654,1.0
dense,C0,0.23,3,0.1875,0.007935257954705618,0.4853351268197654,1.0
dense,C0,0.23,4,0.25,0.008426460057357496,0.4853351268197654,1.0
dense,C0,0.23,5,0.3125,0.0089350042294983,0.4853351268197654,1.0
dense,C0,0.23,6,0.375,0.009706583616833348,0.4853351268197654,1.0
dense,C0,0.23,7,0.4375,0.010239812206591637,0.4853351268197654,1.0
dense,C0,0.23,8,0.5,0.010828488683254625,0.4853351268197654,1.0
dense,C0,0.23,9,0.5625,0.011575559974632334,0.4853351268197654,1.0
dense,C0,0.23,10,0.625,0.01220223475071413,0.4853351268197654,1.0
dense,C0,0.23,11,0.6875,0.012807641342514626,0.4853351268197654,1.0
dense,C0,0.23,12,0.75,0.013426763319383632,0.4853351268197654,1.0
dense,C0,0.23,13,0.8125,0.014130175350279365,0.4853351268197654,1.0
dense,C0,0.23,14,0.875,0.014660786644281113,0.4853351268197654,1.0
dense,C0,0.23,15,0.9375,0.015280300604538062,0.4853351268197654,1.0
dense,C0,0.23,16,1.0,0.015926549486016496,0.4853351268197654,1.0
dense,C0,0.24,0,0.0,0.007050751882801976,0.4853351268197654,1.0
dense,C0,0.24,1,0.0625,0.007435729413712125,0.4853351268197654,1.0
dense,C0,0.24,2,0.125,0.008060078451154617,0.4853351268197654,1.0
dense,C0,0.24,3,0.1875,0.008834056493745444,0.4853351268197654,1.0
dense,C0,0.24,4,0.25,0.009387706307715621,0.4853351268197654,1.0
dense,C0,0.24,5,0.3125,0.009960614215816297,0.4853351268197654,1.0
dense,C0,0.24,6,0.375,0.010810344859356287,0.4853351268197654,1.0
dense,C0,0.24,7,0.4375,0.011409824892495838,0.4853351268197654,1.0
dense,C0,0.24,8,0.5,0.012069372370384801,0.4853351268197654,1.0
dense,C0,0.24,9,0.5625,0.01289587150252781,0.4853351268197654,1.0
dense,C0,0.24,10,0.625,0.013596755257223845,0.4853351268197654,1.0
dense,C0,0.24,11,0.6875,0.014276339741525288,0.4853351268197654,1.0
dense,C0,0.24,12,0.75,0.014969177535875062,0.4853351268197654,1.0
dense,C0,0.24,13,0.8125,0.015754705724288328,0.4853351268197654,1.0
dense,C0,0.24,14,0.875,0.016357662594118097,0.4853351268197654,1.0
dense,C0,0.24,15,0.9375,0.017054723420229245,0.4853351268197654,1.0
dense,C0,0.24,16,1.0,0.017783165032802025,0.4853351268197654,1.0
dense,C0,0.25,0,0.0,0.007760821672834498,0.4853351268197654,1.0
dense,C0,0.25,1,0.0625,0.00819801314496252,0.4853351268197654,1.0
dense,C0,0.25,2,0.125,0.008887669153318041,0.4853351268197654,1.0
dense,C0,0.25,3,0.1875,0.009733394854342613,0.4853351268197654,1.0
dense,C0,0.25,4,0.25,0.010349540172269989,0.4853351268197654,1.0
dense,C0,0.25,5,0.3125,0.010986766032354899,0.4853351268197654,1.0
dense,C0,0.25,6,0.375,0.011914718032813593,0.4853351268197654,1.0
dense,C0,0.25,7,0.4375,0.01258053812522162,0.4853351268197654,1.0
dense,C0,0.25,8,0.5,0.01331099029293688,0.4853351268197654,1.0
dense,C0,0.25,9,0.5625,0.014216889948398807,0.4853351268197654,1.0
dense,C0,0.25,10,0.625,0.014991917083794874,0.4853351268197654,1.0
dense,C0,0.25,11,0.6875,0.01574575609813316,0.4853351268197654,1.0
dense,C0,0.25,12,0.75,0.016512339615065087,0.4853351268197654,1.0
dense,C0,0.25,13,0.8125,0.017379927596968412,0.4853351268197654,1.0
dense,C0,0.25,14,0.875,0.018055314551380663,0.4853351268197654,1.0
dense,C0,0.25,15,0.9375,0.018829796842222298,0.4853351268197654,1.0
dense,C0,0.25,16,1.0,0.01964042163391213,0.4853351268197654,1.0
dense,C0,0.26,0,0.0,0.008471241694939577,0.4853351268197654,1.0
dense,C0,0.26,1,0.0625,0.008960741563028408,0.4853351268197654,1.0
dense,C0,0.26,2,0.125,0.009715659452780896,0.4853351268197654,1.0
dense,C0,0.26,3,0.1875,0.010633136064928954,0.4853351268197654,1.0
dense,C0,0.26,4,0.25,0.011311811758987246,0.4853351268197654,1.0
dense,C0,0.26,5,0.3125,0.012013320834028668,0.4853351268197654,1.0
dense,C0,0.26,6,0.375,0.013019547418412852,0.4853351268197654,1.0
dense,C0,0.26,7,0.4375,0.01375177298948995,0.4853351268197654,1.0
dense,C0,0.26,8,0.5,0.014553154525886382,0.4853351268197654,1.0
dense,C0,0.26,9,0.5625,0.015538435014885953,0.4853351268197654,1.0
dense,C0,0.26,10,0.625,0.016387556434049197,0.4853351268197654,1.0
dense,C0,0.26,11,0.6875,0.017215706573295565,0.4853351268197654,1.0
dense,C0,0.26,12,0.75,0.018056057809578894,0.4853351268197654,1.0
dense,C0,0.26,13,0.8125,0.019005663573800048,0.4853351268197654,1.0
dense,C0,0.26,14,0.875,0.01975354244301489,0.4853351268197654,1.0
dense,C0,0.26,15,0.9375,0.020605352729366082,0.4853351268197654,1.0
dense,C0,0.26,16,1.0,0.02149815314515295,0.4853351268197654,1.0
dense,C0,0.27,0,0.0,0.009181930655502967,0.4853351268197654,1.0
dense,C0,0.27,1,0.0625,0.00972381002576454,0.4853351268197654,1.0
dense,C0,0.27,2,0.125,0.010543955211848803,0.4853351268197654,1.0
dense,C0,0.27,3,0.1875,0.011533185842989402,0.4853351268197654,1.0
dense,C0,0.27,4,0.25,0.012274418120624459,0.4853351268197654,1.0
dense,C0,0.27,5,0.3125,0.013040183449289429,0.4853351268197654,1.0
dense,C0,0.27,6,0.375,0.01412472596246577,0.4853351268197654,1.0
dense,C0,0.27,7,0.4375,0.014923406668061858,0.4853351268197654,1.0
dense,C0,0.27,8,0.5,0.01579573618550284,0.4853351268197654,1.0
dense,C0,0.27,9,0.5625,0.016860382870224417,0.4853351268197654,1.0
dense,C0,0.27,10,0.625,0.017783560881334797,0.4853351268197654,1.0
dense,C0,0.27,11,0.6875,0.01868606511717213,0.4853351268197654,1.0
dense,C0,0.27,12,0.75,0.019600200720384386,0.4853351268197654,1.0
dense,C0,0.27,13,0.8125,0.02063179212460075,0.4853351268197654,1.0
dense,C0,0.27,14,0.875,0.02145220949084448,0.4853351268197654,1.0
dense,C0,0.27,15,0.9375,0.022381276256889324,0.4853351268197654,1.0
dense,C0,0.27,16,1.0,0.023356246245227044,0.4853351268197654,1.0
dense,C0,0.28,0,0.0,0.009892830594056087,0.4853351268197654,1.0
dense,C0,0.28,1,0.0625,0.010487144306164113,0.4853351268197654,1.0
dense,C0,0.28,2,0.125,0.011372489687840595,0.4853351268197654,1.0
dense,C0,0.28,3,0.1875,0.012433477177823624,0.4853351268197654,1.0
dense,C0,0.28,4,0.25,0.013237286223576842,0.4853351268197654,1.0
dense,C0,0.28,5,0.3125,0.014067286470359321,0.4853351268197654,1.0
dense,C0,0.28,6,0.375,0.01523017765506406,0.4853351268197654,1.0
dense,C0,0.28,7,0.4375,0.016095352068153743,0.4853351268197654,1.0
dense,C0,0.28,8,0.5,0.017038643946679168,0.4853351268197654,1.0
dense,C0,0.28,9,0.5625,0.01818264566175863,0.4853351268197654,1.0
dense,C0,0.28,10,0.625,0.019179850705111513,0.4853351268197654,1.0
dense,C0,0.28,11,0.6875,0.020156742428727465,0.4853351268197654,1.0
dense,C0,0.28,12,0.75,0.02114467529977174,0.4853351268197654,1.0
dense,C0,0.28,13,0.8125,0.022258227208218188,0.4853351268197654,1.0
dense,C0,0.28,14,0.875,0.023151219028867062,0.4853351268197654,1.0
dense,C0,0.28,15,0.9375,0.024157486344323763,0.4853351268197654,1.0
dense,C0,0.28,16,1.0,0.025214620996627395,0.4853351268197654,1.0
dense,C0,0.29,0,0.0,0.010603899077922108,0.4853351268197654,1.0
dense,C0,0.29,1,0.0625,0.011250690298947468,0.4853351268197654,1.0
dense,C0,0.29,2,0.125,0.012201214249987666,0.4853351268197654,1.0
dense,C0,0.29,3,0.1875,0.013333961140744244,0.4853351268197654,1.0
dense,C0,0.29,4,0.25,0.014200362825143089,0.4853351268197654,1.0
dense,C0,0.29,5,0.3125,0.015094580822447641,0.4853351268197654,1.0
dense,C0,0.29,6,0.375,0.016335847044168728,0.4853351268197654,1.0
dense,C0,0.29,7,0.4375,0.01726754572042216,0.4853351268197654,1.0
dense,C0,0.29,8,0.5,0.018281811298485117,0.4853351268197654,1.0
dense,C0,0.29,9,0.5625,0.019505159340629546,0.4853351268197654,1.0
dense,C0,0.29,10,0.625,0.020576367809451213,0.4853351268197654,1.0
dense,C0,0.29,11,0.6875,0.021627673479650993,0.4853351268197654,1.0
dense,C0,0.29,12,0.75,0.022689413817529393,0.4853351268197654,1.0
dense,C0,0.29,13,0.8125,0.02388490620497089,0.4853351268197654,1.0
dense,C0,0.29,14,0.875,0.024850500809812246,0.4853351268197654,1.0
dense,C0,0.29,15,0.9375,0.025933924112416136,0.4853351268197654,1.0
dense,C0,0.29,16,1.0,0.027073219399622064,0.4853351268197654,1.0
dense,C0,0.3,0,0.0,0.011315104331762312,0.4853351268197654,1.0
dense,C0,0.3,1,0.0625,0.012014407639610218,0.4853351268197654,1.0
dense,C0,0.3,2,0.125,0.013030092629435289,0.4853351268197654,1.0
dense,C0,0.3,3,0.1875,0.014234601174714713,0.4853351268197654,1.0
dense,C0,0.3,4,0.25,0.015163608198655691,0.4853351268197654,1.0
dense,C0,0.3,5,0.3125,0.016122029930807948,0.4853351268197654,1.0
dense,C0,0.3,6,0.375,0.017441692728968488,0.4853351268197654,1.0
dense,C0,0.3,7,0.4375,0.01843994028210228,0.4853351268197654,1.0
dense,C0,0.3,8,0.5,0.01952518865663416,0.4853351268197654,1.0
dense,C0,0.3,9,0.5625,0.0208278761148949,0.4853351268197654,1.0
dense,C0,0.3,10,0.625,0.021973068859367458,0.4853351268197654,1.0
dense,C0,0.3,11,0.6875,0.023098809795662808,0.4853351268197654,1.0
dense,C0,0.3,12,0.75,0.024234365802106677,0.4853351268197654,1.0
dense,C0,0.3,13,0.8125,0.02551178245782749,0.4853351268197654,1.0
dense,C0,0.3,14,0.875,0.026550002560579742,0.4853351268197654,1.0
dense,C0,0.3,15,0.9375,0.027710545773483263,0.4853351268197654,1.0
dense,C0,0.3,16,1.0,0.02893199835194976,0.4853351268197654,1.0
dense,C0,0.31,0,0.0,0.012026422091146433,0.4853351268197654,1.0
dense,C0,0.31,1,0.0625,0.01277826560539366,0.4853351268197654,1.0
dense,C0,0.31,2,0.125,0.01385909722791201,0.4853351268197654,1.0
dense,C0,0.31,3,0.1875,0.015135369418431362,0.4853351268197654,1.0
dense,C0,0.31,4,0.25,0.016126992102521626,0.4853351268197654,1.0
dense,C0,0.31,5,0.3125,0.017149605980679036,0.4853351268197654,1.0
dense,C0,0.31,6,0.375,0.01854768317630605,0.4853351268197654,1.0
dense,C0,0.31,7,0.4375,0.019612499723382925,0.4853351268197654,1.0
dense,C0,0.31,8,0.5,0.020768738303346645,0.4853351268197654,1.0
dense,C0,0.31,9,0.5625,0.022150759601495602,0.4853351268197654,1.0
dense,C0,0.31,10,0.625,0.023369920874414914,0.4853351268197654,1.0
dense,C0,0.31,11,0.6875,0.024570114506031242,0.4853351268197654,1.0
dense,C0,0.31,12,0.75,0.025779492874655998,0.4853351268197654,1.0
dense,C0,0.31,13,0.8125,0.027138820492394796,0.4853351268197654,1.0
dense,C0,0.31,14,0.875,0.02824968458102687,0.4853351268197654,1.0
dense,C0,0.31,15,0.9375,0.02948731808868748,0.4853351268197654,1.0
dense,C0,0.31,16,1.0,0.030790925155555142,0.4853351268197654,1.0
dense,C0,0.32,0,0.0,0.012737833508175712,0.4853351268197654,1.0
dense,C0,0.32,1,0.0625,0.013542240400193147,0.4853351268197654,1.0
dense,C0,0.32,2,0.125,0.014688206673970446,0.4853351268197654,1.0
dense,C0,0.32,3,0.1875,0.01603624426698701,0.4853351268197654,1.0
dense,C0,0.32,4,0.25,0.017090491110060967,0.4853351268197654,1.0
dense,C0,0.32,5,0.3125,0.018177287443770052,0.4853351268197654,1.0
dense,C0,0.32,6,0.375,0.019653793947253747,0.4853351268197654,1.0
dense,C0,0.32,7,0.4375,0.020785196140125275,0.4853351268197654,1.0
dense,C0,0.32,8,0.5,0.022012431039316247,0.4853351268197654,1.0
dense,C0,0.32,9,0.5625,0.023473781614832705,0.4853351268197654,1.0
dense,C0,0.32,10,0.625,0.024766898311325846,0.4853351268197654,1.0
dense,C0,0.32,11,0.6875,0.026041559068770148,0.4853351268197654,1.0
dense,C0,0.32,12,0.75,0.027324765333218707,0.4853351268197654,1.0
dense,C0,0.32,13,0.8125,0.02876599285700056,0.4853351268197654,1.0
dense,C0,0.32,14,0.875,0.029949516179407908,0.4853351268197654,1.0
dense,C0,0.32,15,0.9375,0.03126421537262608,0.4853351268197654,1.0
dense,C0,0.32,16,1.0,0.03264997455670388,0.4853351268197654,1.0
dense,C0,0.33,0,0.0,0.013449323720597792,0.4853351268197654,1.0
dense,C0,0.33,1,0.0625,0.014306313307579565,0.4853351268197654,1.0
dense,C0,0.33,2,0.125,0.015517404161306097,0.4853351268197654,1.0
dense,C0,0.33,3,0.1875,0.016937208709744703,0.4853351268197654,1.0
dense,C0,0.33,4,0.25,0.01805408679294484,0.4853351268197654,1.0
dense,C0,0.33,5,0.3125,0.019205057397793646,0.4853351268197654,1.0
dense,C0,0.33,6,0.375,0.02076000580898767,0.4853351268197654,1.0
dense,C0,0.33,7,0.4375,0.021958007586273278,0.4853351268197654,1.0
dense,C0,0.33,8,0.5,0.023256243908259033,0.4853351268197654,1.0
dense,C0,0.33,9,0.5625,0.024796919981930197,0.4853351268197654,1.0
dense,C0,0.33,10,0.625,0.02616398108010176,0.4853351268197654,1.0
dense,C0,0.33,11,0.6875,0.027513121045320815,0.4853351268197654,1.0
dense,C0,0.33,12,0.75,0.028870159832487998,0.4853351268197654,1.0
dense,C0,0.33,13,0.8125,0.030393277976671903,0.4853351268197654,1.0
dense,C0,0.33,14,0.875,0.031649473255113456,0.4853351268197654,1.0
dense,C0,0.33,15,0.9375,0.03304121746352339,0.4853351268197654,1.0
dense,C0,0.33,16,1.0,0.03450912674195714,0.4853351268197654,1.0
dense,C0,0.34,0,0.0,0.014160880851582054,0.4853351268197654,1.0
dense,C0,0.34,1,0.0625,0.015070469404633984,0.4853351268197654,1.0
dense,C0,0.34,2,0.125,0.016346676292043755,0.4853351268197654,1.0
dense,C0,0.34,3,0.1875,0.017838249171186107,0.4853351268197654,1.0
dense,C0,0.34,4,0.25,0.019017764456084614,0.4853351268197654,1.0
dense,C0,0.34,5,0.3125,0.020232902357543058,0.4853351268197654,1.0
dense,C0,0.34,6,0.375,0.02186630341902577,0.4853351268197654,1.0
dense,C0,0.34,7,0.4375,0.023130916564757444,0.4853351268197654,1.0
dense,C0,0.34,8,0.5,0.02450015861361359,0.4853351268197654,1.0
dense,C0,0.34,9,0.5625,0.026120157020803246,0.4853351268197654,1.0
dense,C0,0.34,10,0.625,0.02756115316283996,0.4853351268197654,1.0
dense,C0,0.34,11,0.6875,0.028984782552335508,0.4853351268197654,1.0
dense,C0,0.34,12,0.75,0.030415657770106633,0.4853351268197654,1.0
dense,C0,0.34,13,0.8125,0.03202065866082619,0.4853351268197654,1.0
dense,C0,0.34,14,0.875,0.0333495366199303,0.4853351268197654,1.0
dense,C0,0.34,15,0.9375,0.03481830831446464,0.4853351268197654,1.0
dense,C0,0.34,16,1.0,0.03636836594833679,0.4853351268197654,1.0
dense,C0,0.35000000000000003,0,0.0,0.014872495296210961,0.4853351268197654,1.0
dense,C0,0.35000000000000003,1,0.0625,0.01583469664757622,0.4853351268197654,1.0
dense,C0,0.35000000000000003,2,0.125,0.01717601225465067,0.4853351268197654,1.0
dense,C0,0.35000000000000003,3,0.1875,0.01873935468574318,0.4853351268197654,1.0
dense,C0,0.35000000000000003,4,0.25,0.019981512238138287,0.4853351268197654,1.0
dense,C0,0.35000000000000003,5,0.3125,0.02126081144466062,0.4853351268197654,1.0
dense,C0,0.35000000000000003,6,0.375,0.022972674389199962,0.4853351268197654,1.0
dense,C0,0.35000000000000003,7,0.4375,0.024303908954822307,0.4853351268197654,1.0
dense,C0,0.35000000000000003,8,0.5,0.025744160393689916,0.4853351268197654,1.0
dense,C0,0.35000000000000003,9,0.5625,0.027443478458540126,0.4853351268197654,1.0
dense,C0,0.35000000000000003,10,0.625,0.028958401632002265,0.4853351268197654,1.0
dense,C0,0.35000000000000003,11,0.6875,0.030456529161862034,0.4853351268197654,1.0
dense,C0,0.35000000000000003,12,0.75,0.031961244140677456,0.4853351268197654,1.0
dense,C0,0.35000000000000003,13,0.8125,0.033648121043629076,0.4853351268197654,1.0
dense,C0,0.35000000000000003,14,0.875,0.03504969080740076,0.4853351268197654,1.0
dense,C0,0.35000000000000003,15,0.9375,0.036595474994782794,0.4853351268197654,1.0
dense,C0,0.35000000000000003,16,1.0,0.03822767947878159,0.4853351268197654,1.0
dense,C0,0.36,0,0.0,0.01558415920320285,0.4853351268197654,1.0
dense,C0,0.36,1,0.0625,0.01659898520961089,0.4853351268197654,1.0
dense,C0,0.36,2,0.125,0.018005403228765777,0.4853351268197654,1.0
dense,C0,0.36,3,0.1875,0.01964051629952043,0.4853351268197654,1.0
dense,C0,0.36,4,0.25,0.020945320460056354,0.4853351268197654,1.0
dense,C0,0.36,5,0.3125,0.022288775786910565,0.4853351268197654,1.0
dense,C0,0.36,6,0.375,0.02407910860740301,0.4853351268197654,1.0
dense,C0,0.36,7,0.4375,0.025476973235343075,0.4853351268197654,1.0
dense,C0,0.36,8,0.5,0.026988237207566112,0.4853351268197654,1.0
dense,C0,0.36,9,0.5625,0.028766872647701534,0.4853351268197654,1.0
dense,C0,0.36,10,0.625,0.030355715939578986,0.4853351268197654,1.0
dense,C0,0.36,11,0.6875,0.031928349105426766,0.4853351268197654,1.0
dense,C0,0.36,12,0.75,0.03350690670665728,0.4853351268197654,1.0
dense,C0,0.36,13,0.8125,0.03527565381744109,0.4853351268197654,1.0
dense,C0,0.36,14,0.875,0.036749923212397756,0.4853351268197654,1.0
dense,C0,0.36,15,0.9375,0.038372706968753174,0.4853351268197654,1.0
dense,C0,0.36,16,1.0,0.04008705699142067,0.4853351268197654,1.0
dense,C0,0.37,0,0.0,0.016295866092281255,0.4853351268197654,1.0
dense,C0,0.37,1,0.0625,0.017363326993418686,0.4853351268197654,1.0
dense,C0,0.37,2,0.125,0.018834841947106763,0.4853351268197654,1.0
dense,C0,0.37,3,0.1875,0.020541726629333477,0.4853351268197654,1.0
dense,C0,0.37,4,0.25,0.021909181145398006,0.4853351268197654,1.0
dense,C0,0.37,5,0.3125,0.023316788076215376,0.4853351268197654,1.0
dense,C0,0.37,6,0.375,0.025185597737945972,0.4853351268197654,1.0
dense,C0,0.37,7,0.4375,0.026650099913059576,0.4853351268197654,1.0
dense,C0,0.37,8,0.5,0.028232379136014927,0.4853351268197654,1.0
dense,C0,0.37,9,0.5625,0.030090329989310147,0.4853351268197654,1.0
dense,C0,0.37,10,0.625,0.03175308739379042,0.4853351268197654,1.0
dense,C0,0.37,11,0.6875,0.03340023268838306,0.4853351268197654,1.0
dense,C0,0.37,12,0.75,0.03505263538842954,0.4853351268197654,1.0
dense,C0,0.37,13,0.8125,0.036903247668963045,0.4853351268197654,1.0
dense,C0,0.37,14,0.875,0.038450223458808094,0.4853351268197654,1.0
dense,C0,0.37,15,0.9375,0.0401499955657434,0.4853351268197654,1.0
dense,C0,0.37,16,1.0,0.041946489977768106,0.4853351268197654,1.0
dense,C0,0.38,0,0.0,0.017007610567513556,0.4853351268197654,1.0
dense,C0,0.38,1,0.0625,0.01812771526682955,0.4853351268197654,1.0
dense,C0,0.38,2,0.125,0.0196643223681374,0.4853351268197654,1.0
dense,C0,0.38,3,0.1875,0.02144297953283763,0.4853351268197654,1.0
dense,C0,0.38,4,0.25,0.022873087661815495,0.4853351268197654,1.0
dense,C0,0.38,5,0.3125,0.024344842238579696,0.4853351268197654,1.0
dense,C0,0.38,6,0.375,0.026292134847968263,0.4853351268197654,1.0
dense,C0,0.38,7,0.4375,0.027823281095322012,0.4853351268197654,1.0
dense,C0,0.38,8,0.5,0.029476577934006282,0.4853351268197654,1.0
dense,C0,0.38,9,0.5625,0.03141384250157636,0.4853351268197654,1.0
dense,C0,0.38,10,0.625,0.033150508768044706,0.4853351268197654,1.0
dense,C0,0.38,11,0.6875,0.03487217185246323,0.4853351268197654,1.0
dense,C0,0.38,12,0.75,0.03659842180882442,0.4853351268197654,1.0
dense,C0,0.38,13,0.8125,0.038530894858196316,0.4853351268197654,1.0
dense,C0,0.38,14,0.875,0.04015058292777099,0.4853351268197654,1.0
dense,C0,0.38,15,0.9375,0.04192733358504938,0.4853351268197654,1.0
dense,C0,0.38,16,1.0,0.043805971373743334,0.4853351268197654,1.0
dense,C0,0.39,0,0.0,0.017719388099668457,0.4853351268197654,1.0
dense,C0,0.39,1,0.0625,0.01889214438684727,0.4853351268197654,1.0
dense,C0,0.39,2,0.125,0.020493839428156496,0.4853351268197654,1.0
dense,C0,0.39,3,0.1875,0.02234426985842263,0.4853351268197654,1.0
dense,C0,0.39,4,0.25,0.02383703444944772,0.4853351268197654,1.0
dense,C0,0.39,5,0.3125,0.025372933184197036,0.4853351268197654,1.0
dense,C0,0.39,6,0.375,0.027398714124306497,0.4853351268197654,1.0
dense,C0,0.39,7,0.4375,0.028996510166468828,0.4853351268197654,1.0
dense,C0,0.39,8,0.5,0.030720826691862043,0.4853351268197654,1.0
dense,C0,0.39,9,0.5625,0.03273740349315905,0.4853351268197654,1.0
dense,C0,0.39,10,0.625,0.03454797400473659,0.4853351268197654,1.0
dense,C0,0.39,11,0.6875,0.036344159844558174,0.4853351268197654,1.0
dense,C0,0.39,12,0.75,0.03814425894831352,0.4853351268197654,1.0
dense,C0,0.39,13,0.8125,0.04015858889973089,0.4853351268197654,1.0
dense,C0,0.39,14,0.875,0.04185099440084744,0.4853351268197654,1.0
dense,C0,0.39,15,0.9375,0.04370471499710514,0.4853351268197654,1.0
dense,C0,0.39,16,1.0,0.0456654952656824,0.4853351268197654,1.0
dense,C0,0.4,0,0.0,0.01868692786515552,0.4853351268197654,1.0
dense,C0,0.4,1,0.0625,0.019935627127923582,0.4853351268197654,1.0
dense,C0,0.4,2,0.125,0.021627194661588127,0.4853351268197654,1.0
dense,C0,0.4,3,0.1875,0.02357460831376295,0.4853351268197654,1.0
dense,C0,0.4,4,0.25,0.025155396941474242,0.4853351268197654,1.0
dense,C0,0.4,5,0.3125,0.026781272527847417,0.4853351268197654,1.0
dense,C0,0.4,6,0.375,0.0289133602797667,0.4853351268197654,1.0
dense,C0,0.4,7,0.4375,0.0306048130072421,0.4853351268197654,1.0
dense,C0,0.4,8,0.5,0.03242842688280095,0.4853351268197654,1.0
dense,C0,0.4,9,0.5625,0.034553577943278437,0.4853351268197654,1.0
dense,C0,0.4,10,0.625,0.03646725648420929,0.4853351268197654,1.0
dense,C0,0.4,11,0.6875,0.038368329576740336,0.4853351268197654,1.0
dense,C0,0.4,12,0.75,0.04027197948133326,0.4853351268197654,1.0
dense,C0,0.4,13,0.8125,0.0424005058319234,0.4853351268197654,1.0
dense,C0,0.4,14,0.875,0.04419721911205107,0.4853351268197654,1.0
dense,C0,0.4,15,0.9375,0.04615975035241174,0.4853351268197654,1.0
dense,C0,0.4,16,1.0,0.048237160428807095,0.4853351268197654,1.0
dense,C0,0.41000000000000003,0,0.0,0.019891967558144864,0.4853351268197654,1.0
dense,C0,0.41000000000000003,1,0.0625,0.021238256913188744,0.4853351268197654,1.0
dense,C0,0.41000000000000003,2,0.125,0.02304268120467512,0.4853351268197654,1.0
dense,C0,0.41000000000000003,3,0.1875,0.025110478349901877,0.4853351268197654,1.0
dense,C0,0.41000000000000003,4,0.25,0.026802845041213042,0.4853351268197654,1.0
dense,C0,0.41000000000000003,5,0.3125,0.028542657200566788,0.4853351268197654,1.0
dense,C0,0.41000000000000003,6,0.375,0.03080689233542145,0.4853351268197654,1.0
dense,C0,0.41000000000000003,7,0.4375,0.0326170902869398,0.4853351268197654,1.0
dense,C0,0.41000000000000003,8,0.5,0.03456625379547825,0.4853351268197654,1.0
dense,C0,0.41000000000000003,9,0.5625,0.03682713158326967,0.4853351268197654,1.0
dense,C0,0.41000000000000003,10,0.625,0.0388710013100976,0.4853351268197654,1.0
dense,C0,0.41000000000000003,11,0.6875,0.040905162653033594,0.4853351268197654,1.0
dense,C0,0.41000000000000003,12,0.75,0.04293993560238417,0.4853351268197654,1.0
dense,C0,0.41000000000000003,13,0.8125,0.04521265443366316,0.4853351268197654,1.0
dense,C0,0.41000000000000003,14,0.875,0.04714301468487693,0.4853351268197654,1.0
dense,C0,0.41000000000000003,15,0.9375,0.04924387076617846,0.4853351268197654,1.0
dense,C0,0.41000000000000003,16,1.0,0.05146991297295928,0.4853351268197654,1.0
dense,C0,0.42,0,0.0,0.02109718125472723,0.4853351268197654,1.0
dense,C0,0.42,1,0.0625,0.022541100657805246,0.4853351268197654,1.0
dense,C0,0.42,2,0.125,0.024458358902074553,0.4853351268197654,1.0
dense,C0,0.42,3,0.1875,0.026646544263001393,0.4853351268197654,1.0
dense,C0,0.42,4,0.25,0.028450503281937857,0.4853351268197654,1.0
dense,C0,0.42,5,0.3125,0.03030423268055885,0.4853351268197654,1.0
dense,C0,0.42,6,0.375,0.03270064493489953,0.4853351268197654,1.0
dense,C0,0.42,7,0.4375,0.03462961912527151,0.4853351268197654,1.0
dense,C0,0.42,8,0.5,0.03670434319928999,0.4853351268197654,1.0
dense,C0,0.42,9,0.5625,0.03910094132951569,0.4853351268197654,1.0
dense,C0,0.42,10,0.625,0.04127497637238418,0.4853351268197654,1.0
dense,C0,0.42,11,0.6875,0.043442252357566415,0.4853351268197654,1.0
dense,C0,0.42,12,0.75,0.045608157372411966,0.4853351268197654,1.0
dense,C0,0.42,13,0.8125,0.04802504647730981,0.4853351268197654,1.0
dense,C0,0.42,14,0.875,0.050089080685142846,0.4853351268197654,1.0
dense,C0,0.42,15,0.9375,0.05232821479904929,0.4853351268197654,1.0
dense,C0,0.42,16,1.0,0.05470288342115723,0.4853351268197654,1.0
dense,C0,0.43,0,0.0,0.022302540745823364,0.4853351268197654,1.0
dense,C0,0.43,1,0.0625,0.023844123289559736,0.4853351268197654,1.0
dense,C0,0.43,2,0.125,0.025874196377422786,0.4853351268197654,1.0
dense,C0,0.43,3,0.1875,0.02818277402501317,0.4853351268197654,1.0
dense,C0,0.43,4,0.25,0.0300983371527392,0.4853351268197654,1.0
dense,C0,0.43,5,0.3125,0.03206596752128349,0.4853351268197654,1.0
dense,C0,0.43,6,0.375,0.03459458185964924,0.4853351268197654,1.0
dense,C0,0.43,7,0.4375,0.0366423580727719,0.4853351268197654,1.0
dense,C0,0.43,8,0.5,0.03884265174787535,0.4853351268197654,1.0
dense,C0,0.43,9,0.5625,0.04137496495817923,0.4853351268197654,1.0
dense,C0,0.43,10,0.625,0.04367914365642825,0.4853351268197654,1.0
dense,C0,0.43,11,0.6875,0.04597955620916101,0.4853351268197654,1.0
dense,C0,0.43,12,0.75,0.04827660074460838,0.4853351268197654,1.0
dense,C0,0.43,13,0.8125,0.05083764156048884,0.4853351268197654,1.0
dense,C0,0.43,14,0.875,0.053035372046883335,0.4853351268197654,1.0
dense,C0,0.43,15,0.9375,0.055412745110263804,0.4853351268197654,1.0
dense,C0,0.43,16,1.0,0.05793603529469907,0.4853351268197654,1.0
dense,C0,0.44,0,0.0,0.02350802360487125,0.4853351268197654,1.0
dense,C0,0.44,1,0.0625,0.025147297001026612,0.4853351268197654,1.0
dense,C0,0.44,2,0.125,0.027290168762477925,0.4853351268197654,1.0
dense,C0,0.44,3,0.1875,0.02971914222711478,0.4853351268197654,1.0
dense,C0,0.44,4,0.25,0.031746319304708705,0.4853351268197654,1.0
dense,C0,0.44,5,0.3125,0.03382783682449607,0.4853351268197654,1.0
dense,C0,0.44,6,0.375,0.03648867440758907,0.4853351268197654,1.0
dense,C0,0.44,7,0.4375,0.03865527430897336,0.4853351268197654,1.0
dense,C0,0.44,8,0.5,0.040981145137731226,0.4853351268197654,1.0
dense,C0,0.44,9,0.5625,0.043649169040892694,0.4853351268197654,1.0
dense,C0,0.44,10,0.625,0.04608347307770644,0.4853351268197654,1.0
dense,C0,0.44,11,0.6875,0.04851704060997449,0.4853351268197654,1.0
dense,C0,0.44,12,0.75,0.05094523089730586,0.4853351268197654,1.0
dense,C0,0.44,13,0.8125,0.053650407750480196,0.4853351268197654,1.0
dense,C0,0.44,14,0.875,0.05598185318819202,0.4853351268197654,1.0
dense,C0,0.44,15,0.9375,0.05849743223283371,0.4853351268197654,1.0
dense,C0,0.44,16,1.0,0.06116933982546912,0.4853351268197654,1.0
dense,C0,0.45,0,0.0,0.024713611778917052,0.4853351268197654,1.0
dense,C0,0.45,1,0.0625,0.02645059946193405,0.4853351268197654,1.0
dense,C0,0.45,2,0.125,0.028706256093471185,0.4853351268197654,1.0
dense,C0,0.45,3,0.1875,0.031255628454274716,0.4853351268197654,1.0
dense,C0,0.45,4,0.25,0.033394427785263935,0.4853351268197654,1.0
dense,C0,0.45,5,0.3125,0.03558982062055994,0.4853351268197654,1.0
dense,C0,0.45,6,0.375,0.03838289953997202,0.4853351268197654,1.0
dense,C0,0.45,7,0.4375,0.04066834150869169,0.4853351268197654,1.0
dense,C0,0.45,8,0.5,0.04311979586768091,0.4853351268197654,1.0
dense,C0,0.45,9,0.5625,0.0459235267685731,0.4853351268197654,1.0
dense,C0,0.45,10,0.625,0.04848794051694989,0.4853351268197654,1.0
dense,C0,0.45,11,0.6875,0.05105467863941571,0.4853351268197654,1.0
dense,C0,0.45,12,0.75,0.053614019939593284,0.4853351268197654,1.0
dense,C0,0.45,13,0.8125,0.05646331947581443,0.4853351268197654,1.0
dense,C0,0.45,14,0.875,0.05892849564159598,0.4853351268197654,1.0
dense,C0,0.45,15,0.9375,0.06158225260247584,0.4853351268197654,1.0
dense,C0,0.45,16,1.0,0.06440277402126428,0.4853351268197654,1.0
dense,C0,0.46,0,0.0,0.025919290572364077,0.4853351268197654,1.0
dense,C0,0.46,1,0.0625,0.027754012534428198,0.4853351268197654,1.0
dense,C0,0.46,2,0.125,0.030122442159222832,0.4853351268197654,1.0
dense,C0,0.46,3,0.1875,0.03279221611622946,0.4853351268197654,1.0
dense,C0,0.46,4,0.25,0.035042644770137306,0.4853351268197654,1.0
dense,C0,0.46,5,0.3125,0.03735190270672562,0.4853351268197654,1.0
dense,C0,0.46,6,0.375,0.040277238550595944,0.4853351268197654,1.0
dense,C0,0.46,7,0.4375,0.042681538311430026,0.4853351268197654,1.0
dense,C0,0.46,8,0.5,0.04525858163286556,0.4853351268197654,1.0
dense,C0,0.46,9,0.5625,0.048198016390727225,0.4853351268197654,1.0
dense,C0,0.46,10,0.625,0.05089252641177874,0.4853351268197654,1.0
dense,C0,0.46,11,0.6875,0.053592448474236325,0.4853351268197654,1.0
dense,C0,0.46,12,0.75,0.0562829452690975,0.4853351268197654,1.0
dense,C0,0.46,13,0.8125,0.059276356017707796,0.4853351268197654,1.0
dense,C0,0.46,14,0.875,0.06187527636094453,0.4853351268197654,1.0
dense,C0,0.46,15,0.9375,0.06466718715032806,0.4853351268197654,1.0
dense,C0,0.46,16,1.0,0.06763631928571757,0.4853351268197654,1.0
dense,C0,0.47000000000000003,0,0.0,0.027125047901414418,0.4853351268197654,1.0
dense,C0,0.47000000000000003,1,0.0625,0.0290575213336312,0.4853351268197654,1.0
dense,C0,0.47000000000000003,2,0.125,0.03153871365924484,0.4853351268197654,1.0
dense,C0,0.47000000000000003,3,0.1875,0.03432889159208329,0.4853351268197654,1.0
dense,C0,0.47000000000000003,4,0.25,0.03669095563676409,0.4853351268197654,1.0
dense,C0,0.47000000000000003,5,0.3125,0.03911406979913904,0.4853351268197654,1.0
dense,C0,0.47000000000000003,6,0.375,0.04217167609333428,0.4853351268197654,1.0
dense,C0,0.47000000000000003,7,0.4375,0.04469484720400569,0.4853351268197654,1.0
dense,C0,0.47000000000000003,8,0.5,0.04739748415311338,0.4853351268197654,1.0
dense,C0,0.47000000000000003,9,0.5625,0.05047262007634761,0.4853351268197654,1.0
dense,C0,0.47000000000000003,10,0.625,0.05329721472927733,0.4853351268197654,1.0
dense,C0,0.47000000000000003,11,0.6875,0.056130332236847935,0.4853351268197654,1.0
dense,C0,0.47000000000000003,12,0.75,0.05895198837548404,0.4853351268197654,1.0
dense,C0,0.47000000000000003,13,0.8125,0.06208950041128742,0.4853351268197654,1.0
dense,C0,0.47000000000000003,14,0.875,0.06482217648975767,0.4853351268197654,1.0
dense,C0,0.47000000000000003,15,0.9375,0.06775222027990106,0.4853351268197654,1.0
dense,C0,0.47000000000000003,16,1.0,0.07086996041582232,0.4853351268197654,1.0
dense,C0,0.48,0,0.0,0.028330873738682916,0.4853351268197654,1.0
dense,C0,0.48,1,0.0625,0.030361113529898287,0.4853351268197654,1.0
dense,C0,0.48,2,0.125,0.03295505957870952,0.4853351268197654,1.0
dense,C0,0.48,3,0.1875,0.03586564359458999,0.4853351268197654,1.0
dense,C0,0.48,4,0.25,0.038339348276465054,0.4853351268197654,1.0
dense,C0,0.48,5,0.3125,0.040876310904010366,0.4853351268197654,1.0
dense,C0,0.48,6,0.375,0.04406619946029015,0.4853351268197654,1.0
dense,C0,0.48,7,0.4375,0.046708253691886775,0.4853351268197654,1.0
dense,C0,0.48,8,0.5,0.0495364883045633,0.4853351268197654,1.0
dense,C0,0.48,9,0.5625,0.05274732306928383,0.4853351268197654,1.0
dense,C0,0.48,10,0.625,0.055701992204503385,0.4853351268197654,1.0
dense,C0,0.48,11,0.6875,0.05866831514233012,0.4853351268197654,1.0
dense,C0,0.48,12,0.75,0.06162113395467504,0.4853351268197654,1.0
dense,C0,0.48,13,0.8125,0.06490273863238384,0.4853351268197654,1.0
dense,C0,0.48,14,0.875,0.06776918045070102,0.4853351268197654,1.0
dense,C0,0.48,15,0.9375,0.07083733911121444,0.4853351268197654,1.0
dense,C0,0.48,16,1.0,0.07410368486179408,0.4853351268197654,1.0
dense,C0,0.49,0,0.0,0.02953675969371242,0.4853351268197654,1.0
dense,C0,0.49,1,0.0625,0.03166477882322912,0.4853351268197654,1.0
dense,C0,0.49,2,0.125,0.0343714707178073,0.4853351268197654,1.0
dense,C0,0.49,3,0.1875,0.03740246269101769,0.4853351268197654,1.0
dense,C0,0.49,4,0.25,0.039987812576600196,0.4853351268197654,1.0
dense,C0,0.49,5,0.3125,0.04263861684460332,0.4853351268197654,1.0
dense,C0,0.49,6,0.375,0.04596079803833381,0.4853351268197654,1.0
dense,C0,0.49,7,0.4375,0.04872174567581458,0.4853351268197654,1.0
dense,C0,0.49,8,0.5,0.051675581466774444,0.4853351268197654,1.0
dense,C0,0.49,9,0.5625,0.05502211305296257,0.4853351268197654,1.0
dense,C0,0.49,10,0.625,0.058106847767962655,0.4853351268197654,1.0
dense,C0,0.49,11,0.6875,0.061206384857514284,0.4853351268197654,1.0
dense,C0,0.49,12,0.75,0.06429036924357054,0.4853351268197654,1.0
dense,C0,0.49,13,0.8125,0.0677160589869114,0.4853351268197654,1.0
dense,C0,0.49,14,0.875,0.07071627526259021,0.4853351268197654,1.0
dense,C0,0.49,15,0.9375,0.07392253291411503,0.4853351268197654,1.0
dense,C0,0.49,16,1.0,0.07733748217253501,0.4853351268197654,1.0
dense,C0,0.5,0,0.0,0.0307426986921257,0.4853351268197654,1.0
dense,C0,0.5,1,0.0625,0.03296850854224962,0.4853351268197654,1.0
dense,C0,0.5,2,0.125,0.03578793933277284,0.4853351268197654,1.0
dense,C0,0.5,3,0.1875,0.0389393409373791,0.4853351268197654,1.0
dense,C0,0.5,4,0.25,0.04163634002563966,0.4853351268197654,1.0
dense,C0,0.5,5,0.3125,0.04440097990079299,0.4853351268197654,1.0
dense,C0,0.5,6,0.375,0.04785546289464159,0.4853351268197654,1.0
dense,C0,0.5,7,0.4375,0.05073531297674948,0.4853351268197654,1.0
dense,C0,0.5,8,0.5,0.05381475302542936,0.4853351268197654,1.0
dense,C0,0.5,9,0.5625,0.05729697966633275,0.4853351268197654,1.0
dense,C0,0.5,10,0.625,0.060511772109520995,0.4853351268197654,1.0
dense,C0,0.5,11,0.6875,0.06374453101308492,0.4853351268197654,1.0
dense,C0,0.5,12,0.75,0.06695968351379153,0.4853351268197654,1.0
dense,C0,0.5,13,0.8125,0.0705294516463105,0.4853351268197654,1.0
dense,C0,0.5,14,0.875,0.07366345002125235,0.4853351268197654,1.0
dense,C0,0.5,15,0.9375,0.07700779267775369,0.4853351268197654,1.0
dense,C0,0.5,16,1.0,0.08057134357458275,0.4853351268197654,1.0
dense,C0,0.51,0,0.0,0.031948684727376477,0.4853351268197654,1.0
dense,C0,0.51,1,0.0625,0.034272295334634995,0.4853351268197654,1.0
dense,C0,0.51,2,0.125,0.037204458858847864,0.4853351268197654,1.0
dense,C0,0.51,3,0.1875,0.04047627159593113,0.4853351268197654,1.0
dense,C0,0.51,4,0.25,0.043284923408412945,0.4853351268197654,1.0
dense,C0,0.51,5,0.3125,0.04616339353113612,0.4853351268197654,1.0
dense,C0,0.51,6,0.375,0.04975018645687486,0.4853351268197654,1.0
dense,C0,0.51,7,0.4375,0.05274894696954206,0.4853351268197654,1.0
dense,C0,0.51,8,0.5,0.05595399398902892,0.4853351268197654,1.0
dense,C0,0.51,9,0.5625,0.059571914130644166,0.4853351268197654,1.0
dense,C0,0.51,10,0.625,0.06291675734227538,0.4853351268197654,1.0
dense,C0,0.51,11,0.6875,0.06628274482771296,0.4853351268197654,1.0
dense,C0,0.51,12,0.75,0.06962906768180518,0.4853351268197654,1.0
dense,C0,0.51,13,0.8125,0.0733429082898592,0.4853351268197654,1.0
dense,C0,0.51,14,0.875,0.076610695500152,0.4853351268197654,1.0
dense,C0,0.51,15,0.9375,0.08009311077952726,0.4853351268197654,1.0
dense,C0,0.51,16,1.0,0.08380526164850824,0.4853351268197654,1.0
dense,C0,0.52,0,0.0,0.03315471266664127,0.4853351268197654,1.0
dense,C0,0.52,1,0.0625,0.035576132925547274,0.4853351268197654,1.0
dense,C0,0.52,2,0.125,0.038621023694168595,0.4853351268197654,1.0
dense,C0,0.52,3,0.1875,0.042013248914638555,0.4853351268197654,1.0
dense,C0,0.52,4,0.25,0.04493355656840242,0.4853351268197654,1.0
dense,C0,0.52,5,0.3125,0.04792585215622785,0.4853351268197654,1.0
dense,C0,0.52,6,0.375,0.051644962263716225,0.4853351268197654,1.0
dense,C0,0.52,7,0.4375,0.0547626402973714,0.4853351268197654,1.0
dense,C0,0.52,8,0.5,0.05809329669022249,0.4853351268197654,1.0
dense,C0,0.52,9,0.5625,0.0618469089585494,0.4853351268197654,1.0
dense,C0,0.52,10,0.625,0.06532179674064159,0.4853351268197654,1.0
dense,C0,0.52,11,0.6875,0.06882101881532166,0.4853351268197654,1.0
dense,C0,0.52,12,0.75,0.07229851400537608,0.4853351268197654,1.0
dense,C0,0.52,13,0.8125,0.0761564218262334,0.4853351268197654,1.0
dense,C0,0.52,14,0.875,0.07955800383974478,0.4853351268197654,1.0
dense,C0,0.52,15,0.9375,0.08317848072767166,0.4853351268197654,1.0
dense,C0,0.52,16,1.0,0.08703923007742885,0.4853351268197654,1.0
dense,C0,0.53,0,0.0,0.03436077809755714,0.4853351268197654,1.0
dense,C0,0.53,1,0.0625,0.03688001592726989,0.4853351268197654,1.0
dense,C0,0.53,2,0.125,0.04003762902949771,0.4853351268197654,1.0
dense,C0,0.53,3,0.1875,0.04355026795330687,0.4853351268197654,1.0
dense,C0,0.53,4,0.25,0.04658223422047925,0.4853351268197654,1.0
dense,C0,0.53,5,0.3125,0.04968835098814254,0.4853351268197654,1.0
dense,C0,0.53,6,0.375,0.05353978476834768,0.4853351268197654,1.0
dense,C0,0.53,7,0.4375,0.05677638664691396,0.4853351268197654,1.0
dense,C0,0.53,8,0.5,0.06023265455074809,0.4853351268197654,1.0
dense,C0,0.53,9,0.5625,0.06412195772509524,0.4853351268197654,1.0
dense,C0,0.53,10,0.625,0.06772688453421875,0.4853351268197654,1.0
dense,C0,0.53,11,0.6875,0.07135934655479671,0.4853351268197654,1.0
dense,C0,0.53,12,0.75,0.07496801584483564,0.4853351268197654,1.0
dense,C0,0.53,13,0.8125,0.07896998617456372,0.4853351268197654,1.0
dense,C0,0.53,14,0.875,0.082505368303384,0.4853351268197654,1.0
dense,C0,0.53,15,0.9375,0.08626389695907503,0.4853351268197654,1.0
dense,C0,0.53,16,1.0,0.09027324344955955,0.4853351268197654,1.0
dense,C0,0.54,0,0.0,0.03583768174659135,0.4853351268197654,1.0
dense,C0,0.54,1,0.0625,0.038480607374460365,0.4853351268197654,1.0
dense,C0,0.54,2,0.125,0.04177838607311814,0.4853351268197654,1.0
dense,C0,0.54,3,0.1875,0.045439571303182734,0.4853351268197654,1.0
dense,C0,0.54,4,0.25,0.04861164120333011,0.4853351268197654,1.0
dense,C0,0.54,5,0.3125,0.051860568393683595,0.4853351268197654,1.0
dense,C0,0.54,6,0.375,0.05587583817578639,0.4853351268197654,1.0
dense,C0,0.54,7,0.4375,0.05926209019229684,0.4853351268197654,1.0
dense,C0,0.54,8,0.5,0.06287619778938056,0.4853351268197654,1.0
dense,C0,0.54,9,0.5625,0.06693470095136322,0.4853351268197654,1.0
dense,C0,0.54,10,0.625,0.07070316534701236,0.4853351268197654,1.0
dense,C0,0.54,11,0.6875,0.07450397920751507,0.4853351268197654,1.0
dense,C0,0.54,12,0.75,0.07827833216904716,0.4853351268197654,1.0
dense,C0,0.54,13,0.8125,0.08246180478998699,0.4853351268197654,1.0
dense,C0,0.54,14,0.875,0.08616795484025999,0.4853351268197654,1.0
dense,C0,0.54,15,0.9375,0.09010177812940882,0.4853351268197654,1.0
dense,C0,0.54,16,1.0,0.09430022710314606,0.4853351268197654,1.0
dense,C0,0.55,0,0.0,0.03757852005666548,0.4853351268197654,1.0
dense,C0,0.55,1,0.0625,0.0403703504652175,0.4853351268197654,1.0
dense,C0,0.55,2,0.125,0.04383502503099771,0.4853351268197654,1.0
dense,C0,0.55,3,0.1875,0.047672168248207275,0.4853351268197654,1.0
dense,C0,0.55,4,0.25,0.05101205966429466,0.4853351268197654,1.0
dense,C0,0.55,5,0.3125,0.05443203465148031,0.4853351268197654,1.0
dense,C0,0.55,6,0.375,0.05864185339795043,0.4853351268197654,1.0
dense,C0,0.55,7,0.4375,0.062207702429788,0.4853351268197654,1.0
dense,C0,0.55,8,0.5,0.0660110529961944,0.4853351268197654,1.0
dense,C0,0.55,9,0.5625,0.07027140312885981,0.4853351268197654,1.0
dense,C0,0.55,10,0.625,0.0742360335768085,0.4853351268197654,1.0
dense,C0,0.55,11,0.6875,0.07823941714206505,0.4853351268197654,1.0
dense,C0,0.55,12,0.75,0.08221307859927858,0.4853351268197654,1.0
dense,C0,0.55,13,0.8125,0.08661452293530417,0.4853351268197654,1.0
dense,C0,0.55,14,0.875,0.09052746679469949,0.4853351268197654,1.0
dense,C0,0.55,15,0.9375,0.09467285496201823,0.4853351268197654,1.0
dense,C0,0.55,16,1.0,0.09909986839167394,0.4853351268197654,1.0
dense,C0,0.56,0,0.0,0.03931945406029201,0.4853351268197654,1.0
dense,C0,0.56,1,0.0625,0.04226020891677547,0.4853351268197654,1.0
dense,C0,0.56,2,0.125,0.045891766295569895,0.4853351268197654,1.0
dense,C0,0.56,3,0.1875,0.049904870841799454,0.4853351268197654,1.0
dense,C0,0.56,4,0.25,0.053412590365533474,0.4853351268197654,1.0
dense,C0,0.56,5,0.3125,0.05700360157131458,0.4853351268197654,1.0
dense,C0,0.56,6,0.375,0.061407986638549336,0.4853351268197654,1.0
dense,C0,0.56,7,0.4375,0.06515344952179508,0.4853351268197654,1.0
dense,C0,0.56,8,0.5,0.06914604850903518,0.4853351268197654,1.0
dense,C0,0.56,9,0.5625,0.07360824346627726,0.4853351268197654,1.0
dense,C0,0.56,10,0.625,0.07776902467130667,0.4853351268197654,1.0
dense,C0,0.56,11,0.6875,0.08197499175755908,0.4853351268197654,1.0
dense,C0,0.56,12,0.75,0.08614796544299169,0.4853351268197654,1.0
dense,C0,0.56,13,0.8125,0.09076736806803112,0.4853351268197654,1.0
dense,C0,0.56,14,0.875,0.09488711924431022,0.4853351268197654,1.0
dense,C0,0.56,15,0.9375,0.09924404625559392,0.4853351268197654,1.0
dense,C0,0.56,16,1.0,0.10389962010394257,0.4853351268197654,1.0
dense,C0,0.5700000000000001,0,0.0,0.04106047158546262,0.4853351268197654,1.0
dense,C0,0.5700000000000001,1,0.0625,0.044150167914997006,0.4853351268197654,1.0
dense,C0,0.5700000000000001,2,0.125,0.04794859670158786,0.4853351268197654,1.0
dense,C0,0.5700000000000001,3,0.1875,0.05213766551132618,0.4853351268197654,1.0
dense,C0,0.5700000000000001,4,0.25,0.05581321882466061,0.4853351268197654,1.0
dense,C0,0.5700000000000001,5,0.3125,0.05957525611795214,0.4853351268197654,1.0
dense,C0,0.5700000000000001,6,0.375,0.06417422263656433,0.4853351268197654,1.0
dense,C0,0.5700000000000001,7,0.4375,0.06809931396826285,0.4853351268197654,1.0
dense,C0,0.5700000000000001,8,0.5,0.07228116607174834,0.4853351268197654,1.0
dense,C0,0.5700000000000001,9,0.5625,0.07694520398910192,0.4853351268197654,1.0
dense,C0,0.5700000000000001,10,0.625,0.08130212261321813,0.4853351268197654,1.0
dense,C0,0.5700000000000001,11,0.6875,0.08571068518288329,0.4853351268197654,1.0
dense,C0,0.5700000000000001,12,0.75,0.0900829743001135,0.4853351268197654,1.0
dense,C0,0.5700000000000001,13,0.8125,0.09492032352074667,0.4853351268197654,1.0
dense,C0,0.5700000000000001,14,0.875,0.09924689367435467,0.4853351268197654,1.0
dense,C0,0.5700000000000001,15,0.9375,0.1038153368903198,0.4853351268197654,1.0
dense,C0,0.5700000000000001,16,1.0,0.10869946761228592,0.4853351268197654,1.0
dense,C0,0.58,0,0.0,0.04280156244008786,0.4853351268197654,1.0
dense,C0,0.58,1,0.0625,0.04604021507750874,0.4853351268197654,1.0
dense,C0,0.58,2,0.125,0.05000550524933401,0.4853351268197654,1.0
dense,C0,0.58,3,0.1875,0.0543705409131462,0.4853351268197654,1.0
dense,C0,0.58,4,0.25,0.058213932947646305,0.4853351268197654,1.0
dense,C0,0.58,5,0.3125,0.062146987413351104,0.4853351268197654,1.0
dense,C0,0.58,6,0.375,0.06694054865302423,0.4853351268197654,1.0
dense,C0,0.58,7,0.4375,0.0710452811710244,0.4853351268197654,1.0
dense,C0,0.58,8,0.5,0.0754163904632132,0.4853351268197654,1.0
dense,C0,0.58,9,0.5625,0.08028226971069015,0.4853351268197654,1.0
dense,C0,0.58,10,0.625,0.08483531405306656,0.4853351268197654,1.0
dense,C0,0.58,11,0.6875,0.08944648253191605,0.4853351268197654,1.0
dense,C0,0.58,12,0.75,0.094018089850492,0.4853351268197654,1.0
dense,C0,0.58,13,0.8125,0.09907337542027955,0.4853351268197654,1.0
dense,C0,0.58,14,0.875,0.10360677468601917,0.4853351268197654,1.0
dense,C0,0.58,15,0.9375,0.10838671429683494,0.4853351268197654,1.0
dense,C0,0.58,16,1.0,0.11349939876316317,0.4853351268197654,1.0
dense,C0,0.59,0,0.0,0.044542718025238265,0.4853351268197654,1.0
dense,C0,0.59,1,0.0625,0.047930339974508865,0.4853351268197654,1.0
dense,C0,0.59,2,0.125,0.052062482677030786,0.4853351268197654,1.0
dense,C0,0.59,3,0.1875,0.05660348749315949,0.4853351268197654,1.0
dense,C0,0.59,4,0.25,0.0606147225560519,0.4853351268197654,1.0
dense,C0,0.59,5,0.3125,0.06471878630821233,0.4853351268197654,1.0
dense,C0,0.59,6,0.375,0.06970695397076264,0.4853351268197654,1.0
dense,C0,0.59,7,0.4375,0.0739913388563467,0.4853351268197654,1.0
dense,C0,0.59,8,0.5,0.0785517088919036,0.4853351268197654,1.0
dense,C0,0.59,9,0.5625,0.08361942803629581,0.4853351268197654,1.0
dense,C0,0.59,10,0.625,0.08836858777602663,0.4853351268197654,1.0
dense,C0,0.59,11,0.6875,0.09318237130536576,0.4853351268197654,1.0
dense,C0,0.59,12,0.75,0.0979532992354406,0.4853351268197654,1.0
dense,C0,0.59,13,0.8125,0.10322651212576554,0.4853351268197654,1.0
dense,C0,0.59,14,0.875,0.1079667493674635,0.4853351268197654,1.0
dense,C0,0.59,15,0.9375,0.1129581679402684,0.4853351268197654,1.0
dense,C0,0.59,16,1.0,0.11829940337532989,0.4853351268197654,1.0
dense,C0,0.6,0,0.0,0.04628393103561947,0.4853351268197654,1.0
dense,C0,0.6,1,0.0625,0.049820533758568215,0.4853351268197654,1.0
dense,C0,0.6,2,0.125,0.054119521130701086,0.4853351268197654,1.0
dense,C0,0.6,3,0.1875,0.05883649714736032,0.4853351268197654,1.0
dense,C0,0.6,4,0.25,0.0630155790222679,0.4853351268197654,1.0
dense,C0,0.6,5,0.3125,0.06729064505173118,0.4853351268197654,1.0
dense,C0,0.6,6,0.375,0.07247342950868016,0.4853351268197654,1.0
dense,C0,0.6,7,0.4375,0.07693747663006902,0.4853351268197654,1.0
dense,C0,0.6,8,0.5,0.08168711052979673,0.4853351268197654,1.0
dense,C0,0.6,9,0.5625,0.08695666830425496,0.4853351268197654,1.0
dense,C0,0.6,10,0.625,0.09190193429169712,0.4853351268197654,1.0
dense,C0,0.6,11,0.6875,0.09691834093088536,0.4853351268197654,1.0
dense,C0,0.6,12,0.75,0.10188859158253481,0.4853351268197654,1.0
dense,C0,0.6,13,0.8125,0.107379723797059,0.4853351268197654,1.0
dense,C0,0.6,14,0.875,0.11232680681128611,0.4853351268197654,1.0
dense,C0,0.6,15,0.9375,0.11752968892464997,0.4853351268197654,1.0
dense,C0,0.6,16,1.0,0.12309947285538132,0.4853351268197654,1.0
dense,C0,0.61,0,0.0,0.04802519522516329,0.4853351268197654,1.0
dense,C0,0.61,1,0.0625,0.05171078887556433,0.4853351268197654,1.0
dense,C0,0.61,2,0.125,0.056176613906517965,0.4853351268197654,1.0
dense,C0,0.61,3,0.1875,0.061069562956823066,0.4853351268197654,1.0
dense,C0,0.61,4,0.25,0.06541649498503167,0.4853351268197654,1.0
dense,C0,0.61,5,0.3125,0.06986255703426056,0.4853351268197654,1.0
dense,C0,0.61,6,0.375,0.07523996752106414,0.4853351268197654,1.0
dense,C0,0.61,7,0.4375,0.07988368563112876,0.4853351268197654,1.0
dense,C0,0.61,8,0.5,0.08482258614960098,0.4853351268197654,1.0
dense,C0,0.61,9,0.5625,0.0902939814288689,0.4853351268197654,1.0
dense,C0,0.61,10,0.625,0.09543534551496474,0.4853351268197654,1.0
dense,C0,0.61,11,0.6875,0.10065438240556264,0.4853351268197654,1.0
dense,C0,0.61,12,0.75,0.1058239576363958,0.4853351268197654,1.0
dense,C0,0.61,13,0.8125,0.11153300205953938,0.4853351268197654,1.0
dense,C0,0.61,14,0.875,0.11668693774013222,0.4853351268197654,1.0
dense,C0,0.61,15,0.9375,0.12210126968616317,0.4853351268197654,1.0
dense,C0,0.61,16,1.0,0.12789959989984667,0.4853351268197654,1.0
dense,C0,0.62,0,0.0,0.049766505221796445,0.4853351268197654,1.0
dense,C0,0.62,1,0.0625,0.05360109883673692,0.4853351268197654,1.0
dense,C0,0.62,2,0.125,0.05823375524773331,0.4853351268197654,1.0
dense,C0,0.62,3,0.1875,0.06330267897874751,0.4853351268197654,1.0
dense,C0,0.62,4,0.25,0.0678174641253426,0.4853351268197654,1.0
dense,C0,0.62,5,0.3125,0.07243451658477294,0.4853351268197654,1.0
dense,C0,0.62,6,0.375,0.07800656136085884,0.4853351268197654,1.0
dense,C0,0.62,7,0.4375,0.08282995825899327,0.4853351268197654,1.0
dense,C0,0.62,8,0.5,0.08795812783953547,0.4853351268197654,1.0
dense,C0,0.62,9,0.5625,0.09363135961962407,0.4853351268197654,1.0
dense,C0,0.62,10,0.625,0.09896881451520587,0.4853351268197654,1.0
dense,C0,0.62,11,0.6875,0.10439048801514786,0.4853351268197654,1.0
dense,C0,0.62,12,0.75,0.10975938946887004,0.4853351268197654,1.0
dense,C0,0.62,13,0.8125,0.11568633974109672,0.4853351268197654,1.0
dense,C0,0.62,14,0.875,0.12104713421318657,0.4853351268197654,1.0
dense,C0,0.62,15,0.9375,0.12667290375280066,0.4853351268197654,1.0
dense,C0,0.62,16,1.0,0.13269977826192214,0.4853351268197654,1.0
dense,C0,0.63,0,0.0,0.05150785637976126,0.4853351268197654,1.0
dense,C0,0.63,1,0.0625,0.0554914580373052,0.4853351268197654,1.0
dense,C0,0.63,2,0.125,0.06029094018315802,0.4853351268197654,1.0
dense,C0,0.63,3,0.1875,0.0655358400802057,0.4853351268197654,1.0
dense,C0,0.63,4,0.25,0.07021848098832706,0.4853351268197654,1.0
dense,C0,0.63,5,0.3125,0.07500651880997654,0.4853351268197654,1.0
dense,C0,0.63,6,0.375,0.08077320529156681,0.4853351268197654,1.0
dense,C0,0.63,7,0.4375,0.08577628795723789,0.4853351268197654,1.0
dense,C0,0.63,8,0.5,0.09109372877699118,0.4853351268197654,1.0
dense,C0,0.63,9,0.5625,0.09696879615837033,0.4853351268197654,1.0
dense,C0,0.63,10,0.625,0.10250233531734251,0.4853351268197654,1.0
dense,C0,0.63,11,0.6875,0.10812665111147135,0.4853351268197654,1.0
dense,C0,0.63,12,0.75,0.11369488024937952,0.4853351268197654,1.0
dense,C0,0.63,13,0.8125,0.11983973066379258,0.4853351268197654,1.0
dense,C0,0.63,14,0.875,0.12540738939387544,0.4853351268197654,1.0
dense,C0,0.63,15,0.9375,0.13124458555424096,0.4853351268197654,1.0
dense,C0,0.63,16,1.0,0.1375000025670547,0.4853351268197654,1.0
dense,C0,0.64,0,0.0,0.05324924466089729,0.4853351268197654,1.0
dense,C0,0.64,1,0.0625,0.05738186161091566,0.4853351268197654,1.0
dense,C0,0.64,2,0.125,0.06234816439760418,0.4853351268197654,1.0
dense,C0,0.64,3,0.1875,0.06776904180474427,0.4853351268197654,1.0
dense,C0,0.64,4,0.25,0.0726195408404267,0.4853351268197654,1.0
dense,C0,0.64,5,0.3125,0.07757855946542327,0.4853351268197654,1.0
dense,C0,0.64,6,0.375,0.0835398943365103,0.4853351268197654,1.0
dense,C0,0.64,7,0.4375,0.08872266904023096,0.4853351268197654,1.0
dense,C0,0.64,8,0.5,0.0942293830473613,0.4853351268197654,1.0
dense,C0,0.64,9,0.5625,0.10030628522096448,0.4853351268197654,1.0
dense,C0,0.64,10,0.625,0.1060359027426647,0.4853351268197654,1.0
dense,C0,0.64,11,0.6875,0.11186286593444937,0.4853351268197654,1.0
dense,C0,0.64,12,0.75,0.11763042406135711,0.4853351268197654,1.0
dense,C0,0.64,13,0.8125,0.12399316947738255,0.4853351268197654,1.0
dense,C0,0.64,14,0.875,0.1297676973643873,0.4853351268197654,1.0
dense,C0,0.64,15,0.9375,0.1358163102701132,0.4853351268197654,1.0
dense,C0,0.64,16,1.0,0.1423002681658439,0.4853351268197654,1.0
dense,C0,0.65,0,0.0,0.055162479396802716,0.4853351268197654,1.0
dense,C0,0.65,1,0.0625,0.05946127755624784,0.4853351268197654,1.0
dense,C0,0.65,2,0.125,0.06461264738716438,0.4853351268197654,1.0
dense,C0,0.65,3,0.1875,0.07022831634719166,0.4853351268197654,1.0
dense,C0,0.65,4,0.25,0.07526576967004465,0.4853351268197654,1.0
dense,C0,0.65,5,0.3125,0.08041528817160341,0.4853351268197654,1.0
dense,C0,0.65,6,0.375,0.086592624102267,0.4853351268197654,1.0
dense,C0,0.65,7,0.4375,0.09197599530099847,0.4853351268197654,1.0
dense,C0,0.65,8,0.5,0.09769396925503064,0.4853351268197654,1.0
dense,C0,0.65,9,0.5625,0.10399569785317243,0.4853351268197654,1.0
dense,C0,0.65,10,0.625,0.10994443977925693,0.4853351268197654,1.0
dense,C0,0.65,11,0.6875,0.11599832831753193,0.4853351268197654,1.0
dense,C0,0.65,12,0.75,0.12198919768332622,0.4853351268197654,1.0
dense,C0,0.65,13,0.8125,0.12859581350108285,0.4853351268197654,1.0
dense,C0,0.65,14,0.875,0.13460306420494594,0.4853351268197654,1.0
dense,C0,0.65,15,0.9375,0.14088921761222575,0.4853351268197654,1.0
dense,C0,0.65,16,1.0,0.1476301976498502,0.4853351268197654,1.0
dense,C0,0.66,0,0.0,0.057492223272856045,0.4853351268197654,1.0
dense,C0,0.66,1,0.0625,0.06199880588190849,0.4853351268197654,1.0
dense,C0,0.66,2,0.125,0.067379471862653,0.4853351268197654,1.0
dense,C0,0.66,3,0.1875,0.07323553411785248,0.4853351268197654,1.0
dense,C0,0.66,4,0.25,0.07850622633187943,0.4853351268197654,1.0
dense,C0,0.66,5,0.3125,0.08389355823985674,0.4853351268197654,1.0
dense,C0,0.66,6,0.375,0.09033864756260947,0.4853351268197654,1.0
dense,C0,0.66,7,0.4375,0.0959732814932396,0.4853351268197654,1.0
dense,C0,0.66,8,0.5,0.10195580691628907,0.4853351268197654,1.0
dense,C0,0.66,9,0.5625,0.10853809135390935,0.4853351268197654,1.0
dense,C0,0.66,10,0.625,0.11476182044845541,0.4853351268197654,1.0
dense,C0,0.66,11,0.6875,0.12110147765492695,0.4853351268197654,1.0
dense,C0,0.66,12,0.75,0.1273737863623261,0.4853351268197654,1.0
dense,C0,0.66,13,0.8125,0.13428723498997208,0.4853351268197654,1.0
dense,C0,0.66,14,0.875,0.1405898711348068,0.4853351268197654,1.0
dense,C0,0.66,15,0.9375,0.1471768902222441,0.4853351268197654,1.0
dense,C0,0.66,16,1.0,0.15424392727289338,0.4853351268197654,1.0
dense,C0,0.67,0,0.0,0.059822036538162836,0.4853351268197654,1.0
dense,C0,0.67,1,0.0625,0.06453641659377873,0.4853351268197654,1.0
dense,C0,0.67,2,0.125,0.0701463687255188,0.4853351268197654,1.0
dense,C0,0.67,3,0.1875,0.07624282690108422,0.4853351268197654,1.0
dense,C0,0.67,4,0.25,0.08174676192856087,0.4853351268197654,1.0
dense,C0,0.67,5,0.3125,0.08737189818664312,0.4853351268197654,1.0
dense,C0,0.67,6,0.375,0.0940847539590079,0.4853351268197654,1.0
dense,C0,0.67,7,0.4375,0.09997066292589028,0.4853351268197654,1.0
dense,C0,0.67,8,0.5,0.1062177433879778,0.4853351268197654,1.0
dense,C0,0.67,9,0.5625,0.11308058310580847,0.4853351268197654,1.0
dense,C0,0.67,10,0.625,0.11957928733308319,0.4853351268197654,1.0
dense,C0,0.67,11,0.6875,0.1262047227473545,0.4853351268197654,1.0
dense,C0,0.67,12,0.75,0.13275847239692298,0.4853351268197654,1.0
dense,C0,0.67,13,0.8125,0.1399787428804508,0.4853351268197654,1.0
dense,C0,0.67,14,0.875,0.14657677344858833,0.4853351268197654,1.0
dense,C0,0.67,15,0.9375,0.15346463919795988,0.4853351268197654,1.0
dense,C0,0.67,16,1.0,0.16085772970961773,0.4853351268197654,1.0
dense,C0,0.68,0,0.0,0.062151911389391475,0.4853351268197654,1.0
dense,C0,0.68,1,0.0625,0.06707410034112038,0.4853351268197654,1.0
dense,C0,0.68,2,0.125,0.07291332973494806,0.4853351268197654,1.0
dense,C0,0.68,3,0.1875,0.07925018615742146,0.4853351268197654,1.0
dense,C0,0.68,4,0.25,0.08498736743082384,0.4853351268197654,1.0
dense,C0,0.68,5,0.3125,0.09085029998574988,0.4853351268197654,1.0
dense,C0,0.68,6,0.375,0.09783093376419173,0.4853351268197654,1.0
dense,C0,0.68,7,0.4375,0.10396812861350069,0.4853351268197654,1.0
dense,C0,0.68,8,0.5,0.11047976723477894,0.4853351268197654,1.0
dense,C0,0.68,9,0.5625,0.11762316172577883,0.4853351268197654,1.0
dense,C0,0.68,10,0.625,0.12439683041664854,0.4853351268197654,1.0
dense,C0,0.68,11,0.6875,0.13130805243034993,0.4853351268197654,1.0
dense,C0,0.68,12,0.75,0.13814324440264492,0.4853351268197654,1.0
dense,C0,0.68,13,0.8125,0.14567032704508975,0.4853351268197654,1.0
dense,C0,0.68,14,0.875,0.15256375991713256,0.4853351268197654,1.0
dense,C0,0.68,15,0.9375,0.159752455522266,0.4853351268197654,1.0
dense,C0,0.68,16,1.0,0.16747159633333172,0.4853351268197654,1.0
dense,C0,0.6900000000000001,0,0.0,0.06448184115082618,0.4853351268197654,1.0
dense,C0,0.6900000000000001,1,0.0625,0.06961184913646064,0.4853351268197654,1.0
dense,C0,0.6900000000000001,2,0.125,0.07568034785512348,0.4853351268197654,1.0
dense,C0,0.6900000000000001,3,0.1875,0.08225760459604269,0.4853351268197654,1.0
dense,C0,0.6900000000000001,4,0.25,0.08822803513579683,0.4853351268197654,1.0
dense,C0,0.6900000000000001,5,0.3125,0.09432875679470756,0.4853351268197654,1.0
dense,C0,0.6900000000000001,6,0.375,0.10157717885618406,0.4853351268197654,1.0
dense,C0,0.6900000000000001,7,0.4375,0.10796566919736585,0.4853351268197654,1.0
dense,C0,0.6900000000000001,8,0.5,0.11474186872019078,0.4853351268197654,1.0
dense,C0,0.6900000000000001,9,0.5625,0.12216581752358849,0.4853351268197654,1.0
dense,C0,0.6900000000000001,10,0.625,0.12921444117630393,0.4853351268197654,1.0
dense,C0,0.6900000000000001,11,0.6875,0.1364114572099844,0.4853351268197654,1.0
dense,C0,0.6900000000000001,12,0.75,0.14352809270330513,0.4853351268197654,1.0
dense,C0,0.6900000000000001,13,0.8125,0.15136197887959893,0.4853351268197654,1.0
dense,C0,0.6900000000000001,14,0.875,0.15855082100721732,0.4853351268197654,1.0
dense,C0,0.6900000000000001,15,0.9375,0.16604033154384887,0.4853351268197654,1.0
dense,C0,0.6900000000000001,16,1.0,0.17408551982824824,0.4853351268197654,1.0
dense,C0,0.7000000000000001,0,0.0,0.06681182007781336,0.4853351268197654,1.0
dense,C0,0.7000000000000001,1,0.0625,0.07214965611592174,0.4853351268197654,1.0
dense,C0,0.7000000000000001,2,0.125,0.07844741704276902,0.4853351268197654,1.0
dense,C0,0.7000000000000001,3,0.1875,0.08526507595462246,0.4853351268197654,1.0
dense,C0,0.7000000000000001,4,0.25,0.09146875843209784,0.4853351268197654,1.0
dense,C0,0.7000000000000001,5,0.3125,0.09780726274433878,0.4853351268197654,1.0
dense,C0,0.7000000000000001,6,0.375,0.10532348226843655,0.4853351268197654,1.0
dense,C0,0.7000000000000001,7,0.4375,0.11196327665519053,0.4853351268197654,1.0
dense,C0,0.7000000000000001,8,0.5,0.11900403950238826,0.4853351268197654,1.0
dense,C0,0.7000000000000001,9,0.5625,0.12670854219847866,0.4853351268197654,1.0
dense,C0,0.7000000000000001,10,0.625,0.13403211231446116,0.4853351268197654,1.0
dense,C0,0.7000000000000001,11,0.6875,0.14151492896170487,0.4853351268197654,1.0
dense,C0,0.7000000000000001,12,0.75,0.14891300902219215,0.4853351268197654,1.0
dense,C0,0.7000000000000001,13,0.8125,0.15705369102687644,0.4853351268197654,1.0
dense,C0,0.7000000000000001,14,0.875,0.16453794857305498,0.4853351268197654,1.0
dense,C0,0.7000000000000001,15,0.9375,0.17232826072804489,0.4853351268197654,1.0
dense,C0,0.7000000000000001,16,1.0,0.18069949394960558,0.4853351268197654,1.0
dense,C0,0.71,0,0.0,0.06914184319993179,0.4853351268197654,1.0
dense,C0,0.71,1,0.0625,0.07468751534838945,0.4853351268197654,1.0
dense,C0,0.71,2,0.125,0.0812145320781087,0.4853351268197654,1.0
dense,C0,0.71,3,0.1875,0.08827259482416876,0.4853351268197654,1.0
dense,C0,0.71,4,0.25,0.09470953161313816,0.4853351268197654,1.0
dense,C0,0.71,5,0.3125,0.1012858127716604,0.4853351268197654,1.0
dense,C0,0.71,6,0.375,0.10906983799144016,0.4853351268197654,1.0
dense,C0,0.71,7,0.4375,0.11596094407078852,0.4853351268197654,1.0
dense,C0,0.71,8,0.5,0.12326627239315868,0.4853351268197654,1.0
dense,C0,0.71,9,0.5625,0.13125132859875926,0.4853351268197654,1.0
dense,C0,0.71,10,0.625,0.13884983754626404,0.4853351268197654,1.0
dense,C0,0.71,11,0.6875,0.1466184606920504,0.4853351268197654,1.0
dense,C0,0.71,12,0.75,0.15429798623790786,0.4853351268197654,1.0
dense,C0,0.71,13,0.8125,0.16274545715895,0.4853351268197654,1.0
dense,C0,0.71,14,0.875,0.17052513561276642,0.4853351268197654,1.0
dense,C0,0.71,15,0.9375,0.17861623746031283,0.4853351268197654,1.0
dense,C0,0.71,16,1.0,0.18731351333459836,0.4853351268197654,1.0
dense,C0,0.72,0,0.0,0.07147190619482535,0.4853351268197654,1.0
dense,C0,0.72,1,0.0625,0.07722542168229207,0.4853351268197654,1.0
dense,C0,0.72,2,0.125,0.08398168842923197,0.4853351268197654,1.0
dense,C0,0.72,3,0.1875,0.09128015650847587,0.4853351268197654,1.0
dense,C0,0.72,4,0.25,0.09795034972747722,0.4853351268197654,1.0
dense,C0,0.72,5,0.3125,0.10476440248606543,0.4853351268197654,1.0
dense,C0,0.72,6,0.375,0.1128162408138529,0.4853351268197654,1.0
dense,C0,0.72,7,0.4375,0.1199586654498143,0.4853351268197654,1.0
dense,C0,0.72,8,0.5,0.12752856116516337,0.4853351268197654,1.0
dense,C0,0.72,9,0.5625,0.13579417052964482,0.4853351268197654,1.0
dense,C0,0.72,10,0.625,0.1436676114298113,0.4853351268197654,1.0
dense,C0,0.72,11,0.6875,0.1517220463484503,0.4853351268197654,1.0
dense,C0,0.72,12,0.75,0.15968301818959654,0.4853351268197654,1.0
dense,C0,0.72,13,0.8125,0.16843727180312082,0.4853351268197654,1.0
dense,C0,0.72,14,0.875,0.17651237607440434,0.4853351268197654,1.0
dense,C0,0.72,15,0.9375,0.18490425688979908,0.4853351268197654,1.0
dense,C0,0.72,16,1.0,0.1939275733519941,0.4853351268197654,1.0
dense,C0,0.73,0,0.0,0.073802005285927,0.4853351268197654,1.0
dense,C0,0.73,1,0.0625,0.07976337062161727,0.4853351268197654,1.0
dense,C0,0.73,2,0.125,0.08674888214240835,0.4853351268197654,1.0
dense,C0,0.73,3,0.1875,0.09428775691046833,0.4853351268197654,1.0
dense,C0,0.73,4,0.25,0.10119120845792229,0.4853351268197654,1.0
dense,C0,0.73,5,0.3125,0.10824302806130034,0.4853351268197654,1.0
dense,C0,0.73,6,0.375,0.11656268619425508,0.4853351268197654,1.0
dense,C0,0.73,7,0.4375,0.12395643557114112,0.4853351268197654,1.0
dense,C0,0.73,8,0.5,0.13179090039658695,0.4853351268197654,1.0
dense,C0,0.73,9,0.5625,0.14033706259840253,0.4853351268197654,1.0
dense,C0,0.73,10,0.625,0.14848542922942407,0.4853351268197654,1.0
dense,C0,0.73,11,0.6875,0.15682568066615016,0.4853351268197654,1.0
dense,C0,0.73,12,0.75,0.16506809952028811,0.4853351268197654,1.0
dense,C0,0.73,13,0.8125,0.17412913020219745,0.4853351268197654,1.0
dense,C0,0.73,14,0.875,0.18249966470015225,0.4853351268197654,1.0
dense,C0,0.73,15,0.9375,0.19119231480376733,0.4853351268197654,1.0
dense,C0,0.73,16,1.0,0.200541669981504,0.4853351268197654,1.0
dense,C0,0.74,0,0.0,0.0763941248986924,0.4853351268197654,1.0
dense,C0,0.74,1,0.0625,0.0825905195273533,0.4853351268197654,1.0
dense,C0,0.74,2,0.125,0.08983426819942723,0.4853351268197654,1.0
dense,C0,0.74,3,0.1875,0.09764357388975187,0.4853351268197654,1.0
dense,C0,0.74,4,0.25,0.10481085502718762,0.4853351268197654,1.0
dense,C0,0.74,5,0.3125,0.1121317913207025,0.4853351268197654,1.0
dense,C0,0.74,6,0.375,0.12075372136021707,0.4853351268197654,1.0
dense,C0,0.74,7,0.4375,0.1284326414191382,0.4853351268197654,1.0
dense,C0,0.74,8,0.5,0.13656737128331564,0.4853351268197654,1.0
dense,C0,0.74,9,0.5625,0.1454316137721324,0.4853351268197654,1.0
dense,C0,0.74,10,0.625,0.15389262595146563,0.4853351268197654,1.0
dense,C0,0.74,11,0.6875,0.16255857096599594,0.4853351268197654,1.0
dense,C0,0.74,12,0.75,0.17112199889691604,0.4853351268197654,1.0
dense,C0,0.74,13,0.8125,0.18053261858491698,0.4853351268197654,1.0
dense,C0,0.74,14,0.875,0.18924146314689377,0.4853351268197654,1.0
dense,C0,0.74,15,0.9375,0.1982783640132399,0.4853351268197654,1.0
dense,C0,0.74,16,1.0,0.20800125432566474,0.4853351268197654,1.0
dense,C0,0.75,0,0.0,0.07938603777272393,0.4853351268197654,1.0
dense,C0,0.75,1,0.0625,0.08585893208968437,0.4853351268197654,1.0
dense,C0,0.75,2,0.125,0.09340515374719491,0.4853351268197654,1.0
dense,C0,0.75,3,0.1875,0.10153070145247503,0.4853351268197654,1.0
dense,C0,0.75,4,0.25,0.10900845751836993,0.4853351268197654,1.0
dense,C0,0.75,5,0.3125,0.11664634337293528,0.4853351268197654,1.0
dense,C0,0.75,6,0.375,0.12562311315000282,0.4853351268197654,1.0
dense,C0,0.75,7,0.4375,0.13363884690894232,0.4853351268197654,1.0
dense,C0,0.75,8,0.5,0.1421283066926977,0.4853351268197654,1.0
dense,C0,0.75,9,0.5625,0.15136788962284395,0.4853351268197654,1.0
dense,C0,0.75,10,0.625,0.1601990990340682,0.4853351268197654,1.0
dense,C0,0.75,11,0.6875,0.16925158231060175,0.4853351268197654,1.0
dense,C0,0.75,12,0.75,0.17819638241859634,0.4853351268197654,1.0
dense,C0,0.75,13,0.8125,0.18802191202845908,0.4853351268197654,1.0
dense,C0,0.75,14,0.875,0.19713449280665274,0.4853351268197654,1.0
dense,C0,0.75,15,0.9375,0.20658198747838055,0.4853351268197654,1.0
dense,C0,0.75,16,1.0,0.21675088238995438,0.4853351268197654,1.0
dense,C0,0.76,0,0.0,0.08237800723889717,0.4853351268197654,1.0
dense,C0,0.76,1,0.0625,0.08912741075953196,0.4853351268197654,1.0
dense,C0,0.76,2,0.125,0.0969760967468217,0.4853351268197654,1.0
dense,C0,0.76,3,0.1875,0.10541788864863214,0.4853351268197654,1.0
dense,C0,0.76,4,0.25,0.11320612204027303,0.4853351268197654,1.0
dense,C0,0.76,5,0.3125,0.12116094954255587,0.4853351268197654,1.0
dense,C0,0.76,6,0.375,0.13049256997874026,0.4853351268197654,1.0
dense,C0,0.76,7,0.4375,0.13884512764428503,0.4853351268197654,1.0
dense,C0,0.76,8,0.5,0.1476893199089865,0.4853351268197654,1.0
dense,C0,0.76,9,0.5625,0.15730424384929345,0.4853351268197654,1.0
dense,C0,0.76,10,0.625,0.16650563982772795,0.4853351268197654,1.0
dense,C0,0.76,11,0.6875,0.17594466866054775,0.4853351268197654,1.0
dense,C0,0.76,12,0.75,0.18527084110287012,0.4853351268197654,1.0
dense,C0,0.76,13,0.8125,0.19551127045191358,0.4853351268197654,1.0
dense,C0,0.76,14,0.875,0.20502759401285442,0.4853351268197654,1.0
dense,C0,0.76,15,0.9375,0.2148856671171161,0.4853351268197654,1.0
dense,C0,0.76,16,1.0,0.22550056319184383,0.4853351268197654,1.0
dense,C0,0.77,0,0.0,0.08537002734704612,0.4853351268197654,1.0
dense,C0,0.77,1,0.0625,0.0923959485212963,0.4853351268197654,1.0
dense,C0,0.77,2,0.125,0.10054709107707697,0.4853351268197654,1.0
dense,C0,0.77,3,0.1875,0.10930512911604306,0.4853351268197654,1.0
dense,C0,0.77,4,0.25,0.11740384193934592,0.4853351268197654,1.0
dense,C0,0.77,5,0.3125,0.12567560399743766,0.4853351268197654,1.0
dense,C0,0.77,6,0.375,0.13536208482738044,0.4853351268197654,1.0
dense,C0,0.77,7,0.4375,0.14405147546663707,0.4853351268197654,1.0
dense,C0,0.77,8,0.5,0.1532504024620206,0.4853351268197654,1.0
dense,C0,0.77,9,0.5625,0.16324066790092517,0.4853351268197654,1.0
dense,C0,0.77,10,0.625,0.17281224091938396,0.4853351268197654,1.0
dense,C0,0.77,11,0.6875,0.1826378217697236,0.4853351268197654,1.0
dense,C0,0.77,12,0.75,0.1923453666563018,0.4853351268197654,1.0
dense,C0,0.77,13,0.8125,0.2030006866633172,0.4853351268197654,1.0
dense,C0,0.77,14,0.875,0.21292075880868896,0.4853351268197654,1.0
dense,C0,0.77,15,0.9375,0.22318939665969212,0.4853351268197654,1.0
dense,C0,0.77,16,1.0,0.23425029082179316,0.4853351268197654,1.0
dense,C0,0.78,0,0.0,0.08836209295282188,0.4853351268197654,1.0
dense,C0,0.78,1,0.0625,0.09566453931805731,0.4853351268197654,1.0
dense,C0,0.78,2,0.125,0.10411813145642015,0.4853351268197654,1.0
dense,C0,0.78,3,0.1875,0.11319241736640265,0.4853351268197654,1.0
dense,C0,0.78,4,0.25,0.12160161148068466,0.4853351268197654,1.0
dense,C0,0.78,5,0.3125,0.13019030171436624,0.4853351268197654,1.0
dense,C0,0.78,6,0.375,0.14023165165173668,0.4853351268197654,1.0
dense,C0,0.78,7,0.4375,0.14925788335570014,0.4853351268197654,1.0
dense,C0,0.78,8,0.5,0.15881154706793363,0.4853351268197654,1.0
dense,C0,0.78,9,0.5625,0.1691771544272454,0.4853351268197654,1.0
dense,C0,0.78,10,0.625,0.17911889593993616,0.4853351268197654,1.0
dense,C0,0.78,11,0.6875,0.1893310345579945,0.4853351268197654,1.0
dense,C0,0.78,12,0.75,0.19941995196223775,0.4853351268197654,1.0
dense,C0,0.78,13,0.8125,0.2104901544942389,0.4853351268197654,1.0
dense,C0,0.78,14,0.875,0.2208139803749765,0.4853351268197654,1.0
dense,C0,0.78,15,0.9375,0.2314931707359118,0.4853351268197654,1.0
dense,C0,0.78,16,1.0,0.24300006022137416,0.4853351268197654,1.0
dense,C0,0.79,0,0.0,0.09135419958576085,0.4853351268197654,1.0
dense,C0,0.79,1,0.0625,0.09893317789324588,0.4853351268197654,1.0
dense,C0,0.79,2,0.125,0.10768921330380331,0.4853351268197654,1.0
dense,C0,0.79,3,0.1875,0.11707974864023482,0.4853351268197654,1.0
dense,C0,0.79,4,0.25,0.12579942569478855,0.4853351268197654,1.0
dense,C0,0.79,5,0.3125,0.1347050383435028,0.4853351268197654,1.0
dense,C0,0.79,6,0.375,0.14510126521892777,0.4853351268197654,1.0
dense,C0,0.79,7,0.4375,0.1544643452376104,0.4853351268197654,1.0
dense,C0,0.79,8,0.5,0.16437274742850969,0.4853351268197654,1.0
dense,C0,0.79,9,0.5625,0.17511369707443686,0.4853351268197654,1.0
dense,C0,0.79,10,0.625,0.1854255993867312,0.4853351268197654,1.0
dense,C0,0.79,11,0.6875,0.19602430091216647,0.4853351268197654,1.0
dense,C0,0.79,12,0.75,0.20649459087924585,0.4853351268197654,1.0
dense,C0,0.79,13,0.8125,0.21797966862396154,0.4853351268197654,1.0
dense,C0,0.79,14,0.875,0.22870725283387416,0.4853351268197654,1.0
dense,C0,0.79,15,0.9375,0.23979698471939523,0.4853351268197654,1.0
dense,C0,0.79,16,1.0,0.2517498670353754,0.4853351268197654,1.0
dense,C0,0.8,0,0.0,0.09434634334244792,0.4853351268197654,1.0
dense,C0,0.8,1,0.0625,0.10220185966268677,0.4853351268197654,1.0
dense,C0,0.8,2,0.125,0.11126033262627362,0.4853351268197654,1.0
dense,C0,0.8,3,0.1875,0.12096711878980536,0.4853351268197654,1.0
dense,C0,0.8,4,0.25,0.12999728025399873,0.4853351268197654,1.0
dense,C0,0.8,5,0.3125,0.1392198100992145,0.4853351268197654,1.0
dense,C0,0.8,6,0.375,0.14997092097568043,0.4853351268197654,1.0
dense,C0,0.8,7,0.4375,0.15967085583065826,0.4853351268197654,1.0
dense,C0,0.8,8,0.5,0.16993399806992632,0.4853351268197654,1.0
dense,C0,0.8,9,0.5625,0.1810502903219791,0.4853351268197654,1.0
dense,C0,0.8,10,0.625,0.19173234648107682,0.4853351268197654,1.0
dense,C0,0.8,11,0.6875,0.20271761552637324,0.4853351268197654,1.0
dense,C0,0.8,12,0.75,0.21356927807960777,0.4853351268197654,1.0
dense,C0,0.8,13,0.8125,0.22546922443869985,0.4853351268197654,1.0
dense,C0,0.8,14,0.875,0.23660057109187033,0.4853351268197654,1.0
dense,C0,0.8,15,0.9375,0.2481008346031125,0.4853351268197654,1.0
dense,C0,0.8,16,1.0,0.26049970749370865,0.4853351268197654,1.0
dense,C0,0.81,0,0.0,0.09767126616389989,0.4853351268197654,1.0
dense,C0,0.81,1,0.0625,0.10583886176444106,0.4853351268197654,1.0
dense,C0,0.81,2,0.125,0.11523780649496472,0.4853351268197654,1.0
dense,C0,0.81,3,0.1875,0.12530036176111306,0.4853351268197654,1.0
dense,C0,0.81,4,0.25,0.1346813510451097,0.4853351268197654,1.0
dense,C0,0.81,5,0.3125,0.14426227804006217,0.4853351268197654,1.0
dense,C0,0.81,6,0.375,0.1554140253896419,0.4853351268197654,1.0
dense,C0,0.81,7,0.4375,0.1654958866497287,0.4853351268197654,1.0
dense,C0,0.81,8,0.5,0.17616141090809323,0.4853351268197654,1.0
dense,C0,0.81,9,0.5625,0.1877033569692852,0.4853351268197654,1.0
dense,C0,0.81,10,0.625,0.19880625297364218,0.4853351268197654,1.0
dense,C0,0.81,11,0.6875,0.2102318287334273,0.4853351268197654,1.0
dense,C0,0.81,12,0.75,0.22151835287507687,0.4853351268197654,1.0
dense,C0,0.81,13,0.8125,0.23389100967515233,0.4853351268197654,1.0
dense,C0,0.81,14,0.875,0.24548435330445073,0.4853351268197654,1.0
dense,C0,0.81,15,0.9375,0.2574543712697368,0.4853351268197654,1.0
dense,C0,0.81,16,1.0,0.27036404707154116,0.4853351268197654,1.0
dense,C0,0.8200000000000001,0,0.0,0.10142566424907773,0.4853351268197654,1.0
dense,C0,0.8200000000000001,1,0.0625,0.10995120742847961,0.4853351268197654,1.0
dense,C0,0.8200000000000001,2,0.125,0.1197397077042392,0.4853351268197654,1.0
dense,C0,0.8200000000000001,3,0.1875,0.13020903273593115,0.4853351268197654,1.0
dense,C0,0.8200000000000001,4,0.25,0.1399929148442585,0.4853351268197654,1.0
dense,C0,0.8200000000000001,5,0.3125,0.1499857697494156,0.4853351268197654,1.0
dense,C0,0.8200000000000001,6,0.375,0.16159720109445777,0.4853351268197654,1.0
dense,C0,0.8200000000000001,7,0.4375,0.17211915760354435,0.4853351268197654,1.0
dense,C0,0.8200000000000001,8,0.5,0.18324854849416314,0.4853351268197654,1.0
dense,C0,0.8200000000000001,9,0.5625,0.1952810787016032,0.4853351268197654,1.0
dense,C0,0.8200000000000001,10,0.625,0.20687022546912723,0.4853351268197654,1.0
dense,C0,0.8200000000000001,11,0.6875,0.2188054618397,0.4853351268197654,1.0
dense,C0,0.8200000000000001,12,0.75,0.2305958769948191,0.4853351268197654,1.0
dense,C0,0.8200000000000001,13,0.8125,0.24351588964586607,0.4853351268197654,1.0
dense,C0,0.8200000000000001,14,0.875,0.2556463853184791,0.4853351268197654,1.0
dense,C0,0.8200000000000001,15,0.9375,0.2681625860884354,0.4853351268197654,1.0
dense,C0,0.8200000000000001,16,1.0,0.28166670760396867,0.4853351268197654,1.0
dense,C0,0.8300000000000001,0,0.0,0.10518011481541337,0.4853351268197654,1.0
dense,C0,0.8300000000000001,1,0.0625,0.11406361324138428,0.4853351268197654,1.0
dense,C0,0.8300000000000001,2,0.125,0.12424166060559269,0.4853351268197654,1.0
dense,C0,0.8300000000000001,3,0.1875,0.13511775741802529,0.4853351268197654,1.0
dense,C0,0.8300000000000001,4,0.25,0.14530453372970947,0.4853351268197654,1.0
dense,C0,0.8300000000000001,5,0.3125,0.1557093087915431,0.4853351268197654,1.0
dense,C0,0.8300000000000001,6,0.375,0.167780434449873,0.4853351268197654,1.0
dense,C0,0.8300000000000001,7,0.4375,0.17874249592802904,0.4853351268197654,1.0
dense,C0,0.8300000000000001,8,0.5,0.19033575550362317,0.4853351268197654,1.0
dense,C0,0.8300000000000001,9,0.5625,0.20285887165617938,0.4853351268197654,1.0
dense,C0,0.8300000000000001,10,0.625,0.21493425852105827,0.4853351268197654,1.0
dense,C0,0.8300000000000001,11,0.6875,0.22737916174878595,0.4853351268197654,1.0
dense,C0,0.8300000000000001,12,0.75,0.23967346679421545,0.4853351268197654,1.0
dense,C0,0.8300000000000001,13,0.8125,0.2531408244789182,0.4853351268197654,1.0
dense,C0,0.8300000000000001,14,0.875,0.2658084774733685,0.4853351268197654,1.0
dense,C0,0.8300000000000001,15,0.9375,0.2788708472630885,0.4853351268197654,1.0
dense,C0,0.8300000000000001,16,1.0,0.2929694107697625,0.4853351268197654,1.0
dense,C0,0.84,0,0.0,0.1089346124365897,0.4853351268197654,1.0
dense,C0,0.84,1,0.0625,0.11817607292379934,0.4853351268197654,1.0
dense,C0,0.84,2,0.125,0.1287436597762657,0.4853351268197654,1.0
dense,C0,0.84,3,0.1875,0.1400265301591607,0.4853351268197654,1.0
dense,C0,0.84,4,0.25,0.15061620187345545,0.4853351268197654,1.0
dense,C0,0.84,5,0.3125,0.16143289013195058,0.4853351268197654,1.0
dense,C0,0.84,6,0.375,0.17396371930862137,0.4853351268197654,1.0
dense,C0,0.84,7,0.4375,0.1853658944014866,0.4853351268197654,1.0
dense,C0,0.84,8,0.5,0.19742302445986903,0.4853351268197654,1.0
dense,C0,0.84,9,0.5625,0.21043672813890782,0.4853351268197654,1.0
dense,C0,0.84,10,0.625,0.22299834555993533,0.4853351268197654,1.0
dense,C0,0.84,11,0.6875,0.23595292117854674,0.4853351268197654,1.0
dense,C0,0.84,12,0.75,0.2487511150827905,0.4853351268197654,1.0
dense,C0,0.84,13,0.8125,0.26276580814559714,0.4853351268197654,1.0
dense,C0,0.84,14,0.875,0.2759706231254012,0.4853351268197654,1.0
dense,C0,0.84,15,0.9375,0.28957914965114673,0.4853351268197654,1.0
dense,C0,0.84,16,1.0,0.3042721518178579,0.4853351268197654,1.0
dense,C0,0.85,0,0.0,0.11268915240938703,0.4853351268197654,1.0
dense,C0,0.85,1,0.0625,0.12228858104096908,0.4853351268197654,1.0
dense,C0,0.85,2,0.125,0.13324570052632598,0.4853351268197654,1.0
dense,C0,0.85,3,0.1875,0.14493534607624514,0.4853351268197654,1.0
dense,C0,0.85,4,0.25,0.15592791424156052,0.4853351268197654,1.0
dense,C0,0.85,5,0.3125,0.16715650942565075,0.4853351268197654,1.0
dense,C0,0.85,6,0.375,0.1801470503673723,0.4853351268197654,1.0
dense,C0,0.85,7,0.4375,0.1919893467987182,0.4853351268197654,1.0
dense,C0,0.85,8,0.5,0.20451034892263753,0.4853351268197654,1.0
dense,C0,0.85,9,0.5625,0.21801464152536312,0.4853351268197654,1.0
dense,C0,0.85,10,0.625,0.23106248093332113,0.4853351268197654,1.0
dense,C0,0.85,11,0.6875,0.2445267338681217,0.4853351268197654,1.0
dense,C0,0.85,12,0.75,0.2578288156826756,0.4853351268197654,1.0
dense,C0,0.85,13,0.8125,0.27239083546926546,0.4853351268197654,1.0
dense,C0,0.85,14,0.875,0.28613281657464645,0.4853351268197654,1.0
dense,C0,0.85,15,0.9375,0.3002874888435798,0.4853351268197654,1.0
dense,C0,0.85,16,1.0,0.31557492667783743,0.4853351268197654,1.0
dense,C0,0.86,0,0.0,0.11652026890031407,0.4853351268197654,1.0
dense,C0,0.86,1,0.0625,0.1264860186090796,0.4853351268197654,1.0
dense,C0,0.86,2,0.125,0.1378416230586728,0.4853351268197654,1.0
dense,C0,0.86,3,0.1875,0.14994737401951386,0.4853351268197654,1.0
dense,C0,0.86,4,0.25,0.16135238338956423,0.4853351268197654,1.0
dense,C0,0.86,5,0.3125,0.17300271285682306,0.4853351268197654,1.0
dense,C0,0.86,6,0.375,0.18646384752586104,0.4853351268197654,1.0
dense,C0,0.86,7,0.4375,0.1987570074419776,0.4853351268197654,1.0
dense,C0,0.86,8,0.5,0.21175325132103465,0.4853351268197654,1.0
dense,C0,0.86,9,0.5625,0.2257601824233287,0.4853351268197654,1.0
dense,C0,0.86,10,0.625,0.23930639809425974,0.4853351268197654,1.0
dense,C0,0.86,11,0.6875,0.253293254991305,0.4853351268197654,1.0
dense,C0,0.86,12,0.75,0.26711211679794916,0.4853351268197654,1.0
dense,C0,0.86,13,0.8125,0.2822353900536309,0.4853351268197654,1.0
dense,C0,0.86,14,0.875,0.29652862683894293,0.4853351268197654,1.0
dense,C0,0.86,15,0.9375,0.3112437945246929,0.4853351268197654,1.0
dense,C0,0.86,16,1.0,0.32714140601861225,0.4853351268197654,1.0
dense,C0,0.87,0,0.0,0.12117186243784786,0.4853351268197654,1.0
dense,C0,0.87,1,0.0625,0.13159341775193464,0.4853351268197654,1.0
dense,C0,0.87,2,0.125,0.14344352714501973,0.4853351268197654,1.0
dense,C0,0.87,3,0.1875,0.15606538265074768,0.4853351268197654,1.0
dense,C0,0.87,4,0.25,0.16798513600085435,0.4853351268197654,1.0
dense,C0,0.87,5,0.3125,0.18016259424320574,0.4853351268197654,1.0
dense,C0,0.87,6,0.375,0.1942108986789189,0.4853351268197654,1.0
dense,C0,0.87,7,0.4375,0.2070700041995125,0.4853351268197654,1.0
dense,C0,0.87,8,0.5,0.22066335032878392,0.4853351268197654,1.0
dense,C0,0.87,9,0.5625,0.23530207094582525,0.4853351268197654,1.0
dense,C0,0.87,10,0.625,0.249477019062855,0.4853351268197654,1.0
dense,C0,0.87,11,0.6875,0.2641250013159065,0.4853351268197654,1.0
dense,C0,0.87,12,0.75,0.27859884305921434,0.4853351268197654,1.0
dense,C0,0.87,13,0.8125,0.29443272535349074,0.4853351268197654,1.0
dense,C0,0.87,14,0.875,0.3094282111038353,0.4853351268197654,1.0
dense,C0,0.87,15,0.9375,0.3248577843671973,0.4853351268197654,1.0
dense,C0,0.87,16,1.0,0.34153429292525683,0.4853351268197654,1.0
dense,C0,0.88,0,0.0,0.12582351251415042,0.4853351268197654,1.0
dense,C0,0.88,1,0.0625,0.13670088027732005,0.4853351268197654,1.0
dense,C0,0.88,2,0.125,0.14904548522035593,0.4853351268197654,1.0
dense,C0,0.88,3,0.1875,0.16218344745013458,0.4853351268197654,1.0
dense,C0,0.88,4,0.25,0.17461794530758734,0.4853351268197654,1.0
dense,C0,0.88,5,0.3125,0.1873225237082548,0.4853351268197654,1.0
dense,C0,0.88,6,0.375,0.20195800918841633,0.4853351268197654,1.0
dense,C0,0.88,7,0.4375,0.21538307117811942,0.4853351268197654,1.0
dense,C0,0.88,8,0.5,0.22957352149720445,0.4853351268197654,1.0
dense,C0,0.88,9,0.5625,0.24484403535379645,0.4853351268197654,1.0
dense,C0,0.88,10,0.625,0.25964770373474233,0.4853351268197654,1.0
dense,C0,0.88,11,0.6875,0.2749568175190536,0.4853351268197654,1.0
dense,C0,0.88,12,0.75,0.29008563649796426,0.4853351268197654,1.0
dense,C0,0.88,13,0.8125,0.3066301145365998,0.4853351268197654,1.0
dense,C0,0.88,14,0.875,0.32232785399746644,0.4853351268197654,1.0
dense,C0,0.88,15,0.9375,0.3384718189441723,0.4853351268197654,1.0
dense,C0,0.88,16,1.0,0.35592721994592363,0.4853351268197654,1.0
dense,C0,0.89,0,0.0,0.1304752130821296,0.4853351268197654,1.0
dense,C0,0.89,1,0.0625,0.1418083993367583,0.4853351268197654,1.0
dense,C0,0.89,2,0.125,0.15464749141758288,0.4853351268197654,1.0
dense,C0,0.89,3,0.1875,0.1683015622922346,0.4853351268197654,1.0
dense,C0,0.89,4,0.25,0.18125080508551472,0.4853351268197654,1.0
dense,C0,0.89,5,0.3125,0.19448249594188002,0.4853351268197654,1.0
dense,C0,0.89,6,0.375,0.20970517247596215,0.4853351268197654,1.0
dense,C0,0.89,7,0.4375,0.2236962005490675,0.4853351268197654,1.0
dense,C0,0.89,8,0.5,0.2384837567381495,0.4853351268197654,1.0
dense,C0,0.89,9,0.5625,0.25438606710790107,0.4853351268197654,1.0
dense,C0,0.89,10,0.625,0.26981844490612145,0.4853351268197654,1.0
dense,C0,0.89,11,0.6875,0.28578869565524445,0.4853351268197654,1.0
dense,C0,0.89,12,0.75,0.3015724894378964,0.4853351268197654,1.0
dense,C0,0.89,13,0.8125,0.318827551418722,0.4853351268197654,1.0
dense,C0,0.89,14,0.875,0.3352275487516891,0.4853351268197654,1.0
dense,C0,0.89,15,0.9375,0.35208589306640176,0.4853351268197654,1.0
dense,C0,0.89,16,1.0,0.37032018240337755,0.4853351268197654,1.0
dense,C0,0.9,0,0.0,0.13517856944392947,0.4853351268197654,1.0
dense,C0,0.9,1,0.0625,0.1469732891184282,0.4853351268197654,1.0
dense,C0,0.9,2,0.125,0.1603129999247706,0.4853351268197654,1.0
dense,C0,0.9,3,0.1875,0.174489584591815,0.4853351268197654,1.0
dense,C0,0.9,4,0.25,0.18796013495626224,0.4853351268197654,1.0
dense,C0,0.9,5,0.3125,0.20172570123117411,0.4853351268197654,1.0
dense,C0,0.9,6,0.375,0.21754308147521864,0.4853351268197654,1.0
dense,C0,0.9,7,0.4375,0.23210750315816403,0.4853351268197654,1.0
dense,C0,0.9,8,0.5,0.24750003324906017,0.4853351268197654,1.0
dense,C0,0.9,9,0.5625,0.2640425032463537,0.4853351268197654,1.0
dense,C0,0.9,10,0.625,0.28011203160529596,0.4853351268197654,1.0
dense,C0,0.9,11,0.6875,0.2967524202377182,0.4853351268197654,1.0
dense,C0,0.9,12,0.75,0.3132001764243642,0.4853351268197654,1.0
dense,C0,0.9,13,0.8125,0.33117552171092807,0.4853351268197654,1.0
dense,C0,0.9,14,0.875,0.3482876289851904,0.4853351268197654,1.0
dense,C0,0.9,15,0.9375,0.3658703979161649,0.4853351268197654,1.0
dense,C0,0.9,16,1.0,0.3848946127362102,0.4853351268197654,1.0
dense,C0,0.91,0,0.0,0.1409048745532363,0.4853351268197654,1.0
dense,C0,0.91,1,0.0625,0.15327429394570669,0.4853351268197654,1.0
dense,C0,0.91,2,0.125,0.16723628852317113,0.4853351268197654,1.0
dense,C0,0.91,3,0.1875,0.182062301930144,0.4853351268197654,1.0
dense,C0,0.91,4,0.25,0.19618422061307816,0.4853351268197654,1.0
dense,C0,0.91,5,0.3125,0.21061782877195137,0.4853351268197654,1.0
dense,C0,0.91,6,0.375,0.22717864390134176,0.4853351268197654,1.0
dense,C0,0.91,7,0.4375,0.24246351039588915,0.4853351268197654,1.0
dense,C0,0.91,8,0.5,0.2586169271959758,0.4853351268197654,1.0
dense,C0,0.91,9,0.5625,0.27596525687997675,0.4853351268197654,1.0
dense,C0,0.91,10,0.625,0.29283941425504245,0.4853351268197654,1.0
dense,C0,0.91,11,0.6875,0.3103282445599726,0.4853351268197654,1.0
dense,C0,0.91,12,0.75,0.3276181322039552,0.4853351268197654,1.0
dense,C0,0.91,13,0.8125,0.34650619093206886,0.4853351268197654,1.0
dense,C0,0.91,14,0.875,0.3645256020442251,0.4853351268197654,1.0
dense,C0,0.91,15,0.9375,0.38303209115629216,0.4853351268197654,1.0
dense,C0,0.91,16,1.0,0.40306504924217146,0.4853351268197654,1.0
dense,C0,0.92,0,0.0,0.14663124471015104,0.4853351268197654,1.0
dense,C0,0.92,1,0.0625,0.15957536988288845,0.4853351268197654,1.0
dense,C0,0.92,2,0.125,0.1741596374570617,0.4853351268197654,1.0
dense,C0,0.92,3,0.1875,0.1896350821672912,0.4853351268197654,1.0
dense,C0,0.92,4,0.25,0.20440836870157236,0.4853351268197654,1.0
dense,C0,0.92,5,0.3125,0.21951000886503177,0.4853351268197654,1.0
dense,C0,0.92,6,0.375,0.23681427190916546,0.4853351268197654,1.0
dense,C0,0.92,7,0.4375,0.2528195961653137,0.4853351268197654,1.0
dense,C0,0.92,8,0.5,0.2697339017098025,0.4853351268197654,1.0
dense,C0,0.92,9,0.5625,0.28788809777502333,0.4853351268197654,1.0
dense,C0,0.92,10,0.625,0.30556686976028863,0.4853351268197654,1.0
dense,C0,0.92,11,0.6875,0.32390414823092395,0.4853351268197654,1.0
dense,C0,0.92,12,0.75,0.34203616255174135,0.4853351268197654,1.0
dense,C0,0.92,13,0.8125,0.36183691764627335,0.4853351268197654,1.0
dense,C0,0.92,14,0.875,0.38076363692032195,0.4853351268197654,1.0
dense,C0,0.92,15,0.9375,0.40019383199183456,0.4853351268197654,1.0
dense,C0,0.92,16,1.0,0.42123552737084835,0.4853351268197654,1.0
dense,C0,0.93,0,0.0,0.15243741218655332,0.4853351268197654,1.0
dense,C0,0.93,1,0.0625,0.16596515136848883,0.4853351268197654,1.0
dense,C0,0.93,2,0.125,0.18118126771943596,0.4853351268197654,1.0
dense,C0,0.93,3,0.1875,0.1973161547571862,0.4853351268197654,1.0
dense,C0,0.93,4,0.25,0.21275108015273242,0.4853351268197654,1.0
dense,C0,0.93,5,0.3125,0.22853134821875848,0.4853351268197654,1.0
dense,C0,0.93,6,0.375,0.2465908449561569,0.4853351268197654,1.0
dense,C0,0.93,7,0.4375,0.26332829253302426,0.4853351268197654,1.0
dense,C0,0.93,8,0.5,0.2810158572244158,0.4853351268197654,1.0
dense,C0,0.93,9,0.5625,0.29998909804818163,0.4853351268197654,1.0
dense,C0,0.93,10,0.625,0.31848580091080303,0.4853351268197654,1.0
dense,C0,0.93,11,0.6875,0.33768574381120414,0.4853351268197654,1.0
dense,C0,0.93,12,0.75,0.35667409558312263,0.4853351268197654,1.0
dense,C0,0.93,13,0.8125,0.3774028758966325,0.4853351268197654,1.0
dense,C0,0.93,14,0.875,0.39725251146986357,0.4853351268197654,1.0
dense,C0,0.93,15,0.9375,0.41762235280632043,0.4853351268197654,1.0
dense,C0,0.93,16,1.0,0.43969031862270314,0.4853351268197654,1.0
dense,C0,0.9400000000000001,0,0.0,0.15946874773633343,0.4853351268197654,1.0
dense,C0,0.9400000000000001,1,0.0625,0.17371688842037425,0.4853351268197654,1.0
dense,C0,0.9400000000000001,2,0.125,0.18971210864906862,0.4853351268197654,1.0
dense,C0,0.9400000000000001,3,0.1875,0.206660212966716,0.4853351268197654,1.0
dense,C0,0.9400000000000001,4,0.25,0.22291458392516914,0.4853351268197654,1.0
dense,C0,0.9400000000000001,5,0.3125,0.2395363961773534,0.4853351268197654,1.0
dense,C0,0.9400000000000001,6,0.375,0.2585320379543067,0.4853351268197654,1.0
dense,C0,0.9400000000000001,7,0.4375,0.27618067503321514,0.4853351268197654,1.0
dense,C0,0.9400000000000001,8,0.5,0.2948315295761413,0.4853351268197654,1.0
dense,C0,0.9400000000000001,9,0.5625,0.314826203231012,0.4853351268197654,1.0
dense,C0,0.9400000000000001,10,0.625,0.3343456038031138,0.4853351268197654,1.0
dense,C0,0.9400000000000001,11,0.6875,0.3546265455539133,0.4853351268197654,1.0
dense,C0,0.9400000000000001,12,0.75,0.3746896238538491,0.4853351268197654,1.0
dense,C0,0.9400000000000001,13,0.8125,0.39658214821769944,0.4853351268197654,1.0
dense,C0,0.9400000000000001,14,0.875,0.4175944453030401,0.4853351268197654,1.0
dense,C0,0.9400000000000001,15,0.9375,0.4391490129673946,0.4853351268197654,1.0
dense,C0,0.9400000000000001,16,1.0,0.4625126970373597,0.4853351268197654,1.0
dense,C0,0.95,0,0.0,0.16650016520864216,0.4853351268197654,1.0
dense,C0,0.95,1,0.0625,0.18146871277367752,0.4853351268197654,1.0
dense,C0,0.95,2,0.125,0.19824302396936008,0.4853351268197654,1.0
dense,C0,0.95,3,0.1875,0.2160043489637872,0.4853351268197654,1.0
dense,C0,0.95,4,0.25,0.23307816380861876,0.4853351268197654,1.0
dense,C0,0.95,5,0.3125,0.2505415084031284,0.4853351268197654,1.0
dense,C0,0.95,6,0.375,0.2704733114890387,0.4853351268197654,1.0
dense,C0,0.95,7,0.4375,0.2890331548385148,0.4853351268197654,1.0
dense,C0,0.95,8,0.5,0.3086473017889259,0.4853351268197654,1.0
dense,C0,0.95,9,0.5625,0.32966341987596476,0.4853351268197654,1.0
dense,C0,0.95,10,0.625,0.3502055002749281,0.4853351268197654,1.0
dense,C0,0.95,11,0.6875,0.3715674484772925,0.4853351268197654,1.0
dense,C0,0.95,12,0.75,0.39270524559829656,0.4853351268197654,1.0
dense,C0,0.95,13,0.8125,0.4157614908137534,0.4853351268197654,1.0
dense,C0,0.95,14,0.875,0.43793645358573874,0.4853351268197654,1.0
dense,C0,0.95,15,0.9375,0.46067573262111905,0.4853351268197654,1.0
dense,C0,0.95,16,1.0,0.4853351268197654,0.4853351268197654,1.0
dense,C2,0.0,0,0.0,0.0,0.4853351268197654,1.0
dense,C2,0.0,1,0.0625,0.0,0.4853351268197654,1.0
dense,C2,0.0,2,0.125,0.0,0.4853351268197654,1.0
dense,C2,0.0,3,0.1875,0.0,0.4853351268197654,1.0
dense,C2,0.0,4,0.25,0.0,0.4853351268197654,1.0
dense,C2,0.0,5,0.3125,0.0,0.4853351268197654,1.0
dense,C2,0.0,6,0.375,0.0,0.4853351268197654,1.0
dense,C2,0.0,7,0.4375,0.0,0.4853351268197654,1.0
dense,C2,0.0,8,0.5,0.0,0.4853351268197654,1.0
dense,C2,0.0,9,0.5625,0.0,0.4853351268197654,1.0
dense,C2,0.0,10,0.625,0.0,0.4853351268197654,1.0
dense,C2,0.0,11,0.6875,0.0,0.4853351268197654,1.0
dense,C2,0.0,12,0.75,0.0,0.4853351268197654,1.0
dense,C2,0.0,13,0.8125,0.0,0.4853351268197654,1.0
dense,C2,0.0,14,0.875,0.0,0.4853351268197654,1.0
dense,C2,0.0,15,0.9375,0.0,0.4853351268197654,1.0
dense,C2,0.0,16,1.0,0.0,0.4853351268197654,1.0
dense,C2,0.01,0,0.0,0.000271233528779768,0.4853351268197654,1.0
dense,C2,0.01,1,0.0625,0.00027724721246680397,0.4853351268197654,1.0
dense,C2,0.01,2,0.125,0.0002852919360097878,0.4853351268197654,1.0
dense,C2,0.01,3,0.1875,0.0002987354809001405,0.4853351268197654,1.0
dense,C2,0.01,4,0.25,0.00030828048177659255,0.4853351268197654,1.0
dense,C2,0.01,5,0.3125,0.00031622710023362075,0.4853351268197654,1.0
dense,C2,0.01,6,0.375,0.00033071999984196615,0.4853351268197654,1.0
dense,C2,0.01,7,0.4375,0.0003389546175796113,0.4853351268197654,1.0
dense,C2,0.01,8,0.5,0.0003470355867523962,0.4853351268197654,1.0
dense,C2,0.01,9,0.5625,0.00035872978165739627,0.4853351268197654,1.0
dense,C2,0.01,10,0.625,0.0003674930381276178,0.4853351268197654,1.0
dense,C2,0.01,11,0.6875,0.00037768181458824255,0.4853351268197654,1.0
dense,C2,0.01,12,0.75,0.0003884667218390354,0.4853351268197654,1.0
dense,C2,0.01,13,0.8125,0.0003968582353080135,0.4853351268197654,1.0
dense,C2,0.01,14,0.875,0.0004059647253347416,0.4853351268197654,1.0
dense,C2,0.01,15,0.9375,0.00041578738671486763,0.4853351268197654,1.0
dense,C2,0.01,16,1.0,0.00042603326060617664,0.4853351268197654,1.0
dense,C2,0.02,0,0.0,0.0005424670575594034,0.4853351268197654,1.0
dense,C2,0.02,1,0.0625,0.0005544944249336074,0.4853351268197654,1.0
dense,C2,0.02,2,0.125,0.000570583872019633,0.4853351268197654,1.0
dense,C2,0.02,3,0.1875,0.0005974709618002254,0.4853351268197654,1.0
dense,C2,0.02,4,0.25,0.0006165609635532648,0.4853351268197654,1.0
dense,C2,0.02,5,0.3125,0.0006324542004672493,0.4853351268197654,1.0
dense,C2,0.02,6,0.375,0.0006614399996838434,0.4853351268197654,1.0
dense,C2,0.02,7,0.4375,0.0006779092351591699,0.4853351268197654,1.0
dense,C2,0.02,8,0.5,0.0006940711735047884,0.4853351268197654,1.0
dense,C2,0.02,9,0.5625,0.0007174595633146612,0.4853351268197654,1.0
dense,C2,0.02,10,0.625,0.0007349860762552859,0.4853351268197654,1.0
dense,C2,0.02,11,0.6875,0.0007553636291763474,0.4853351268197654,1.0
dense,C2,0.02,12,0.75,0.0007769334436782545,0.4853351268197654,1.0
dense,C2,0.02,13,0.8125,0.0007937164706159019,0.4853351268197654,1.0
dense,C2,0.02,14,0.875,0.0008119294506694912,0.4853351268197654,1.0
dense,C2,0.02,15,0.9375,0.0008315747734297869,0.4853351268197654,1.0
dense,C2,0.02,16,1.0,0.0008520665212124026,0.4853351268197654,1.0
dense,C2,0.03,0,0.0,0.0008137005863392289,0.4853351268197654,1.0
dense,C2,0.03,1,0.0625,0.0008317416374006004,0.4853351268197654,1.0
dense,C2,0.03,2,0.125,0.0008558758080295555,0.4853351268197654,1.0
dense,C2,0.03,3,0.1875,0.0008962064427003677,0.4853351268197654,1.0
dense,C2,0.03,4,0.25,0.0009248414453299926,0.4853351268197654,1.0
dense,C2,0.03,5,0.3125,0.0009486813007008757,0.4853351268197654,1.0
dense,C2,0.03,6,0.375,0.0009921599995258096,0.4853351268197654,1.0
dense,C2,0.03,7,0.4375,0.0010168638527387837,0.4853351268197654,1.0
dense,C2,0.03,8,0.5,0.0010411067602572389,0.4853351268197654,1.0
dense,C2,0.03,9,0.5625,0.0010761893449722508,0.4853351268197654,1.0
dense,C2,0.03,10,0.625,0.0011024791143830386,0.4853351268197654,1.0
dense,C2,0.03,11,0.6875,0.0011330454437648355,0.4853351268197654,1.0
dense,C2,0.03,12,0.75,0.001165400165517423,0.4853351268197654,1.0
dense,C2,0.03,13,0.8125,0.0011905747059239244,0.4853351268197654,1.0
dense,C2,0.03,14,0.875,0.001217894176004235,0.4853351268197654,1.0
dense,C2,0.03,15,0.9375,0.0012473621601448417,0.4853351268197654,1.0
dense,C2,0.03,16,1.0,0.0012780997818185968,0.4853351268197654,1.0
dense,C2,0.04,0,0.0,0.0010849341151189943,0.4853351268197654,1.0
dense,C2,0.04,1,0.0625,0.0011089888498673997,0.4853351268197654,1.0
dense,C2,0.04,2,0.125,0.0011411677440392074,0.4853351268197654,1.0
dense,C2,0.04,3,0.1875,0.0011949419236003194,0.4853351268197654,1.0
dense,C2,0.04,4,0.25,0.0012331219271065278,0.4853351268197654,1.0
dense,C2,0.04,5,0.3125,0.0012649084009343093,0.4853351268197654,1.0
dense,C2,0.04,6,0.375,0.0013228799993676343,0.4853351268197654,1.0
dense,C2,0.04,7,0.4375,0.0013558184703183433,0.4853351268197654,1.0
dense,C2,0.04,8,0.5,0.0013881423470095764,0.4853351268197654,1.0
dense,C2,0.04,9,0.5625,0.0014349191266294545,0.4853351268197654,1.0
dense,C2,0.04,10,0.625,0.0014699721525105152,0.4853351268197654,1.0
dense,C2,0.04,11,0.6875,0.001510727258352885,0.4853351268197654,1.0
dense,C2,0.04,12,0.75,0.0015538668873564558,0.4853351268197654,1.0
dense,C2,0.04,13,0.8125,0.0015874329412319437,0.4853351268197654,1.0
dense,C2,0.04,14,0.875,0.0016238589013388388,0.4853351268197654,1.0
dense,C2,0.04,15,0.9375,0.0016631495468597006,0.4853351268197654,1.0
dense,C2,0.04,16,1.0,0.0017041330424246352,0.4853351268197654,1.0
dense,C2,0.05,0,0.0,0.001356167643898819,0.4853351268197654,1.0
dense,C2,0.05,1,0.0625,0.0013862360623343886,0.4853351268197654,1.0
dense,C2,0.05,2,0.125,0.0014264596800492688,0.4853351268197654,1.0
dense,C2,0.05,3,0.1875,0.0014936774045004617,0.4853351268197654,1.0
dense,C2,0.05,4,0.25,0.0015414024088831225,0.4853351268197654,1.0
dense,C2,0.05,5,0.3125,0.0015811355011681235,0.4853351268197654,1.0
dense,C2,0.05,6,0.375,0.001653599999209706,0.4853351268197654,1.0
dense,C2,0.05,7,0.4375,0.0016947730878980897,0.4853351268197654,1.0
dense,C2,0.05,8,0.5,0.0017351779337620313,0.4853351268197654,1.0
dense,C2,0.05,9,0.5625,0.0017936489082869117,0.4853351268197654,1.0
dense,C2,0.05,10,0.625,0.001837465190638319,0.4853351268197654,1.0
dense,C2,0.05,11,0.6875,0.0018884090729411826,0.4853351268197654,1.0
dense,C2,0.05,12,0.75,0.0019423336091956766,0.4853351268197654,1.0
dense,C2,0.05,13,0.8125,0.0019842911765399675,0.4853351268197654,1.0
dense,C2,0.05,14,0.875,0.0020298236266737745,0.4853351268197654,1.0
dense,C2,0.05,15,0.9375,0.0020789369335747643,0.4853351268197654,1.0
dense,C2,0.05,16,1.0,0.002130166303030997,0.4853351268197654,1.0
dense,C2,0.06,0,0.0,0.0016274011726784528,0.4853351268197654,1.0
dense,C2,0.06,1,0.0625,0.0016634832748010629,0.4853351268197654,1.0
dense,C2,0.06,2,0.125,0.0017117516160589199,0.4853351268197654,1.0
dense,C2,0.06,3,0.1875,0.0017924128854005998,0.4853351268197654,1.0
dense,C2,0.06,4,0.25,0.0018496828906598478,0.4853351268197654,1.0
dense,C2,0.06,5,0.3125,0.0018973626014016907,0.4853351268197654,1.0
dense,C2,0.06,6,0.375,0.0019843199990514843,0.4853351268197654,1.0
dense,C2,0.06,7,0.4375,0.0020337277054776537,0.4853351268197654,1.0
dense,C2,0.06,8,0.5,0.0020822135205143697,0.4853351268197654,1.0
dense,C2,0.06,9,0.5625,0.0021523786899443095,0.4853351268197654,1.0
dense,C2,0.06,10,0.625,0.0022049582287659354,0.4853351268197654,1.0
dense,C2,0.06,11,0.6875,0.0022660908875294784,0.4853351268197654,1.0
dense,C2,0.06,12,0.75,0.0023308003310347097,0.4853351268197654,1.0
dense,C2,0.06,13,0.8125,0.002381149411847845,0.4853351268197654,1.0
dense,C2,0.06,14,0.875,0.002435788352008381,0.4853351268197654,1.0
dense,C2,0.06,15,0.9375,0.0024947243202895378,0.4853351268197654,1.0
dense,C2,0.06,16,1.0,0.0025561995636371715,0.4853351268197654,1.0
dense,C2,0.07,0,0.0,0.0018986347014582226,0.4853351268197654,1.0
dense,C2,0.07,1,0.0625,0.001940730487267999,0.4853351268197654,1.0
dense,C2,0.07,2,0.125,0.001997043552068901,0.4853351268197654,1.0
dense,C2,0.07,3,0.1875,0.0020911483663007425,0.4853351268197654,1.0
dense,C2,0.07,4,0.25,0.0021579633724365236,0.4853351268197654,1.0
dense,C2,0.07,5,0.3125,0.002213589701635313,0.4853351268197654,1.0
dense,C2,0.07,6,0.375,0.0023150399988935547,0.4853351268197654,1.0
dense,C2,0.07,7,0.4375,0.0023726823230573934,0.4853351268197654,1.0
dense,C2,0.07,8,0.5,0.002429249107266819,0.4853351268197654,1.0
dense,C2,0.07,9,0.5625,0.002511108471601762,0.4853351268197654,1.0
dense,C2,0.07,10,0.625,0.002572451266893607,0.4853351268197654,1.0
dense,C2,0.07,11,0.6875,0.002643772702117721,0.4853351268197654,1.0
dense,C2,0.07,12,0.75,0.002719267052873879,0.4853351268197654,1.0
dense,C2,0.07,13,0.8125,0.00277800764715592,0.4853351268197654,1.0
dense,C2,0.07,14,0.875,0.0028417530773432644,0.4853351268197654,1.0
dense,C2,0.07,15,0.9375,0.0029105117070046807,0.4853351268197654,1.0
dense,C2,0.07,16,1.0,0.002982232824243357,0.4853351268197654,1.0
dense,C2,0.08,0,0.0,0.0021698682302379903,0.4853351268197654,1.0
dense,C2,0.08,1,0.0625,0.002217977699734803,0.4853351268197654,1.0
dense,C2,0.08,2,0.125,0.0022823354880785523,0.4853351268197654,1.0
dense,C2,0.08,3,0.1875,0.0023898838472006943,0.4853351268197654,1.0
dense,C2,0.08,4,0.25,0.0024662438542130604,0.4853351268197654,1.0
dense,C2,0.08,5,0.3125,0.002529816801868886,0.4853351268197654,1.0
dense,C2,0.08,6,0.375,0.002645759998735514,0.4853351268197654,1.0
dense,C2,0.08,7,0.4375,0.002711636940636873,0.4853351268197654,1.0
dense,C2,0.08,8,0.5,0.0027762846940191585,0.4853351268197654,1.0
dense,C2,0.08,9,0.5625,0.002869838253259106,0.4853351268197654,1.0
dense,C2,0.08,10,0.625,0.0029399443050212226,0.4853351268197654,1.0
dense,C2,0.08,11,0.6875,0.0030214545167058225,0.4853351268197654,1.0
dense,C2,0.08,12,0.75,0.0031077337747129627,0.4853351268197654,1.0
dense,C2,0.08,13,0.8125,0.0031748658824638804,0.4853351268197654,1.0
dense,C2,0.08,14,0.875,0.003247717802678007,0.4853351268197654,1.0
dense,C2,0.08,15,0.9375,0.0033262990937195473,0.4853351268197654,1.0
dense,C2,0.08,16,1.0,0.0034082660848495424,0.4853351268197654,1.0
dense,C2,0.09,0,0.0,0.0024411017590176783,0.4853351268197654,1.0
dense,C2,0.09,1,0.0625,0.0024952249122016062,0.4853351268197654,1.0
dense,C2,0.09,2,0.125,0.0025676274240884764,0.4853351268197654,1.0
dense,C2,0.09,3,0.1875,0.002688619328100968,0.4853351268197654,1.0
dense,C2,0.09,4,0.25,0.002774524335989647,0.4853351268197654,1.0
dense,C2,0.09,5,0.3125,0.0028460439021025085,0.4853351268197654,1.0
dense,C2,0.09,6,0.375,0.0029764799985773456,0.4853351268197654,1.0
dense,C2,0.09,7,0.4375,0.003050591558216433,0.4853351268197654,1.0
dense,C2,0.09,8,0.5,0.0031233202807716075,0.4853351268197654,1.0
dense,C2,0.09,9,0.5625,0.00322856803491643,0.4853351268197654,1.0
dense,C2,0.09,10,0.625,0.0033074373431488347,0.4853351268197654,1.0
dense,C2,0.09,11,0.6875,0.0033991363312941203,0.4853351268197654,1.0
dense,C2,0.09,12,0.75,0.003496200496552133,0.4853351268197654,1.0
dense,C2,0.09,13,0.8125,0.00357172411777177,0.4853351268197654,1.0
dense,C2,0.09,14,0.875,0.0036536825280127556,0.4853351268197654,1.0
dense,C2,0.09,15,0.9375,0.003742086480434465,0.4853351268197654,1.0
dense,C2,0.09,16,1.0,0.003834299345455633,0.4853351268197654,1.0
dense,C2,0.1,0,0.0,0.0027123352877974492,0.4853351268197654,1.0
dense,C2,0.1,1,0.0625,0.002772472124668595,0.4853351268197654,1.0
dense,C2,0.1,2,0.125,0.0028529193600982617,0.4853351268197654,1.0
dense,C2,0.1,3,0.1875,0.002987354809000922,0.4853351268197654,1.0
dense,C2,0.1,4,0.25,0.0030828048177663748,0.4853351268197654,1.0
dense,C2,0.1,5,0.3125,0.003162271002336137,0.4853351268197654,1.0
dense,C2,0.1,6,0.375,0.003307199998419308,0.4853351268197654,1.0
dense,C2,0.1,7,0.4375,0.0033895461757961257,0.4853351268197654,1.0
dense,C2,0.1,8,0.5,0.003470355867523946,0.4853351268197654,1.0
dense,C2,0.1,9,0.5625,0.0035872978165737692,0.4853351268197654,1.0
dense,C2,0.1,10,0.625,0.0036749303812765016,0.4853351268197654,1.0
dense,C2,0.1,11,0.6875,0.003776818145882354,0.4853351268197654,1.0
dense,C2,0.1,12,0.75,0.0038846672183911685,0.4853351268197654,1.0
dense,C2,0.1,13,0.8125,0.003968582353079926,0.4853351268197654,1.0
dense,C2,0.1,14,0.875,0.004059647253347362,0.4853351268197654,1.0
dense,C2,0.1,15,0.9375,0.004157873867149384,0.4853351268197654,1.0
dense,C2,0.1,16,1.0,0.004260332606061809,0.4853351268197654,1.0
dense,C2,0.11,0,0.0,0.0029835688165772123,0.4853351268197654,1.0
dense,C2,0.11,1,0.0625,0.003049719337135399,0.4853351268197654,1.0
dense,C2,0.11,2,0.125,0.003138211296108108,0.4853351268197654,1.0
dense,C2,0.11,3,0.1875,0.0032860902899010617,0.4853351268197654,1.0
dense,C2,0.11,4,0.25,0.003391085299542965,0.4853351268197654,1.0
dense,C2,0.11,5,0.3125,0.00347849810256962,0.4853351268197654,1.0
dense,C2,0.11,6,0.375,0.0036379199982611884,0.4853351268197654,1.0
dense,C2,0.11,7,0.4375,0.0037285007933756027,0.4853351268197654,1.0
dense,C2,0.11,8,0.5,0.003817391454276398,0.4853351268197654,1.0
dense,C2,0.11,9,0.5625,0.003946027598231167,0.4853351268197654,1.0
dense,C2,0.11,10,0.625,0.004042423419404252,0.4853351268197654,1.0
dense,C2,0.11,11,0.6875,0.0041544999604706,0.4853351268197654,1.0
dense,C2,0.11,12,0.75,0.0042731339402302514,0.4853351268197654,1.0
dense,C2,0.11,13,0.8125,0.004365440588387812,0.4853351268197654,1.0
dense,C2,0.11,14,0.875,0.004465611978682239,0.4853351268197654,1.0
dense,C2,0.11,15,0.9375,0.004573661253864252,0.4853351268197654,1.0
dense,C2,0.11,16,1.0,0.004686365866668128,0.4853351268197654,1.0
dense,C2,0.12,0,0.0,0.0032548023453569056,0.4853351268197654,1.0
dense,C2,0.12,1,0.0625,0.003326966549602201,0.4853351268197654,1.0
dense,C2,0.12,2,0.125,0.0034235032321178927,0.4853351268197654,1.0
dense,C2,0.12,3,0.1875,0.003584825770801196,0.4853351268197654,1.0
dense,C2,0.12,4,0.25,0.003699365781319505,0.4853351268197654,1.0
dense,C2,0.12,5,0.3125,0.003794725202803378,0.4853351268197654,1.0
dense,C2,0.12,6,0.375,0.0039686399981031534,0.4853351268197654,1.0
dense,C2,0.12,7,0.4375,0.004067455410955355,0.4853351268197654,1.0
dense,C2,0.12,8,0.5,0.0041644270410287915,0.4853351268197654,1.0
dense,C2,0.12,9,0.5625,0.004304757379888569,0.4853351268197654,1.0
dense,C2,0.12,10,0.625,0.004409916457531871,0.4853351268197654,1.0
dense,C2,0.12,11,0.6875,0.004532181775058894,0.4853351268197654,1.0
dense,C2,0.12,12,0.75,0.004661600662069421,0.4853351268197654,1.0
dense,C2,0.12,13,0.8125,0.00476229882369569,0.4853351268197654,1.0
dense,C2,0.12,14,0.875,0.004871576704016852,0.4853351268197654,1.0
dense,C2,0.12,15,0.9375,0.00498944864057912,0.4853351268197654,1.0
dense,C2,0.12,16,1.0,0.0051123991272743535,0.4853351268197654,1.0
dense,C2,0.13,0,0.0,0.003526035874136675,0.4853351268197654,1.0
dense,C2,0.13,1,0.0625,0.0036042137620691927,0.4853351268197654,1.0
dense,C2,0.13,2,0.125,0.003708795168127688,0.4853351268197654,1.0
dense,C2,0.13,3,0.1875,0.003883561251701156,0.4853351268197654,1.0
dense,C2,0.13,4,0.25,0.004007646263096182,0.4853351268197654,1.0
dense,C2,0.13,5,0.3125,0.004110952303036869,0.4853351268197654,1.0
dense,C2,0.13,6,0.375,0.004299359997945031,0.4853351268197654,1.0
dense,C2,0.13,7,0.4375,0.004406410028534909,0.4853351268197654,1.0
dense,C2,0.13,8,0.5,0.00451146262778119,0.4853351268197654,1.0
dense,C2,0.13,9,0.5625,0.0046634871615460205,0.4853351268197654,1.0
dense,C2,0.13,10,0.625,0.00477740949565954,0.4853351268197654,1.0
dense,C2,0.13,11,0.6875,0.00490986358964719,0.4853351268197654,1.0
dense,C2,0.13,12,0.75,0.005050067383908592,0.4853351268197654,1.0
dense,C2,0.13,13,0.8125,0.005159157059003849,0.4853351268197654,1.0
dense,C2,0.13,14,0.875,0.0052775414293515935,0.4853351268197654,1.0
dense,C2,0.13,15,0.9375,0.005405236027294173,0.4853351268197654,1.0
dense,C2,0.13,16,1.0,0.005538432387880403,0.4853351268197654,1.0
dense,C2,0.14,0,0.0,0.003797269402916442,0.4853351268197654,1.0
dense,C2,0.14,1,0.0625,0.0038814609745359938,0.4853351268197654,1.0
dense,C2,0.14,2,0.125,0.0039940871041376095,0.4853351268197654,1.0
dense,C2,0.14,3,0.1875,0.004182296732601296,0.4853351268197654,1.0
dense,C2,0.14,4,0.25,0.004315926744872903,0.4853351268197654,1.0
dense,C2,0.14,5,0.3125,0.004427179403270491,0.4853351268197654,1.0
dense,C2,0.14,6,0.375,0.0046300799977870505,0.4853351268197654,1.0
dense,C2,0.14,7,0.4375,0.0047453646461145214,0.4853351268197654,1.0
dense,C2,0.14,8,0.5,0.004858498214533582,0.4853351268197654,1.0
dense,C2,0.14,9,0.5625,0.0050222169432032875,0.4853351268197654,1.0
dense,C2,0.14,10,0.625,0.005144902533787149,0.4853351268197654,1.0
dense,C2,0.14,11,0.6875,0.005287545404235302,0.4853351268197654,1.0
dense,C2,0.14,12,0.75,0.005438534105747676,0.4853351268197654,1.0
dense,C2,0.14,13,0.8125,0.005556015294311729,0.4853351268197654,1.0
dense,C2,0.14,14,0.875,0.0056835061546863875,0.4853351268197654,1.0
dense,C2,0.14,15,0.9375,0.0058210234140090925,0.4853351268197654,1.0
dense,C2,0.14,16,1.0,0.005964465648486716,0.4853351268197654,1.0
dense,C2,0.15,0,0.0,0.004068502931696265,0.4853351268197654,1.0
dense,C2,0.15,1,0.0625,0.004158708187002801,0.4853351268197654,1.0
dense,C2,0.15,2,0.125,0.004279379040147449,0.4853351268197654,1.0
dense,C2,0.15,3,0.1875,0.004481032213501377,0.4853351268197654,1.0
dense,C2,0.15,4,0.25,0.004624207226649499,0.4853351268197654,1.0
dense,C2,0.15,5,0.3125,0.004743406503504067,0.4853351268197654,1.0
dense,C2,0.15,6,0.375,0.00496079999762901,0.4853351268197654,1.0
dense,C2,0.15,7,0.4375,0.00508431926369408,0.4853351268197654,1.0
dense,C2,0.15,8,0.5,0.005205533801285978,0.4853351268197654,1.0
dense,C2,0.15,9,0.5625,0.005380946724860683,0.4853351268197654,1.0
dense,C2,0.15,10,0.625,0.005512395571914767,0.4853351268197654,1.0
dense,C2,0.15,11,0.6875,0.005665227218823537,0.4853351268197654,1.0
dense,C2,0.15,12,0.75,0.005827000827586711,0.4853351268197654,1.0
dense,C2,0.15,13,0.8125,0.005952873529619749,0.4853351268197654,1.0
dense,C2,0.15,14,0.875,0.006089470880021087,0.4853351268197654,1.0
dense,C2,0.15,15,0.9375,0.006236810800723962,0.4853351268197654,1.0
dense,C2,0.15,16,1.0,0.006390498909092756,0.4853351268197654,1.0
dense,C2,0.16,0,0.0,0.0043397364604759,0.4853351268197654,1.0
dense,C2,0.16,1,0.0625,0.004435955399469739,0.4853351268197654,1.0
dense,C2,0.16,2,0.125,0.004564670976157241,0.4853351268197654,1.0
dense,C2,0.16,3,0.1875,0.004779767694401515,0.4853351268197654,1.0
dense,C2,0.16,4,0.25,0.004932487708426036,0.4853351268197654,1.0
dense,C2,0.16,5,0.3125,0.005059633603737685,0.4853351268197654,1.0
dense,C2,0.16,6,0.375,0.005291519997470893,0.4853351268197654,1.0
dense,C2,0.16,7,0.4375,0.005423273881273697,0.4853351268197654,1.0
dense,C2,0.16,8,0.5,0.00555256938803837,0.4853351268197654,1.0
dense,C2,0.16,9,0.5625,0.005739676506518079,0.4853351268197654,1.0
dense,C2,0.16,10,0.625,0.0058798886100424365,0.4853351268197654,1.0
dense,C2,0.16,11,0.6875,0.006042909033411781,0.4853351268197654,1.0
dense,C2,0.16,12,0.75,0.006215467549425929,0.4853351268197654,1.0
dense,C2,0.16,13,0.8125,0.006349731764927635,0.4853351268197654,1.0
dense,C2,0.16,14,0.875,0.006495435605356013,0.4853351268197654,1.0
dense,C2,0.16,15,0.9375,0.006652598187438958,0.4853351268197654,1.0
dense,C2,0.16,16,1.0,0.00681653216969899,0.4853351268197654,1.0
dense,C2,0.17,0,0.0,0.004610969989255666,0.4853351268197654,1.0
dense,C2,0.17,1,0.0625,0.004713202611936542,0.4853351268197654,1.0
dense,C2,0.17,2,0.125,0.004849962912167029,0.4853351268197654,1.0
dense,C2,0.17,3,0.1875,0.005078503175301664,0.4853351268197654,1.0
dense,C2,0.17,4,0.25,0.0052407681902027605,0.4853351268197654,1.0
dense,C2,0.17,5,0.3125,0.005375860703971308,0.4853351268197654,1.0
dense,C2,0.17,6,0.375,0.005622239997312858,0.4853351268197654,1.0
dense,C2,0.17,7,0.4375,0.005762228498853256,0.4853351268197654,1.0
dense,C2,0.17,8,0.5,0.005899604974790771,0.4853351268197654,1.0
dense,C2,0.17,9,0.5625,0.0060984062881754815,0.4853351268197654,1.0
dense,C2,0.17,10,0.625,0.006247381648170056,0.4853351268197654,1.0
dense,C2,0.17,11,0.6875,0.006420590847999941,0.4853351268197654,1.0
dense,C2,0.17,12,0.75,0.0066039342712650995,0.4853351268197654,1.0
dense,C2,0.17,13,0.8125,0.006746590000235658,0.4853351268197654,1.0
dense,C2,0.17,14,0.875,0.00690140033069062,0.4853351268197654,1.0
dense,C2,0.17,15,0.9375,0.007068385574153929,0.4853351268197654,1.0
dense,C2,0.17,16,1.0,0.007242565430305167,0.4853351268197654,1.0
dense,C2,0.18,0,0.0,0.005038435350899929,0.4853351268197654,1.0
dense,C2,0.18,1,0.0625,0.005152056296153204,0.4853351268197654,1.0
dense,C2,0.18,2,0.125,0.005302754735487871,0.4853351268197654,1.0
dense,C2,0.18,3,0.1875,0.005550604345105083,0.4853351268197654,1.0
dense,C2,0.18,4,0.25,0.0057279098074686586,0.4853351268197654,1.0
dense,C2,0.18,5,0.3125,0.005876950151073993,0.4853351268197654,1.0
dense,C2,0.18,6,0.375,0.006143688195880131,0.4853351268197654,1.0
dense,C2,0.18,7,0.4375,0.006297817649325485,0.4853351268197654,1.0
dense,C2,0.18,8,0.5,0.006449107463565504,0.4853351268197654,1.0
dense,C2,0.18,9,0.5625,0.006666145905136021,0.4853351268197654,1.0
dense,C2,0.18,10,0.625,0.006830296299264471,0.4853351268197654,1.0
dense,C2,0.18,11,0.6875,0.0070200296915224475,0.4853351268197654,1.0
dense,C2,0.18,12,0.75,0.007220207036198838,0.4853351268197654,1.0
dense,C2,0.18,13,0.8125,0.0073778235668155185,0.4853351268197654,1.0
dense,C2,0.18,14,0.875,0.007547660048581898,0.4853351268197654,1.0
dense,C2,0.18,15,0.9375,0.0077311349824424926,0.4853351268197654,1.0
dense,C2,0.18,16,1.0,0.00792223825640168,0.4853351268197654,1.0
dense,C2,0.19,0,0.0,0.005729479710801297,0.4853351268197654,1.0
dense,C2,0.19,1,0.0625,0.005863611101619522,0.4853351268197654,1.0
dense,C2,0.19,2,0.125,0.006038099484335867,0.4853351268197654,1.0
dense,C2,0.19,3,0.1875,0.0063151108411716285,0.4853351268197654,1.0
dense,C2,0.19,4,0.25,0.006516751400832587,0.4853351268197654,1.0
dense,C2,0.19,5,0.3125,0.006689800199266602,0.4853351268197654,1.0
dense,C2,0.19,6,0.375,0.006986849123298547,0.4853351268197654,1.0
dense,C2,0.19,7,0.4375,0.007165120088521439,0.4853351268197654,1.0
dense,C2,0.19,8,0.5,0.0073401578077277214,0.4853351268197654,1.0
dense,C2,0.19,9,0.5625,0.007586428892330803,0.4853351268197654,1.0
dense,C2,0.19,10,0.625,0.007776473876829476,0.4853351268197654,1.0
dense,C2,0.19,11,0.6875,0.007993439675839103,0.4853351268197654,1.0
dense,C2,0.19,12,0.75,0.008220655337034912,0.4853351268197654,1.0
dense,C2,0.19,13,0.8125,0.00840424211271103,0.4853351268197654,1.0
dense,C2,0.19,14,0.875,0.00859915853645408,0.4853351268197654,1.0
dense,C2,0.19,15,0.9375,0.008810260491898666,0.4853351268197654,1.0
dense,C2,0.19,16,1.0,0.009029520576201377,0.4853351268197654,1.0
dense,C2,0.2,0,0.0,0.006421231040553467,0.4853351268197654,1.0
dense,C2,0.2,1,0.0625,0.006575954904448386,0.4853351268197654,1.0
dense,C2,0.2,2,0.125,0.006774160541079434,0.4853351268197654,1.0
dense,C2,0.2,3,0.1875,0.007080314012214222,0.4853351268197654,1.0
dense,C2,0.2,4,0.25,0.00730633974813639,0.4853351268197654,1.0
dense,C2,0.2,5,0.3125,0.0075033539261047276,0.4853351268197654,1.0
dense,C2,0.2,6,0.375,0.007830802313719652,0.4853351268197654,1.0
dense,C2,0.2,7,0.4375,0.008033279732645525,0.4853351268197654,1.0
dense,C2,0.2,8,0.5,0.008232085271794158,0.4853351268197654,1.0
dense,C2,0.2,9,0.5625,0.00850757209861798,0.4853351268197654,1.0
dense,C2,0.2,10,0.625,0.008723434039024218,0.4853351268197654,1.0
dense,C2,0.2,11,0.6875,0.008967681954409185,0.4853351268197654,1.0
dense,C2,0.2,12,0.75,0.009221962410092148,0.4853351268197654,1.0
dense,C2,0.2,13,0.8125,0.009431468550868061,0.4853351268197654,1.0
dense,C2,0.2,14,0.875,0.009651563360278928,0.4853351268197654,1.0
dense,C2,0.2,15,0.9375,0.009890202449473409,0.4853351268197654,1.0
dense,C2,0.2,16,1.0,0.010137614242892317,0.4853351268197654,1.0
dense,C2,0.21,0,0.0,0.007113483095097998,0.4853351268197654,1.0
dense,C2,0.21,1,0.0625,0.007288856380917417,0.4853351268197654,1.0
dense,C2,0.21,2,0.125,0.0075107273113517075,0.4853351268197654,1.0
dense,C2,0.21,3,0.1875,0.007846010025593717,0.4853351268197654,1.0
dense,C2,0.21,4,0.25,0.008096456375929612,0.4853351268197654,1.0
dense,C2,0.21,5,0.3125,0.008317404846528854,0.4853351268197654,1.0
dense,C2,0.21,6,0.375,0.008675316551149743,0.4853351268197654,1.0
dense,C2,0.21,7,0.4375,0.008902045792072379,0.4853351268197654,1.0
dense,C2,0.21,8,0.5,0.009124632645528988,0.4853351268197654,1.0
dense,C2,0.21,9,0.5625,0.009429323424983089,0.4853351268197654,1.0
dense,C2,0.21,10,0.625,0.009670946901122192,0.4853351268197654,1.0
dense,C2,0.21,11,0.6875,0.009942511866843518,0.4853351268197654,1.0
dense,C2,0.21,12,0.75,0.01022387593890262,0.4853351268197654,1.0
dense,C2,0.21,13,0.8125,0.010459264849591747,0.4853351268197654,1.0
dense,C2,0.21,14,0.875,0.010704607208869527,0.4853351268197654,1.0
dense,C2,0.21,15,0.9375,0.010970719747861653,0.4853351268197654,1.0
dense,C2,0.21,16,1.0,0.011246279433489948,0.4853351268197654,1.0
dense,C2,0.22,0,0.0,0.007806102661425787,0.4853351268197654,1.0
dense,C2,0.22,1,0.0625,0.008002166485392566,0.4853351268197654,1.0
dense,C2,0.22,2,0.125,0.008247664306349873,0.4853351268197654,1.0
dense,C2,0.22,3,0.1875,0.00861206742697526,0.4853351268197654,1.0
dense,C2,0.22,4,0.25,0.008886960381179303,0.4853351268197654,1.0
dense,C2,0.22,5,0.3125,0.00913181999538525,0.4853351268197654,1.0
dense,C2,0.22,6,0.375,0.009520242530000365,0.4853351268197654,1.0
dense,C2,0.22,7,0.4375,0.009771256518308753,0.4853351268197654,1.0
dense,C2,0.22,8,0.5,0.010017634232873078,0.4853351268197654,1.0
dense,C2,0.22,9,0.5625,0.010351520422510257,0.4853351268197654,1.0
dense,C2,0.22,10,0.625,0.010618864513231506,0.4853351268197654,1.0
dense,C2,0.22,11,0.6875,0.010917772007692094,0.4853351268197654,1.0
dense,C2,0.22,12,0.75,0.011226233550620425,0.4853351268197654,1.0
dense,C2,0.22,13,0.8125,0.01148747805189344,0.4853351268197654,1.0
dense,C2,0.22,14,0.875,0.011758118392463181,0.4853351268197654,1.0
dense,C2,0.22,15,0.9375,0.012051657637801276,0.4853351268197654,1.0
dense,C2,0.22,16,1.0,0.01235536229786021,0.4853351268197654,1.0
dense,C2,0.23,0,0.0,0.008498999889727786,0.4853351268197654,1.0
dense,C2,0.23,1,0.0625,0.008715784890658966,0.4853351268197654,1.0
dense,C2,0.23,2,0.125,0.008984880429397735,0.4853351268197654,1.0
dense,C2,0.23,3,0.1875,0.009378397658806714,0.4853351268197654,1.0
dense,C2,0.23,4,0.25,0.009677756838398168,0.4853351268197654,1.0
dense,C2,0.23,5,0.3125,0.00994650990456265,0.4853351268197654,1.0
dense,C2,0.23,6,0.375,0.010365479563371995,0.4853351268197654,1.0
dense,C2,0.23,7,0.4375,0.010640802941989472,0.4853351268197654,1.0
dense,C2,0.23,8,0.5,0.01091097850998832,0.4853351268197654,1.0
dense,C2,0.23,9,0.5625,0.011274053726469405,0.4853351268197654,1.0
dense,C2,0.23,10,0.625,0.011567087368535914,0.4853351268197654,1.0
dense,C2,0.23,11,0.6875,0.011893356540703691,0.4853351268197654,1.0
dense,C2,0.23,12,0.75,0.012228926046475854,0.4853351268197654,1.0
dense,C2,0.23,13,0.8125,0.012516005409974388,0.4853351268197654,1.0
dense,C2,0.23,14,0.875,0.012811981626683693,0.4853351268197654,1.0
dense,C2,0.23,15,0.9375,0.013132912266116873,0.4853351268197654,1.0
dense,C2,0.23,16,1.0,0.01346475962590628,0.4853351268197654,1.0
dense,C2,0.24,0,0.0,0.009192111990117553,0.4853351268197654,1.0
dense,C2,0.24,1,0.0625,0.009429641602019498,0.4853351268197654,1.0
dense,C2,0.24,2,0.125,0.009722312184171921,0.4853351268197654,1.0
dense,C2,0.24,3,0.1875,0.010144938893928467,0.4853351268197654,1.0
dense,C2,0.24,4,0.25,0.010468779473599674,0.4853351268197654,1.0
dense,C2,0.24,5,0.3125,0.010761412172265882,0.4853351268197654,1.0
dense,C2,0.24,6,0.375,0.011210957296708244,0.4853351268197654,1.0
dense,C2,0.24,7,0.4375,0.011510608984546948,0.4853351268197654,1.0
dense,C2,0.24,8,0.5,0.011804587675189847,0.4853351268197654,1.0
dense,C2,0.24,9,0.5625,0.01219684702543882,0.4853351268197654,1.0
dense,C2,0.24,10,0.625,0.012515546088255315,0.4853351268197654,1.0
dense,C2,0.24,11,0.6875,0.012869191691764731,0.4853351268197654,1.0
dense,C2,0.24,12,0.75,0.013231877295582584,0.4853351268197654,1.0
dense,C2,0.24,13,0.8125,0.013544775357429272,0.4853351268197654,1.0
dense,C2,0.24,14,0.875,0.013866116641297768,0.4853351268197654,1.0
dense,C2,0.24,15,0.9375,0.014214411352510135,0.4853351268197654,1.0
dense,C2,0.24,16,1.0,0.014574399607266322,0.4853351268197654,1.0
dense,C2,0.25,0,0.0,0.009885393765577791,0.4853351268197654,1.0
dense,C2,0.25,1,0.0625,0.010143686307592128,0.4853351268197654,1.0
dense,C2,0.25,2,0.125,0.010459913964178032,0.4853351268197654,1.0
dense,C2,0.25,3,0.1875,0.010911646663600233,0.4853351268197654,1.0
dense,C2,0.25,4,0.25,0.01125998061933271,0.4853351268197654,1.0
dense,C2,0.25,5,0.3125,0.011576481952977315,0.4853351268197654,1.0
dense,C2,0.25,6,0.375,0.012056625092447077,0.4853351268197654,1.0
dense,C2,0.25,7,0.4375,0.012380619927177738,0.4853351268197654,1.0
dense,C2,0.25,8,0.5,0.012698405806677913,0.4853351268197654,1.0
dense,C2,0.25,9,0.5625,0.013119845458752508,0.4853351268197654,1.0
dense,C2,0.25,10,0.625,0.013464190827452892,0.4853351268197654,1.0
dense,C2,0.25,11,0.6875,0.013845224469007577,0.4853351268197654,1.0
dense,C2,0.25,12,0.75,0.01423503260546404,0.4853351268197654,1.0
dense,C2,0.25,13,0.8125,0.014573736520703057,0.4853351268197654,1.0
dense,C2,0.25,14,0.875,0.014920465832337956,0.4853351268197654,1.0
dense,C2,0.25,15,0.9375,0.015296103044413367,0.4853351268197654,1.0
dense,C2,0.25,16,1.0,0.015684230739756756,0.4853351268197654,1.0
dense,C2,0.26,0,0.0,0.010578811857226028,0.4853351268197654,1.0
dense,C2,0.26,1,0.0625,0.010857881918363593,0.4853351268197654,1.0
dense,C2,0.26,2,0.125,0.01119765217021405,0.4853351268197654,1.0
dense,C2,0.26,3,0.1875,0.011678488168246126,0.4853351268197654,1.0
dense,C2,0.26,4,0.25,0.012051325116592952,0.4853351268197654,1.0
dense,C2,0.26,5,0.3125,0.012391686191968126,0.4853351268197654,1.0
dense,C2,0.26,6,0.375,0.01290244557873873,0.4853351268197654,1.0
dense,C2,0.26,7,0.4375,0.013250795410410328,0.4853351268197654,1.0
dense,C2,0.26,8,0.5,0.013592391680455548,0.4853351268197654,1.0
dense,C2,0.26,9,0.5625,0.014043008578153913,0.4853351268197654,1.0
dense,C2,0.26,10,0.625,0.014412984855463601,0.4853351268197654,1.0
dense,C2,0.26,11,0.6875,0.01482141582972966,0.4853351268197654,1.0
dense,C2,0.26,12,0.75,0.01523835167562365,0.4853351268197654,1.0
dense,C2,0.26,13,0.8125,0.01560285106951534,0.4853351268197654,1.0
dense,C2,0.26,14,0.875,0.015974986792925697,0.4853351268197654,1.0
dense,C2,0.26,15,0.9375,0.0163779491796241,0.4853351268197654,1.0
dense,C2,0.26,16,1.0,0.016794215127250666,0.4853351268197654,1.0
dense,C2,0.27,0,0.0,0.011272341108618281,0.4853351268197654,1.0
dense,C2,0.27,1,0.0625,0.011572200494349401,0.4853351268197654,1.0
dense,C2,0.27,2,0.125,0.01193550150466165,0.4853351268197654,1.0
dense,C2,0.27,3,0.1875,0.012445438687140134,0.4853351268197654,1.0
dense,C2,0.27,4,0.25,0.012842786466382018,0.4853351268197654,1.0
dense,C2,0.27,5,0.3125,0.013206999990883777,0.4853351268197654,1.0
dense,C2,0.27,6,0.375,0.013748390574393914,0.4853351268197654,1.0
dense,C2,0.27,7,0.4375,0.014121105016148315,0.4853351268197654,1.0
dense,C2,0.27,8,0.5,0.01448651424162416,0.4853351268197654,1.0
dense,C2,0.27,9,0.5625,0.014966305908794634,0.4853351268197654,1.0
dense,C2,0.27,10,0.625,0.015361900510825584,0.4853351268197654,1.0
dense,C2,0.27,11,0.6875,0.01579773637585622,0.4853351268197654,1.0
dense,C2,0.27,12,0.75,0.01624180415777221,0.4853351268197654,1.0
dense,C2,0.27,13,0.8125,0.01663209053159009,0.4853351268197654,1.0
dense,C2,0.27,14,0.875,0.017029647613812586,0.4853351268197654,1.0
dense,C2,0.27,15,0.9375,0.017459921049463086,0.4853351268197654,1.0
dense,C2,0.27,16,1.0,0.01790432426649007,0.4853351268197654,1.0
dense,C2,0.28,0,0.0,0.01196596219181316,0.4853351268197654,1.0
dense,C2,0.28,1,0.0625,0.01228662058874252,0.4853351268197654,1.0
dense,C2,0.28,2,0.125,0.012673442557807533,0.4853351268197654,1.0
dense,C2,0.28,3,0.1875,0.013212479236303566,0.4853351268197654,1.0
dense,C2,0.28,4,0.25,0.013634344319164481,0.4853351268197654,1.0
dense,C2,0.28,5,0.3125,0.014022404239094713,0.4853351268197654,1.0
dense,C2,0.28,6,0.375,0.014594438428426249,0.4853351268197654,1.0
dense,C2,0.28,7,0.4375,0.014991525385592041,0.4853351268197654,1.0
dense,C2,0.28,8,0.5,0.01538074965223285,0.4853351268197654,1.0
dense,C2,0.28,9,0.5625,0.015889714055013698,0.4853351268197654,1.0
dense,C2,0.28,10,0.625,0.016310916565910955,0.4853351268197654,1.0
dense,C2,0.28,11,0.6875,0.016774163550146708,0.4853351268197654,1.0
dense,C2,0.28,12,0.75,0.017245366763480485,0.4853351268197654,1.0
dense,C2,0.28,13,0.8125,0.017661433068567614,0.4853351268197654,1.0
dense,C2,0.28,14,0.875,0.01808442382558583,0.4853351268197654,1.0
dense,C2,0.28,15,0.9375,0.018541996643153407,0.4853351268197654,1.0
dense,C2,0.28,16,1.0,0.01901453630766935,0.4853351268197654,1.0
dense,C2,0.29,0,0.0,0.012659660012462682,0.4853351268197654,1.0
dense,C2,0.29,1,0.0625,0.013001125466051106,0.4853351268197654,1.0
dense,C2,0.29,2,0.125,0.013411460189699697,0.4853351268197654,1.0
dense,C2,0.29,3,0.1875,0.013979594996244763,0.4853351268197654,1.0
dense,C2,0.29,4,0.25,0.014425982789507729,0.4853351268197654,1.0
dense,C2,0.29,5,0.3125,0.014837884024898699,0.4853351268197654,1.0
dense,C2,0.29,6,0.375,0.015440572232836786,0.4853351268197654,1.0
dense,C2,0.29,7,0.4375,0.01586203828446482,0.4853351268197654,1.0
dense,C2,0.29,8,0.5,0.016275079310730297,0.4853351268197654,1.0
dense,C2,0.29,9,0.5625,0.016813214758324427,0.4853351268197654,1.0
dense,C2,0.29,10,0.625,0.017260016459744225,0.4853351268197654,1.0
dense,C2,0.29,11,0.6875,0.017750679756443767,0.4853351268197654,1.0
dense,C2,0.29,12,0.75,0.0182490213247883,0.4853351268197654,1.0
dense,C2,0.29,13,0.8125,0.018690861650841998,0.4853351268197654,1.0
dense,C2,0.29,14,0.875,0.01913929635050605,0.4853351268197654,1.0
dense,C2,0.29,15,0.9375,0.01962415880271156,0.4853351268197654,1.0
dense,C2,0.29,16,1.0,0.020124834220646856,0.4853351268197654,1.0
dense,C2,0.3,0,0.0,0.013353422611255735,0.4853351268197654,1.0
dense,C2,0.3,1,0.0625,0.013715701876254484,0.4853351268197654,1.0
dense,C2,0.3,2,0.125,0.014149542417666243,0.4853351268197654,1.0
dense,C2,0.3,3,0.1875,0.014746774229749217,0.4853351268197654,1.0
dense,C2,0.3,4,0.25,0.015217689296013453,0.4853351268197654,1.0
dense,C2,0.3,5,0.3125,0.015653427542698,0.4853351268197654,1.0
dense,C2,0.3,6,0.375,0.016286778591699774,0.4853351268197654,1.0
dense,C2,0.3,7,0.4375,0.016732629271277954,0.4853351268197654,1.0
dense,C2,0.3,8,0.5,0.017169488489482517,0.4853351268197654,1.0
dense,C2,0.3,9,0.5625,0.017736793561236842,0.4853351268197654,1.0
dense,C2,0.3,10,0.625,0.018209187082791473,0.4853351268197654,1.0
dense,C2,0.3,11,0.6875,0.018727271067277996,0.4853351268197654,1.0
dense,C2,0.3,12,0.75,0.019252753460642567,0.4853351268197654,1.0
dense,C2,0.3,13,0.8125,0.019720362803388715,0.4853351268197654,1.0
dense,C2,0.3,14,0.875,0.020194250095457045,0.4853351268197654,1.0
dense,C2,0.3,15,0.9375,0.020706393955768065,0.4853351268197654,1.0
dense,C2,0.3,16,1.0,0.02123520453582127,0.4853351268197654,1.0
dense,C2,0.31,0,0.0,0.014047240390441171,0.4853351268197654,1.0
dense,C2,0.31,1,0.0625,0.01443033919263794,0.4853351268197654,1.0
dense,C2,0.31,2,0.125,0.014887679634327031,0.4853351268197654,1.0
dense,C2,0.31,3,0.1875,0.01551400752037497,0.4853351268197654,1.0
dense,C2,0.31,4,0.25,0.01600945374502266,0.4853351268197654,1.0
dense,C2,0.31,5,0.3125,0.01646902532450029,0.4853351268197654,1.0
dense,C2,0.31,6,0.375,0.017133046754559816,0.4853351268197654,1.0
dense,C2,0.31,7,0.4375,0.017603286760245935,0.4853351268197654,1.0
dense,C2,0.31,8,0.5,0.018063965376528,0.4853351268197654,1.0
dense,C2,0.31,9,0.5625,0.018660438867381963,0.4853351268197654,1.0
dense,C2,0.31,10,0.625,0.01915841792258653,0.4853351268197654,1.0
dense,C2,0.31,11,0.6875,0.019703926315369883,0.4853351268197654,1.0
dense,C2,0.31,12,0.75,0.020256551639360545,0.4853351268197654,1.0
dense,C2,0.31,13,0.8125,0.020749925724555668,0.4853351268197654,1.0
dense,C2,0.31,14,0.875,0.021249272963551995,0.4853351268197654,1.0
dense,C2,0.31,15,0.9375,0.02178869122565623,0.4853351268197654,1.0
dense,C2,0.31,16,1.0,0.022345636460047676,0.4853351268197654,1.0
dense,C2,0.32,0,0.0,0.014741105558514966,0.4853351268197654,1.0
dense,C2,0.32,1,0.0625,0.015145028793398506,0.4853351268197654,1.0
dense,C2,0.32,2,0.125,0.015625864046988423,0.4853351268197654,1.0
dense,C2,0.32,3,0.1875,0.016281287226021044,0.4853351268197654,1.0
dense,C2,0.32,4,0.25,0.01680126794486725,0.4853351268197654,1.0
dense,C2,0.32,5,0.3125,0.017284669688772073,0.4853351268197654,1.0
dense,C2,0.32,6,0.375,0.01797936799428982,0.4853351268197654,1.0
dense,C2,0.32,7,0.4375,0.01847400134887099,0.4853351268197654,1.0
dense,C2,0.32,8,0.5,0.018958500388278437,0.4853351268197654,1.0
dense,C2,0.32,9,0.5625,0.019584141267301333,0.4853351268197654,1.0
dense,C2,0.32,10,0.625,0.020107700451115627,0.4853351268197654,1.0
dense,C2,0.32,11,0.6875,0.020680636442297336,0.4853351268197654,1.0
dense,C2,0.32,12,0.75,0.02126040650641384,0.4853351268197654,1.0
dense,C2,0.32,13,0.8125,0.021779541654562442,0.4853351268197654,1.0
dense,C2,0.32,14,0.875,0.022304355145968915,0.4853351268197654,1.0
dense,C2,0.32,15,0.9375,0.022871041793950025,0.4853351268197654,1.0
dense,C2,0.32,16,1.0,0.023456121243459253,0.4853351268197654,1.0
dense,C2,0.33,0,0.0,0.015775534555883992,0.4853351268197654,1.0
dense,C2,0.33,1,0.0625,0.016212222484444268,0.4853351268197654,1.0
dense,C2,0.33,2,0.125,0.016728898566142524,0.4853351268197654,1.0
dense,C2,0.33,3,0.1875,0.017426051400541383,0.4853351268197654,1.0
dense,C2,0.33,4,0.25,0.01798279305746653,0.4853351268197654,1.0
dense,C2,0.33,5,0.3125,0.018502791291396602,0.4853351268197654,1.0
dense,C2,0.33,6,0.375,0.019241264306829518,0.4853351268197654,1.0
dense,C2,0.33,7,0.4375,0.019773481892281338,0.4853351268197654,1.0
dense,C2,0.33,8,0.5,0.02029453846020734,0.4853351268197654,1.0
dense,C2,0.33,9,0.5625,0.020963383531370696,0.4853351268197654,1.0
dense,C2,0.33,10,0.625,0.021525970151061773,0.4853351268197654,1.0
dense,C2,0.33,11,0.6875,0.0221403544627863,0.4853351268197654,1.0
dense,C2,0.33,12,0.75,0.02276053782000248,0.4853351268197654,1.0
dense,C2,0.33,13,0.8125,0.023319581882334035,0.4853351268197654,1.0
dense,C2,0.33,14,0.875,0.023883150995647372,0.4853351268197654,1.0
dense,C2,0.33,15,0.9375,0.024491159924915677,0.4853351268197654,1.0
dense,C2,0.33,16,1.0,0.025118835024944882,0.4853351268197654,1.0
dense,C2,0.34,0,0.0,0.016925920072455067,0.4853351268197654,1.0
dense,C2,0.34,1,0.0625,0.017399454678755016,0.4853351268197654,1.0
dense,C2,0.34,2,0.125,0.01795613987641058,0.4853351268197654,1.0
dense,C2,0.34,3,0.1875,0.01869931111487035,0.4853351268197654,1.0
dense,C2,0.34,4,0.25,0.019296985465774356,0.4853351268197654,1.0
dense,C2,0.34,5,0.3125,0.019857901356135504,0.4853351268197654,1.0
dense,C2,0.34,6,0.375,0.020644633889632873,0.4853351268197654,1.0
dense,C2,0.34,7,0.4375,0.02121893839706176,0.4853351268197654,1.0
dense,C2,0.34,8,0.5,0.02178088491721549,0.4853351268197654,1.0
dense,C2,0.34,9,0.5625,0.02249769800248603,0.4853351268197654,1.0
dense,C2,0.34,10,0.625,0.023103852912374562,0.4853351268197654,1.0
dense,C2,0.34,11,0.6875,0.023764466031256336,0.4853351268197654,1.0
dense,C2,0.34,12,0.75,0.024429580309441746,0.4853351268197654,1.0
dense,C2,0.34,13,0.8125,0.025033321825785406,0.4853351268197654,1.0
dense,C2,0.34,14,0.875,0.02564019469212619,0.4853351268197654,1.0
dense,C2,0.34,15,0.9375,0.026294270112682858,0.4853351268197654,1.0
dense,C2,0.34,16,1.0,0.026969452102915698,0.4853351268197654,1.0
dense,C2,0.35000000000000003,0,0.0,0.018076542793253405,0.4853351268197654,1.0
dense,C2,0.35000000000000003,1,0.0625,0.018586948378298697,0.4853351268197654,1.0
dense,C2,0.35000000000000003,2,0.125,0.019183616615579296,0.4853351268197654,1.0
dense,C2,0.35000000000000003,3,0.1875,0.019972802447972813,0.4853351268197654,1.0
dense,C2,0.35000000000000003,4,0.25,0.020611426649602728,0.4853351268197654,1.0
dense,C2,0.35000000000000003,5,0.3125,0.02121324395170828,0.4853351268197654,1.0
dense,C2,0.35000000000000003,6,0.375,0.022048269968149563,0.4853351268197654,1.0
dense,C2,0.35000000000000003,7,0.4375,0.022664681637400794,0.4853351268197654,1.0
dense,C2,0.35000000000000003,8,0.5,0.023267522624342778,0.4853351268197654,1.0
dense,C2,0.35000000000000003,9,0.5625,0.02403229836903739,0.4853351268197654,1.0
dense,C2,0.35000000000000003,10,0.625,0.024681993905079896,0.4853351268197654,1.0
dense,C2,0.35000000000000003,11,0.6875,0.02538885205608625,0.4853351268197654,1.0
dense,C2,0.35000000000000003,12,0.75,0.026098906402177758,0.4853351268197654,1.0
dense,C2,0.35000000000000003,13,0.8125,0.026747327113576403,0.4853351268197654,1.0
dense,C2,0.35000000000000003,14,0.875,0.0273975357179836,0.4853351268197654,1.0
dense,C2,0.35000000000000003,15,0.9375,0.028097647327370516,0.4853351268197654,1.0
dense,C2,0.35000000000000003,16,1.0,0.028820333855607463,0.4853351268197654,1.0
dense,C2,0.36,0,0.0,0.019227360133295734,0.4853351268197654,1.0
dense,C2,0.36,1,0.0625,0.019774656471949065,0.4853351268197654,1.0
dense,C2,0.36,2,0.125,0.020411286309618526,0.4853351268197654,1.0
dense,C2,0.36,3,0.1875,0.021246483750950822,0.4853351268197654,1.0
dense,C2,0.36,4,0.25,0.021926071867633026,0.4853351268197654,1.0
dense,C2,0.36,5,0.3125,0.022568777185018957,0.4853351268197654,1.0
dense,C2,0.36,6,0.375,0.023452124692222538,0.4853351268197654,1.0
dense,C2,0.36,7,0.4375,0.024110660032932954,0.4853351268197654,1.0
dense,C2,0.36,8,0.5,0.02475439910813414,0.4853351268197654,1.0
dense,C2,0.36,9,0.5625,0.025567133150697106,0.4853351268197654,1.0
dense,C2,0.36,10,0.625,0.026260346573221252,0.4853351268197654,1.0
dense,C2,0.36,11,0.6875,0.027013463026111895,0.4853351268197654,1.0
dense,C2,0.36,12,0.75,0.027768464951060504,0.4853351268197654,1.0
dense,C2,0.36,13,0.8125,0.02846154980721961,0.4853351268197654,1.0
dense,C2,0.36,14,0.875,0.02915512030818988,0.4853351268197654,1.0
dense,C2,0.36,15,0.9375,0.02990124325494678,0.4853351268197654,1.0
dense,C2,0.36,16,1.0,0.030671432367302617,0.4853351268197654,1.0
dense,C2,0.37,0,0.0,0.020378339120657642,0.4853351268197654,1.0
dense,C2,0.37,1,0.0625,0.02096254251793456,0.4853351268197654,1.0
dense,C2,0.37,2,0.125,0.021639116117352936,0.4853351268197654,1.0
dense,C2,0.37,3,0.1875,0.022520322791463578,0.4853351268197654,1.0
dense,C2,0.37,4,0.25,0.023240886495662604,0.4853351268197654,1.0
dense,C2,0.37,5,0.3125,0.02392446865213559,0.4853351268197654,1.0
dense,C2,0.37,6,0.375,0.024856161015136997,0.4853351268197654,1.0
dense,C2,0.37,7,0.4375,0.025556833669199284,0.4853351268197654,1.0
dense,C2,0.37,8,0.5,0.026241473780419817,0.4853351268197654,1.0
dense,C2,0.37,9,0.5625,0.027102162521691425,0.4853351268197654,1.0
dense,C2,0.37,10,0.625,0.027838874913374542,0.4853351268197654,1.0
dense,C2,0.37,11,0.6875,0.02863826065882114,0.4853351268197654,1.0
dense,C2,0.37,12,0.75,0.029438216405573845,0.4853351268197654,1.0
dense,C2,0.37,13,0.8125,0.030175952855840224,0.4853351268197654,1.0
dense,C2,0.37,14,0.875,0.030912906918480927,0.4853351268197654,1.0
dense,C2,0.37,15,0.9375,0.03170502056982993,0.4853351268197654,1.0
dense,C2,0.37,16,1.0,0.03252271062613794,0.4853351268197654,1.0
dense,C2,0.38,0,0.0,0.02152945383003338,0.4853351268197654,1.0
dense,C2,0.38,1,0.0625,0.022150577886714276,0.4853351268197654,1.0
dense,C2,0.38,2,0.125,0.022867080247262226,0.4853351268197654,1.0
dense,C2,0.38,3,0.1875,0.023794294235859215,0.4853351268197654,1.0
dense,C2,0.38,4,0.25,0.024555843321110903,0.4853351268197654,1.0
dense,C2,0.38,5,0.3125,0.025280292896536424,0.4853351268197654,1.0
dense,C2,0.38,6,0.375,0.02626034980880868,0.4853351268197654,1.0
dense,C2,0.38,7,0.4375,0.027003171177457604,0.4853351268197654,1.0
dense,C2,0.38,8,0.5,0.02772871475502058,0.4853351268197654,1.0
dense,C2,0.38,9,0.5625,0.028637355190703855,0.4853351268197654,1.0
dense,C2,0.38,10,0.625,0.02941755064618501,0.4853351268197654,1.0
dense,C2,0.38,11,0.6875,0.030263214889106528,0.4853351268197654,1.0
dense,C2,0.38,12,0.75,0.03110812970268358,0.4853351268197654,1.0
dense,C2,0.38,13,0.8125,0.03189050717232001,0.4853351268197654,1.0
dense,C2,0.38,14,0.875,0.03267086294108413,0.4853351268197654,1.0
dense,C2,0.38,15,0.9375,0.03350894997995035,0.4853351268197654,1.0
dense,C2,0.38,16,1.0,0.0343741395903538,0.4853351268197654,1.0
dense,C2,0.39,0,0.0,0.022680683596498916,0.4853351268197654,1.0
dense,C2,0.39,1,0.0625,0.023338739774913787,0.4853351268197654,1.0
dense,C2,0.39,2,0.125,0.024095158162928662,0.4853351268197654,1.0
dense,C2,0.39,3,0.1875,0.025068377897905596,0.4853351268197654,1.0
dense,C2,0.39,4,0.25,0.02587092066132611,0.4853351268197654,1.0
dense,C2,0.39,5,0.3125,0.02663622964253721,0.4853351268197654,1.0
dense,C2,0.39,6,0.375,0.027664667856153694,0.4853351268197654,1.0
dense,C2,0.39,7,0.4375,0.02844964756469804,0.4853351268197654,1.0
dense,C2,0.39,8,0.5,0.029216096635165174,0.4853351268197654,1.0
dense,C2,0.39,9,0.5625,0.030172686231831374,0.4853351268197654,1.0
dense,C2,0.39,10,0.625,0.030996351251086518,0.4853351268197654,1.0
dense,C2,0.39,11,0.6875,0.03188830177742409,0.4853351268197654,1.0
dense,C2,0.39,12,0.75,0.0327781801067578,0.4853351268197654,1.0
dense,C2,0.39,13,0.8125,0.03360518960337184,0.4853351268197654,1.0
dense,C2,0.39,14,0.875,0.03442896242523637,0.4853351268197654,1.0
dense,C2,0.39,15,0.9375,0.035313008176420295,0.4853351268197654,1.0
dense,C2,0.39,16,1.0,0.036225696153129844,0.4853351268197654,1.0
dense,C2,0.4,0,0.0,0.02383201174620813,0.4853351268197654,1.0
dense,C2,0.4,1,0.0625,0.024527009795599828,0.4853351268197654,1.0
dense,C2,0.4,2,0.125,0.025323333309928867,0.4853351268197654,1.0
dense,C2,0.4,3,0.1875,0.026342557495057206,0.4853351268197654,1.0
dense,C2,0.4,4,0.25,0.02718610102727714,0.4853351268197654,1.0
dense,C2,0.4,5,0.3125,0.027992262541512207,0.4853351268197654,1.0
dense,C2,0.4,6,0.375,0.029069096424576422,0.4853351268197654,1.0
dense,C2,0.4,7,0.4375,0.02989624267269221,0.4853351268197654,1.0
dense,C2,0.4,8,0.5,0.030703598943096065,0.4853351268197654,1.0
dense,C2,0.4,9,0.5625,0.03170813554484441,0.4853351268197654,1.0
dense,C2,0.4,10,0.625,0.0325752585718385,0.4853351268197654,1.0
dense,C2,0.4,11,0.6875,0.033513502025811846,0.4853351268197654,1.0
dense,C2,0.4,12,0.75,0.03444834767703072,0.4853351268197654,1.0
dense,C2,0.4,13,0.8125,0.03531998149023029,0.4853351268197654,1.0
dense,C2,0.4,14,0.875,0.03618718446135826,0.4853351268197654,1.0
dense,C2,0.4,15,0.9375,0.03711717638049384,0.4853351268197654,1.0
dense,C2,0.4,16,1.0,0.03807736170058,0.4853351268197654,1.0
dense,C2,0.41000000000000003,0,0.0,0.02498342467757862,0.4853351268197654,1.0
dense,C2,0.41000000000000003,1,0.0625,0.025715372958841572,0.4853351268197654,1.0
dense,C2,0.41000000000000003,2,0.125,0.026551592195616567,0.4853351268197654,1.0
dense,C2,0.41000000000000003,3,0.1875,0.02761681974861009,0.4853351268197654,1.0
dense,C2,0.41000000000000003,4,0.25,0.02850137015676643,0.4853351268197654,1.0
dense,C2,0.41000000000000003,5,0.3125,0.029348378265307284,0.4853351268197654,1.0
dense,C2,0.41000000000000003,6,0.375,0.030473620233425706,0.4853351268197654,1.0
dense,C2,0.41000000000000003,7,0.4375,0.03134294006321002,0.4853351268197654,1.0
dense,C2,0.41000000000000003,8,0.5,0.03219120498451168,0.4853351268197654,1.0
dense,C2,0.41000000000000003,9,0.5625,0.03324368674162912,0.4853351268197654,1.0
dense,C2,0.41000000000000003,10,0.625,0.03415425780843539,0.4853351268197654,1.0
dense,C2,0.41000000000000003,11,0.6875,0.035138799905265715,0.4853351268197654,1.0
dense,C2,0.41000000000000003,12,0.75,0.03611861615979505,0.4853351268197654,1.0
dense,C2,0.41000000000000003,13,0.8125,0.03703486762879963,0.4853351268197654,1.0
dense,C2,0.41000000000000003,14,0.875,0.03794551201395511,0.4853351268197654,1.0
dense,C2,0.41000000000000003,15,0.9375,0.038921439294263976,0.4853351268197654,1.0
dense,C2,0.41000000000000003,16,1.0,0.0399291210706026,0.4853351268197654,1.0
dense,C2,0.42,0,0.0,0.026134911185061182,0.4853351268197654,1.0
dense,C2,0.42,1,0.0625,0.02690381692209784,0.4853351268197654,1.0
dense,C2,0.42,2,0.125,0.02777992371275135,0.4853351268197654,1.0
dense,C2,0.42,3,0.1875,0.028891153721730675,0.4853351268197654,1.0
dense,C2,0.42,4,0.25,0.029816716303236925,0.4853351268197654,1.0
dense,C2,0.42,5,0.3125,0.03070456583965705,0.4853351268197654,1.0
dense,C2,0.42,6,0.375,0.03187822669410118,0.4853351268197654,1.0
dense,C2,0.42,7,0.4375,0.03278972619800221,0.4853351268197654,1.0
dense,C2,0.42,8,0.5,0.033678901013607515,0.4853351268197654,1.0
dense,C2,0.42,9,0.5625,0.03477932632729638,0.4853351268197654,1.0
dense,C2,0.42,10,0.625,0.03573333677603487,0.4853351268197654,1.0
dense,C2,0.42,11,0.6875,0.03676418246735107,0.4853351268197654,1.0
dense,C2,0.42,12,0.75,0.03778897217408933,0.4853351268197654,1.0
dense,C2,0.42,13,0.8125,0.038749835505664715,0.4853351268197654,1.0
dense,C2,0.42,14,0.875,0.03970393106432713,0.4853351268197654,1.0
dense,C2,0.42,15,0.9375,0.040725784330042064,0.4853351268197654,1.0
dense,C2,0.42,16,1.0,0.04178096178836744,0.4853351268197654,1.0
dense,C2,0.43,0,0.0,0.027286461953939127,0.4853351268197654,1.0
dense,C2,0.43,1,0.0625,0.028092331430654812,0.4853351268197654,1.0
dense,C2,0.43,2,0.125,0.02900831863479189,0.4853351268197654,1.0
dense,C2,0.43,3,0.1875,0.030165550325110205,0.4853351268197654,1.0
dense,C2,0.43,4,0.25,0.03113212970468657,0.4853351268197654,1.0
dense,C2,0.43,5,0.3125,0.032060816146626356,0.4853351268197654,1.0
dense,C2,0.43,6,0.375,0.033282905342377864,0.4853351268197654,1.0
dense,C2,0.43,7,0.4375,0.03423658982647721,0.4853351268197654,1.0
dense,C2,0.43,8,0.5,0.035166675609830944,0.4853351268197654,1.0
dense,C2,0.43,9,0.5625,0.0363150430888526,0.4853351268197654,1.0
dense,C2,0.43,10,0.625,0.03731248535189681,0.4853351268197654,1.0
dense,C2,0.43,11,0.6875,0.03838963895591172,0.4853351268197654,1.0
dense,C2,0.43,12,0.75,0.03945940460402383,0.4853351268197654,1.0
dense,C2,0.43,13,0.8125,0.04046487472821713,0.4853351268197654,1.0
dense,C2,0.43,14,0.875,0.041462429971231375,0.4853351268197654,1.0
dense,C2,0.43,15,0.9375,0.04253020103574352,0.4853351268197654,1.0
dense,C2,0.43,16,1.0,0.04363287349633696,0.4853351268197654,1.0
dense,C2,0.44,0,0.0,0.028438069177749152,0.4853351268197654,1.0
dense,C2,0.44,1,0.0625,0.029280907894194807,0.4853351268197654,1.0
dense,C2,0.44,2,0.125,0.03023676923410192,0.4853351268197654,1.0
dense,C2,0.44,3,0.1875,0.031440001942739625,0.4853351268197654,1.0
dense,C2,0.44,4,0.25,0.032447602181642846,0.4853351268197654,1.0
dense,C2,0.44,5,0.3125,0.03341712154811316,0.4853351268197654,1.0
dense,C2,0.44,6,0.375,0.03468764740853104,0.4853351268197654,1.0
dense,C2,0.44,7,0.4375,0.035683521522201785,0.4853351268197654,1.0
dense,C2,0.44,8,0.5,0.036654519206271795,0.4853351268197654,1.0
dense,C2,0.44,9,0.5625,0.037850827632557066,0.4853351268197654,1.0
dense,C2,0.44,10,0.625,0.03889169505695293,0.4853351268197654,1.0
dense,C2,0.44,11,0.6875,0.04001516036204298,0.4853351268197654,1.0
dense,C2,0.44,12,0.75,0.0411299041390626,0.4853351268197654,1.0
dense,C2,0.44,13,0.8125,0.04217997659370376,0.4853351268197654,1.0
dense,C2,0.44,14,0.875,0.04322099898748864,0.4853351268197654,1.0
dense,C2,0.44,15,0.9375,0.0443346806604949,0.4853351268197654,1.0
dense,C2,0.44,16,1.0,0.04548484752343131,0.4853351268197654,1.0
dense,C2,0.45,0,0.0,0.029864513907357396,0.4853351268197654,1.0
dense,C2,0.45,1,0.0625,0.03075396018406988,0.4853351268197654,1.0
dense,C2,0.45,2,0.125,0.031759586701803025,0.4853351268197654,1.0
dense,C2,0.45,3,0.1875,0.033019041532389395,0.4853351268197654,1.0
dense,C2,0.45,4,0.25,0.034077669175446454,0.4853351268197654,1.0
dense,C2,0.45,5,0.3125,0.03509831302950868,0.4853351268197654,1.0
dense,C2,0.45,6,0.375,0.03642796898100691,0.4853351268197654,1.0
dense,C2,0.45,7,0.4375,0.037476828384692275,0.4853351268197654,1.0
dense,C2,0.45,8,0.5,0.038499106385392674,0.4853351268197654,1.0
dense,C2,0.45,9,0.5625,0.0397546777723461,0.4853351268197654,1.0
dense,C2,0.45,10,0.625,0.04084980572379985,0.4853351268197654,1.0
dense,C2,0.45,11,0.6875,0.04203103811816862,0.4853351268197654,1.0
dense,C2,0.45,12,0.75,0.04320162617789143,0.4853351268197654,1.0
dense,C2,0.45,13,0.8125,0.044307839706749556,0.4853351268197654,1.0
dense,C2,0.45,14,0.875,0.045403227582403595,0.4853351268197654,1.0
dense,C2,0.45,15,0.9375,0.04657418553380041,0.4853351268197654,1.0
dense,C2,0.45,16,1.0,0.04778363879575119,0.4853351268197654,1.0
dense,C2,0.46,0,0.0,0.03150789652061065,0.4853351268197654,1.0
dense,C2,0.46,1,0.0625,0.03245156446844393,0.4853351268197654,1.0
dense,C2,0.46,2,0.125,0.03351474886991535,0.4853351268197654,1.0
dense,C2,0.46,3,0.1875,0.03483848874166467,0.4853351268197654,1.0
dense,C2,0.46,4,0.25,0.035956046178657684,0.4853351268197654,1.0
dense,C2,0.46,5,0.3125,0.037035927277124785,0.4853351268197654,1.0
dense,C2,0.46,6,0.375,0.03843316544458748,0.4853351268197654,1.0
dense,C2,0.46,7,0.4375,0.03954353611920062,0.4853351268197654,1.0
dense,C2,0.46,8,0.5,0.040625276328282646,0.4853351268197654,1.0
dense,C2,0.46,9,0.5625,0.04194904120694058,0.4853351268197654,1.0
dense,C2,0.46,10,0.625,0.043106966609262796,0.4853351268197654,1.0
dense,C2,0.46,11,0.6875,0.044355011038917994,0.4853351268197654,1.0
dense,C2,0.46,12,0.75,0.04559002047008225,0.4853351268197654,1.0
dense,C2,0.46,13,0.8125,0.04676147138525993,0.4853351268197654,1.0
dense,C2,0.46,14,0.875,0.04791983691333313,0.4853351268197654,1.0
dense,C2,0.46,15,0.9375,0.04915702584111895,0.4853351268197654,1.0
dense,C2,0.46,16,1.0,0.05043506823538364,0.4853351268197654,1.0
dense,C2,0.47000000000000003,0,0.0,0.03315142128207099,0.4853351268197654,1.0
dense,C2,0.47000000000000003,1,0.0625,0.0341493248733297,0.4853351268197654,1.0
dense,C2,0.47000000000000003,2,0.125,0.035270051120702056,0.4853351268197654,1.0
dense,C2,0.47000000000000003,3,0.1875,0.03665807428321884,0.4853351268197654,1.0
dense,C2,0.47000000000000003,4,0.25,0.037834572213023804,0.4853351268197654,1.0
dense,C2,0.47000000000000003,5,0.3125,0.03897368036256988,0.4853351268197654,1.0
dense,C2,0.47000000000000003,6,0.375,0.04043852270349494,0.4853351268197654,1.0
dense,C2,0.47000000000000003,7,0.4375,0.04161041676609703,0.4853351268197654,1.0
dense,C2,0.47000000000000003,8,0.5,0.042751621327473274,0.4853351268197654,1.0
dense,C2,0.47000000000000003,9,0.5625,0.044143576485602055,0.4853351268197654,1.0
dense,C2,0.47000000000000003,10,0.625,0.0453642821562658,0.4853351268197654,1.0
dense,C2,0.47000000000000003,11,0.6875,0.04667914853932015,0.4853351268197654,1.0
dense,C2,0.47000000000000003,12,0.75,0.04797858503897789,0.4853351268197654,1.0
dense,C2,0.47000000000000003,13,0.8125,0.04921526237597824,0.4853351268197654,1.0
dense,C2,0.47000000000000003,14,0.875,0.05043662510583759,0.4853351268197654,1.0
dense,C2,0.47000000000000003,15,0.9375,0.051740026844544214,0.4853351268197654,1.0
dense,C2,0.47000000000000003,16,1.0,0.053086657052230146,0.4853351268197654,1.0
dense,C2,0.48,0,0.0,0.03479506804888079,0.4853351268197654,1.0
dense,C2,0.48,1,0.0625,0.0358472192166596,0.4853351268197654,1.0
dense,C2,0.48,2,0.125,0.03702547353106542,0.4853351268197654,1.0
dense,C2,0.48,3,0.1875,0.038477778532164456,0.4853351268197654,1.0
dense,C2,0.48,4,0.25,0.039713226130011034,0.4853351268197654,1.0
dense,C2,0.48,5,0.3125,0.04091155255791729,0.4853351268197654,1.0
dense,C2,0.48,6,0.375,0.04244401796639079,0.4853351268197654,1.0
dense,C2,0.48,7,0.4375,0.04367744577798657,0.4853351268197654,1.0
dense,C2,0.48,8,0.5,0.04487811650023633,0.4853351268197654,1.0
dense,C2,0.48,9,0.5625,0.0463382591932289,0.4853351268197654,1.0
dense,C2,0.48,10,0.625,0.04762173037149932,0.4853351268197654,1.0
dense,C2,0.48,11,0.6875,0.049003427202299166,0.4853351268197654,1.0
dense,C2,0.48,12,0.75,0.05036729565952489,0.4853351268197654,1.0
dense,C2,0.48,13,0.8125,0.0516691899815032,0.4853351268197654,1.0
dense,C2,0.48,14,0.875,0.05295356665701209,0.4853351268197654,1.0
dense,C2,0.48,15,0.9375,0.05432316562136281,0.4853351268197654,1.0
dense,C2,0.48,16,1.0,0.05573838250059559,0.4853351268197654,1.0
dense,C2,0.49,0,0.0,0.036438820311149,0.4853351268197654,1.0
dense,C2,0.49,1,0.0625,0.03754522932728874,0.4853351268197654,1.0
dense,C2,0.49,2,0.125,0.03878099978393558,0.4853351268197654,1.0
dense,C2,0.49,3,0.1875,0.04029758540721819,0.4853351268197654,1.0
dense,C2,0.49,4,0.25,0.04159199060076879,0.4853351268197654,1.0
dense,C2,0.49,5,0.3125,0.04284952770291492,0.4853351268197654,1.0
dense,C2,0.49,6,0.375,0.04444963255373146,0.4853351268197654,1.0
dense,C2,0.49,7,0.4375,0.0457446030426818,0.4853351268197654,1.0
dense,C2,0.49,8,0.5,0.04700474146501302,0.4853351268197654,1.0
dense,C2,0.49,9,0.5625,0.04853306932945408,0.4853351268197654,1.0
dense,C2,0.49,10,0.625,0.049879293241981405,0.4853351268197654,1.0
dense,C2,0.49,11,0.6875,0.05132782785105888,0.4853351268197654,1.0
dense,C2,0.49,12,0.75,0.05275613249279409,0.4853351268197654,1.0
dense,C2,0.49,13,0.8125,0.05412323561964274,0.4853351268197654,1.0
dense,C2,0.49,14,0.875,0.05547064069123317,0.4853351268197654,1.0
dense,C2,0.49,15,0.9375,0.05690642340984054,0.4853351268197654,1.0
dense,C2,0.49,16,1.0,0.05839022596558965,0.4853351268197654,1.0
dense,C2,0.5,0,0.0,0.03808266440845804,0.4853351268197654,1.0
dense,C2,0.5,1,0.0625,0.03924334017790211,0.4853351268197654,1.0
dense,C2,0.5,2,0.125,0.04053661638793827,0.4853351268197654,1.0
dense,C2,0.5,3,0.1875,0.04211748160561367,0.4853351268197654,1.0
dense,C2,0.5,4,0.25,0.04347085129124584,0.4853351268197654,1.0
dense,C2,0.5,5,0.3125,0.04478759243356026,0.4853351268197654,1.0
dense,C2,0.5,6,0.375,0.04645535101075407,0.4853351268197654,1.0
dense,C2,0.5,7,0.4375,0.04781187192506713,0.4853351268197654,1.0
dense,C2,0.5,8,0.5,0.04913147936791055,0.4853351268197654,1.0
dense,C2,0.5,9,0.5625,0.05072799035420578,0.4853351268197654,1.0
dense,C2,0.5,10,0.625,0.05213695587378147,0.4853351268197654,1.0
dense,C2,0.5,11,0.6875,0.053652334631091356,0.4853351268197654,1.0
dense,C2,0.5,12,0.75,0.05514507913651176,0.4853351268197654,1.0
dense,C2,0.5,13,0.8125,0.056577383931394734,0.4853351268197654,1.0
dense,C2,0.5,14,0.875,0.05798782995645408,0.4853351268197654,1.0
dense,C2,0.5,15,0.9375,0.05948978470625208,0.4853351268197654,1.0
dense,C2,0.5,16,1.0,0.06104217206629207,0.4853351268197654,1.0
dense,C2,0.51,0,0.0,0.0397265889406996,0.4853351268197654,1.0
dense,C2,0.51,1,0.0625,0.04094153923348261,0.4853351268197654,1.0
dense,C2,0.51,2,0.125,0.04229231209124643,0.4853351268197654,1.0
dense,C2,0.51,3,0.1875,0.043937456027992955,0.4853351268197654,1.0
dense,C2,0.51,4,0.25,0.045349796242176596,0.4853351268197654,1.0
dense,C2,0.51,5,0.3125,0.04672573560249988,0.4853351268197654,1.0
dense,C2,0.51,6,0.375,0.048461160440534175,0.4853351268197654,1.0
dense,C2,0.51,7,0.4375,0.04987923854699899,0.4853351268197654,1.0
dense,C2,0.51,8,0.5,0.05125831615132234,0.4853351268197654,1.0
dense,C2,0.51,9,0.5625,0.05292300847056281,0.4853351268197654,1.0
dense,C2,0.51,10,0.625,0.0543947058450636,0.4853351268197654,1.0
dense,C2,0.51,11,0.6875,0.05597693432072729,0.4853351268197654,1.0
dense,C2,0.51,12,0.75,0.05753412191194664,0.4853351268197654,1.0
dense,C2,0.51,13,0.8125,0.059031622111271366,0.4853351268197654,1.0
dense,C2,0.51,14,0.875,0.06050512007084048,0.4853351268197654,1.0
dense,C2,0.51,15,0.9375,0.06207323658723251,0.4853351268197654,1.0
dense,C2,0.51,16,1.0,0.06369420798280892,0.4853351268197654,1.0
dense,C2,0.52,0,0.0,0.04137058431925352,0.4853351268197654,1.0
dense,C2,0.52,1,0.0625,0.04263981595531873,0.4853351268197654,1.0
dense,C2,0.52,2,0.125,0.044048077435493105,0.4853351268197654,1.0
dense,C2,0.52,3,0.1875,0.04575749934043435,0.4853351268197654,1.0
dense,C2,0.52,4,0.25,0.04722881539694191,0.4853351268197654,1.0
dense,C2,0.52,5,0.3125,0.04866394783782866,0.4853351268197654,1.0
dense,C2,0.52,6,0.375,0.05046704999595503,0.4853351268197654,1.0
dense,C2,0.52,7,0.4375,0.051946691239007026,0.4853351268197654,1.0
dense,C2,0.52,8,0.5,0.05338523999722413,0.4853351268197654,1.0
dense,C2,0.52,9,0.5625,0.05511811207882757,0.4853351268197654,1.0
dense,C2,0.52,10,0.625,0.056652532713715995,0.4853351268197654,1.0
dense,C2,0.52,11,0.6875,0.05830161580650412,0.4853351268197654,1.0
dense,C2,0.52,12,0.75,0.059923249321252474,0.4853351268197654,1.0
dense,C2,0.52,13,0.8125,0.06148593939789685,0.4853351268197654,1.0
dense,C2,0.52,14,0.875,0.06302249894982323,0.4853351268197654,1.0
dense,C2,0.52,15,0.9375,0.06465676819448217,0.4853351268197654,1.0
dense,C2,0.52,16,1.0,0.0663463229446226,0.4853351268197654,1.0
dense,C2,0.53,0,0.0,0.04301464242100214,0.4853351268197654,1.0
dense,C2,0.53,1,0.0625,0.04433816141890091,0.4853351268197654,1.0
dense,C2,0.53,2,0.125,0.045803904412203375,0.4853351268197654,1.0
dense,C2,0.53,3,0.1875,0.047577603636935334,0.4853351268197654,1.0
dense,C2,0.53,4,0.25,0.04910790023774208,0.4853351268197654,1.0
dense,C2,0.53,5,0.3125,0.05060222120321689,0.4853351268197654,1.0
dense,C2,0.53,6,0.375,0.05247301048811139,0.4853351268197654,1.0
dense,C2,0.53,7,0.4375,0.054014220117816675,0.4853351268197654,1.0
dense,C2,0.53,8,0.5,0.05551224089834872,0.4853351268197654,1.0
dense,C2,0.53,9,0.5625,0.057313291355960354,0.4853351268197654,1.0
dense,C2,0.53,10,0.625,0.058910427638132125,0.4853351268197654,1.0
dense,C2,0.53,11,0.6875,0.060626369679151554,0.4853351268197654,1.0
dense,C2,0.53,12,0.75,0.06231245162956513,0.4853351268197654,1.0
dense,C2,0.53,13,0.8125,0.06394032668185338,0.4853351268197654,1.0
dense,C2,0.53,14,0.875,0.06553995636510285,0.4853351268197654,1.0
dense,C2,0.53,15,0.9375,0.0672403703381951,0.4853351268197654,1.0
dense,C2,0.53,16,1.0,0.06899850783687483,0.4853351268197654,1.0
dense,C2,0.54,0,0.0,0.04465875631871048,0.4853351268197654,1.0
dense,C2,0.54,1,0.0625,0.04603656801632793,0.4853351268197654,1.0
dense,C2,0.54,2,0.125,0.047559786195278675,0.4853351268197654,1.0
dense,C2,0.54,3,0.1875,0.0493977621764611,0.4853351268197654,1.0
dense,C2,0.54,4,0.25,0.050987043502166235,0.4853351268197654,1.0
dense,C2,0.54,5,0.3125,0.05254054893321781,0.4853351268197654,1.0
dense,C2,0.54,6,0.375,0.05447903408116634,0.4853351268197654,1.0
dense,C2,0.54,7,0.4375,0.05608181675725291,0.4853351268197654,1.0
dense,C2,0.54,8,0.5,0.05763931032424133,0.4853351268197654,1.0
dense,C2,0.54,9,0.5625,0.05950853792803413,0.4853351268197654,1.0
dense,C2,0.54,10,0.625,0.06116838308193076,0.4853351268197654,1.0
dense,C2,0.54,11,0.6875,0.06295118791904462,0.4853351268197654,1.0
dense,C2,0.54,12,0.75,0.06470172053963083,0.4853351268197654,1.0
dense,C2,0.54,13,0.8125,0.06639477620045756,0.4853351268197654,1.0
dense,C2,0.54,14,0.875,0.06805748360146839,0.4853351268197654,1.0
dense,C2,0.54,15,0.9375,0.06982403518848211,0.4853351268197654,1.0
dense,C2,0.54,16,1.0,0.07165075489404618,0.4853351268197654,1.0
dense,C2,0.55,0,0.0,0.04651171206237998,0.4853351268197654,1.0
dense,C2,0.55,1,0.0625,0.04795112957907867,0.4853351268197654,1.0
dense,C2,0.55,2,0.125,0.04953934858515303,0.4853351268197654,1.0
dense,C2,0.55,3,0.1875,0.05144938846012609,0.4853351268197654,1.0
dense,C2,0.55,4,0.25,0.05310535494243182,0.4853351268197654,1.0
dense,C2,0.55,5,0.3125,0.054725896254567905,0.4853351268197654,1.0
dense,C2,0.55,6,0.375,0.056740301125302185,0.4853351268197654,1.0
dense,C2,0.55,7,0.4375,0.05841295064959237,0.4853351268197654,1.0
dense,C2,0.55,8,0.5,0.06003788326542397,0.4853351268197654,1.0
dense,C2,0.55,9,0.5625,0.061983910861557884,0.4853351268197654,1.0
dense,C2,0.55,10,0.625,0.06371478762473114,0.4853351268197654,1.0
dense,C2,0.55,11,0.6875,0.06557327054215016,0.4853351268197654,1.0
dense,C2,0.55,12,0.75,0.06739665619735068,0.4853351268197654,1.0
dense,C2,0.55,13,0.8125,0.06916377680784895,0.4853351268197654,1.0
dense,C2,0.55,14,0.875,0.07089796662183123,0.4853351268197654,1.0
dense,C2,0.55,15,0.9375,0.07273937609000374,0.4853351268197654,1.0
dense,C2,0.55,16,1.0,0.07464378020833465,0.4853351268197654,1.0
dense,C2,0.56,0,0.0,0.048686477008134506,0.4853351268197654,1.0
dense,C2,0.56,1,0.0625,0.05019877053592145,0.4853351268197654,1.0
dense,C2,0.56,2,0.125,0.051863584070037286,0.4853351268197654,1.0
dense,C2,0.56,3,0.1875,0.05385768632499404,0.4853351268197654,1.0
dense,C2,0.56,4,0.25,0.05559220472682636,0.4853351268197654,1.0
dense,C2,0.56,5,0.3125,0.05729187832739681,0.4853351268197654,1.0
dense,C2,0.56,6,0.375,0.05939487794922498,0.4853351268197654,1.0
dense,C2,0.56,7,0.4375,0.061150175639089345,0.4853351268197654,1.0
dense,C2,0.56,8,0.5,0.06285482225278395,0.4853351268197654,1.0
dense,C2,0.56,9,0.5625,0.06489093586323061,0.4853351268197654,1.0
dense,C2,0.56,10,0.625,0.06670566572742255,0.4853351268197654,1.0
dense,C2,0.56,11,0.6875,0.06865341122310319,0.4853351268197654,1.0
dense,C2,0.56,12,0.75,0.07056259750867623,0.4853351268197654,1.0
dense,C2,0.56,13,0.8125,0.07241747121927687,0.4853351268197654,1.0
dense,C2,0.56,14,0.875,0.07423609682581013,0.4853351268197654,1.0
dense,C2,0.56,15,0.9375,0.07616579836977502,0.4853351268197654,1.0
dense,C2,0.56,16,1.0,0.07816191210572526,0.4853351268197654,1.0
dense,C2,0.5700000000000001,0,0.0,0.05086134550192063,0.4853351268197654,1.0
dense,C2,0.5700000000000001,1,0.0625,0.05244652510281101,0.4853351268197654,1.0
dense,C2,0.5700000000000001,2,0.125,0.05418792131823517,0.4853351268197654,1.0
dense,C2,0.5700000000000001,3,0.1875,0.05626608488486947,0.4853351268197654,1.0
dense,C2,0.5700000000000001,4,0.25,0.05807916335998899,0.4853351268197654,1.0
dense,C2,0.5700000000000001,5,0.3125,0.05985796162612744,0.4853351268197654,1.0
dense,C2,0.5700000000000001,6,0.375,0.062049573031516925,0.4853351268197654,1.0
dense,C2,0.5700000000000001,7,0.4375,0.0638875280511954,0.4853351268197654,1.0
dense,C2,0.5700000000000001,8,0.5,0.06567189003746125,0.4853351268197654,1.0
dense,C2,0.5700000000000001,9,0.5625,0.06779808740009245,0.4853351268197654,1.0
dense,C2,0.5700000000000001,10,0.625,0.06969665734997511,0.4853351268197654,1.0
dense,C2,0.5700000000000001,11,0.6875,0.07173367299539,0.4853351268197654,1.0
dense,C2,0.5700000000000001,12,0.75,0.07372866431613095,0.4853351268197654,1.0
dense,C2,0.5700000000000001,13,0.8125,0.07567128327812075,0.4853351268197654,1.0
dense,C2,0.5700000000000001,14,0.875,0.07757435960910408,0.4853351268197654,1.0
dense,C2,0.5700000000000001,15,0.9375,0.0795923399644727,0.4853351268197654,1.0
dense,C2,0.5700000000000001,16,1.0,0.08168016276093525,0.4853351268197654,1.0
dense,C2,0.58,0,0.0,0.053036304805106356,0.4853351268197654,1.0
dense,C2,0.58,1,0.0625,0.054694379272779925,0.4853351268197654,1.0
dense,C2,0.58,2,0.125,0.056512347773257095,0.4853351268197654,1.0
dense,C2,0.58,3,0.1875,0.05867457174015551,0.4853351268197654,1.0
dense,C2,0.58,4,0.25,0.06056621743333824,0.4853351268197654,1.0
dense,C2,0.58,5,0.3125,0.0624241336674116,0.4853351268197654,1.0
dense,C2,0.58,6,0.375,0.06470437181644378,0.4853351268197654,1.0
dense,C2,0.58,7,0.4375,0.06662499218006797,0.4853351268197654,1.0
dense,C2,0.58,8,0.5,0.06848907072652326,0.4853351268197654,1.0
dense,C2,0.58,9,0.5625,0.0707053498641194,0.4853351268197654,1.0
dense,C2,0.58,10,0.625,0.07268774847887519,0.4853351268197654,1.0
dense,C2,0.58,11,0.6875,0.07481404090220709,0.4853351268197654,1.0
dense,C2,0.58,12,0.75,0.07689484111819009,0.4853351268197654,1.0
dense,C2,0.58,13,0.8125,0.07892519843379762,0.4853351268197654,1.0
dense,C2,0.58,14,0.875,0.0809127385620149,0.4853351268197654,1.0
dense,C2,0.58,15,0.9375,0.08301898610021646,0.4853351268197654,1.0
dense,C2,0.58,16,1.0,0.08519851746174581,0.4853351268197654,1.0
dense,C2,0.59,0,0.0,0.05521134418583594,0.4853351268197654,1.0
dense,C2,0.59,1,0.0625,0.056942321250040596,0.4853351268197654,1.0
dense,C2,0.59,2,0.125,0.05883685286240916,0.4853351268197654,1.0
dense,C2,0.59,3,0.1875,0.061083136446480814,0.4853351268197654,1.0
dense,C2,0.59,4,0.25,0.06305335565334927,0.4853351268197654,1.0
dense,C2,0.59,5,0.3125,0.06499038393914128,0.4853351268197654,1.0
dense,C2,0.59,6,0.375,0.06735926204245782,0.4853351268197654,1.0
dense,C2,0.59,7,0.4375,0.06936255479865934,0.4853351268197654,1.0
dense,C2,0.59,8,0.5,0.07130635093804717,0.4853351268197654,1.0
dense,C2,0.59,9,0.5625,0.07361271011243073,0.4853351268197654,1.0
dense,C2,0.59,10,0.625,0.07567892731562578,0.4853351268197654,1.0
dense,C2,0.59,11,0.6875,0.07789450235216369,0.4853351268197654,1.0
dense,C2,0.59,12,0.75,0.08006111486498556,0.4853351268197654,1.0
dense,C2,0.59,13,0.8125,0.0821792044398401,0.4853351268197654,1.0
dense,C2,0.59,14,0.875,0.08425121987519338,0.4853351268197654,1.0
dense,C2,0.59,15,0.9375,0.08644572434521232,0.4853351268197654,1.0
dense,C2,0.59,16,1.0,0.08871696382937581,0.4853351268197654,1.0
dense,C2,0.6,0,0.0,0.05738645453890467,0.4853351268197654,1.0
dense,C2,0.6,1,0.0625,0.05919034103030786,0.4853351268197654,1.0
dense,C2,0.6,2,0.125,0.06116142761997057,0.4853351268197654,1.0
dense,C2,0.6,3,0.1875,0.06349177014399207,0.4853351268197654,1.0
dense,C2,0.6,4,0.25,0.06554056844041171,0.4853351268197654,1.0
dense,C2,0.6,5,0.3125,0.06755670352618871,0.4853351268197654,1.0
dense,C2,0.6,6,0.375,0.07001423330741559,0.4853351268197654,1.0
dense,C2,0.6,7,0.4375,0.0721002046883429,0.4853351268197654,1.0
dense,C2,0.6,8,0.5,0.07412371932414168,0.4853351268197654,1.0
dense,C2,0.6,9,0.5625,0.0765201569991744,0.4853351268197654,1.0
dense,C2,0.6,10,0.625,0.07867018385580687,0.4853351268197654,1.0
dense,C2,0.6,11,0.6875,0.08097504666952572,0.4853351268197654,1.0
dense,C2,0.6,12,0.75,0.08322747449213401,0.4853351268197654,1.0
dense,C2,0.6,13,0.8125,0.0854332909152496,0.4853351268197654,1.0
dense,C2,0.6,14,0.875,0.08758979184426784,0.4853351268197654,1.0
dense,C2,0.6,15,0.9375,0.08987254416339667,0.4853351268197654,1.0
dense,C2,0.6,16,1.0,0.09223549137356452,0.4853351268197654,1.0
dense,C2,0.61,0,0.0,0.059561628088871166,0.4853351268197654,1.0
dense,C2,0.61,1,0.0625,0.06143843007319332,0.4853351268197654,1.0
dense,C2,0.61,2,0.125,0.06348606439310849,0.4853351268197654,1.0
dense,C2,0.61,3,0.1875,0.06590046526789535,0.4853351268197654,1.0
dense,C2,0.61,4,0.25,0.06802784761563485,0.4853351268197654,1.0
dense,C2,0.61,5,0.3125,0.0701230848182815,0.4853351268197654,1.0
dense,C2,0.61,6,0.375,0.0726692767290467,0.4853351268197654,1.0
dense,C2,0.61,7,0.4375,0.07483793227171576,0.4853351268197654,1.0
dense,C2,0.61,8,0.5,0.07694116619869523,0.4853351268197654,1.0
dense,C2,0.61,9,0.5625,0.0794276810101625,0.4853351268197654,1.0
dense,C2,0.61,10,0.625,0.08166150956060203,0.4853351268197654,1.0
dense,C2,0.61,11,0.6875,0.08405566474330595,0.4853351268197654,1.0
dense,C2,0.61,12,0.75,0.08639391055702349,0.4853351268197654,1.0
dense,C2,0.61,13,0.8125,0.0886874490023716,0.4853351268197654,1.0
dense,C2,0.61,14,0.875,0.09092844448354408,0.4853351268197654,1.0
dense,C2,0.61,15,0.9375,0.09329943656640009,0.4853351268197654,1.0
dense,C2,0.61,16,1.0,0.09575409114570436,0.4853351268197654,1.0
dense,C2,0.62,0,0.0,0.06173685815589007,0.4853351268197654,1.0
dense,C2,0.62,1,0.0625,0.06368658104394051,0.4853351268197654,1.0
dense,C2,0.62,2,0.125,0.06581075661008493,0.4853351268197654,1.0
dense,C2,0.62,3,0.1875,0.06830921532020444,0.4853351268197654,1.0
dense,C2,0.62,4,0.25,0.07051518615389867,0.4853351268197654,1.0
dense,C2,0.62,5,0.3125,0.07268952127973247,0.4853351268197654,1.0
dense,C2,0.62,6,0.375,0.07532438467718926,0.4853351268197654,1.0
dense,C2,0.62,7,0.4375,0.07757572932310673,0.4853351268197654,1.0
dense,C2,0.62,8,0.5,0.07975868324397864,0.4853351268197654,1.0
dense,C2,0.62,9,0.5625,0.08233527397487801,0.4853351268197654,1.0
dense,C2,0.62,10,0.625,0.08465289709793332,0.4853351268197654,1.0
dense,C2,0.62,11,0.6875,0.08713634875075255,0.4853351268197654,1.0
dense,C2,0.62,12,0.75,0.08956041495221431,0.4853351268197654,1.0
dense,C2,0.62,13,0.8125,0.09194167109739079,0.4853351268197654,1.0
dense,C2,0.62,14,0.875,0.09426716922175282,0.4853351268197654,1.0
dense,C2,0.62,15,0.9375,0.09672639383946073,0.4853351268197654,1.0
dense,C2,0.62,16,1.0,0.09927275546570452,0.4853351268197654,1.0
dense,C2,0.63,0,0.0,0.06391213896934016,0.4853351268197654,1.0
dense,C2,0.63,1,0.0625,0.06593478760796417,0.4853351268197654,1.0
dense,C2,0.63,2,0.125,0.06813549859589105,0.4853351268197654,1.0
dense,C2,0.63,3,0.1875,0.07071801468811492,0.4853351268197654,1.0
dense,C2,0.63,4,0.25,0.07300257798736395,0.4853351268197654,1.0
dense,C2,0.63,5,0.3125,0.07525600726626178,0.4853351268197654,1.0
dense,C2,0.63,6,0.375,0.07797955056069772,0.4853351268197654,1.0
dense,C2,0.63,7,0.4375,0.08031358873826373,0.4853351268197654,1.0
dense,C2,0.63,8,0.5,0.08257626327727796,0.4853351268197654,1.0
dense,C2,0.63,9,0.5625,0.0852429288373917,0.4853351268197654,1.0
dense,C2,0.63,10,0.625,0.08764434013658534,0.4853351268197654,1.0
dense,C2,0.63,11,0.6875,0.09021709193746495,0.4853351268197654,1.0
dense,C2,0.63,12,0.75,0.09272698067753725,0.4853351268197654,1.0
dense,C2,0.63,13,0.8125,0.09519595063608155,0.4853351268197654,1.0
dense,C2,0.63,14,0.875,0.097605958660212,0.4853351268197654,1.0
dense,C2,0.63,15,0.9375,0.1001534093235872,0.4853351268197654,1.0
dense,C2,0.63,16,1.0,0.10279147770493482,0.4853351268197654,1.0
dense,C2,0.64,0,0.0,0.06662112930341417,0.4853351268197654,1.0
dense,C2,0.64,1,0.0625,0.06873537806450693,0.4853351268197654,1.0
dense,C2,0.64,2,0.125,0.07103196103366133,0.4853351268197654,1.0
dense,C2,0.64,3,0.1875,0.07371846077914813,0.4853351268197654,1.0
dense,C2,0.64,4,0.25,0.07610148783441933,0.4853351268197654,1.0
dense,C2,0.64,5,0.3125,0.07845418683549865,0.4853351268197654,1.0
dense,C2,0.64,6,0.375,0.08128766946393771,0.4853351268197654,1.0
dense,C2,0.64,7,0.4375,0.0837257546297109,0.4853351268197654,1.0
dense,C2,0.64,8,0.5,0.0860887208025972,0.4853351268197654,1.0
dense,C2,0.64,9,0.5625,0.08886758075487473,0.4853351268197654,1.0
dense,C2,0.64,10,0.625,0.09137434202897832,0.4853351268197654,1.0
dense,C2,0.64,11,0.6875,0.09405917862990539,0.4853351268197654,1.0
dense,C2,0.64,12,0.75,0.09667671648079393,0.4853351268197654,1.0
dense,C2,0.64,13,0.8125,0.09925638068083424,0.4853351268197654,1.0
dense,C2,0.64,14,0.875,0.1017726542681329,0.4853351268197654,1.0
dense,C2,0.64,15,0.9375,0.10443087657534725,0.4853351268197654,1.0
dense,C2,0.64,16,1.0,0.10718430629123783,0.4853351268197654,1.0
dense,C2,0.65,0,0.0,0.06937231717515126,0.4853351268197654,1.0
dense,C2,0.65,1,0.0625,0.07157964760425867,0.4853351268197654,1.0
dense,C2,0.65,2,0.125,0.07397361884311457,0.4853351268197654,1.0
dense,C2,0.65,3,0.1875,0.0767656739334309,0.4853351268197654,1.0
dense,C2,0.65,4,0.25,0.07924873956546119,0.4853351268197654,1.0
dense,C2,0.65,5,0.3125,0.08170229416938511,0.4853351268197654,1.0
dense,C2,0.65,6,0.375,0.08464740810322356,0.4853351268197654,1.0
dense,C2,0.65,7,0.4375,0.08719123305383167,0.4853351268197654,1.0
dense,C2,0.65,8,0.5,0.08965611515298477,0.4853351268197654,1.0
dense,C2,0.65,9,0.5625,0.09254891337668,0.4853351268197654,1.0
dense,C2,0.65,10,0.625,0.09516271514097943,0.4853351268197654,1.0
dense,C2,0.65,11,0.6875,0.09796144092169827,0.4853351268197654,1.0
dense,C2,0.65,12,0.75,0.10068835402311775,0.4853351268197654,1.0
dense,C2,0.65,13,0.8125,0.10338051973918162,0.4853351268197654,1.0
dense,C2,0.65,14,0.875,0.10600478834390446,0.4853351268197654,1.0
dense,C2,0.65,15,0.9375,0.10877555070638957,0.4853351268197654,1.0
dense,C2,0.65,16,1.0,0.11164620847044758,0.4853351268197654,1.0
dense,C2,0.66,0,0.0,0.07212358312216575,0.4853351268197654,1.0
dense,C2,0.66,1,0.0625,0.07442400271105157,0.4853351268197654,1.0
dense,C2,0.66,2,0.125,0.07691535319390219,0.4853351268197654,1.0
dense,C2,0.66,3,0.1875,0.07981296299826056,0.4853351268197654,1.0
dense,C2,0.66,4,0.25,0.08239607360051152,0.4853351268197654,1.0
dense,C2,0.66,5,0.3125,0.08495047797462618,0.4853351268197654,1.0
dense,C2,0.66,6,0.375,0.08800723680664341,0.4853351268197654,1.0
dense,C2,0.66,7,0.4375,0.09065680887930086,0.4853351268197654,1.0
dense,C2,0.66,8,0.5,0.09322360787232652,0.4853351268197654,1.0
dense,C2,0.66,9,0.5625,0.09623034288555418,0.4853351268197654,1.0
dense,C2,0.66,10,0.625,0.09895117483409667,0.4853351268197654,1.0
dense,C2,0.66,11,0.6875,0.1018637958650088,0.4853351268197654,1.0
dense,C2,0.66,12,0.75,0.1047000878051918,0.4853351268197654,1.0
dense,C2,0.66,13,0.8125,0.10750474925673886,0.4853351268197654,1.0
dense,C2,0.66,14,0.875,0.11023702485365973,0.4853351268197654,1.0
dense,C2,0.66,15,0.9375,0.11312031721434099,0.4853351268197654,1.0
dense,C2,0.66,16,1.0,0.11610820313630446,0.4853351268197654,1.0
dense,C2,0.67,0,0.0,0.07487491853787008,0.4853351268197654,1.0
dense,C2,0.67,1,0.0625,0.07726843393537193,0.4853351268197654,1.0
dense,C2,0.67,2,0.125,0.07985715562726056,0.4853351268197654,1.0
dense,C2,0.67,3,0.1875,0.08286031959852941,0.4853351268197654,1.0
dense,C2,0.67,4,0.25,0.08554348085513058,0.4853351268197654,1.0
dense,C2,0.67,5,0.3125,0.08819872980235913,0.4853351268197654,1.0
dense,C2,0.67,6,0.375,0.0913671456384578,0.4853351268197654,1.0
dense,C2,0.67,7,0.4375,0.09412247134720797,0.4853351268197654,1.0
dense,C2,0.67,8,0.5,0.09679118808368657,0.4853351268197654,1.0
dense,C2,0.67,9,0.5625,0.09991185857157046,0.4853351268197654,1.0
dense,C2,0.67,10,0.625,0.1027397115304642,0.4853351268197654,1.0
dense,C2,0.67,11,0.6875,0.10576623320441594,0.4853351268197654,1.0
dense,C2,0.67,12,0.75,0.10871190717257444,0.4853351268197654,1.0
dense,C2,0.67,13,0.8125,0.11162905920723126,0.4853351268197654,1.0
dense,C2,0.67,14,0.875,0.11446935243562832,0.4853351268197654,1.0
dense,C2,0.67,15,0.9375,0.1174651658487728,0.4853351268197654,1.0
dense,C2,0.67,16,1.0,0.12057028002073296,0.4853351268197654,1.0
dense,C2,0.68,0,0.0,0.07762631603565921,0.4853351268197654,1.0
dense,C2,0.68,1,0.0625,0.08011293316950072,0.4853351268197654,1.0
dense,C2,0.68,2,0.125,0.08279901888638433,0.4853351268197654,1.0
dense,C2,0.68,3,0.1875,0.08590773654729819,0.4853351268197654,1.0
dense,C2,0.68,4,0.25,0.08869095353421277,0.4853351268197654,1.0
dense,C2,0.68,5,0.3125,0.091447042403989,0.4853351268197654,1.0
dense,C2,0.68,6,0.375,0.09472712607236312,0.4853351268197654,1.0
dense,C2,0.68,7,0.4375,0.09758821122672208,0.4853351268197654,1.0
dense,C2,0.68,8,0.5,0.10035884645650438,0.4853351268197654,1.0
dense,C2,0.68,9,0.5625,0.10359345124701068,0.4853351268197654,1.0
dense,C2,0.68,10,0.625,0.10652831701453068,0.4853351268197654,1.0
dense,C2,0.68,11,0.6875,0.10966874414400625,0.4853351268197654,1.0
dense,C2,0.68,12,0.75,0.11272380298736989,0.4853351268197654,1.0
dense,C2,0.68,13,0.8125,0.11575344099315196,0.4853351268197654,1.0
dense,C2,0.68,14,0.875,0.11870176134823422,0.4853351268197654,1.0
dense,C2,0.68,15,0.9375,0.12181008782156794,0.4853351268197654,1.0
dense,C2,0.68,16,1.0,0.12503243032124323,0.4853351268197654,1.0
dense,C2,0.6900000000000001,0,0.0,0.08037776924016987,0.4853351268197654,1.0
dense,C2,0.6900000000000001,1,0.0625,0.08295749341754743,0.4853351268197654,1.0
dense,C2,0.6900000000000001,2,0.125,0.0857409367102823,0.4853351268197654,1.0
dense,C2,0.6900000000000001,3,0.1875,0.08895520764233199,0.4853351268197654,1.0
dense,C2,0.6900000000000001,4,0.25,0.09183848491111017,0.4853351268197654,1.0
dense,C2,0.6900000000000001,5,0.3125,0.09469540952538166,0.4853351268197654,1.0
dense,C2,0.6900000000000001,6,0.375,0.09808717075016106,0.4853351268197654,1.0
dense,C2,0.6900000000000001,7,0.4375,0.10105402055313827,0.4853351268197654,1.0
dense,C2,0.6900000000000001,8,0.5,0.10392657494124952,0.4853351268197654,1.0
dense,C2,0.6900000000000001,9,0.5625,0.10727511298523602,0.4853351268197654,1.0
dense,C2,0.6900000000000001,10,0.625,0.11031698419918833,0.4853351268197654,1.0
dense,C2,0.6900000000000001,11,0.6875,0.11357132109668355,0.4853351268197654,1.0
dense,C2,0.6900000000000001,12,0.75,0.11673576736769967,0.4853351268197654,1.0
dense,C2,0.6900000000000001,13,0.8125,0.11987788720003772,0.4853351268197654,1.0
dense,C2,0.6900000000000001,14,0.875,0.12293424319126667,0.4853351268197654,1.0
dense,C2,0.6900000000000001,15,0.9375,0.1261550755551608,0.4853351268197654,1.0
dense,C2,0.6900000000000001,16,1.0,0.12949464644848083,0.4853351268197654,1.0
dense,C2,0.7000000000000001,0,0.0,0.0831292726199775,0.4853351268197654,1.0
dense,C2,0.7000000000000001,1,0.0625,0.08580210861120822,0.4853351268197654,1.0
dense,C2,0.7000000000000001,2,0.125,0.08868290366864938,0.4853351268197654,1.0
dense,C2,0.7000000000000001,3,0.1875,0.0920027275030566,0.4853351268197654,1.0
dense,C2,0.7000000000000001,4,0.25,0.0949860691506557,0.4853351268197654,1.0
dense,C2,0.7000000000000001,5,0.3125,0.09794382574199273,0.4853351268197654,1.0
dense,C2,0.7000000000000001,6,0.375,0.10144727328836767,0.4853351268197654,1.0
dense,C2,0.7000000000000001,7,0.4375,0.10451989241801923,0.4853351268197654,1.0
dense,C2,0.7000000000000001,8,0.5,0.10749436655689625,0.4853351268197654,1.0
dense,C2,0.7000000000000001,9,0.5625,0.11095683691152441,0.4853351268197654,1.0
dense,C2,0.7000000000000001,10,0.625,0.11410570693847817,0.4853351268197654,1.0
dense,C2,0.7000000000000001,11,0.6875,0.1174739574834288,0.4853351268197654,1.0
dense,C2,0.7000000000000001,12,0.75,0.12074779347909165,0.4853351268197654,1.0
dense,C2,0.7000000000000001,13,0.8125,0.12400239139976768,0.4853351268197654,1.0
dense,C2,0.7000000000000001,14,0.875,0.12716679068271397,0.4853351268197654,1.0
dense,C2,0.7000000000000001,15,0.9375,0.13050012248105522,0.4853351268197654,1.0
dense,C2,0.7000000000000001,16,1.0,0.13395692182421748,0.4853351268197654,1.0
dense,C2,0.71,0,0.0,0.08644597268056368,0.4853351268197654,1.0
dense,C2,0.71,1,0.0625,0.08923171218533477,0.4853351268197654,1.0
dense,C2,0.71,2,0.125,0.09223045485472242,0.4853351268197654,1.0
dense,C2,0.71,3,0.1875,0.09567695783739556,0.4853351268197654,1.0
dense,C2,0.71,4,0.25,0.09878152847746373,0.4853351268197654,1.0
dense,C2,0.71,5,0.3125,0.1018615773519011,0.4853351268197654,1.0
dense,C2,0.71,6,0.375,0.10549944109940039,0.4853351268197654,1.0
dense,C2,0.71,7,0.4375,0.10870053805698329,0.4853351268197654,1.0
dense,C2,0.71,8,0.5,0.11179889690314919,0.4853351268197654,1.0
dense,C2,0.71,9,0.5625,0.11539882652054062,0.4853351268197654,1.0
dense,C2,0.71,10,0.625,0.11867772928800539,0.4853351268197654,1.0
dense,C2,0.71,11,0.6875,0.12218424656340006,0.4853351268197654,1.0
dense,C2,0.71,12,0.75,0.12559089247327454,0.4853351268197654,1.0
dense,C2,0.71,13,0.8125,0.12898252814830227,0.4853351268197654,1.0
dense,C2,0.71,14,0.875,0.13227825881493607,0.4853351268197654,1.0
dense,C2,0.71,15,0.9375,0.1357482188732671,0.4853351268197654,1.0
dense,C2,0.71,16,1.0,0.1393476876783386,0.4853351268197654,1.0
dense,C2,0.72,0,0.0,0.08982716563640619,0.4853351268197654,1.0
dense,C2,0.72,1,0.0625,0.09272807107713449,0.4853351268197654,1.0
dense,C2,0.72,2,0.125,0.09584710079688047,0.4853351268197654,1.0
dense,C2,0.72,3,0.1875,0.09942269057598399,0.4853351268197654,1.0
dense,C2,0.72,4,0.25,0.10265090850830995,0.4853351268197654,1.0
dense,C2,0.72,5,0.3125,0.10585569056694255,0.4853351268197654,1.0
dense,C2,0.72,6,0.375,0.10963057412495206,0.4853351268197654,1.0
dense,C2,0.72,7,0.4375,0.11296274441669645,0.4853351268197654,1.0
dense,C2,0.72,8,0.5,0.11618749245958043,0.4853351268197654,1.0
dense,C2,0.72,9,0.5625,0.11992756210648824,0.4853351268197654,1.0
dense,C2,0.72,10,0.625,0.12333911331037249,0.4853351268197654,1.0
dense,C2,0.72,11,0.6875,0.12698667898747615,0.4853351268197654,1.0
dense,C2,0.72,12,0.75,0.13052880783885676,0.4853351268197654,1.0
dense,C2,0.72,13,0.8125,0.134060275645905,0.4853351268197654,1.0
dense,C2,0.72,14,0.875,0.13749000368251096,0.4853351268197654,1.0
dense,C2,0.72,15,0.9375,0.1410993332186133,0.4853351268197654,1.0
dense,C2,0.72,16,1.0,0.14484437208446013,0.4853351268197654,1.0
dense,C2,0.73,0,0.0,0.09320842716966246,0.4853351268197654,1.0
dense,C2,0.73,1,0.0625,0.09622450491968677,0.4853351268197654,1.0
dense,C2,0.73,2,0.125,0.09946381367947035,0.4853351268197654,1.0
dense,C2,0.73,3,0.1875,0.1031684898732815,0.4853351268197654,1.0
dense,C2,0.73,4,0.25,0.10652036086658327,0.4853351268197654,1.0
dense,C2,0.73,5,0.3125,0.10984987097120068,0.4853351268197654,1.0
dense,C2,0.73,6,0.375,0.11376178688247407,0.4853351268197654,1.0
dense,C2,0.73,7,0.4375,0.1172250374590308,0.4853351268197654,1.0
dense,C2,0.73,8,0.5,0.12057617551804005,0.4853351268197654,1.0
dense,C2,0.73,9,0.5625,0.12445638427913032,0.4853351268197654,1.0
dense,C2,0.73,10,0.625,0.12800057431412712,0.4853351268197654,1.0
dense,C2,0.73,11,0.6875,0.13178919408755324,0.4853351268197654,1.0
dense,C2,0.73,12,0.75,0.13546680931375565,0.4853351268197654,1.0
dense,C2,0.73,13,0.8125,0.1391381043034743,0.4853351268197654,1.0
dense,C2,0.73,14,0.875,0.14270184098730362,0.4853351268197654,1.0
dense,C2,0.73,15,0.9375,0.1464505310925201,0.4853351268197654,1.0
dense,C2,0.73,16,1.0,0.15034114071544571,0.4853351268197654,1.0
dense,C2,0.74,0,0.0,0.09658975007838298,0.4853351268197654,1.0
dense,C2,0.74,1,0.0625,0.09972100582918564,0.4853351268197654,1.0
dense,C2,0.74,2,0.125,0.10308058645642305,0.4853351268197654,1.0
dense,C2,0.74,3,0.1875,0.10691434873353235,0.4853351268197654,1.0
dense,C2,0.74,4,0.25,0.11038987794649066,0.4853351268197654,1.0
dense,C2,0.74,5,0.3125,0.11384411149274591,0.4853351268197654,1.0
dense,C2,0.74,6,0.375,0.11789307099005564,0.4853351268197654,1.0
dense,C2,0.74,7,0.4375,0.12148740806040575,0.4853351268197654,1.0
dense,C2,0.74,8,0.5,0.1249649368594942,0.4853351268197654,1.0
dense,C2,0.74,9,0.5625,0.1289852839179907,0.4853351268197654,1.0
dense,C2,0.74,10,0.625,0.13266210418438784,0.4853351268197654,1.0
dense,C2,0.74,11,0.6875,0.13659178314306145,0.4853351268197654,1.0
dense,C2,0.74,12,0.75,0.140404887812648,0.4853351268197654,1.0
dense,C2,0.74,13,0.8125,0.14421600554811195,0.4853351268197654,1.0
dense,C2,0.74,14,0.875,0.14791376095805872,0.4853351268197654,1.0
dense,C2,0.74,15,0.9375,0.1518018036615384,0.4853351268197654,1.0
dense,C2,0.74,16,1.0,0.15583798465887455,0.4853351268197654,1.0
dense,C2,0.75,0,0.0,0.09997112813486206,0.4853351268197654,1.0
dense,C2,0.75,1,0.0625,0.1032175669899419,0.4853351268197654,1.0
dense,C2,0.75,2,0.125,0.10669741303693583,0.4853351268197654,1.0
dense,C2,0.75,3,0.1875,0.11066026110810422,0.4853351268197654,1.0
dense,C2,0.75,4,0.25,0.11425945317243266,0.4853351268197654,1.0
dense,C2,0.75,5,0.3125,0.11783840601838726,0.4853351268197654,1.0
dense,C2,0.75,6,0.375,0.12202441920076995,0.4853351268197654,1.0
dense,C2,0.75,7,0.4375,0.12574984833408337,0.4853351268197654,1.0
dense,C2,0.75,8,0.5,0.12935376851590233,0.4853351268197654,1.0
dense,C2,0.75,9,0.5625,0.13351425313994014,0.4853351268197654,1.0
dense,C2,0.75,10,0.625,0.13732369590801885,0.4853351268197654,1.0
dense,C2,0.75,11,0.6875,0.14139443861811304,0.4853351268197654,1.0
dense,C2,0.75,12,0.75,0.14534303548478608,0.4853351268197654,1.0
dense,C2,0.75,13,0.8125,0.14929397197315664,0.4853351268197654,1.0
dense,C2,0.75,14,0.875,0.1531257551537068,0.4853351268197654,1.0
dense,C2,0.75,15,0.9375,0.15715314329526586,0.4853351268197654,1.0
dense,C2,0.75,16,1.0,0.16133489621683195,0.4853351268197654,1.0
dense,C2,0.76,0,0.0,0.10341363003218185,0.4853351268197654,1.0
dense,C2,0.76,1,0.0625,0.10677739819769637,0.4853351268197654,1.0
dense,C2,0.76,2,0.125,0.11037974192517513,0.4853351268197654,1.0
dense,C2,0.76,3,0.1875,0.11447396433417507,0.4853351268197654,1.0
dense,C2,0.76,4,0.25,0.11819911444544819,0.4853351268197654,1.0
dense,C2,0.76,5,0.3125,0.12190510905373277,0.4853351268197654,1.0
dense,C2,0.76,6,0.375,0.12623065585817309,0.4853351268197654,1.0
dense,C2,0.76,7,0.4375,0.13008963991394792,0.4853351268197654,1.0
dense,C2,0.76,8,0.5,0.13382234070146437,0.4853351268197654,1.0
dense,C2,0.76,9,0.5625,0.13812551561398181,0.4853351268197654,1.0
dense,C2,0.76,10,0.625,0.14207007000346342,0.4853351268197654,1.0
dense,C2,0.76,11,0.6875,0.14628453044485254,0.4853351268197654,1.0
dense,C2,0.76,12,0.75,0.15037117762481347,0.4853351268197654,1.0
dense,C2,0.76,13,0.8125,0.15446460177645213,0.4853351268197654,1.0
dense,C2,0.76,14,0.875,0.15843295627239554,0.4853351268197654,1.0
dense,C2,0.76,15,0.9375,0.16260231585146898,0.4853351268197654,1.0
dense,C2,0.76,16,1.0,0.1669324270626268,0.4853351268197654,1.0
dense,C2,0.77,0,0.0,0.10748898201261,0.4853351268197654,1.0
dense,C2,0.77,1,0.0625,0.1109922742222114,0.4853351268197654,1.0
dense,C2,0.77,2,0.125,0.11474029698480585,0.4853351268197654,1.0
dense,C2,0.77,3,0.1875,0.11898960768093905,0.4853351268197654,1.0
dense,C2,0.77,4,0.25,0.12286445833513153,0.4853351268197654,1.0
dense,C2,0.77,5,0.3125,0.12672159179441883,0.4853351268197654,1.0
dense,C2,0.77,6,0.375,0.13121228408684263,0.4853351268197654,1.0
dense,C2,0.77,7,0.4375,0.13523029541432396,0.4853351268197654,1.0
dense,C2,0.77,8,0.5,0.13911652629254875,0.4853351268197654,1.0
dense,C2,0.77,9,0.5625,0.14358884656994242,0.4853351268197654,1.0
dense,C2,0.77,10,0.625,0.14769436543311276,0.4853351268197654,1.0
dense,C2,0.77,11,0.6875,0.152080004210291,0.4853351268197654,1.0
dense,C2,0.77,12,0.75,0.15633118388446157,0.4853351268197654,1.0
dense,C2,0.77,13,0.8125,0.1605947811659459,0.4853351268197654,1.0
dense,C2,0.77,14,0.875,0.164725986920964,0.4853351268197654,1.0
dense,C2,0.77,15,0.9375,0.16906458462459797,0.4853351268197654,1.0
dense,C2,0.77,16,1.0,0.17357191953925147,0.4853351268197654,1.0
dense,C2,0.78,0,0.0,0.11156440362482076,0.4853351268197654,1.0
dense,C2,0.78,1,0.0625,0.11520722591646661,0.4853351268197654,1.0
dense,C2,0.78,2,0.125,0.11910091947848972,0.4853351268197654,1.0
dense,C2,0.78,3,0.1875,0.12350531823627289,0.4853351268197654,1.0
dense,C2,0.78,4,0.25,0.12752987533352292,0.4853351268197654,1.0
dense,C2,0.78,5,0.3125,0.13153814245386178,0.4853351268197654,1.0
dense,C2,0.78,6,0.375,0.1361939934856476,0.4853351268197654,1.0
dense,C2,0.78,7,0.4375,0.14037103974048426,0.4853351268197654,1.0
dense,C2,0.78,8,0.5,0.14441080151341487,0.4853351268197654,1.0
dense,C2,0.78,9,0.5625,0.1490522668439868,0.4853351268197654,1.0
dense,C2,0.78,10,0.625,0.15331873974370214,0.4853351268197654,1.0
dense,C2,0.78,11,0.6875,0.1578755629909899,0.4853351268197654,1.0
dense,C2,0.78,12,0.75,0.16229127892683048,0.4853351268197654,1.0
dense,C2,0.78,13,0.8125,0.1667250444243464,0.4853351268197654,1.0
dense,C2,0.78,14,0.875,0.17101911373301742,0.4853351268197654,1.0
dense,C2,0.78,15,0.9375,0.17552694042707287,0.4853351268197654,1.0
dense,C2,0.78,16,1.0,0.18021150042079126,0.4853351268197654,1.0
dense,C2,0.79,0,0.0,0.11563988750685084,0.4853351268197654,1.0
dense,C2,0.79,1,0.0625,0.11942224526827887,0.4853351268197654,1.0
dense,C2,0.79,2,0.125,0.12346160226098254,0.4853351268197654,1.0
dense,C2,0.79,3,0.1875,0.12802108888819752,0.4853351268197654,1.0
dense,C2,0.79,4,0.25,0.13219535770020058,0.4853351268197654,1.0
dense,C2,0.79,5,0.3125,0.13635475383464202,0.4853351268197654,1.0
dense,C2,0.79,6,0.375,0.14117577546176813,0.4853351268197654,1.0
dense,C2,0.79,7,0.4375,0.14551186347813166,0.4853351268197654,1.0
dense,C2,0.79,8,0.5,0.14970515685487693,0.4853351268197654,1.0
dense,C2,0.79,9,0.5625,0.15451576696169925,0.4853351268197654,1.0
dense,C2,0.79,10,0.625,0.15894318456137307,0.4853351268197654,1.0
dense,C2,0.79,11,0.6875,0.16367119775583802,0.4853351268197654,1.0
dense,C2,0.79,12,0.75,0.16825145331687355,0.4853351268197654,1.0
dense,C2,0.79,13,0.8125,0.17285538262849912,0.4853351268197654,1.0
dense,C2,0.79,14,0.875,0.1773123264695216,0.4853351268197654,1.0
dense,C2,0.79,15,0.9375,0.1819893739877823,0.4853351268197654,1.0
dense,C2,0.79,16,1.0,0.18685116028308907,0.4853351268197654,1.0
dense,C2,0.8,0,0.0,0.11971542729912779,0.4853351268197654,1.0
dense,C2,0.8,1,0.0625,0.12363732535794426,0.4853351268197654,1.0
dense,C2,0.8,2,0.125,0.12782233916199287,0.4853351268197654,1.0
dense,C2,0.8,3,0.1875,0.13253691349391672,0.4853351268197654,1.0
dense,C2,0.8,4,0.25,0.13686089875010174,0.4853351268197654,1.0
dense,C2,0.8,5,0.3125,0.14117141972152708,0.4853351268197654,1.0
dense,C2,0.8,6,0.375,0.14615762259381157,0.4853351268197654,1.0
dense,C2,0.8,7,0.4375,0.1506527584978344,0.4853351268197654,1.0
dense,C2,0.8,8,0.5,0.15499958410684408,0.4853351268197654,1.0
dense,C2,0.8,9,0.5625,0.159979338742788,0.4853351268197654,1.0
dense,C2,0.8,10,0.625,0.16456769265694496,0.4853351268197654,1.0
dense,C2,0.8,11,0.6875,0.1694669007090411,0.4853351268197654,1.0
dense,C2,0.8,12,0.75,0.17421169891060326,0.4853351268197654,1.0
dense,C2,0.8,13,0.8125,0.17898578807763352,0.4853351268197654,1.0
dense,C2,0.8,14,0.875,0.18360561629511227,0.4853351268197654,1.0
dense,C2,0.8,15,0.9375,0.1884518773072186,0.4853351268197654,1.0
dense,C2,0.8,16,1.0,0.19349089099544664,0.4853351268197654,1.0
dense,C2,0.81,0,0.0,0.12403117825508672,0.4853351268197654,1.0
dense,C2,0.81,1,0.0625,0.12810105594096755,0.4853351268197654,1.0
dense,C2,0.81,2,0.125,0.1324405554901241,0.4853351268197654,1.0
dense,C2,0.81,3,0.1875,0.137319250146588,0.4853351268197654,1.0
dense,C2,0.81,4,0.25,0.14180195970885517,0.4853351268197654,1.0
dense,C2,0.81,5,0.3125,0.14627276093828814,0.4853351268197654,1.0
dense,C2,0.81,6,0.375,0.15143390593861913,0.4853351268197654,1.0
dense,C2,0.81,7,0.4375,0.15609776320397398,0.4853351268197654,1.0
dense,C2,0.81,8,0.5,0.16060756009484706,0.4853351268197654,1.0
dense,C2,0.81,9,0.5625,0.16576653459149557,0.4853351268197654,1.0
dense,C2,0.81,10,0.625,0.17052562034632704,0.4853351268197654,1.0
dense,C2,0.81,11,0.6875,0.17560650031133276,0.4853351268197654,1.0
dense,C2,0.81,12,0.75,0.1805259681665026,0.4853351268197654,1.0
dense,C2,0.81,13,0.8125,0.18548077415062392,0.4853351268197654,1.0
dense,C2,0.81,14,0.875,0.19027352091142555,0.4853351268197654,1.0
dense,C2,0.81,15,0.9375,0.19529941910834445,0.4853351268197654,1.0
dense,C2,0.81,16,1.0,0.2005267307387487,0.4853351268197654,1.0
dense,C2,0.8200000000000001,0,0.0,0.1288773554089064,0.4853351268197654,1.0
dense,C2,0.8200000000000001,1,0.0625,0.13311384525391984,0.4853351268197654,1.0
dense,C2,0.8200000000000001,2,0.125,0.1376273336241274,0.4853351268197654,1.0
dense,C2,0.8200000000000001,3,0.1875,0.14269009611284184,0.4853351268197654,1.0
dense,C2,0.8200000000000001,4,0.25,0.14735141850657996,0.4853351268197654,1.0
dense,C2,0.8200000000000001,5,0.3125,0.15200272210302687,0.4853351268197654,1.0
dense,C2,0.8200000000000001,6,0.375,0.1573603559539456,0.4853351268197654,1.0
dense,C2,0.8200000000000001,7,0.4375,0.16221429234837745,0.4853351268197654,1.0
dense,C2,0.8200000000000001,8,0.5,0.16690790483729254,0.4853351268197654,1.0
dense,C2,0.8200000000000001,9,0.5625,0.17226835000018323,0.4853351268197654,1.0
dense,C2,0.8200000000000001,10,0.625,0.17721980631254192,0.4853351268197654,1.0
dense,C2,0.8200000000000001,11,0.6875,0.18250549135946695,0.4853351268197654,1.0
dense,C2,0.8200000000000001,12,0.75,0.1876219905724872,0.4853351268197654,1.0
dense,C2,0.8200000000000001,13,0.8125,0.1927808304360091,0.4853351268197654,1.0
dense,C2,0.8200000000000001,14,0.875,0.1977686470230491,0.4853351268197654,1.0
dense,C2,0.8200000000000001,15,0.9375,0.20299720791293763,0.4853351268197654,1.0
dense,C2,0.8200000000000001,16,1.0,0.20843726482387895,0.4853351268197654,1.0
dense,C2,0.8300000000000001,0,0.0,0.13372359852228782,0.4853351268197654,1.0
dense,C2,0.8300000000000001,1,0.0625,0.13812670553782494,0.4853351268197654,1.0
dense,C2,0.8300000000000001,2,0.125,0.1428141748020489,0.4853351268197654,1.0
dense,C2,0.8300000000000001,3,0.1875,0.1480610050171066,0.4853351268197654,1.0
dense,C2,0.8300000000000001,4,0.25,0.15290094569018028,0.4853351268197654,1.0
dense,C2,0.8300000000000001,5,0.3125,0.15773274676168095,0.4853351268197654,1.0
dense,C2,0.8300000000000001,6,0.375,0.16328688234237476,0.4853351268197654,1.0
dense,C2,0.8300000000000001,7,0.4375,0.16833090566974157,0.4853351268197654,1.0
dense,C2,0.8300000000000001,8,0.5,0.1732083344550088,0.4853351268197654,1.0
dense,C2,0.8300000000000001,9,0.5625,0.17877025081593367,0.4853351268197654,1.0
dense,C2,0.8300000000000001,10,0.625,0.18391406704317897,0.4853351268197654,1.0
dense,C2,0.8300000000000001,11,0.6875,0.1894045632182573,0.4853351268197654,1.0
dense,C2,0.8300000000000001,12,0.75,0.19471809752244804,0.4853351268197654,1.0
dense,C2,0.8300000000000001,13,0.8125,0.20008096666313138,0.4853351268197654,1.0
dense,C2,0.8300000000000001,14,0.875,0.205263865457377,0.4853351268197654,1.0
dense,C2,0.8300000000000001,15,0.9375,0.21069508031720116,0.4853351268197654,1.0
dense,C2,0.8300000000000001,16,1.0,0.21634788441492664,0.4853351268197654,1.0
dense,C2,0.84,0,0.0,0.1385699006747657,0.4853351268197654,1.0
dense,C2,0.84,1,0.0625,0.14313962933631044,0.4853351268197654,1.0
dense,C2,0.84,2,0.125,0.148001072395583,0.4853351268197654,1.0
dense,C2,0.84,3,0.1875,0.15343197024991925,0.4853351268197654,1.0
dense,C2,0.84,4,0.25,0.15845053407427273,0.4853351268197654,1.0
dense,C2,0.84,5,0.3125,0.1634628282371047,0.4853351268197654,1.0
dense,C2,0.84,6,0.375,0.16921347707924078,0.4853351268197654,1.0
dense,C2,0.84,7,0.4375,0.17444759431363774,0.4853351268197654,1.0
dense,C2,0.84,8,0.5,0.1795088400110994,0.4853351268197654,1.0
dense,C2,0.84,9,0.5625,0.1852722280469797,0.4853351268197654,1.0
dense,C2,0.84,10,0.625,0.1906083946609482,0.4853351268197654,1.0
dense,C2,0.84,11,0.6875,0.1963037073674598,0.4853351268197654,1.0
dense,C2,0.84,12,0.75,0.2018142800982885,0.4853351268197654,1.0
dense,C2,0.84,13,0.8125,0.2073811743897747,0.4853351268197654,1.0
dense,C2,0.84,14,0.875,0.21275916645719647,0.4853351268197654,1.0
dense,C2,0.84,15,0.9375,0.21839302748102304,0.4853351268197654,1.0
dense,C2,0.84,16,1.0,0.2242585804633448,0.4853351268197654,1.0
dense,C2,0.85,0,0.0,0.1437672505397951,0.4853351268197654,1.0
dense,C2,0.85,1,0.0625,0.14851594906575824,0.4853351268197654,1.0
dense,C2,0.85,2,0.125,0.153564301275686,0.4853351268197654,1.0
dense,C2,0.85,3,0.1875,0.1591925188978357,0.4853351268197654,1.0
dense,C2,0.85,4,0.25,0.16440284738548694,0.4853351268197654,1.0
dense,C2,0.85,5,0.3125,0.16960902174230308,0.4853351268197654,1.0
dense,C2,0.85,6,0.375,0.1755704744258037,0.4853351268197654,1.0
dense,C2,0.85,7,0.4375,0.18100881339230998,0.4853351268197654,1.0
dense,C2,0.85,8,0.5,0.18626772165101124,0.4853351268197654,1.0
dense,C2,0.85,9,0.5625,0.19224734457023418,0.4853351268197654,1.0
dense,C2,0.85,10,0.625,0.19779015676548523,0.4853351268197654,1.0
dense,C2,0.85,11,0.6875,0.20370564748325598,0.4853351268197654,1.0
dense,C2,0.85,12,0.75,0.20942814481949468,0.4853351268197654,1.0
dense,C2,0.85,13,0.8125,0.21521454871948278,0.4853351268197654,1.0
dense,C2,0.85,14,0.875,0.22080236163545944,0.4853351268197654,1.0
dense,C2,0.85,15,0.9375,0.22665419878966403,0.4853351268197654,1.0
dense,C2,0.85,16,1.0,0.23274880493160485,0.4853351268197654,1.0
dense,C2,0.86,0,0.0,0.1494750592522982,0.4853351268197654,1.0
dense,C2,0.86,1,0.0625,0.154420681968381,0.4853351268197654,1.0
dense,C2,0.86,2,0.125,0.1596747542994185,0.4853351268197654,1.0
dense,C2,0.86,3,0.1875,0.16551956204035667,0.4853351268197654,1.0
dense,C2,0.86,4,0.25,0.17094076347467624,0.4853351268197654,1.0
dense,C2,0.86,5,0.3125,0.17636028549238666,0.4853351268197654,1.0
dense,C2,0.86,6,0.375,0.18255332025794002,0.4853351268197654,1.0
dense,C2,0.86,7,0.4375,0.18821642374773334,0.4853351268197654,1.0
dense,C2,0.86,8,0.5,0.19369312780060008,0.4853351268197654,1.0
dense,C2,0.86,9,0.5625,0.1999104540159725,0.4853351268197654,1.0
dense,C2,0.86,10,0.625,0.20568070006773084,0.4853351268197654,1.0
dense,C2,0.86,11,0.6875,0.2118387054853915,0.4853351268197654,1.0
dense,C2,0.86,12,0.75,0.21779477326428218,0.4853351268197654,1.0
dense,C2,0.86,13,0.8125,0.22382320402808992,0.4853351268197654,1.0
dense,C2,0.86,14,0.875,0.22964225199616406,0.4853351268197654,1.0
dense,C2,0.86,15,0.9375,0.23573435853772234,0.4853351268197654,1.0
dense,C2,0.86,16,1.0,0.2420817265183853,0.4853351268197654,1.0
dense,C2,0.87,0,0.0,0.15518293417061482,0.4853351268197654,1.0
dense,C2,0.87,1,0.0625,0.16032548506788843,0.4853351268197654,1.0
dense,C2,0.87,2,0.125,0.16578526942443708,0.4853351268197654,1.0
dense,C2,0.87,3,0.1875,0.17184666717425467,0.4853351268197654,1.0
dense,C2,0.87,4,0.25,0.17747874662189136,0.4853351268197654,1.0
dense,C2,0.87,5,0.3125,0.18311161138958848,0.4853351268197654,1.0
dense,C2,0.87,6,0.375,0.18953624120171486,0.4853351268197654,1.0
dense,C2,0.87,7,0.4375,0.19542411749976132,0.4853351268197654,1.0
dense,C2,0.87,8,0.5,0.2011186179356505,0.4853351268197654,1.0
dense,C2,0.87,9,0.5625,0.2075736490664875,0.4853351268197654,1.0
dense,C2,0.87,10,0.625,0.2135713174578495,0.4853351268197654,1.0
dense,C2,0.87,11,0.6875,0.21997184371774092,0.4853351268197654,1.0
dense,C2,0.87,12,0.75,0.22616148564872315,0.4853351268197654,1.0
dense,C2,0.87,13,0.8125,0.23243193865533637,0.4853351268197654,1.0
dense,C2,0.87,14,0.875,0.23848223462807086,0.4853351268197654,1.0
dense,C2,0.87,15,0.9375,0.2448146017713142,0.4853351268197654,1.0
dense,C2,0.87,16,1.0,0.2514147340175858,0.4853351268197654,1.0
dense,C2,0.88,0,0.0,0.16111858472115365,0.4853351268197654,1.0
dense,C2,0.88,1,0.0625,0.166466084245538,0.4853351268197654,1.0
dense,C2,0.88,2,0.125,0.17213997638194029,0.4853351268197654,1.0
dense,C2,0.88,3,0.1875,0.17842659045045733,0.4853351268197654,1.0
dense,C2,0.88,4,0.25,0.18427806016900525,0.4853351268197654,1.0
dense,C2,0.88,5,0.3125,0.19013295061379162,0.4853351268197654,1.0
dense,C2,0.88,6,0.375,0.19679846287844904,0.4853351268197654,1.0
dense,C2,0.88,7,0.4375,0.20292027123533912,0.4853351268197654,1.0
dense,C2,0.88,8,0.5,0.20884157402760528,0.4853351268197654,1.0
dense,C2,0.88,9,0.5625,0.21554390494031628,0.4853351268197654,1.0
dense,C2,0.88,10,0.625,0.2217782569030099,0.4853351268197654,1.0
dense,C2,0.88,11,0.6875,0.2284312913943486,0.4853351268197654,1.0
dense,C2,0.88,12,0.75,0.23486421056538676,0.4853351268197654,1.0
dense,C2,0.88,13,0.8125,0.24138675385498137,0.4853351268197654,1.0
dense,C2,0.88,14,0.875,0.24767789676999424,0.4853351268197654,1.0
dense,C2,0.88,15,0.9375,0.2542605147124224,0.4853351268197654,1.0
dense,C2,0.88,16,1.0,0.26112404576444376,0.4853351268197654,1.0
dense,C2,0.89,0,0.0,0.1677950440768811,0.4853351268197654,1.0
dense,C2,0.89,1,0.0625,0.1733735735644491,0.4853351268197654,1.0
dense,C2,0.89,2,0.125,0.17928889899228515,0.4853351268197654,1.0
dense,C2,0.89,3,0.1875,0.18582878998154517,0.4853351268197654,1.0
dense,C2,0.89,4,0.25,0.19192732957518388,0.4853351268197654,1.0
dense,C2,0.89,5,0.3125,0.19803249950608318,0.4853351268197654,1.0
dense,C2,0.89,6,0.375,0.20496908088469115,0.4853351268197654,1.0
dense,C2,0.89,7,0.4375,0.21135460026110953,0.4853351268197654,1.0
dense,C2,0.89,8,0.5,0.21753199975532714,0.4853351268197654,1.0
dense,C2,0.89,9,0.5625,0.22451283956888468,0.4853351268197654,1.0
dense,C2,0.89,10,0.625,0.2310140217347202,0.4853351268197654,1.0
dense,C2,0.89,11,0.6875,0.23795204095810685,0.4853351268197654,1.0
dense,C2,0.89,12,0.75,0.24465979345087874,0.4853351268197654,1.0
dense,C2,0.89,13,0.8125,0.251467185931911,0.4853351268197654,1.0
dense,C2,0.89,14,0.875,0.2580303762836335,0.4853351268197654,1.0
dense,C2,0.89,15,0.9375,0.26489575849355973,0.4853351268197654,1.0
dense,C2,0.89,16,1.0,0.27205727725073825,0.4853351268197654,1.0
dense,C2,0.9,0,0.0,0.1744715750639559,0.4853351268197654,1.0
dense,C2,0.9,1,0.0625,0.18028113733972717,0.4853351268197654,1.0
dense,C2,0.9,2,0.125,0.18643788717191734,0.4853351268197654,1.0
dense,C2,0.9,3,0.1875,0.19323105479317723,0.4853351268197654,1.0
dense,C2,0.9,4,0.25,0.19957666894196896,0.4853351268197654,1.0
dense,C2,0.9,5,0.3125,0.20593211300640302,0.4853351268197654,1.0
dense,C2,0.9,6,0.375,0.2131397771028064,0.4853351268197654,1.0
dense,C2,0.9,7,0.4375,0.21978901670199996,0.4853351268197654,1.0
dense,C2,0.9,8,0.5,0.22622251333424034,0.4853351268197654,1.0
dense,C2,0.9,9,0.5625,0.23348186523617956,0.4853351268197654,1.0
dense,C2,0.9,10,0.625,0.24024986422635736,0.4853351268197654,1.0
dense,C2,0.9,11,0.6875,0.247472874645995,0.4853351268197654,1.0
dense,C2,0.9,12,0.75,0.25445546410988684,0.4853351268197654,1.0
dense,C2,0.9,13,0.8125,0.2615477007349388,0.4853351268197654,1.0
dense,C2,0.9,14,0.875,0.26838295265256296,0.4853351268197654,1.0
dense,C2,0.9,15,0.9375,0.2755310896858735,0.4853351268197654,1.0
dense,C2,0.9,16,1.0,0.2829905991586703,0.4853351268197654,1.0
dense,C2,0.91,0,0.0,0.18188418707755102,0.4853351268197654,1.0
dense,C2,0.91,1,0.0625,0.18795071648850298,0.4853351268197654,1.0
dense,C2,0.91,2,0.125,0.1943760323598468,0.4853351268197654,1.0
dense,C2,0.91,3,0.1875,0.20145042735271726,0.4853351268197654,1.0
dense,C2,0.91,4,0.25,0.20807057533332735,0.4853351268197654,1.0
dense,C2,0.91,5,0.3125,0.2147043604176408,0.4853351268197654,1.0
dense,C2,0.91,6,0.375,0.2222131240090461,0.4853351268197654,1.0
dense,C2,0.91,7,0.4375,0.22915563386624754,0.4853351268197654,1.0
dense,C2,0.91,8,0.5,0.23587437949925655,0.4853351268197654,1.0
dense,C2,0.91,9,0.5625,0.24344328156531633,0.4853351268197654,1.0
dense,C2,0.91,10,0.625,0.2505080372962198,0.4853351268197654,1.0
dense,C2,0.91,11,0.6875,0.25804833305927305,0.4853351268197654,1.0
dense,C2,0.91,12,0.75,0.2653372184578114,0.4853351268197654,1.0
dense,C2,0.91,13,0.8125,0.2727468960280652,0.4853351268197654,1.0
dense,C2,0.91,14,0.875,0.27988532783062153,0.4853351268197654,1.0
dense,C2,0.91,15,0.9375,0.2873486425185734,0.4853351268197654,1.0
dense,C2,0.91,16,1.0,0.2951406219477883,0.4853351268197654,1.0
dense,C2,0.92,0,0.0,0.18965483731217678,0.4853351268197654,1.0
dense,C2,0.92,1,0.0625,0.19599094705203698,0.4853351268197654,1.0
dense,C2,0.92,2,0.125,0.20269802295984457,0.4853351268197654,1.0
dense,C2,0.92,3,0.1875,0.21006723845706826,0.4853351268197654,1.0
dense,C2,0.92,4,0.25,0.2169752769718766,0.4853351268197654,1.0
dense,C2,0.92,5,0.3125,0.22390104949453185,0.4853351268197654,1.0
dense,C2,0.92,6,0.375,0.23172551947031883,0.4853351268197654,1.0
dense,C2,0.92,7,0.4375,0.23897567728095462,0.4853351268197654,1.0
dense,C2,0.92,8,0.5,0.24599384976284341,0.4853351268197654,1.0
dense,C2,0.92,9,0.5625,0.25388740097600876,0.4853351268197654,1.0
dense,C2,0.92,10,0.625,0.2612634645151278,0.4853351268197654,1.0
dense,C2,0.92,11,0.6875,0.2691367556555495,0.4853351268197654,1.0
dense,C2,0.92,12,0.75,0.2767472386654897,0.4853351268197654,1.0
dense,C2,0.92,13,0.8125,0.2844902069082588,0.4853351268197654,1.0
dense,C2,0.92,14,0.875,0.29194696203226783,0.4853351268197654,1.0
dense,C2,0.92,15,0.9375,0.29974121672655035,0.4853351268197654,1.0
dense,C2,0.92,16,1.0,0.30788243712418545,0.4853351268197654,1.0
dense,C2,0.93,0,0.0,0.19818863980201393,0.4853351268197654,1.0
dense,C2,0.93,1,0.0625,0.2048212315133287,0.4853351268197654,1.0
dense,C2,0.93,2,0.125,0.21183817526008816,0.4853351268197654,1.0
dense,C2,0.93,3,0.1875,0.21953123571621738,0.4853351268197654,1.0
dense,C2,0.93,4,0.25,0.22675559644497043,0.4853351268197654,1.0
dense,C2,0.93,5,0.3125,0.23400244409884272,0.4853351268197654,1.0
dense,C2,0.93,6,0.375,0.24217375469089908,0.4853351268197654,1.0
dense,C2,0.93,7,0.4375,0.2497621539733372,0.4853351268197654,1.0
dense,C2,0.93,8,0.5,0.25710999616729036,0.4853351268197654,1.0
dense,C2,0.93,9,0.5625,0.26536038683639945,0.4853351268197654,1.0
dense,C2,0.93,10,0.625,0.2730787830747126,0.4853351268197654,1.0
dense,C2,0.93,11,0.6875,0.28131854948936924,0.4853351268197654,1.0
dense,C2,0.93,12,0.75,0.2892833177259847,0.4853351268197654,1.0
dense,C2,0.93,13,0.8125,0.29739339453227415,0.4853351268197654,1.0
dense,C2,0.93,14,0.875,0.3052008433480695,0.4853351268197654,1.0
dense,C2,0.93,15,0.9375,0.3133597370510057,0.4853351268197654,1.0
dense,C2,0.93,16,1.0,0.3218860047507078,0.4853351268197654,1.0
dense,C2,0.9400000000000001,0,0.0,0.2071999144759884,0.4853351268197654,1.0
dense,C2,0.9400000000000001,1,0.0625,0.21414581617794348,0.4853351268197654,1.0
dense,C2,0.9400000000000001,2,0.125,0.22149020615842235,0.4853351268197654,1.0
dense,C2,0.9400000000000001,3,0.1875,0.2295252681749683,0.4853351268197654,1.0
dense,C2,0.9400000000000001,4,0.25,0.2370837383895993,0.4853351268197654,1.0
dense,C2,0.9400000000000001,5,0.3125,0.24466985474948383,0.4853351268197654,1.0
dense,C2,0.9400000000000001,6,0.375,0.25320748988062297,0.4853351268197654,1.0
dense,C2,0.9400000000000001,7,0.4375,0.2611532750398822,0.4853351268197654,1.0
dense,C2,0.9400000000000001,8,0.5,0.2688497064086189,0.4853351268197654,1.0
dense,C2,0.9400000000000001,9,0.5625,0.2774770796640898,0.4853351268197654,1.0
dense,C2,0.9400000000000001,10,0.625,0.28555720773139154,0.4853351268197654,1.0
dense,C2,0.9400000000000001,11,0.6875,0.2941843972563102,0.4853351268197654,1.0
dense,C2,0.9400000000000001,12,0.75,0.3025239006524205,0.4853351268197654,1.0
dense,C2,0.9400000000000001,13,0.8125,0.3110222390020938,0.4853351268197654,1.0
dense,C2,0.9400000000000001,14,0.875,0.3192006397206976,0.4853351268197654,1.0
dense,C2,0.9400000000000001,15,0.9375,0.32774524883667383,0.4853351268197654,1.0
dense,C2,0.9400000000000001,16,1.0,0.3366789660937401,0.4853351268197654,1.0
dense,C2,0.95,0,0.0,0.21758255700961268,0.4853351268197654,1.0
dense,C2,0.95,1,0.0625,0.2248901265907761,0.4853351268197654,1.0
dense,C2,0.95,2,0.125,0.23261240333233135,0.4853351268197654,1.0
dense,C2,0.95,3,0.1875,0.2410416685419722,0.4853351268197654,1.0
dense,C2,0.95,4,0.25,0.24898528256172775,0.4853351268197654,1.0
dense,C2,0.95,5,0.3125,0.25696291695251944,0.4853351268197654,1.0
dense,C2,0.95,6,0.375,0.2659228219126306,0.4853351268197654,1.0
dense,C2,0.95,7,0.4375,0.2742808825187122,0.4853351268197654,1.0
dense,C2,0.95,8,0.5,0.2823802473654597,0.4853351268197654,1.0
dense,C2,0.95,9,0.5625,0.29144243919803525,0.4853351268197654,1.0
dense,C2,0.95,10,0.625,0.2999400269385365,0.4853351268197654,1.0
dense,C2,0.95,11,0.6875,0.3090147621106793,0.4853351268197654,1.0
dense,C2,0.95,12,0.75,0.3177878129854835,0.4853351268197654,1.0
dense,C2,0.95,13,0.8125,0.32673519253756805,0.4853351268197654,1.0
dense,C2,0.95,14,0.875,0.33534286316674955,0.4853351268197654,1.0
dense,C2,0.95,15,0.9375,0.34433384737109834,0.4853351268197654,1.0
dense,C2,0.95,16,1.0,0.35373938919162007,0.4853351268197654,1.0
